id,effects_ordinal,ordinal,value
GA_Bowguy_AoeProjectileDamage_C,0,0,EffectLogic.System
GA_Bowguy_AoeProjectileDamage_C,1,0,EffectLogic.System
GA_Bowguy_CastedBouncyProjectileDamage_C,0,0,EffectLogic.System
GA_Bowguy_CastedBouncyProjectileDamage_C,0,1,EffectLogic.RemoveOnDeath
GA_Bowguy_CastedBouncyProjectileDamage_C,1,0,EffectLogic.System
GA_Bowguy_CastedProjectileDamage_C,0,0,EffectLogic.System
GA_Bowguy_CastedProjectileDamage_C,0,1,EffectLogic.RemoveOnDeath
GA_Bowguy_CastedProjectileDamage_C,1,0,EffectVisualization.Icon
GA_Bowguy_CastedProjectileDamage_C,1,1,EffectType.Beneficial
GA_Bowguy_CastedProjectileDamage_C,1,2,EffectLogic.RemoveOnDeath
GA_Bowguy_CastedProjectileDamage_C,1,3,EffectVisualization.IconOnPartyUnitFrame
GA_Bowguy_CastedProjectileDamage_C,2,0,EffectLogic.System
GA_Bowguy_CastedProjectileDamage_C,2,1,EffectLogic.RemoveOnDeath
GA_Bowguy_CastedProjectileDamage_C,2,2,EffectType.Beneficial
GA_Bowguy_CastedProjectileDamage_C,2,3,EffectVisualization.Icon
GA_Bowguy_CastedProjectileDamage_C,2,4,EffectVisualization.HeroSuperBuffbar
GA_Bowguy_CastedProjectileDamage_C,3,0,EffectLogic.System
GA_Bowguy_CastedProjectileDamage_C,4,0,EffectVisualization.Icon
GA_Bowguy_CastedProjectileDamage_C,4,1,EffectType.Beneficial
GA_Bowguy_CastedProjectileDamage_C,4,2,EffectLogic.RemoveOnDeath
GA_Bowguy_CastedProjectileDamage_C,4,3,EffectVisualization.IconOnPartyUnitFrame
GA_Bowguy_CastedProjectileHeavyDamage_C,0,0,EffectLogic.System
GA_Bowguy_CastedProjectileHeavyDamage_C,0,1,EffectLogic.RemoveOnDeath
GA_Bowguy_CastedProjectileHeavyDamage_C,1,0,EffectLogic.System
GA_Bowguy_CastedProjectileHeavyDamage_C,2,0,EffectLogic.System
GA_Bowguy_ChanneledMultiProjectileDebuff_C,0,0,EffectLogic.System
GA_Bowguy_ChanneledMultiProjectileDebuff_C,0,1,EffectLogic.RemoveOnDeath
GA_Bowguy_ChanneledMultiProjectileDebuff_C,1,0,EffectLogic.System
GA_Bowguy_ChanneledMultiProjectileDebuff_C,2,0,EffectLogic.System
GA_Bowguy_ChanneledMultiProjectileDebuff_C,2,1,EffectLogic.TimeRateInfluencedByCooldownRecovery
GA_Bowguy_ChanneledMultiProjectileDebuff_C,3,0,EffectLogic.System
GA_Bowguy_ChargedMoveWithDirection_C,0,0,EffectLogic.System
GA_Bowguy_DurationalAoeDamage_C,0,0,EffectType.Beneficial
GA_Bowguy_DurationalAoeDamage_C,0,1,EffectLogic.RemoveOnDeath
GA_Bowguy_DurationalAoeDamage_C,0,2,EffectVisualization.Icon
GA_Bowguy_DurationalAoeDamage_C,0,3,EffectVisualization.IconOnPartyUnitFrame
GA_Bowguy_DurationalAoeDamage_C,0,4,EffectLogic.AlwaysApply
GA_Bowguy_DurationalAoeDamage_C,0,5,EffectLogic.NotDispellable
GA_Bowguy_DurationalAoeDamage_C,0,6,EffectType.Magic.Arcane
GA_Bowguy_DurationalAoeDamage_C,1,0,EffectLogic.System
GA_Bowguy_DurationalAoeDamage_C,1,1,EffectLogic.RemoveOnDeath
GA_Bowguy_DurationalAoeDamage_C,2,0,EffectLogic.System
GA_Bowguy_DurationalAoeDamage_C,4,0,EffectType.Beneficial
GA_Bowguy_DurationalAoeDamage_C,4,1,EffectLogic.RemoveOnDeath
GA_Bowguy_DurationalAoeDamage_C,4,2,EffectVisualization.Icon
GA_Bowguy_DurationalAoeDamage_C,4,3,EffectVisualization.IconOnPartyUnitFrame
GA_Bowguy_DurationalAoeDamage_C,4,4,EffectLogic.AlwaysApply
GA_Bowguy_DurationalAoeDamage_C,4,5,EffectLogic.NotDispellable
GA_Bowguy_DurationalAoeDamage_C,4,6,EffectType.Magic.Arcane
GA_Bowguy_InstantMarkTarget_C,0,0,EffectVisualization.Icon
GA_Bowguy_InstantMarkTarget_C,0,1,EffectLogic.RemoveOnDeath
GA_Bowguy_InstantMarkTarget_C,0,2,EffectType.Debuff
GA_Bowguy_InstantMarkTarget_C,0,3,EffectType.Harmful
GA_Bowguy_InstantMarkTarget_C,0,4,EffectType.Magic.Arcane
GA_Bowguy_InstantMarkTarget_C,0,5,CustomAssetTags.Bowguy.InstantMarkTarget.RelevantDebuff
GA_Bowguy_InstantMarkTarget_C,1,0,EffectLogic.System
GA_Bowguy_InstantMarkTarget_C,1,1,EffectLogic.TimeRateInfluencedByCooldownRecovery
GA_Bowguy_InstantMarkTarget_C,2,0,EffectLogic.System
GA_Bowguy_InstantMarkTarget_C,3,0,EffectVisualization.Icon
GA_Bowguy_InstantMarkTarget_C,3,1,EffectLogic.RemoveOnDeath
GA_Bowguy_InstantMarkTarget_C,3,2,EffectType.Debuff
GA_Bowguy_InstantMarkTarget_C,3,3,EffectType.Harmful
GA_Bowguy_InstantMarkTarget_C,3,4,EffectType.Magic.Arcane
GA_Bowguy_InstantMarkTarget_C,3,5,CustomAssetTags.Bowguy.InstantMarkTarget.RelevantDebuff
GA_Bowguy_InstantSingleInterrupt_C,0,0,EffectLogic.System
GA_Bowguy_InstantSingleInterrupt_C,1,0,EffectLogic.System
GA_Bowguy_Passive_InstantMarkTarget_Monitor_C,0,0,EffectVisualization.Icon
GA_Bowguy_Passive_InstantMarkTarget_Monitor_C,0,1,EffectLogic.RemoveOnDeath
GA_Bowguy_Passive_InstantMarkTarget_Monitor_C,0,2,EffectType.Debuff
GA_Bowguy_Passive_InstantMarkTarget_Monitor_C,0,3,EffectType.Harmful
GA_Bowguy_Passive_InstantMarkTarget_Monitor_C,0,4,EffectType.Magic.Arcane
GA_Bowguy_Passive_InstantMarkTarget_Monitor_C,0,5,CustomAssetTags.Bowguy.InstantMarkTarget.RelevantDebuff
GA_Bowguy_ProcHasteBuff_C,0,0,EffectVisualization.Icon
GA_Bowguy_ProcHasteBuff_C,0,1,EffectType.Beneficial
GA_Bowguy_ProcHasteBuff_C,0,2,EffectLogic.RemoveOnDeath
GA_Bowguy_ProcHasteBuff_C,0,3,CustomAssetTags.Bowguy.ProcHasteBuff
GA_Bowguy_ProcHasteBuff_C,0,4,EffectVisualization.HeroSuperBuffbar
GA_Bowguy_ProcHasteBuff_C,1,0,EffectLogic.System
GA_Bowguy_ProcHasteBuff_C,1,1,EffectLogic.TimeRateInfluencedByCooldownRecovery
GA_Bowguy_ProcHasteBuff_C,2,0,EffectLogic.System
GA_Bowguy_ProcHasteBuff_C,3,0,EffectVisualization.Icon
GA_Bowguy_ProcHasteBuff_C,3,1,EffectType.Beneficial
GA_Bowguy_ProcHasteBuff_C,3,2,EffectLogic.RemoveOnDeath
GA_Bowguy_ProcHasteBuff_C,3,3,CustomAssetTags.Bowguy.ProcHasteBuff
GA_Bowguy_ProcHasteBuff_C,3,4,EffectVisualization.HeroSuperBuffbar
GA_Bowguy_RangedAutoAttack_C,0,0,EffectLogic.System
GA_Bowguy_RangedAutoAttack_C,0,1,EffectLogic.RemoveOnDeath
GA_Bowguy_RangedAutoAttack_C,0,2,EffectType.Beneficial
GA_Bowguy_RangedAutoAttack_C,0,3,EffectVisualization.Icon
GA_Bowguy_RangedAutoAttack_C,0,4,EffectVisualization.HeroSuperBuffbar
GA_Bowguy_ReducedCostCooldownRecoveryBuff_C,0,0,EffectType.Beneficial
GA_Bowguy_ReducedCostCooldownRecoveryBuff_C,0,1,EffectLogic.RemoveOnDeath
GA_Bowguy_ReducedCostCooldownRecoveryBuff_C,0,2,EffectVisualization.Icon
GA_Bowguy_ReducedCostCooldownRecoveryBuff_C,0,3,EffectLogic.AlwaysApply
GA_Bowguy_ReducedCostCooldownRecoveryBuff_C,0,4,EffectLogic.NotDispellable
GA_Bowguy_ReducedCostCooldownRecoveryBuff_C,0,5,EffectType.Magic.Arcane
GA_Bowguy_ReducedCostCooldownRecoveryBuff_C,0,6,EffectVisualization.HeroSuperBuffbar
GA_Bowguy_ReducedCostCooldownRecoveryBuff_C,1,0,EffectLogic.System
GA_Bowguy_ReducedCostCooldownRecoveryBuff_C,1,1,EffectLogic.RemoveOnDeath
GA_Bowguy_ReducedCostCooldownRecoveryBuff_C,2,0,EffectLogic.System
GA_Bowguy_ReducedCostCooldownRecoveryBuff_C,4,0,EffectLogic.System
GA_Bowguy_ReducedCostCooldownRecoveryBuff_C,6,0,EffectType.Beneficial
GA_Bowguy_ReducedCostCooldownRecoveryBuff_C,6,1,EffectLogic.RemoveOnDeath
GA_Bowguy_ReducedCostCooldownRecoveryBuff_C,6,2,EffectVisualization.Icon
GA_Bowguy_ReducedCostCooldownRecoveryBuff_C,6,3,EffectLogic.AlwaysApply
GA_Bowguy_ReducedCostCooldownRecoveryBuff_C,6,4,EffectLogic.NotDispellable
GA_Bowguy_ReducedCostCooldownRecoveryBuff_C,6,5,EffectType.Magic.Arcane
GA_Bowguy_ReducedCostCooldownRecoveryBuff_C,6,6,EffectVisualization.HeroSuperBuffbar
GA_Bowguy_SelfBuffForAoeProjectile_C,0,0,EffectVisualization.Icon
GA_Bowguy_SelfBuffForAoeProjectile_C,0,1,EffectType.Beneficial
GA_Bowguy_SelfBuffForAoeProjectile_C,0,2,EffectLogic.RemoveOnDeath
GA_Bowguy_SelfBuffForAoeProjectile_C,0,3,EffectVisualization.HeroSuperBuffbar
GA_Bowguy_SelfBuffForAoeProjectile_C,1,0,EffectLogic.System
GA_Bowguy_SelfBuffForAoeProjectile_C,1,1,EffectLogic.TimeRateInfluencedByCooldownRecovery
GA_Bowguy_SelfBuffForAoeProjectile_C,2,0,EffectLogic.System
GA_Bowguy_SelfBuffForAoeProjectile_C,3,0,EffectVisualization.Icon
GA_Bowguy_SelfBuffForAoeProjectile_C,3,1,EffectType.Beneficial
GA_Bowguy_SelfBuffForAoeProjectile_C,3,2,EffectLogic.RemoveOnDeath
GA_Bowguy_SelfBuffForAoeProjectile_C,3,3,EffectVisualization.HeroSuperBuffbar
GA_Bowguy_SelfDefenceBuff_C,0,0,EffectLogic.RemoveOnDeath
GA_Bowguy_SelfDefenceBuff_C,0,1,EffectType.Beneficial
GA_Bowguy_SelfDefenceBuff_C,0,2,EffectType.GeneratesThreat
GA_Bowguy_SelfDefenceBuff_C,0,3,EffectVisualization.Icon
GA_Bowguy_SelfDefenceBuff_C,0,4,EffectVisualization.IconOnPartyUnitFrame
GA_Bowguy_SelfDefenceBuff_C,0,5,EffectVisualization.HeroSuperBuffbar
GA_Bowguy_SelfDefenceBuff_C,0,6,CustomAssetTags.Bowguy.SelfDefenceBuff.Buff
GA_Bowguy_SelfDefenceBuff_C,1,0,EffectLogic.System
GA_Bowguy_SelfDefenceBuff_C,1,1,EffectLogic.TimeRateInfluencedByCooldownRecovery
GA_Bowguy_SelfDefenceBuff_C,2,0,EffectLogic.System
GA_Bowguy_SelfDefenceBuff_C,3,0,EffectLogic.RemoveOnDeath
GA_Bowguy_SelfDefenceBuff_C,3,1,EffectType.Beneficial
GA_Bowguy_SelfDefenceBuff_C,3,2,EffectType.GeneratesThreat
GA_Bowguy_SelfDefenceBuff_C,3,3,EffectVisualization.Icon
GA_Bowguy_SelfDefenceBuff_C,3,4,EffectVisualization.IconOnPartyUnitFrame
GA_Bowguy_SelfDefenceBuff_C,3,5,EffectVisualization.HeroSuperBuffbar
GA_Bowguy_SelfDefenceBuff_C,3,6,CustomAssetTags.Bowguy.SelfDefenceBuff.Buff
GA_Bowguy_SingleProjectileDamage_C,0,0,EffectVisualization.Icon
GA_Bowguy_SingleProjectileDamage_C,0,1,EffectLogic.RemoveOnDeath
GA_Bowguy_SingleProjectileDamage_C,0,2,EffectType.Debuff
GA_Bowguy_SingleProjectileDamage_C,0,3,EffectType.Harmful
GA_Bowguy_SingleProjectileDamage_C,0,4,EffectType.Magic.Arcane
GA_Bowguy_SingleProjectileDamage_C,0,5,CustomAssetTags.Bowguy.InstantMarkTarget.RelevantDebuff
GA_Bowguy_SingleProjectileDamage_C,1,0,EffectLogic.System
GA_Bowguy_SingleProjectileDamage_C,2,0,EffectLogic.System
GA_Bowguy_TargetedAoeDamage_C,0,0,EffectLogic.System
GA_Bowguy_TargetedAoeDamage_C,1,0,EffectLogic.System
GA_Bowguy_TargetedAoeDamage_C,1,1,EffectLogic.TimeRateInfluencedByCooldownRecovery
GA_Bowguy_TargetedAoeDamage_C,2,0,EffectLogic.System
GA_Bowguy_TargetedAoePull_C,0,0,EffectLogic.RemoveOnDeath
GA_Bowguy_TargetedAoePull_C,0,1,EffectType.Harmful
GA_Bowguy_TargetedAoePull_C,0,2,EffectType.GeneratesThreat
GA_Bowguy_TargetedAoePull_C,0,3,EffectVisualization.IconOnPartyUnitFrame
GA_Bowguy_TargetedAoePull_C,0,4,EffectVisualization.Icon
GA_Bowguy_TargetedAoePull_C,0,5,EffectType.MovementImpairing
GA_Bowguy_TargetedAoePull_C,1,0,EffectLogic.System
GA_Bowguy_TargetedAoePull_C,1,1,EffectLogic.TimeRateInfluencedByCooldownRecovery
GA_Bowguy_TargetedAoePull_C,2,0,EffectLogic.System
GA_Bowguy_TargetedAoePull_C,3,0,EffectType.GeneratesThreat
GA_Bowguy_TargetedAoePull_C,3,1,EffectType.Harmful
GA_Bowguy_TargetedAoePull_C,3,2,EffectType.Physical
GA_Bowguy_TargetedAoePull_C,3,3,EffectType.Knockback
GA_Bowguy_TargetedAoePull_C,3,4,EffectVisualization.Icon
GA_Bowguy_TargetedAoePull_C,3,5,EffectType.MovementImpairing
GA_Bowguy_TargetedAoePull_C,3,6,EffectLogic.RemoveOnDeath
GA_Bowguy_TargetedAoePull_C,4,0,EffectLogic.RemoveOnDeath
GA_Bowguy_TargetedAoePull_C,4,1,EffectType.Harmful
GA_Bowguy_TargetedAoePull_C,4,2,EffectType.GeneratesThreat
GA_Bowguy_TargetedAoePull_C,4,3,EffectVisualization.IconOnPartyUnitFrame
GA_Bowguy_TargetedAoePull_C,4,4,EffectVisualization.Icon
GA_Bowguy_TargetedAoePull_C,4,5,EffectType.MovementImpairing
GA_Firemage_CastedDotBoostProjectile,0,0,EffectLogic.System
GA_Firemage_CastedDotBoostProjectile,0,1,EffectLogic.AlwaysApply
GA_Firemage_CastedDotBoostProjectile,0,2,EffectType.Beneficial
GA_Firemage_CastedDotBoostProjectile,0,3,EffectType.Magic.Fire
GA_Firemage_CastedDotBoostProjectile,0,4,EffectLogic.RemoveOnDeath
GA_Firemage_CastedDotBoostProjectile,0,5,EffectVisualization.Icon
GA_Firemage_CastedDotBoostProjectile,1,0,EffectLogic.System
GA_Firemage_CastedDotDetonate,0,0,EffectLogic.System
GA_Firemage_CastedDotDetonate,0,1,EffectLogic.TimeRateInfluencedByCooldownRecovery
GA_Firemage_CastedDotDetonate,1,0,EffectLogic.System
GA_Firemage_CastedDotDetonate,1,1,EffectLogic.TimeRateInfluencedByCooldownRecovery
GA_Firemage_CastedPlacedAoe,0,0,EffectType.CrowdControl
GA_Firemage_CastedPlacedAoe,0,1,EffectType.MovementImpairing
GA_Firemage_CastedPlacedAoe,0,2,EffectType.Physical
GA_Firemage_CastedPlacedAoe,0,3,EffectLogic.RemoveOnDeath
GA_Firemage_CastedPlacedAoe,0,4,EffectType.GeneratesThreat
GA_Firemage_CastedPlacedAoe,0,5,EffectType.Harmful
GA_Firemage_CastedPlacedAoe,0,6,EffectVisualization.Icon
GA_Firemage_CastedPlacedAoe,1,0,EffectLogic.System
GA_Firemage_CastedPlacedAoe,2,0,EffectLogic.System
GA_Firemage_CastedPlacedAoe,2,1,EffectLogic.TimeRateInfluencedByCooldownRecovery
GA_Firemage_CastedSingleDot2_C,0,0,EffectLogic.System
GA_Firemage_CastedSingleHeavyDot_C,0,0,EffectType.Dot
GA_Firemage_CastedSingleHeavyDot_C,0,1,EffectType.GeneratesThreat
GA_Firemage_CastedSingleHeavyDot_C,0,2,EffectType.Harmful
GA_Firemage_CastedSingleHeavyDot_C,0,3,EffectType.Magic.Fire
GA_Firemage_CastedSingleHeavyDot_C,0,4,EffectLogic.RemoveOnDeath
GA_Firemage_CastedSingleHeavyDot_C,0,5,EffectVisualization.Icon
GA_Firemage_CastedSingleHeavyDot_C,0,6,CustomAssetTags.Firemage.Talent.FireFrogOnDotCrit.RelevantDot
GA_Firemage_CastedSingleHeavyDot_C,0,7,CustomAssetTags.Firemage.Talent.DotDoubleDamageAndHeal.RelevantDot
GA_Firemage_CastedSingleHeavyDot_C,0,8,CustomAssetTags.Firemage.Talent.CastedDotDetonate.InstantCastedSingleDot.SingleTargetBonusDamage.Dot1
GA_Firemage_CastedSingleHeavyDot_C,0,9,EffectLogic.CarryOverDuration
GA_Firemage_CastedSingleHeavyDot_C,0,10,CustomAssetTags.Firemage.CoreKitDot
GA_Firemage_CastedSingleHeavyDot_C,1,0,EffectType.Dot
GA_Firemage_CastedSingleHeavyDot_C,1,1,EffectType.GeneratesThreat
GA_Firemage_CastedSingleHeavyDot_C,1,2,EffectType.Harmful
GA_Firemage_CastedSingleHeavyDot_C,1,3,EffectType.Magic.Fire
GA_Firemage_CastedSingleHeavyDot_C,1,4,EffectLogic.RemoveOnDeath
GA_Firemage_CastedSingleHeavyDot_C,1,5,EffectVisualization.Icon
GA_Firemage_CastedSingleHeavyDot_C,1,6,CustomAssetTags.Firemage.Talent.FireFrogOnDotCrit.RelevantDot
GA_Firemage_CastedSingleHeavyDot_C,1,7,CustomAssetTags.Firemage.Talent.DotDoubleDamageAndHeal.RelevantDot
GA_Firemage_CastedSingleHeavyDot_C,1,8,CustomAssetTags.Firemage.Talent.CastedDotDetonate.InstantCastedSingleDot.SingleTargetBonusDamage.Dot2
GA_Firemage_CastedSingleHeavyDot_C,1,9,CustomAssetTags.Firemage.CastedDotBoostProjectile.Talent.DamageSpreadToCastedSingleDot.RelevantDot
GA_Firemage_CastedSingleHeavyDot_C,1,10,EffectLogic.CarryOverDuration
GA_Firemage_CastedSingleHeavyDot_C,1,11,CustomAssetTags.Firemage.CoreKitDot
GA_Firemage_CastedSingleHeavyDot_C,1,12,CustomAssetTags.Firemage.Talent.CastedDotDetonate.ExtendsInstantSingleTargetDot.RelevantDot
GA_Firemage_CastedSingleHeavyDot_C,3,0,EffectLogic.System
GA_Firemage_CastedSingleHeavyDot_C,4,0,EffectLogic.System
GA_Firemage_CastedSingleHeavyDot_C,4,1,EffectLogic.TimeRateInfluencedByCooldownRecovery
GA_Firemage_CastedSingleHeavyDot_C,5,0,EffectType.Dot
GA_Firemage_CastedSingleHeavyDot_C,5,1,EffectType.GeneratesThreat
GA_Firemage_CastedSingleHeavyDot_C,5,2,EffectType.Harmful
GA_Firemage_CastedSingleHeavyDot_C,5,3,EffectType.Magic.Fire
GA_Firemage_CastedSingleHeavyDot_C,5,4,EffectLogic.RemoveOnDeath
GA_Firemage_CastedSingleHeavyDot_C,5,5,EffectVisualization.Icon
GA_Firemage_CastedSingleHeavyDot_C,5,6,CustomAssetTags.Firemage.Talent.FireFrogOnDotCrit.RelevantDot
GA_Firemage_CastedSingleHeavyDot_C,5,7,CustomAssetTags.Firemage.Talent.DotDoubleDamageAndHeal.RelevantDot
GA_Firemage_CastedSingleHeavyDot_C,5,8,CustomAssetTags.Firemage.Talent.CastedDotDetonate.InstantCastedSingleDot.SingleTargetBonusDamage.Dot1
GA_Firemage_CastedSingleHeavyDot_C,5,9,EffectLogic.CarryOverDuration
GA_Firemage_CastedSingleHeavyDot_C,5,10,CustomAssetTags.Firemage.CoreKitDot
GA_Firemage_ChanneledForwardAoeDamage,0,0,EffectType.Dot
GA_Firemage_ChanneledForwardAoeDamage,0,1,EffectType.GeneratesThreat
GA_Firemage_ChanneledForwardAoeDamage,0,2,EffectType.Harmful
GA_Firemage_ChanneledForwardAoeDamage,0,3,EffectType.Magic.Fire
GA_Firemage_ChanneledForwardAoeDamage,0,4,EffectLogic.RemoveOnDeath
GA_Firemage_ChanneledForwardAoeDamage,0,5,EffectVisualization.Icon
GA_Firemage_ChanneledForwardAoeDamage,0,6,CustomAssetTags.Firemage.Talent.FireFrogOnDotCrit.RelevantDot
GA_Firemage_ChanneledForwardAoeDamage,1,0,EffectLogic.System
GA_Firemage_ChanneledForwardAoeDamage,1,1,EffectLogic.TimeRateInfluencedByCooldownRecovery
GA_Firemage_ChanneledForwardAoeDamage,4,0,EffectType.Dot
GA_Firemage_ChanneledForwardAoeDamage,4,1,EffectType.GeneratesThreat
GA_Firemage_ChanneledForwardAoeDamage,4,2,EffectType.Harmful
GA_Firemage_ChanneledForwardAoeDamage,4,3,EffectType.Magic.Fire
GA_Firemage_ChanneledForwardAoeDamage,4,4,EffectLogic.RemoveOnDeath
GA_Firemage_ChanneledForwardAoeDamage,4,5,EffectVisualization.Icon
GA_Firemage_ChanneledForwardAoeDamage,4,6,CustomAssetTags.Firemage.Talent.FireFrogOnDotCrit.RelevantDot
GA_Firemage_DashForward,0,0,EffectLogic.System
GA_Firemage_Firefrogs,0,0,EffectLogic.System
GA_Firemage_Firefrogs,1,0,EffectLogic.System
GA_Firemage_Firefrogs,1,1,EffectLogic.TimeRateInfluencedByCooldownRecovery
GA_Firemage_Firefrogs,2,0,EffectType.GeneratesThreat
GA_Firemage_Firefrogs,2,1,EffectType.Harmful
GA_Firemage_Firefrogs,2,2,EffectType.Magic.Fire
GA_Firemage_Firefrogs,2,3,EffectType.Dot
GA_Firemage_Firefrogs,2,4,EffectLogic.RemoveOnDeath
GA_Firemage_Firefrogs,2,5,EffectVisualization.Icon
GA_Firemage_Firefrogs,2,6,CustomAssetTags.Firemage.FireFrog.Dot
GA_Firemage_Firefrogs,2,7,CustomAssetTags.Firemage.Talent.FireFrogOnDotCrit.RelevantDot
GA_Firemage_Firefrogs,2,8,EffectLogic.TickrateNotAffectedByHasteExclusively
GA_Firemage_InstantDotSpread,0,0,EffectType.Magic.Fire
GA_Firemage_InstantDotSpread,0,1,EffectLogic.RemoveOnDeath
GA_Firemage_InstantDotSpread,0,2,EffectVisualization.Icon
GA_Firemage_InstantDotSpread,0,3,EffectType.Beneficial
GA_Firemage_InstantDotSpread,0,4,EffectVisualization.HeroSuperBuffbar
GA_Firemage_InstantDotSpread,1,0,EffectLogic.System
GA_Firemage_InstantDotSpread,1,1,EffectLogic.TimeRateInfluencedByCooldownRecovery
GA_Firemage_InstantDotSpread,2,0,EffectLogic.System
GA_Firemage_InstantDotSpread,3,0,EffectType.Magic.Fire
GA_Firemage_InstantDotSpread,3,1,EffectLogic.RemoveOnDeath
GA_Firemage_InstantDotSpread,3,2,EffectVisualization.Icon
GA_Firemage_InstantDotSpread,3,3,EffectType.Beneficial
GA_Firemage_InstantDotSpread,3,4,EffectVisualization.HeroSuperBuffbar
GA_Firemage_InstantMultiTargetDot_C,0,0,EffectType.Dot
GA_Firemage_InstantMultiTargetDot_C,0,1,EffectType.GeneratesThreat
GA_Firemage_InstantMultiTargetDot_C,0,2,EffectType.Harmful
GA_Firemage_InstantMultiTargetDot_C,0,3,EffectType.Magic.Fire
GA_Firemage_InstantMultiTargetDot_C,0,4,EffectLogic.RemoveOnDeath
GA_Firemage_InstantMultiTargetDot_C,0,5,EffectVisualization.Icon
GA_Firemage_InstantMultiTargetDot_C,0,6,CustomAssetTags.Firemage.Talent.FireFrogOnDotCrit.RelevantDot
GA_Firemage_InstantMultiTargetDot_C,0,7,CustomAssetTags.Firemage.Talent.DotDoubleDamageAndHeal.RelevantDot
GA_Firemage_InstantMultiTargetDot_C,0,8,CustomAssetTags.Firemage.Talent.CastedDotDetonate.InstantCastedSingleDot.SingleTargetBonusDamage.Dot1
GA_Firemage_InstantMultiTargetDot_C,0,9,EffectLogic.CarryOverDuration
GA_Firemage_InstantMultiTargetDot_C,0,10,CustomAssetTags.Firemage.CoreKitDot
GA_Firemage_InstantMultiTargetDot_C,1,0,EffectLogic.System
GA_Firemage_InstantMultiTargetDot_C,1,1,EffectLogic.TimeRateInfluencedByCooldownRecovery
GA_Firemage_InstantMultiTargetDot_C,2,0,EffectLogic.System
GA_Firemage_InstantSingleDisorient,0,0,EffectType.Debuff
GA_Firemage_InstantSingleDisorient,0,1,EffectType.CrowdControl
GA_Firemage_InstantSingleDisorient,0,2,EffectType.GeneratesThreat
GA_Firemage_InstantSingleDisorient,0,3,EffectType.Harmful
GA_Firemage_InstantSingleDisorient,0,4,EffectType.Magic.Fire
GA_Firemage_InstantSingleDisorient,0,5,EffectLogic.RemoveOnDeath
GA_Firemage_InstantSingleDisorient,0,6,EffectVisualization.Icon
GA_Firemage_InstantSingleDisorient,0,7,EffectLogic.RemoveOnDamage
GA_Firemage_InstantSingleDisorient,1,0,EffectLogic.System
GA_Firemage_InstantSingleDisorient,1,1,EffectLogic.TimeRateInfluencedByCooldownRecovery
GA_Firemage_InstantSingleDisorient,2,0,EffectLogic.System
GA_Firemage_InstantSingleDisorient,3,0,EffectType.Debuff
GA_Firemage_InstantSingleDisorient,3,1,EffectType.CrowdControl
GA_Firemage_InstantSingleDisorient,3,2,EffectType.GeneratesThreat
GA_Firemage_InstantSingleDisorient,3,3,EffectType.Harmful
GA_Firemage_InstantSingleDisorient,3,4,EffectType.Magic.Fire
GA_Firemage_InstantSingleDisorient,3,5,EffectLogic.RemoveOnDeath
GA_Firemage_InstantSingleDisorient,3,6,EffectVisualization.Icon
GA_Firemage_InstantSingleDisorient,3,7,EffectLogic.RemoveOnDamage
GA_Firemage_InstantSingleInterrupt,0,0,EffectLogic.System
GA_Firemage_Passive_FrogDamageMonitor,0,0,EffectType.GeneratesThreat
GA_Firemage_Passive_FrogDamageMonitor,0,1,EffectType.Harmful
GA_Firemage_Passive_FrogDamageMonitor,0,2,EffectType.Magic.Fire
GA_Firemage_Passive_FrogDamageMonitor,0,3,EffectType.Dot
GA_Firemage_Passive_FrogDamageMonitor,0,4,EffectLogic.RemoveOnDeath
GA_Firemage_Passive_FrogDamageMonitor,0,5,EffectVisualization.Icon
GA_Firemage_Passive_FrogDamageMonitor,0,6,CustomAssetTags.Firemage.FireFrog.Dot
GA_Firemage_Passive_FrogDamageMonitor,0,7,CustomAssetTags.Firemage.Talent.FireFrogOnDotCrit.RelevantDot
GA_Firemage_Passive_FrogDamageMonitor,0,8,EffectLogic.TickrateNotAffectedByHasteExclusively
GA_Firemage_Passive_PlacedProjectileAoeDamageMonitor_Dot,0,0,EffectType.GeneratesThreat
GA_Firemage_Passive_PlacedProjectileAoeDamageMonitor_Dot,0,1,EffectType.Dot
GA_Firemage_Passive_PlacedProjectileAoeDamageMonitor_Dot,0,2,EffectType.Magic.Fire
GA_Firemage_Passive_PlacedProjectileAoeDamageMonitor_Dot,0,3,EffectType.Harmful
GA_Firemage_Passive_PlacedProjectileAoeDamageMonitor_Dot,0,4,EffectLogic.RemoveOnDeath
GA_Firemage_Passive_PlacedProjectileAoeDamageMonitor_Dot,0,5,EffectVisualization.Icon
GA_Firemage_Passive_PlacedProjectileAoeDamageMonitor_Dot,0,6,CustomAssetTags.Firemage.Talent.FireFrogOnDotCrit.RelevantDot
GA_Firemage_Passive_PlacedProjectileAoeDamageMonitor_Dot,0,7,CustomAssetTags.Firemage.PlacedAoeProjectile.Dot
GA_Firemage_Passive_PlacedProjectileAoeDamageMonitor_Dot,0,8,EffectLogic.TickrateNotAffectedByHasteExclusively
GA_Firemage_PlacedProjectileAoe,0,0,EffectType.GeneratesThreat
GA_Firemage_PlacedProjectileAoe,0,1,EffectType.Dot
GA_Firemage_PlacedProjectileAoe,0,2,EffectType.Magic.Fire
GA_Firemage_PlacedProjectileAoe,0,3,EffectType.Harmful
GA_Firemage_PlacedProjectileAoe,0,4,EffectLogic.RemoveOnDeath
GA_Firemage_PlacedProjectileAoe,0,5,EffectVisualization.Icon
GA_Firemage_PlacedProjectileAoe,0,6,CustomAssetTags.Firemage.Talent.FireFrogOnDotCrit.RelevantDot
GA_Firemage_PlacedProjectileAoe,0,7,CustomAssetTags.Firemage.PlacedAoeProjectile.Dot
GA_Firemage_PlacedProjectileAoe,0,8,EffectLogic.TickrateNotAffectedByHasteExclusively
GA_Firemage_PlacedProjectileAoe,1,0,EffectLogic.System
GA_Firemage_PlacedProjectileAoe,2,0,EffectLogic.System
GA_Firemage_PlacedProjectileAoe,2,1,EffectLogic.TimeRateInfluencedByCooldownRecovery
GA_Firemage_PlacedProjectileAoe,3,0,EffectType.GeneratesThreat
GA_Firemage_PlacedProjectileAoe,3,1,EffectType.Dot
GA_Firemage_PlacedProjectileAoe,3,2,EffectType.Magic.Fire
GA_Firemage_PlacedProjectileAoe,3,3,EffectType.Harmful
GA_Firemage_PlacedProjectileAoe,3,4,EffectLogic.RemoveOnDeath
GA_Firemage_PlacedProjectileAoe,3,5,EffectVisualization.Icon
GA_Firemage_PlacedProjectileAoe,3,6,CustomAssetTags.Firemage.Talent.FireFrogOnDotCrit.RelevantDot
GA_Firemage_PlacedProjectileAoe,3,7,CustomAssetTags.Firemage.PlacedAoeProjectile.Dot
GA_Firemage_PlacedProjectileAoe,3,8,EffectLogic.TickrateNotAffectedByHasteExclusively
GA_Firemage_SelfDefenceBuff,0,0,EffectLogic.RemoveOnDeath
GA_Firemage_SelfDefenceBuff,0,1,EffectType.Buff
GA_Firemage_SelfDefenceBuff,0,2,EffectType.Beneficial
GA_Firemage_SelfDefenceBuff,0,3,EffectType.GeneratesThreat
GA_Firemage_SelfDefenceBuff,0,4,EffectVisualization.Icon
GA_Firemage_SelfDefenceBuff,0,5,EffectType.Magic.Fire
GA_Firemage_SelfDefenceBuff,0,6,EffectVisualization.IconOnPartyUnitFrame
GA_Firemage_SelfDefenceBuff,0,7,EffectVisualization.HeroSuperBuffbar
GA_Firemage_SelfDefenceBuff,0,8,CustomAssetTags.Firemage.SelfDefenceBuff.Buff
GA_Firemage_SelfDefenceBuff,1,0,EffectLogic.System
GA_Firemage_SelfDefenceBuff,1,1,EffectLogic.TimeRateInfluencedByCooldownRecovery
GA_Firemage_SelfDefenceBuff,2,0,EffectLogic.RemoveOnDeath
GA_Firemage_SelfDefenceBuff,2,1,EffectType.Buff
GA_Firemage_SelfDefenceBuff,2,2,EffectType.Beneficial
GA_Firemage_SelfDefenceBuff,2,3,EffectType.GeneratesThreat
GA_Firemage_SelfDefenceBuff,2,4,EffectVisualization.Icon
GA_Firemage_SelfDefenceBuff,2,5,EffectType.Magic.Fire
GA_Firemage_SelfDefenceBuff,2,6,EffectVisualization.IconOnPartyUnitFrame
GA_Firemage_SelfDefenceBuff,2,7,EffectVisualization.HeroSuperBuffbar
GA_Firemage_SelfDefenceBuff,2,8,CustomAssetTags.Firemage.SelfDefenceBuff.Buff
GA_Gunde_BasicSingleTargetAttack,0,0,EffectLogic.System
GA_Gunde_DamageReductionSelfBuff,0,0,EffectLogic.RemoveOnDeath
GA_Gunde_DamageReductionSelfBuff,0,1,EffectType.Beneficial
GA_Gunde_DamageReductionSelfBuff,0,2,EffectType.Physical
GA_Gunde_DamageReductionSelfBuff,0,3,EffectType.Buff
GA_Gunde_DamageReductionSelfBuff,0,4,EffectVisualization.Icon
GA_Gunde_DamageReductionSelfBuff,0,5,EffectVisualization.HeroSuperBuffbar
GA_Gunde_DamageReductionSelfBuff,0,6,EffectVisualization.IconOnPartyUnitFrame
GA_Gunde_DamageReductionSelfBuff,0,7,CustomAssetTags.Gunde.DamageReductionSelfBuff.Buff
GA_Gunde_DamageReductionSelfBuff,1,0,EffectLogic.System
GA_Gunde_DamageReductionSelfBuff,1,1,EffectLogic.TimeRateInfluencedByCooldownRecovery
GA_Gunde_DamageReductionSelfBuff,2,0,EffectLogic.System
GA_Gunde_DamageReductionSelfBuff,3,0,EffectLogic.RemoveOnDeath
GA_Gunde_DamageReductionSelfBuff,3,1,EffectType.Beneficial
GA_Gunde_DamageReductionSelfBuff,3,2,EffectType.Physical
GA_Gunde_DamageReductionSelfBuff,3,3,EffectType.Buff
GA_Gunde_DamageReductionSelfBuff,3,4,EffectVisualization.Icon
GA_Gunde_DamageReductionSelfBuff,3,5,EffectVisualization.HeroSuperBuffbar
GA_Gunde_DamageReductionSelfBuff,3,6,EffectVisualization.IconOnPartyUnitFrame
GA_Gunde_DamageReductionSelfBuff,3,7,CustomAssetTags.Gunde.DamageReductionSelfBuff.Buff
GA_Gunde_DashAttack,0,0,EffectLogic.System
GA_Gunde_DotTransfer,0,0,EffectLogic.RemoveOnDeath
GA_Gunde_DotTransfer,0,1,EffectType.Beneficial
GA_Gunde_DotTransfer,0,2,EffectType.Buff
GA_Gunde_DotTransfer,0,3,EffectType.Physical
GA_Gunde_DotTransfer,0,4,EffectVisualization.Icon
GA_Gunde_DotTransfer,0,5,EffectVisualization.HeroSuperBuffbar
GA_Gunde_DotTransfer,0,6,CustomAssetTags.Gunde.DotTransfer.SelfBuff
GA_Gunde_DotTransfer,1,0,EffectLogic.System
GA_Gunde_DotTransfer,1,1,EffectLogic.TimeRateInfluencedByCooldownRecovery
GA_Gunde_DotTransfer,2,0,EffectLogic.System
GA_Gunde_DotTransfer,3,0,EffectLogic.RemoveOnDeath
GA_Gunde_DotTransfer,3,1,EffectType.Beneficial
GA_Gunde_DotTransfer,3,2,EffectType.Buff
GA_Gunde_DotTransfer,3,3,EffectType.Physical
GA_Gunde_DotTransfer,3,4,EffectVisualization.Icon
GA_Gunde_DotTransfer,3,5,EffectVisualization.HeroSuperBuffbar
GA_Gunde_DotTransfer,3,6,CustomAssetTags.Gunde.DotTransfer.SelfBuff
GA_Gunde_DurationalAoeDotAndBuff,0,0,EffectType.Beneficial
GA_Gunde_DurationalAoeDotAndBuff,0,1,EffectLogic.RemoveOnDeath
GA_Gunde_DurationalAoeDotAndBuff,0,2,EffectVisualization.Icon
GA_Gunde_DurationalAoeDotAndBuff,0,3,EffectVisualization.HeroSuperBuffbar
GA_Gunde_DurationalAoeDotAndBuff,1,0,EffectLogic.System
GA_Gunde_DurationalAoeDotAndBuff,2,0,EffectLogic.System
GA_Gunde_DurationalAoeDotAndBuff,4,0,EffectType.Beneficial
GA_Gunde_DurationalAoeDotAndBuff,4,1,EffectLogic.RemoveOnDeath
GA_Gunde_DurationalAoeDotAndBuff,4,2,EffectVisualization.Icon
GA_Gunde_DurationalAoeDotAndBuff,4,3,EffectVisualization.HeroSuperBuffbar
GA_Gunde_ExtraDotDamageBuff,0,0,EffectLogic.System
GA_Gunde_ExtraDotDamageBuff,0,1,EffectLogic.TimeRateInfluencedByCooldownRecovery
GA_Gunde_ExtraDotDamageBuff,1,0,EffectLogic.System
GA_Gunde_HeavyMeleeDotBased,0,0,EffectLogic.System
GA_Gunde_HeavyMeleeDotBased,1,0,EffectLogic.System
GA_Gunde_HeavyMeleeDotBased,1,1,EffectLogic.TimeRateInfluencedByCooldownRecovery
GA_Gunde_HeavyMeleeDotBoost,0,0,EffectLogic.RemoveOnDeath
GA_Gunde_HeavyMeleeDotBoost,0,1,EffectType.Harmful
GA_Gunde_HeavyMeleeDotBoost,0,2,EffectType.Physical
GA_Gunde_HeavyMeleeDotBoost,0,3,EffectVisualization.Icon
GA_Gunde_HeavyMeleeDotBoost,0,4,EffectVisualization.IconOnPartyUnitFrame
GA_Gunde_HeavyMeleeDotBoost,0,5,CustomAssetTags.Gunde.BoostedDotDamage
GA_Gunde_HeavyMeleeDotBoost,1,0,EffectLogic.System
GA_Gunde_HeavyMeleeDotBoost,2,0,EffectLogic.System
GA_Gunde_HeavyMeleeDotBoost,2,1,EffectLogic.TimeRateInfluencedByCooldownRecovery
GA_Gunde_InstantAoeDot,0,0,EffectLogic.RemoveOnDeath
GA_Gunde_InstantAoeDot,0,1,EffectType.Dot
GA_Gunde_InstantAoeDot,0,2,EffectType.GeneratesThreat
GA_Gunde_InstantAoeDot,0,3,EffectType.Harmful
GA_Gunde_InstantAoeDot,0,4,EffectType.Physical.Bleed
GA_Gunde_InstantAoeDot,0,5,EffectVisualization.Icon
GA_Gunde_InstantAoeDot,0,6,EffectVisualization.IconOnPartyUnitFrame
GA_Gunde_InstantAoeDot,0,7,CustomAssetTags.Gunde.InstantAoeDot.Dot
GA_Gunde_InstantAoeDot,0,8,EffectLogic.TickrateNotAffectedByHaste
GA_Gunde_InstantAoeDot,1,0,EffectLogic.System
GA_Gunde_InstantAoeDot,1,1,EffectLogic.TimeRateInfluencedByCooldownRecovery
GA_Gunde_InstantAoeDot,2,0,EffectLogic.RemoveOnDeath
GA_Gunde_InstantAoeDot,2,1,EffectType.Dot
GA_Gunde_InstantAoeDot,2,2,EffectType.GeneratesThreat
GA_Gunde_InstantAoeDot,2,3,EffectType.Harmful
GA_Gunde_InstantAoeDot,2,4,EffectType.Physical.Bleed
GA_Gunde_InstantAoeDot,2,5,EffectVisualization.Icon
GA_Gunde_InstantAoeDot,2,6,EffectVisualization.IconOnPartyUnitFrame
GA_Gunde_InstantAoeDot,2,7,CustomAssetTags.Gunde.InstantAoeDot.Dot
GA_Gunde_InstantAoeDot,2,8,EffectLogic.TickrateNotAffectedByHaste
GA_Gunde_InstantAoeWithBuff,0,0,EffectLogic.RemoveOnDeath
GA_Gunde_InstantAoeWithBuff,0,1,EffectType.Beneficial
GA_Gunde_InstantAoeWithBuff,0,2,EffectType.Physical
GA_Gunde_InstantAoeWithBuff,0,3,EffectVisualization.Icon
GA_Gunde_InstantAoeWithBuff,0,4,CustomAssetTags.Gunde.ExtraDotDamageGain.Buff
GA_Gunde_InstantAoeWithBuff,0,5,EffectVisualization.HeroSuperBuffbar
GA_Gunde_InstantAoeWithBuff,1,0,EffectLogic.System
GA_Gunde_InstantAoeWithBuff,2,0,EffectLogic.System
GA_Gunde_InstantAoeWithBuff,2,1,EffectLogic.TimeRateInfluencedByCooldownRecovery
GA_Gunde_InstantWhirlwindAoe,0,0,EffectLogic.System
GA_Gunde_InstantWhirlwindAoe,1,0,EffectLogic.System
GA_Gunde_InstantWhirlwindAoe,1,1,EffectLogic.TimeRateInfluencedByCooldownRecovery
GA_Gunde_JumpToLocation,0,0,EffectLogic.System
GA_Gunde_JumpToLocation,0,1,EffectLogic.TimeRateInfluencedByCooldownRecovery
GA_Gunde_JumpToLocation,1,0,EffectLogic.System
GA_Gunde_Passive_PerTargetAccumulatedBleed_DotManager,0,0,EffectVisualization.Icon
GA_Gunde_Passive_PerTargetAccumulatedBleed_DotManager,0,1,EffectType.Harmful
GA_Gunde_Passive_PerTargetAccumulatedBleed_DotManager,0,2,EffectType.Physical.Bleed
GA_Gunde_Passive_PerTargetAccumulatedBleed_DotManager,0,3,EffectType.GeneratesThreat
GA_Gunde_Passive_PerTargetAccumulatedBleed_DotManager,0,4,EffectType.Dot
GA_Gunde_Passive_PerTargetAccumulatedBleed_DotManager,0,5,EffectLogic.RemoveOnDeath
GA_Gunde_Passive_PerTargetAccumulatedBleed_DotManager,0,6,CustomAssetTags.Gunde.PerTargetAccumulatedBleed.Dot
GA_Gunde_Passive_PerTargetAccumulatedBleed_DotManager,0,7,EffectLogic.TickrateNotAffectedByHasteExclusively
GA_Gunde_SingleTargetInterrupt,0,0,EffectLogic.System
GA_Gunde_SingleTargetInterrupt,1,0,EffectLogic.System
GA_Gunde_SingleTargetPull,0,0,EffectLogic.System
GA_Gunde_SingleTargetPull,0,1,EffectLogic.TimeRateInfluencedByCooldownRecovery
GA_Gunde_SingleTargetPull,1,0,EffectLogic.System
GA_Gunde_Talent_DotTransfer_Aoe,0,0,EffectLogic.RemoveOnDeath
GA_Gunde_Talent_DotTransfer_Aoe,0,1,EffectType.Beneficial
GA_Gunde_Talent_DotTransfer_Aoe,0,2,EffectType.Buff
GA_Gunde_Talent_DotTransfer_Aoe,0,3,EffectType.Physical
GA_Gunde_Talent_DotTransfer_Aoe,0,4,EffectVisualization.Icon
GA_Gunde_Talent_DotTransfer_Aoe,0,5,EffectVisualization.HeroSuperBuffbar
GA_Gunde_Talent_DotTransfer_Aoe,0,6,CustomAssetTags.Gunde.DotTransfer.SelfBuff
GA_Gunde_Talent_DotTransfer_Aoe,1,0,EffectLogic.System
GA_Gunde_Talent_DotTransfer_Aoe,2,0,EffectLogic.System
GA_Gunde_Talent_DotTransfer_Aoe,2,1,EffectLogic.TimeRateInfluencedByCooldownRecovery
GA_Gunde_Talent_DotTransfer_Aoe,3,0,EffectLogic.System
GA_Gunde_TargetedAoeProjectile,0,0,EffectLogic.System
GA_Gunde_TargetedAoeProjectile,1,0,EffectLogic.System
GA_Gunde_TargetedAoeProjectile,1,1,EffectLogic.TimeRateInfluencedByCooldownRecovery
GA_Ink_AoeAttack_C,0,0,EffectLogic.System
GA_Ink_AoeAttack_C,0,1,EffectLogic.RemoveOnDeath
GA_Ink_AoeAttack_C,1,0,EffectLogic.System
GA_Ink_AoeAttack_C,3,0,EffectLogic.System
GA_Ink_AoeAttack_C,3,1,EffectLogic.RemoveOnDeath
GA_Ink_AoeFear_C,0,0,EffectType.Harmful
GA_Ink_AoeFear_C,0,1,EffectType.CrowdControl
GA_Ink_AoeFear_C,0,2,EffectType.Physical
GA_Ink_AoeFear_C,0,3,EffectLogic.NotDispellable
GA_Ink_AoeFear_C,0,4,EffectVisualization.Icon
GA_Ink_AoeFear_C,1,0,EffectLogic.System
GA_Ink_AoeFear_C,1,1,EffectLogic.TimeRateInfluencedByCooldownRecovery
GA_Ink_AoeFear_C,2,0,EffectLogic.System
GA_Ink_AoeFear_C,3,0,EffectType.Harmful
GA_Ink_AoeFear_C,3,1,EffectType.CrowdControl
GA_Ink_AoeFear_C,3,2,EffectType.Physical
GA_Ink_AoeFear_C,3,3,EffectLogic.NotDispellable
GA_Ink_AoeFear_C,3,4,EffectVisualization.Icon
GA_Ink_AutoAttackBuff_InstantAttack_C,0,0,EffectType.Beneficial
GA_Ink_AutoAttackBuff_InstantAttack_C,0,1,EffectLogic.RemoveOnDeath
GA_Ink_AutoAttackBuff_InstantAttack_C,0,2,EffectVisualization.Icon
GA_Ink_AutoAttackBuff_InstantAttack_C,0,3,EffectLogic.System
GA_Ink_AutoAttackBuff_InstantAttack_C,0,4,EffectVisualization.HeroSuperBuffbar
GA_Ink_AutoAttackBuff_InstantAttack_C,0,5,EffectLogic.RemoveOnSourceLoadoutChange
GA_Ink_AutoAttackBuff_InstantAttack_C,0,6,CustomAssetTags.Ink.Talents.AutoAttackBuff.StackingBuffConsumedBySpender.Stacker
GA_Ink_AutoAttackBuff_InstantAttack_C,1,0,EffectLogic.System
GA_Ink_AutoAttackBuff_InstantAttack_C,2,0,EffectLogic.System
GA_Ink_AutoAttackBuff_InstantAttack_C,2,1,EffectLogic.TimeRateInfluencedByCooldownRecovery
GA_Ink_BouncyProjectile_C,0,0,EffectLogic.System
GA_Ink_BouncyProjectile_C,1,0,EffectLogic.System
GA_Ink_BouncyProjectile_C,1,1,EffectLogic.TimeRateInfluencedByCooldownRecovery
GA_Ink_BouncyProjectile_C,2,0,EffectLogic.System
GA_Ink_ChargedBuff_C,0,0,EffectType.Beneficial
GA_Ink_ChargedBuff_C,0,1,EffectType.Magic.Lightning
GA_Ink_ChargedBuff_C,0,2,EffectVisualization.Icon
GA_Ink_ChargedBuff_C,0,3,CustomAssetTags.Ink.ChargedBuff
GA_Ink_ChargedBuff_C,0,4,EffectLogic.RemoveOnDeath
GA_Ink_ChargedBuff_C,0,5,EffectVisualization.HeroSuperBuffbar
GA_Ink_ChargedBuff_C,1,0,EffectLogic.System
GA_Ink_ChargedBuff_C,1,1,EffectLogic.TimeRateInfluencedByCooldownRecovery
GA_Ink_ChargedBuff_C,2,0,EffectLogic.System
GA_Ink_ChargedBuff_C,3,0,EffectType.Beneficial
GA_Ink_ChargedBuff_C,3,1,EffectType.Magic.Lightning
GA_Ink_ChargedBuff_C,3,2,EffectVisualization.Icon
GA_Ink_ChargedBuff_C,3,3,CustomAssetTags.Ink.ChargedBuff
GA_Ink_ChargedBuff_C,3,4,EffectLogic.RemoveOnDeath
GA_Ink_ChargedBuff_C,3,5,EffectVisualization.HeroSuperBuffbar
GA_Ink_CleaveAttack_C,0,0,EffectLogic.System
GA_Ink_CleaveAttack_C,1,0,EffectLogic.System
GA_Ink_CostReductionBuff_C,0,0,EffectType.Beneficial
GA_Ink_CostReductionBuff_C,0,1,EffectLogic.RemoveOnDeath
GA_Ink_CostReductionBuff_C,0,2,EffectVisualization.Icon
GA_Ink_CostReductionBuff_C,0,3,CustomAssetTags.Ink.CostReductionBuff.SelfBuff
GA_Ink_CostReductionBuff_C,0,4,EffectVisualization.HeroSuperBuffbar
GA_Ink_CostReductionBuff_C,1,0,EffectLogic.System
GA_Ink_CostReductionBuff_C,1,1,EffectLogic.TimeRateInfluencedByCooldownRecovery
GA_Ink_CostReductionBuff_C,2,0,EffectLogic.System
GA_Ink_CostReductionBuff_C,3,0,EffectType.Beneficial
GA_Ink_CostReductionBuff_C,3,1,EffectLogic.RemoveOnDeath
GA_Ink_CostReductionBuff_C,3,2,EffectVisualization.Icon
GA_Ink_CostReductionBuff_C,3,3,CustomAssetTags.Ink.CostReductionBuff.SelfBuff
GA_Ink_CostReductionBuff_C,3,4,EffectVisualization.HeroSuperBuffbar
GA_Ink_EnhancedChargedBuff,0,0,EffectType.Beneficial
GA_Ink_EnhancedChargedBuff,0,1,EffectType.Buff
GA_Ink_EnhancedChargedBuff,0,2,EffectType.Magic.Lightning
GA_Ink_EnhancedChargedBuff,0,3,EffectLogic.RemoveOnDeath
GA_Ink_EnhancedChargedBuff,0,4,EffectVisualization.Icon
GA_Ink_EnhancedChargedBuff,0,5,CustomAssetTags.Ink.ChargedBuff
GA_Ink_EnhancedChargedBuff,0,6,EffectVisualization.HeroSuperBuffbar
GA_Ink_EnhancedChargedBuff,1,0,EffectLogic.System
GA_Ink_EnhancedChargedBuff,4,0,EffectType.Beneficial
GA_Ink_EnhancedChargedBuff,4,1,EffectType.Buff
GA_Ink_EnhancedChargedBuff,4,2,EffectType.Magic.Lightning
GA_Ink_EnhancedChargedBuff,4,3,EffectLogic.RemoveOnDeath
GA_Ink_EnhancedChargedBuff,4,4,EffectVisualization.Icon
GA_Ink_EnhancedChargedBuff,4,5,CustomAssetTags.Ink.ChargedBuff
GA_Ink_EnhancedChargedBuff,4,6,EffectVisualization.HeroSuperBuffbar
GA_Ink_HeavySingleTargetAttack_C,0,0,EffectLogic.System
GA_Ink_LowHealthSingleTargetResourceDamage_C,0,0,EffectLogic.System
GA_Ink_LowHealthSingleTargetResourceDamage_C,0,1,EffectLogic.TimeRateInfluencedByCooldownRecovery
GA_Ink_LowHealthSingleTargetResourceDamage_C,1,0,EffectLogic.System
GA_Ink_MeleeInterrupt_C,0,0,EffectLogic.System
GA_Ink_MeleeInterrupt_C,1,0,EffectLogic.System
GA_Ink_MoveToLocationAoeDamage_C,0,0,EffectLogic.RemoveOnDeath
GA_Ink_MoveToLocationAoeDamage_C,0,1,EffectType.Debuff
GA_Ink_MoveToLocationAoeDamage_C,0,2,EffectType.GeneratesThreat
GA_Ink_MoveToLocationAoeDamage_C,0,3,EffectType.Harmful
GA_Ink_MoveToLocationAoeDamage_C,0,4,EffectType.Physical
GA_Ink_MoveToLocationAoeDamage_C,0,5,EffectVisualization.Icon
GA_Ink_MoveToLocationAoeDamage_C,0,6,EffectVisualization.IconOnPartyUnitFrame
GA_Ink_MoveToLocationAoeDamage_C,1,0,EffectLogic.System
GA_Ink_MoveToLocationAoeDamage_C,1,1,EffectLogic.TimeRateInfluencedByCooldownRecovery
GA_Ink_MoveToLocationAoeDamage_C,2,0,EffectLogic.System
GA_Ink_SecondChanceSingleTargetAttack_C,0,0,EffectLogic.System
GA_Ink_SecondChanceSingleTargetAttack_C,1,0,EffectLogic.System
GA_Ink_SecondChanceSingleTargetAttack_C,1,1,EffectLogic.TimeRateInfluencedByCooldownRecovery
GA_Ink_SecondChanceSingleTargetAttack_C,2,0,EffectLogic.System
GA_Ink_SecondChanceSingleTargetAttack_C,5,0,EffectType.Beneficial
GA_Ink_SecondChanceSingleTargetAttack_C,5,1,EffectType.Buff
GA_Ink_SecondChanceSingleTargetAttack_C,5,2,EffectType.Physical
GA_Ink_SecondChanceSingleTargetAttack_C,5,3,EffectVisualization.Icon
GA_Ink_SecondChanceSingleTargetAttack_C,5,4,EffectLogic.RemoveOnDeath
GA_Ink_SecondChanceSingleTargetAttack_C,5,5,EffectVisualization.HeroSuperBuffbar
GA_Ink_SelfDefenceBuff_C,0,0,EffectLogic.RemoveOnDeath
GA_Ink_SelfDefenceBuff_C,0,1,EffectType.Beneficial
GA_Ink_SelfDefenceBuff_C,0,2,EffectType.GeneratesThreat
GA_Ink_SelfDefenceBuff_C,0,3,EffectVisualization.Icon
GA_Ink_SelfDefenceBuff_C,0,4,EffectVisualization.IconOnPartyUnitFrame
GA_Ink_SelfDefenceBuff_C,0,5,EffectVisualization.HeroSuperBuffbar
GA_Ink_SelfDefenceBuff_C,0,6,CustomAssetTags.Ink.SelfDefenceBuff.Buff
GA_Ink_SelfDefenceBuff_C,1,0,EffectLogic.System
GA_Ink_SelfDefenceBuff_C,1,1,EffectLogic.TimeRateInfluencedByCooldownRecovery
GA_Ink_SelfDefenceBuff_C,2,0,EffectLogic.System
GA_Ink_SelfDefenceBuff_C,3,0,EffectLogic.RemoveOnDeath
GA_Ink_SelfDefenceBuff_C,3,1,EffectType.Beneficial
GA_Ink_SelfDefenceBuff_C,3,2,EffectType.GeneratesThreat
GA_Ink_SelfDefenceBuff_C,3,3,EffectVisualization.Icon
GA_Ink_SelfDefenceBuff_C,3,4,EffectVisualization.IconOnPartyUnitFrame
GA_Ink_SelfDefenceBuff_C,3,5,EffectVisualization.HeroSuperBuffbar
GA_Ink_SelfDefenceBuff_C,3,6,CustomAssetTags.Ink.SelfDefenceBuff.Buff
GA_Ink_SingleTargetHeavyNonSpender_C,0,0,EffectLogic.System
GA_Ink_SingleTargetHeavyNonSpender_C,1,0,EffectLogic.System
GA_Ink_SingleTargetHeavyNonSpender_C,1,1,EffectLogic.TimeRateInfluencedByCooldownRecovery
GA_Ink_SingleTargetHeavyNonSpender_C,2,0,EffectLogic.System
GA_Ink_Taunt_C,0,0,EffectLogic.RemoveOnDeath
GA_Ink_Taunt_C,0,1,EffectType.Physical
GA_Ink_Taunt_C,0,2,EffectType.GeneratesThreat
GA_Ink_Taunt_C,0,3,EffectVisualization.Icon
GA_Ink_Taunt_C,0,4,EffectType.Harmful
GA_Ink_Taunt_C,0,5,EffectType.Taunt
GA_Ink_Taunt_C,1,0,EffectLogic.System
GA_Ink_Taunt_C,1,1,EffectLogic.TimeRateInfluencedByCooldownRecovery
GA_Ink_Taunt_C,2,0,EffectLogic.System
GA_Ink_Taunt_C,3,0,EffectLogic.RemoveOnDeath
GA_Ink_Taunt_C,3,1,EffectType.Physical
GA_Ink_Taunt_C,3,2,EffectType.GeneratesThreat
GA_Ink_Taunt_C,3,3,EffectVisualization.Icon
GA_Ink_Taunt_C,3,4,EffectType.Harmful
GA_Ink_Taunt_C,3,5,EffectType.Taunt
GA_Lisa_AoeStaggerRemovalSpender_C,0,0,EffectLogic.System
GA_Lisa_AoeStaggerRemovalSpender_C,1,0,EffectLogic.System
GA_Lisa_AoeStaggerRemovalSpender_C,2,0,EffectLogic.System
GA_Lisa_AoeStaggerRemovalSpender_C,2,1,CustomAssetTags.Lisa.ResourceCost
GA_Lisa_AoeStaggerRemovalSpender_C,3,0,EffectLogic.System
GA_Lisa_AoeStaggerRemovalSpender_C,3,1,CustomAssetTags.Lisa.ResourceCost
GA_Lisa_CastedHeal_C,0,0,EffectLogic.System
GA_Lisa_CastedHeal_C,1,0,EffectLogic.System
GA_Lisa_CastedHeal_C,2,0,EffectLogic.System
GA_Lisa_CastedHeal_C,2,1,EffectType.Beneficial
GA_Lisa_CastedHeal_C,2,2,EffectType.Buff
GA_Lisa_CastedHeal_C,2,3,EffectType.Magic.Arcane
GA_Lisa_CastedHeal_C,2,4,EffectVisualization.Icon
GA_Lisa_CastedHeal_C,2,5,EffectVisualization.HeroSuperBuffbar
GA_Lisa_CastedHeal_C,2,6,EffectLogic.RemoveOnDeath
GA_Lisa_CastedProjectileDamageIncreaseDebuff_C,0,0,EffectLogic.System
GA_Lisa_CastedProjectileDamageIncreaseDebuff_C,1,0,EffectLogic.System
GA_Lisa_CastedProjectileDamageIncreaseDebuff_C,1,1,EffectLogic.TimeRateInfluencedByCooldownRecovery
GA_Lisa_CastedProjectileDamageIncreaseDebuff_C,2,0,EffectLogic.System
GA_Lisa_CastedProjectileDamageIncreaseDebuff_C,5,0,EffectType.Magic.Arcane
GA_Lisa_CastedProjectileDamageIncreaseDebuff_C,5,1,EffectType.Harmful
GA_Lisa_CastedProjectileDamageIncreaseDebuff_C,5,2,EffectVisualization.Icon
GA_Lisa_CastedProjectileDamageIncreaseDebuff_C,5,3,EffectLogic.RemoveOnDeath
GA_Lisa_CastedProjectileDamageIncreaseDebuff_C,5,4,CustomAssetTags.Lisa.CastedProjectileDamageIncreaseDebuff.Debuff
GA_Lisa_CastedProjectileDamageIncreaseDebuff_C,6,0,EffectLogic.System
GA_Lisa_CastedSingleTargetDamage_C,0,0,EffectType.Debuff
GA_Lisa_CastedSingleTargetDamage_C,0,1,EffectType.Dot
GA_Lisa_CastedSingleTargetDamage_C,0,2,EffectType.Harmful
GA_Lisa_CastedSingleTargetDamage_C,0,3,EffectType.GeneratesThreat
GA_Lisa_CastedSingleTargetDamage_C,0,4,EffectVisualization.Icon
GA_Lisa_CastedSingleTargetDamage_C,0,5,EffectLogic.RemoveOnDeath
GA_Lisa_CastedSingleTargetDamage_C,0,6,EffectType.Magic.Arcane
GA_Lisa_CastedSingleTargetDamage_C,0,7,EffectLogic.CarryOverDuration
GA_Lisa_CastedSingleTargetDamage_C,0,8,CustomAssetTags.Lisa.InstantSingleTargetDamageAndDot.Dot
GA_Lisa_CastedSingleTargetDamage_C,1,0,EffectLogic.System
GA_Lisa_CastedSingleTargetDamage_C,2,0,EffectLogic.System
GA_Lisa_ChanneledHealOrDamageProjectiles_C,0,0,EffectLogic.System
GA_Lisa_ChanneledHealOrDamageProjectiles_C,1,0,EffectLogic.System
GA_Lisa_ChanneledHealOrDamageProjectiles_C,1,1,EffectLogic.TimeRateInfluencedByCooldownRecovery
GA_Lisa_ChanneledHealOrDamageProjectiles_C,2,0,EffectLogic.System
GA_Lisa_InstantDamageSpender_C,0,0,EffectLogic.System
GA_Lisa_InstantDamageSpender_C,1,0,EffectLogic.System
GA_Lisa_InstantDamageSpender_C,2,0,EffectLogic.System
GA_Lisa_InstantDamageSpender_C,2,1,CustomAssetTags.Lisa.ResourceCost
GA_Lisa_InstantDamageSpender_C,3,0,EffectLogic.System
GA_Lisa_InstantDamageSpender_C,3,1,CustomAssetTags.Lisa.ResourceCost
GA_Lisa_InstantSelfBuff_C,0,0,EffectType.Magic.Arcane
GA_Lisa_InstantSelfBuff_C,0,1,EffectType.Beneficial
GA_Lisa_InstantSelfBuff_C,0,2,EffectVisualization.Icon
GA_Lisa_InstantSelfBuff_C,0,3,EffectVisualization.HeroSuperBuffbar
GA_Lisa_InstantSelfBuff_C,0,4,CustomAssetTags.Lisa.InstantSelfBuff.SelfBuff
GA_Lisa_InstantSelfBuff_C,1,0,EffectLogic.System
GA_Lisa_InstantSelfBuff_C,1,1,EffectLogic.TimeRateInfluencedByCooldownRecovery
GA_Lisa_InstantSelfBuff_C,4,0,EffectType.Magic.Arcane
GA_Lisa_InstantSelfBuff_C,4,1,EffectType.Beneficial
GA_Lisa_InstantSelfBuff_C,4,2,EffectVisualization.Icon
GA_Lisa_InstantSelfBuff_C,4,3,EffectVisualization.HeroSuperBuffbar
GA_Lisa_InstantSelfBuff_C,4,4,CustomAssetTags.Lisa.InstantSelfBuff.SelfBuff
GA_Lisa_InstantSingleTargetDamageAndDot_C,0,0,EffectLogic.System
GA_Lisa_InstantSingleTargetDamageAndDot_C,1,0,EffectLogic.System
GA_Lisa_InstantSingleTargetDamageAndDot_C,4,0,EffectType.Debuff
GA_Lisa_InstantSingleTargetDamageAndDot_C,4,1,EffectType.Dot
GA_Lisa_InstantSingleTargetDamageAndDot_C,4,2,EffectType.Harmful
GA_Lisa_InstantSingleTargetDamageAndDot_C,4,3,EffectType.GeneratesThreat
GA_Lisa_InstantSingleTargetDamageAndDot_C,4,4,EffectVisualization.Icon
GA_Lisa_InstantSingleTargetDamageAndDot_C,4,5,EffectLogic.RemoveOnDeath
GA_Lisa_InstantSingleTargetDamageAndDot_C,4,6,EffectType.Magic.Arcane
GA_Lisa_InstantSingleTargetDamageAndDot_C,4,7,EffectLogic.CarryOverDuration
GA_Lisa_InstantSingleTargetDamageAndDot_C,4,8,CustomAssetTags.Lisa.InstantSingleTargetDamageAndDot.Dot
GA_Lisa_PauseResourcesAndPartyHealth_C,0,0,EffectType.Beneficial
GA_Lisa_PauseResourcesAndPartyHealth_C,0,1,EffectType.Magic.Arcane
GA_Lisa_PauseResourcesAndPartyHealth_C,0,2,EffectLogic.RemoveOnDeath
GA_Lisa_PauseResourcesAndPartyHealth_C,0,3,EffectLogic.RemoveOnSourceDeath
GA_Lisa_PauseResourcesAndPartyHealth_C,0,4,EffectVisualization.Icon
GA_Lisa_PauseResourcesAndPartyHealth_C,0,5,EffectVisualization.IconOnPartyUnitFrame
GA_Lisa_PauseResourcesAndPartyHealth_C,1,0,EffectType.Beneficial
GA_Lisa_PauseResourcesAndPartyHealth_C,1,1,EffectType.Magic.Arcane
GA_Lisa_PauseResourcesAndPartyHealth_C,1,2,EffectLogic.RemoveOnDeath
GA_Lisa_PauseResourcesAndPartyHealth_C,1,3,CustomAssetTags.Lisa.PauseResourcesAndPartyHealth.SelfBuff
GA_Lisa_PauseResourcesAndPartyHealth_C,2,0,EffectLogic.System
GA_Lisa_PauseResourcesAndPartyHealth_C,3,0,EffectLogic.System
GA_Lisa_PauseResourcesAndPartyHealth_C,6,0,EffectType.Beneficial
GA_Lisa_PauseResourcesAndPartyHealth_C,6,1,EffectType.Magic.Arcane
GA_Lisa_PauseResourcesAndPartyHealth_C,6,2,EffectLogic.RemoveOnDeath
GA_Lisa_PauseResourcesAndPartyHealth_C,6,3,EffectLogic.RemoveOnSourceDeath
GA_Lisa_PauseResourcesAndPartyHealth_C,6,4,EffectVisualization.Icon
GA_Lisa_PauseResourcesAndPartyHealth_C,6,5,EffectVisualization.IconOnPartyUnitFrame
GA_Lisa_PauseResourcesAndPartyHealth_C,7,0,EffectType.Beneficial
GA_Lisa_PauseResourcesAndPartyHealth_C,7,1,EffectType.Magic.Arcane
GA_Lisa_PauseResourcesAndPartyHealth_C,7,2,EffectLogic.RemoveOnDeath
GA_Lisa_PauseResourcesAndPartyHealth_C,7,3,CustomAssetTags.Lisa.PauseResourcesAndPartyHealth.SelfBuff
GA_Lisa_SingleAllyDispel_C,0,0,EffectLogic.System
GA_Lisa_SingleAllyDispel_C,1,0,EffectLogic.System
GA_Lisa_SingleAllyDispel_C,2,0,EffectLogic.System
GA_Lisa_SingleTargetDamageImmunityBuff_C,0,0,EffectType.Beneficial
GA_Lisa_SingleTargetDamageImmunityBuff_C,0,1,EffectType.Magic.Arcane
GA_Lisa_SingleTargetDamageImmunityBuff_C,0,2,EffectLogic.RemoveOnDeath
GA_Lisa_SingleTargetDamageImmunityBuff_C,0,3,EffectVisualization.Icon
GA_Lisa_SingleTargetDamageImmunityBuff_C,0,4,EffectVisualization.IconOnPartyUnitFrame
GA_Lisa_SingleTargetDamageImmunityBuff_C,1,0,EffectLogic.System
GA_Lisa_SingleTargetDamageImmunityBuff_C,2,0,EffectLogic.System
GA_Lisa_SingleTargetDamageImmunityBuff_C,2,1,EffectLogic.TimeRateInfluencedByCooldownRecovery
GA_Lisa_SingleTargetDamageImmunityBuff_C,3,0,EffectLogic.System
GA_Lisa_SingleTargetDamageImmunityBuff_C,5,0,EffectType.Beneficial
GA_Lisa_SingleTargetDamageImmunityBuff_C,5,1,EffectType.Magic.Arcane
GA_Lisa_SingleTargetDamageImmunityBuff_C,5,2,EffectLogic.RemoveOnDeath
GA_Lisa_SingleTargetDamageImmunityBuff_C,5,3,EffectVisualization.Icon
GA_Lisa_SingleTargetDamageImmunityBuff_C,5,4,EffectVisualization.IconOnPartyUnitFrame
GA_Lisa_SingleTargetDot_C,0,0,EffectType.Debuff
GA_Lisa_SingleTargetDot_C,0,1,EffectType.Dot
GA_Lisa_SingleTargetDot_C,0,2,EffectType.Harmful
GA_Lisa_SingleTargetDot_C,0,3,EffectType.GeneratesThreat
GA_Lisa_SingleTargetDot_C,0,4,EffectVisualization.Icon
GA_Lisa_SingleTargetDot_C,0,5,EffectLogic.RemoveOnDeath
GA_Lisa_SingleTargetDot_C,0,6,EffectType.Magic.Arcane
GA_Lisa_SingleTargetDot_C,0,7,CustomAssetTags.Lisa.SingleTargetDot.Dot
GA_Lisa_SingleTargetDot_C,1,0,EffectLogic.System
GA_Lisa_SingleTargetDot_C,2,0,EffectLogic.System
GA_Lisa_SingleTargetDot_C,2,1,EffectLogic.TimeRateInfluencedByCooldownRecovery
GA_Lisa_SingleTargetDot_C,3,0,EffectLogic.System
GA_Lisa_SingleTargetDot_C,6,0,EffectType.Debuff
GA_Lisa_SingleTargetDot_C,6,1,EffectType.Dot
GA_Lisa_SingleTargetDot_C,6,2,EffectType.Harmful
GA_Lisa_SingleTargetDot_C,6,3,EffectType.GeneratesThreat
GA_Lisa_SingleTargetDot_C,6,4,EffectVisualization.Icon
GA_Lisa_SingleTargetDot_C,6,5,EffectLogic.RemoveOnDeath
GA_Lisa_SingleTargetDot_C,6,6,EffectType.Magic.Arcane
GA_Lisa_SingleTargetDot_C,6,7,CustomAssetTags.Lisa.SingleTargetDot.Dot
GA_Lisa_SingleTargetrRemovalSpender_C,0,0,EffectLogic.System
GA_Lisa_SingleTargetrRemovalSpender_C,1,0,EffectLogic.System
GA_Lisa_SingleTargetrRemovalSpender_C,2,0,EffectLogic.System
GA_Lisa_SingleTargetrRemovalSpender_C,2,1,CustomAssetTags.Lisa.ResourceCost
GA_Lisa_SingleTargetrRemovalSpender_C,3,0,EffectLogic.System
GA_Lisa_SingleTargetrRemovalSpender_C,3,1,CustomAssetTags.Lisa.ResourceCost
GA_Lisa_TargetedAoeSilence_C,0,0,EffectType.Magic.Arcane
GA_Lisa_TargetedAoeSilence_C,0,1,EffectLogic.RemoveOnDeath
GA_Lisa_TargetedAoeSilence_C,0,2,EffectVisualization.Icon
GA_Lisa_TargetedAoeSilence_C,0,3,EffectType.Silencing
GA_Lisa_TargetedAoeSilence_C,0,4,EffectType.Harmful
GA_Lisa_TargetedAoeSilence_C,2,0,EffectLogic.System
GA_Lisa_TargetedAoeSilence_C,3,0,EffectLogic.System
GA_Lisa_TargetedAoeSilence_C,3,1,EffectLogic.TimeRateInfluencedByCooldownRecovery
GA_Lisa_TargetedAoeSilence_C,4,0,EffectLogic.System
GA_Lisa_TargetedAoeSilence_C,6,0,EffectType.Magic.Arcane
GA_Lisa_TargetedAoeSilence_C,6,1,EffectLogic.RemoveOnDeath
GA_Lisa_TargetedAoeSilence_C,6,2,EffectVisualization.Icon
GA_Lisa_TargetedAoeSilence_C,6,3,EffectType.Silencing
GA_Lisa_TargetedAoeSilence_C,6,4,EffectType.Harmful
GA_Lisa_TeleportForward_C,0,0,EffectType.Beneficial
GA_Lisa_TeleportForward_C,0,1,EffectLogic.RemoveOnDeath
GA_Lisa_TeleportForward_C,0,2,EffectVisualization.Icon
GA_Lisa_TeleportForward_C,0,3,CustomAssetTags.Lisa.TeleportForward.Buff
GA_Lisa_TeleportForward_C,1,0,EffectLogic.System
GA_Lisa_TeleportForward_C,1,1,EffectLogic.TimeRateInfluencedByCooldownRecovery
GA_Lisa_TeleportForward_C,2,0,EffectLogic.System
GA_Lisa_TeleportForward_C,3,0,EffectType.Beneficial
GA_Lisa_TeleportForward_C,3,1,EffectLogic.RemoveOnDeath
GA_Lisa_TeleportForward_C,3,2,EffectVisualization.Icon
GA_Lisa_TeleportForward_C,3,3,CustomAssetTags.Lisa.TeleportForward.Buff
GA_Mara_AoeAttackBuilder_C,0,0,EffectLogic.System
GA_Mara_AoeAttackBuilder_C,3,0,EffectLogic.RemoveOnDeath
GA_Mara_AoeAttackBuilder_C,3,1,EffectType.Dot
GA_Mara_AoeAttackBuilder_C,3,2,EffectType.GeneratesThreat
GA_Mara_AoeAttackBuilder_C,3,3,EffectVisualization.Icon
GA_Mara_AoeAttackBuilder_C,3,4,EffectType.Harmful
GA_Mara_AoeAttackBuilder_C,3,5,EffectType.Magic.Poison
GA_Mara_AoeAttackBuilder_C,3,6,CustomAssetTags.Mara.AoeAttackBuilder.Poison
GA_Mara_AoeAttackBuilder_C,3,7,EffectType.Poison
GA_Mara_AoeAttackSpender_C,0,0,EffectLogic.System
GA_Mara_BleedAttackSpender_C,0,0,EffectType.Dot
GA_Mara_BleedAttackSpender_C,0,1,EffectType.GeneratesThreat
GA_Mara_BleedAttackSpender_C,0,2,EffectVisualization.Icon
GA_Mara_BleedAttackSpender_C,0,3,EffectType.Harmful
GA_Mara_BleedAttackSpender_C,0,4,EffectLogic.RemoveOnDeath
GA_Mara_BleedAttackSpender_C,0,5,EffectType.Physical.Bleed
GA_Mara_BleedAttackSpender_C,0,6,CustomAssetTags.Mara.BleedAttackSpender.Bleed
GA_Mara_BleedAttackSpender_C,0,7,EffectLogic.CarryOverDuration
GA_Mara_BleedAttackSpender_C,1,0,EffectLogic.System
GA_Mara_BleedAttackSpender_C,3,0,EffectType.Dot
GA_Mara_BleedAttackSpender_C,3,1,EffectType.GeneratesThreat
GA_Mara_BleedAttackSpender_C,3,2,EffectVisualization.Icon
GA_Mara_BleedAttackSpender_C,3,3,EffectType.Harmful
GA_Mara_BleedAttackSpender_C,3,4,EffectLogic.RemoveOnDeath
GA_Mara_BleedAttackSpender_C,3,5,EffectType.Physical.Bleed
GA_Mara_BleedAttackSpender_C,3,6,CustomAssetTags.Mara.BleedAttackSpender.Bleed
GA_Mara_BleedAttackSpender_C,3,7,EffectLogic.CarryOverDuration
GA_Mara_ChargedDoubleAttackBuilder_C,0,0,EffectLogic.System
GA_Mara_ChargedDoubleAttackBuilder_C,0,1,EffectLogic.TimeRateInfluencedByCooldownRecovery
GA_Mara_ChargedDoubleAttackBuilder_C,1,0,EffectLogic.System
GA_Mara_ChargedDoubleAttackBuilder_C,2,0,EffectLogic.RemoveOnDeath
GA_Mara_ChargedDoubleAttackBuilder_C,2,1,EffectType.Dot
GA_Mara_ChargedDoubleAttackBuilder_C,2,2,EffectType.GeneratesThreat
GA_Mara_ChargedDoubleAttackBuilder_C,2,3,EffectVisualization.Icon
GA_Mara_ChargedDoubleAttackBuilder_C,2,4,EffectType.Harmful
GA_Mara_ChargedDoubleAttackBuilder_C,2,5,EffectType.Magic.Poison
GA_Mara_ChargedDoubleAttackBuilder_C,2,6,EffectLogic.CarryOverDuration
GA_Mara_ChargedDoubleAttackBuilder_C,2,7,EffectType.Poison
GA_Mara_ChargedDoubleAttackBuilder_C,3,0,EffectVisualization.Icon
GA_Mara_ChargedDoubleAttackBuilder_C,3,1,EffectType.Beneficial
GA_Mara_ChargedDoubleAttackBuilder_C,3,2,EffectLogic.RemoveOnDeath
GA_Mara_ChargedResourceRefillSelfBuff_C,0,0,EffectVisualization.Icon
GA_Mara_ChargedResourceRefillSelfBuff_C,0,1,EffectType.Beneficial
GA_Mara_ChargedResourceRefillSelfBuff_C,0,2,EffectLogic.RemoveOnDeath
GA_Mara_ChargedResourceRefillSelfBuff_C,0,3,CustomAssetTags.Mara.ChargedResourceRefillSelfBuff
GA_Mara_ChargedResourceRefillSelfBuff_C,0,4,EffectVisualization.HeroSuperBuffbar
GA_Mara_ChargedResourceRefillSelfBuff_C,1,0,EffectLogic.System
GA_Mara_ChargedResourceRefillSelfBuff_C,1,1,EffectLogic.TimeRateInfluencedByCooldownRecovery
GA_Mara_ChargedResourceRefillSelfBuff_C,2,0,EffectLogic.System
GA_Mara_ChargedTeleportBehindTarget_C,0,0,EffectLogic.System
GA_Mara_ChargedTeleportBehindTarget_C,0,1,EffectType.Harmful
GA_Mara_ChargedTeleportBehindTarget_C,0,2,EffectVisualization.Icon
GA_Mara_ChargedTeleportBehindTarget_C,1,0,EffectLogic.System
GA_Mara_CopyCharacterDamage_C,0,0,EffectLogic.RemoveOnDeath
GA_Mara_CopyCharacterDamage_C,0,1,EffectType.Beneficial
GA_Mara_CopyCharacterDamage_C,0,2,EffectVisualization.Icon
GA_Mara_CopyCharacterDamage_C,0,3,CustomAssetTags.Mara.CopyCharacterDamage.Buff
GA_Mara_CopyCharacterDamage_C,0,4,EffectVisualization.HeroSuperBuffbar
GA_Mara_CopyCharacterDamage_C,1,0,EffectLogic.System
GA_Mara_CopyCharacterDamage_C,4,0,EffectLogic.RemoveOnDeath
GA_Mara_CopyCharacterDamage_C,4,1,EffectType.Beneficial
GA_Mara_CopyCharacterDamage_C,4,2,EffectVisualization.Icon
GA_Mara_CopyCharacterDamage_C,4,3,CustomAssetTags.Mara.CopyCharacterDamage.Buff
GA_Mara_CopyCharacterDamage_C,4,4,EffectVisualization.HeroSuperBuffbar
GA_Mara_HeavyAttackSpender_C,0,0,EffectLogic.System
GA_Mara_MeleeInterrupt_C,0,0,EffectLogic.System
GA_Mara_MeleeInterrupt_C,1,0,EffectLogic.System
GA_Mara_ResetCooldownRefillResouces_C,0,0,EffectLogic.System
GA_Mara_ResetCooldownRefillResouces_C,0,1,EffectLogic.TimeRateInfluencedByCooldownRecovery
GA_Mara_ResetCooldownRefillResouces_C,1,0,EffectLogic.System
GA_Mara_SelfDefenceBuff_C,0,0,EffectLogic.RemoveOnDeath
GA_Mara_SelfDefenceBuff_C,0,1,EffectType.Beneficial
GA_Mara_SelfDefenceBuff_C,0,2,EffectType.GeneratesThreat
GA_Mara_SelfDefenceBuff_C,0,3,EffectVisualization.Icon
GA_Mara_SelfDefenceBuff_C,0,4,EffectVisualization.IconOnPartyUnitFrame
GA_Mara_SelfDefenceBuff_C,0,5,EffectVisualization.HeroSuperBuffbar
GA_Mara_SelfDefenceBuff_C,0,6,CustomAssetTags.Mara.SelfDefenceBuff.Buff
GA_Mara_SelfDefenceBuff_C,1,0,EffectLogic.System
GA_Mara_SelfDefenceBuff_C,1,1,EffectLogic.TimeRateInfluencedByCooldownRecovery
GA_Mara_SelfDefenceBuff_C,2,0,EffectLogic.System
GA_Mara_SelfDefenceBuff_C,3,0,EffectLogic.RemoveOnDeath
GA_Mara_SelfDefenceBuff_C,3,1,EffectType.Beneficial
GA_Mara_SelfDefenceBuff_C,3,2,EffectType.GeneratesThreat
GA_Mara_SelfDefenceBuff_C,3,3,EffectVisualization.Icon
GA_Mara_SelfDefenceBuff_C,3,4,EffectVisualization.IconOnPartyUnitFrame
GA_Mara_SelfDefenceBuff_C,3,5,EffectVisualization.HeroSuperBuffbar
GA_Mara_SelfDefenceBuff_C,3,6,CustomAssetTags.Mara.SelfDefenceBuff.Buff
GA_Mara_Stealth_C,0,0,EffectType.Beneficial
GA_Mara_Stealth_C,0,1,EffectVisualization.Icon
GA_Mara_Stealth_C,0,2,EffectLogic.RemoveOnDeath
GA_Mara_Stealth_C,1,0,EffectLogic.System
GA_Mara_Stealth_C,1,1,EffectLogic.TimeRateInfluencedByCooldownRecovery
GA_Mara_Stealth_C,2,0,EffectLogic.System
GA_Mara_Stealth_C,3,0,EffectType.Beneficial
GA_Mara_Stealth_C,3,1,EffectVisualization.Icon
GA_Mara_Stealth_C,3,2,EffectLogic.RemoveOnDeath
GA_Mara_StrongerBehindAttackBuilder_C,0,0,EffectLogic.System
GA_Mara_StunSpender_C,0,0,EffectType.CrowdControl
GA_Mara_StunSpender_C,0,1,EffectType.MovementImpairing
GA_Mara_StunSpender_C,0,2,EffectLogic.RemoveOnDeath
GA_Mara_StunSpender_C,0,3,EffectType.GeneratesThreat
GA_Mara_StunSpender_C,0,4,EffectVisualization.Icon
GA_Mara_StunSpender_C,0,5,EffectType.Stun
GA_Mara_StunSpender_C,0,6,EffectType.Harmful
GA_Mara_StunSpender_C,0,7,EffectType.Physical
GA_Mara_StunSpender_C,1,0,EffectLogic.System
GA_Mara_StunSpender_C,1,1,EffectLogic.TimeRateInfluencedByCooldownRecovery
GA_Mara_StunSpender_C,2,0,EffectLogic.System
GA_Mara_StunSpender_C,3,0,EffectType.CrowdControl
GA_Mara_StunSpender_C,3,1,EffectType.MovementImpairing
GA_Mara_StunSpender_C,3,2,EffectLogic.RemoveOnDeath
GA_Mara_StunSpender_C,3,3,EffectType.GeneratesThreat
GA_Mara_StunSpender_C,3,4,EffectVisualization.Icon
GA_Mara_StunSpender_C,3,5,EffectType.Stun
GA_Mara_StunSpender_C,3,6,EffectType.Harmful
GA_Mara_StunSpender_C,3,7,EffectType.Physical
GA_Mara_Talent_ResetCooldownRefillResources_AbilityReplacer_C,0,0,EffectLogic.RemoveOnDeath
GA_Mara_Talent_ResetCooldownRefillResources_AbilityReplacer_C,0,1,EffectType.Beneficial
GA_Mara_Talent_ResetCooldownRefillResources_AbilityReplacer_C,0,2,EffectVisualization.Icon
GA_Mara_Talent_ResetCooldownRefillResources_AbilityReplacer_C,0,3,CustomAssetTags.Mara.CopyCharacterDamage.Buff
GA_Mara_Talent_ResetCooldownRefillResources_AbilityReplacer_C,0,4,EffectVisualization.HeroSuperBuffbar
GA_Mara_Talent_ResetCooldownRefillResources_AbilityReplacer_C,1,0,EffectLogic.System
GA_Mara_Talent_ResetCooldownRefillResources_AbilityReplacer_C,1,1,EffectLogic.TimeRateInfluencedByCooldownRecovery
GA_Mara_Talent_ResetCooldownRefillResources_AbilityReplacer_C,2,0,EffectLogic.System
GA_Meiko_AoePull_C,0,0,EffectLogic.System
GA_Meiko_AoePull_C,0,1,EffectLogic.TimeRateInfluencedByCooldownRecovery
GA_Meiko_AoePull_C,1,0,EffectLogic.System
GA_Meiko_ChanneledHeavyDamage_C,0,0,EffectLogic.AlwaysApply
GA_Meiko_ChanneledHeavyDamage_C,0,1,EffectLogic.NotDispellable
GA_Meiko_ChanneledHeavyDamage_C,0,2,EffectVisualization.Icon
GA_Meiko_ChanneledHeavyDamage_C,0,3,CustomAssetTags.Meiko.ChanneledHeavyDamage.ResourceIncrease
GA_Meiko_ChanneledHeavyDamage_C,0,4,EffectType.Beneficial
GA_Meiko_ChanneledHeavyDamage_C,1,0,EffectType.Beneficial
GA_Meiko_ChanneledHeavyDamage_C,1,1,EffectVisualization.Icon
GA_Meiko_ChanneledHeavyDamage_C,2,0,EffectLogic.AlwaysApply
GA_Meiko_ChanneledHeavyDamage_C,2,1,EffectLogic.NotDispellable
GA_Meiko_ChanneledHeavyDamage_C,2,2,EffectVisualization.Icon
GA_Meiko_ChanneledHeavyDamage_C,2,3,CustomAssetTags.Meiko.ChanneledHeavyDamage.ResourceIncrease
GA_Meiko_ChanneledHeavyDamage_C,2,4,EffectType.Beneficial
GA_Meiko_ChargedForwardDash_C,0,0,EffectLogic.System
GA_Meiko_DamageSoakBuff_C,0,0,EffectVisualization.Icon
GA_Meiko_DamageSoakBuff_C,0,1,EffectType.Beneficial
GA_Meiko_DamageSoakBuff_C,0,2,EffectLogic.RemoveOnDeath
GA_Meiko_DamageSoakBuff_C,0,3,CustomAssetTags.Meiko.DamageSoakBuff
GA_Meiko_DamageSoakBuff_C,0,4,EffectVisualization.IconOnPartyUnitFrame
GA_Meiko_DamageSoakBuff_C,1,0,EffectLogic.System
GA_Meiko_DamageSoakBuff_C,2,0,EffectVisualization.Icon
GA_Meiko_DamageSoakBuff_C,2,1,EffectType.Beneficial
GA_Meiko_DamageSoakBuff_C,2,2,EffectLogic.RemoveOnDeath
GA_Meiko_DamageSoakBuff_C,2,3,CustomAssetTags.Meiko.DamageSoakBuff
GA_Meiko_DamageSoakBuff_C,2,4,EffectVisualization.IconOnPartyUnitFrame
GA_Meiko_DamageSoakBuff_C,3,0,EffectType.Beneficial
GA_Meiko_DamageSoakBuff_C,3,1,EffectLogic.RemoveOnDeath
GA_Meiko_DamageSoakBuff_C,4,0,EffectLogic.System
GA_Meiko_DamageSoakBuff_C,4,1,EffectType.Beneficial
GA_Meiko_DamageSoakBuff_C,4,2,EffectLogic.RemoveOnDeath
GA_Meiko_DamageSoakBuff_C,4,3,EffectVisualization.Icon
GA_Meiko_DamageSoakBuff_C,4,4,EffectVisualization.HeroSuperBuffbar
GA_Meiko_DurationalAoeDamageBuff_C,0,0,EffectType.Beneficial
GA_Meiko_DurationalAoeDamageBuff_C,0,1,EffectVisualization.Icon
GA_Meiko_DurationalAoeDamageBuff_C,0,2,EffectLogic.RemoveOnDeath
GA_Meiko_DurationalAoeDamageBuff_C,0,3,CustomAssetTags.Meiko.DurationalAoeDamageBuff.Active
GA_Meiko_DurationalAoeDamageBuff_C,0,4,EffectVisualization.HeroSuperBuffbar
GA_Meiko_DurationalAoeDamageBuff_C,1,0,EffectLogic.System
GA_Meiko_DurationalAoeDamageBuff_C,2,0,EffectType.Debuff
GA_Meiko_DurationalAoeDamageBuff_C,2,1,EffectType.Harmful
GA_Meiko_DurationalAoeDamageBuff_C,2,2,EffectType.Magic.Wind
GA_Meiko_DurationalAoeDamageBuff_C,3,0,EffectType.Beneficial
GA_Meiko_DurationalAoeDamageBuff_C,3,1,EffectVisualization.Icon
GA_Meiko_DurationalAoeDamageBuff_C,3,2,EffectLogic.RemoveOnDeath
GA_Meiko_DurationalAoeDamageBuff_C,3,3,CustomAssetTags.Meiko.DurationalAoeDamageBuff.Active
GA_Meiko_DurationalAoeDamageBuff_C,3,4,EffectVisualization.HeroSuperBuffbar
GA_Meiko_DurationalAoeDamageBuff_C,4,0,EffectType.Harmful
GA_Meiko_DurationalAoeDamageBuff_C,4,1,EffectLogic.RemoveOnDeath
GA_Meiko_DurationalAoeDamageBuff_C,4,2,EffectVisualization.Icon
GA_Meiko_DurationalAoeDamageBuff_C,4,3,EffectLogic.NoImmuneLogging
GA_Meiko_DurationalAoeDamageBuff_C,4,4,EffectType.MovementImpairing
GA_Meiko_DurationalMultipleTeleportDamage_New,0,0,EffectType.Beneficial
GA_Meiko_DurationalMultipleTeleportDamage_New,0,1,EffectLogic.RemoveOnDeath
GA_Meiko_DurationalMultipleTeleportDamage_New,0,2,EffectLogic.System
GA_Meiko_DurationalMultipleTeleportDamage_New,0,3,EffectVisualization.Icon
GA_Meiko_DurationalMultipleTeleportDamage_New,0,4,EffectVisualization.HeroSuperBuffbar
GA_Meiko_DurationalMultipleTeleportDamage_New,1,0,EffectLogic.System
GA_Meiko_DurationalMultipleTeleportDamage_New,2,0,EffectLogic.AlwaysApply
GA_Meiko_DurationalMultipleTeleportDamage_New,3,0,EffectType.Beneficial
GA_Meiko_DurationalMultipleTeleportDamage_New,3,1,EffectLogic.RemoveOnDeath
GA_Meiko_DurationalMultipleTeleportDamage_New,3,2,EffectLogic.System
GA_Meiko_DurationalMultipleTeleportDamage_New,3,3,EffectVisualization.Icon
GA_Meiko_DurationalMultipleTeleportDamage_New,3,4,EffectVisualization.HeroSuperBuffbar
GA_Meiko_DurationalMultipleTeleportDamage_New,4,0,EffectLogic.AlwaysApply
GA_Meiko_FrontalAoeDebuff_C,0,0,EffectType.CrowdControl
GA_Meiko_FrontalAoeDebuff_C,0,1,EffectType.MovementImpairing
GA_Meiko_FrontalAoeDebuff_C,0,2,EffectType.Physical
GA_Meiko_FrontalAoeDebuff_C,0,3,EffectLogic.RemoveOnDeath
GA_Meiko_FrontalAoeDebuff_C,0,4,EffectType.GeneratesThreat
GA_Meiko_FrontalAoeDebuff_C,0,5,EffectVisualization.Icon
GA_Meiko_FrontalAoeDebuff_C,0,6,EffectType.Harmful
GA_Meiko_FrontalAoeDebuff_C,0,7,EffectType.Stun
GA_Meiko_FrontalAoeDebuff_C,1,0,EffectLogic.System
GA_Meiko_FrontalAoeDebuff_C,1,1,EffectLogic.TimeRateInfluencedByCooldownRecovery
GA_Meiko_FrontalAoeDebuff_C,2,0,EffectLogic.System
GA_Meiko_FrontalAoeDebuff_C,3,0,EffectType.CrowdControl
GA_Meiko_FrontalAoeDebuff_C,3,1,EffectType.MovementImpairing
GA_Meiko_FrontalAoeDebuff_C,3,2,EffectType.Physical
GA_Meiko_FrontalAoeDebuff_C,3,3,EffectLogic.RemoveOnDeath
GA_Meiko_FrontalAoeDebuff_C,3,4,EffectType.GeneratesThreat
GA_Meiko_FrontalAoeDebuff_C,3,5,EffectVisualization.Icon
GA_Meiko_FrontalAoeDebuff_C,3,6,EffectType.Harmful
GA_Meiko_FrontalAoeDebuff_C,3,7,EffectType.Stun
GA_Meiko_HighDamageCleave_C,0,0,EffectType.Beneficial
GA_Meiko_HighDamageCleave_C,0,1,EffectVisualization.Icon
GA_Meiko_HighDamageCleave_C,1,0,EffectLogic.System
GA_Meiko_InstantSelfDefensive_C,0,0,EffectLogic.System
GA_Meiko_InstantSelfDefensive_C,0,1,EffectType.Beneficial
GA_Meiko_InstantSelfDefensive_C,0,2,EffectLogic.RemoveOnDeath
GA_Meiko_InstantSelfDefensive_C,0,3,EffectVisualization.Icon
GA_Meiko_InstantSelfDefensive_C,0,4,EffectVisualization.HeroSuperBuffbar
GA_Meiko_InstantSelfDefensive_C,1,0,EffectType.Beneficial
GA_Meiko_InstantSelfDefensive_C,1,1,EffectVisualization.Icon
GA_Meiko_InstantSelfDefensive_C,1,2,EffectVisualization.IconOnPartyUnitFrame
GA_Meiko_InstantSelfDefensive_C,1,3,EffectLogic.RemoveOnDeath
GA_Meiko_InstantSelfDefensive_C,1,4,EffectVisualization.HeroSuperBuffbar
GA_Meiko_InstantSelfDefensive_C,2,0,EffectLogic.System
GA_Meiko_InstantSelfDefensive_C,2,1,EffectLogic.TimeRateInfluencedByCooldownRecovery
GA_Meiko_InstantSelfDefensive_C,3,0,EffectLogic.System
GA_Meiko_MeleeDamageImmediateSelfBuff_C,0,0,EffectType.Beneficial
GA_Meiko_MeleeDamageImmediateSelfBuff_C,0,1,EffectVisualization.Icon
GA_Meiko_MeleeDamageImmediateSelfBuff_C,0,2,EffectVisualization.HeroSuperBuffbar
GA_Meiko_MeleeDamageImmediateSelfBuff_C,1,0,EffectLogic.System
GA_Meiko_MeleeDamageImmediateSelfBuff_C,2,0,EffectType.Beneficial
GA_Meiko_MeleeDamageImmediateSelfBuff_C,2,1,EffectVisualization.Icon
GA_Meiko_MeleeDamageImmediateSelfBuff_C,2,2,EffectVisualization.HeroSuperBuffbar
GA_Meiko_MeleeDamageLowHealthSelfBuff_C,0,0,EffectType.Beneficial
GA_Meiko_MeleeDamageLowHealthSelfBuff_C,0,1,EffectVisualization.Icon
GA_Meiko_MeleeDamageLowHealthSelfBuff_C,1,0,EffectLogic.System
GA_Meiko_MeleeDamageLowHealthSelfBuff_C,2,0,EffectType.Beneficial
GA_Meiko_MeleeDamageLowHealthSelfBuff_C,2,1,EffectVisualization.Icon
GA_Meiko_MeleeDamageSelfBuff_C,0,0,EffectType.Beneficial
GA_Meiko_MeleeDamageSelfBuff_C,0,1,EffectVisualization.Icon
GA_Meiko_MeleeDamageSelfBuff_C,1,0,EffectLogic.System
GA_Meiko_MeleeDamageSelfBuff_C,2,0,EffectType.Beneficial
GA_Meiko_MeleeDamageSelfBuff_C,2,1,EffectVisualization.Icon
GA_Meiko_MeleeDown_C,0,0,EffectLogic.System
GA_Meiko_MeleeInterrupt,0,0,EffectLogic.System
GA_Meiko_MeleeInterrupt,1,0,EffectLogic.System
GA_Meiko_MeleeLeft_C,0,0,EffectLogic.System
GA_Meiko_MeleeRight_C,0,0,EffectLogic.System
GA_Meiko_MoveToLocationAoeDamage_C,0,0,EffectType.Harmful
GA_Meiko_MoveToLocationAoeDamage_C,0,1,EffectType.GeneratesThreat
GA_Meiko_MoveToLocationAoeDamage_C,0,2,EffectLogic.RemoveOnDeath
GA_Meiko_MoveToLocationAoeDamage_C,0,3,EffectType.Magic.Earth
GA_Meiko_MoveToLocationAoeDamage_C,0,4,EffectLogic.NoImmuneLogging
GA_Meiko_MoveToLocationAoeDamage_C,1,0,EffectLogic.System
GA_Meiko_MoveToLocationAoeDamage_C,1,1,EffectLogic.TimeRateInfluencedByCooldownRecovery
GA_Meiko_MoveToLocationAoeDamage_C,2,0,EffectLogic.System
GA_Meiko_MoveToLocationAoeDamage_C,5,0,EffectType.Harmful
GA_Meiko_MoveToLocationAoeDamage_C,5,1,EffectType.GeneratesThreat
GA_Meiko_MoveToLocationAoeDamage_C,5,2,EffectLogic.RemoveOnDeath
GA_Meiko_MoveToLocationAoeDamage_C,5,3,EffectType.Magic.Earth
GA_Meiko_MoveToLocationAoeDamage_C,5,4,EffectLogic.NoImmuneLogging
GA_Meiko_Passive_DamageSoakBuff_Monitor_C,0,0,EffectType.Beneficial
GA_Meiko_Passive_DamageSoakBuff_Monitor_C,0,1,EffectLogic.RemoveOnDeath
GA_Meiko_Passive_DamageSoakBuff_Monitor_C,1,0,EffectVisualization.Icon
GA_Meiko_Passive_DamageSoakBuff_Monitor_C,1,1,EffectType.Beneficial
GA_Meiko_Passive_DamageSoakBuff_Monitor_C,1,2,EffectLogic.RemoveOnDeath
GA_Meiko_Passive_DamageSoakBuff_Monitor_C,1,3,CustomAssetTags.Meiko.DamageSoakBuff
GA_Meiko_Passive_DamageSoakBuff_Monitor_C,1,4,EffectVisualization.IconOnPartyUnitFrame
GA_Meiko_Passive_DamageSoakBuff_Monitor_C,2,0,EffectVisualization.Icon
GA_Meiko_Passive_DamageSoakBuff_Monitor_C,2,1,EffectType.Beneficial
GA_Meiko_Passive_DamageSoakBuff_Monitor_C,2,2,EffectLogic.RemoveOnDeath
GA_Meiko_Passive_DamageSoakBuff_Monitor_C,2,3,CustomAssetTags.Meiko.DamageSoakBuff
GA_Meiko_Passive_DamageSoakBuff_Monitor_C,2,4,EffectVisualization.IconOnPartyUnitFrame
GA_Meiko_Passive_DamageSoakBuff_Monitor_C,3,0,EffectType.Beneficial
GA_Meiko_Passive_DamageSoakBuff_Monitor_C,3,1,EffectLogic.RemoveOnDeath
GA_Meiko_Passive_DamageSoakBuff_Monitor_C,4,0,EffectLogic.System
GA_Meiko_Passive_DamageSoakBuff_Monitor_C,4,1,EffectType.Beneficial
GA_Meiko_Passive_DamageSoakBuff_Monitor_C,4,2,EffectLogic.RemoveOnDeath
GA_Meiko_Passive_DamageSoakBuff_Monitor_C,4,3,EffectVisualization.Icon
GA_Meiko_Passive_DamageSoakBuff_Monitor_C,4,4,EffectVisualization.HeroSuperBuffbar
GA_Meiko_Passive_Talent_MeleeDamageImmediateSelfBuff_DamageBuilder_C,0,0,EffectType.Harmful
GA_Meiko_Passive_Talent_MeleeDamageImmediateSelfBuff_DamageBuilder_C,0,1,EffectVisualization.Icon
GA_Meiko_Passive_Talent_MeleeDamageImmediateSelfBuff_DamageBuilder_C,0,2,EffectVisualization.IconOnPartyUnitFrame
GA_Meiko_Passive_Talent_MeleeDamageImmediateSelfBuff_DamageBuilder_C,0,3,EffectVisualization.OverheadStatus
GA_Meiko_Passive_Talent_MeleeDamageImmediateSelfBuff_DamageBuilder_C,0,4,EffectLogic.RemoveOnDeath
GA_Meiko_Passive_Talent_MeleeDamageImmediateSelfBuff_DamageBuilder_C,0,5,EffectType.Magic
GA_Meiko_Passive_Talent_MeleeDamageImmediateSelfBuff_DamageBuilder_C,1,0,EffectVisualization.Icon
GA_Meiko_Passive_Talent_MeleeDamageImmediateSelfBuff_DamageBuilder_C,1,1,EffectVisualization.IconOnPartyUnitFrame
GA_Meiko_Passive_Talent_MeleeDamageImmediateSelfBuff_DamageBuilder_C,1,2,EffectLogic.RemoveOnDeath
GA_Meiko_Passive_Talent_MeleeDamageImmediateSelfBuff_DamageBuilder_C,1,3,EffectType.Magic
GA_Meiko_Passive_Talent_MeleeDamageImmediateSelfBuff_DamageBuilder_C,1,4,EffectType.Beneficial
GA_Meiko_Passive_Talent_MeleeDamageImmediateSelfBuff_DamageBuilder_C,1,5,CustomAssetTags.Meiko.Talent.MeleeDamageImmediateSelfBuff.DamageBuilder.Buff
GA_Meiko_Passive_Talent_MeleeDamageImmediateSelfBuff_DamageBuilder_C,2,0,EffectType.Harmful
GA_Meiko_Passive_Talent_MeleeDamageImmediateSelfBuff_DamageBuilder_C,2,1,EffectVisualization.Icon
GA_Meiko_Passive_Talent_MeleeDamageImmediateSelfBuff_DamageBuilder_C,2,2,EffectVisualization.IconOnPartyUnitFrame
GA_Meiko_Passive_Talent_MeleeDamageImmediateSelfBuff_DamageBuilder_C,2,3,EffectVisualization.OverheadStatus
GA_Meiko_Passive_Talent_MeleeDamageImmediateSelfBuff_DamageBuilder_C,2,4,EffectLogic.RemoveOnDeath
GA_Meiko_Passive_Talent_MeleeDamageImmediateSelfBuff_DamageBuilder_C,2,5,EffectType.Magic
GA_Meiko_RangedTaunt_C,0,0,EffectLogic.RemoveOnDeath
GA_Meiko_RangedTaunt_C,0,1,EffectType.Physical
GA_Meiko_RangedTaunt_C,0,2,EffectType.GeneratesThreat
GA_Meiko_RangedTaunt_C,0,3,EffectVisualization.Icon
GA_Meiko_RangedTaunt_C,0,4,EffectType.Harmful
GA_Meiko_RangedTaunt_C,0,5,EffectType.Taunt
GA_Meiko_RangedTaunt_C,1,0,EffectLogic.System
GA_Meiko_RangedTaunt_C,2,0,EffectLogic.System
GA_Meiko_RangedTaunt_C,3,0,EffectLogic.RemoveOnDeath
GA_Meiko_RangedTaunt_C,3,1,EffectType.Physical
GA_Meiko_RangedTaunt_C,3,2,EffectType.GeneratesThreat
GA_Meiko_RangedTaunt_C,3,3,EffectVisualization.Icon
GA_Meiko_RangedTaunt_C,3,4,EffectType.Harmful
GA_Meiko_RangedTaunt_C,3,5,EffectType.Taunt
GA_Meiko_TauntTotem,0,0,EffectType.Beneficial
GA_Meiko_TauntTotem,0,1,EffectLogic.RemoveOnDeath
GA_Meiko_TauntTotem,0,2,EffectLogic.System
GA_Meiko_TauntTotem,0,3,EffectVisualization.Icon
GA_Meiko_TauntTotem,0,4,EffectVisualization.IconOnPartyUnitFrame
GA_Meiko_TauntTotem,1,0,EffectLogic.System
GA_Meiko_TauntTotem,1,1,EffectLogic.TimeRateInfluencedByCooldownRecovery
GA_Meiko_TauntTotem,2,0,EffectLogic.System
GA_Meiko_TauntTotem,3,0,EffectType.Beneficial
GA_Meiko_TauntTotem,3,1,EffectLogic.RemoveOnDeath
GA_Meiko_TauntTotem,3,2,EffectLogic.System
GA_Meiko_TauntTotem,3,3,EffectVisualization.Icon
GA_Meiko_TauntTotem,3,4,EffectVisualization.IconOnPartyUnitFrame
GA_Meiko_TauntTotem,4,0,EffectLogic.RemoveOnDeath
GA_Meiko_TauntTotem,4,1,EffectType.Physical
GA_Meiko_TauntTotem,4,2,EffectType.GeneratesThreat
GA_Meiko_TauntTotem,4,3,EffectVisualization.Icon
GA_Meiko_TauntTotem,4,4,EffectType.Harmful
GA_Meiko_TauntTotem,4,5,EffectType.Taunt
GA_Meiko_TauntTotem,5,0,EffectLogic.System
GA_Mosse_BlueButterfly_Recall,0,0,EffectType.Beneficial
GA_Mosse_BlueButterfly_Recall,0,1,EffectType.GeneratesThreat
GA_Mosse_BlueButterfly_Recall,0,2,EffectType.Magic.Nature
GA_Mosse_BlueButterfly_Recall,0,3,EffectLogic.NotDispellable
GA_Mosse_BlueButterfly_Recall,0,4,EffectVisualization.Icon
GA_Mosse_BlueButterfly_Recall,0,5,EffectLogic.System
GA_Mosse_BlueButterfly_Recall,0,6,CustomAssetTags.Mosse.Butterfly.Behavior.Orbit
GA_Mosse_BlueButterfly_Recall,0,7,EffectLogic.RemoveOnDeath
GA_Mosse_BlueButterfly_Recall,0,8,EffectVisualization.IconOnPartyUnitFrame
GA_Mosse_BlueButterfly_Recall,1,0,EffectLogic.System
GA_Mosse_BlueButterfly_Recall,2,0,EffectLogic.System
GA_Mosse_BlueButterfly_Recall,4,0,EffectType.Beneficial
GA_Mosse_BlueButterfly_Recall,4,1,EffectType.GeneratesThreat
GA_Mosse_BlueButterfly_Recall,4,2,EffectType.Magic.Nature
GA_Mosse_BlueButterfly_Recall,4,3,EffectLogic.NotDispellable
GA_Mosse_BlueButterfly_Recall,4,4,EffectVisualization.Icon
GA_Mosse_BlueButterfly_Recall,4,5,EffectLogic.System
GA_Mosse_BlueButterfly_Recall,4,6,CustomAssetTags.Mosse.Butterfly.Behavior.Orbit
GA_Mosse_BlueButterfly_Recall,4,7,EffectLogic.RemoveOnDeath
GA_Mosse_BlueButterfly_Recall,4,8,EffectVisualization.IconOnPartyUnitFrame
GA_Mosse_BlueButterfly_Recall,5,0,EffectType.Beneficial
GA_Mosse_BlueButterfly_Recall,5,1,EffectType.GeneratesThreat
GA_Mosse_BlueButterfly_Recall,5,2,EffectType.Magic.Nature
GA_Mosse_BlueButterfly_Recall,5,3,EffectLogic.NotDispellable
GA_Mosse_BlueButterfly_Recall,5,4,EffectLogic.RemoveOnDeath
GA_Mosse_BlueButterfly_Recall,5,5,EffectVisualization.Icon
GA_Mosse_BlueButterfly_Recall,5,6,CustomAssetTags.Mosse.Butterfly.Behavior.Orbit
GA_Mosse_BlueButterfly_Recall,5,7,EffectVisualization.IconOnPartyUnitFrame
GA_Mosse_BlueButterfly_SendOut,0,0,EffectType.Beneficial
GA_Mosse_BlueButterfly_SendOut,0,1,EffectType.GeneratesThreat
GA_Mosse_BlueButterfly_SendOut,0,2,EffectType.Magic.Nature
GA_Mosse_BlueButterfly_SendOut,0,3,EffectLogic.NotDispellable
GA_Mosse_BlueButterfly_SendOut,0,4,EffectLogic.RemoveOnDeath
GA_Mosse_BlueButterfly_SendOut,0,5,EffectVisualization.Icon
GA_Mosse_BlueButterfly_SendOut,0,6,CustomAssetTags.Mosse.Butterfly.Behavior.Orbit
GA_Mosse_BlueButterfly_SendOut,0,7,EffectVisualization.IconOnPartyUnitFrame
GA_Mosse_BlueButterfly_SendOut,1,0,EffectLogic.System
GA_Mosse_BlueButterfly_SendOut,2,0,EffectLogic.System
GA_Mosse_BlueButterfly_SendOut,5,0,EffectType.Beneficial
GA_Mosse_BlueButterfly_SendOut,5,1,EffectType.GeneratesThreat
GA_Mosse_BlueButterfly_SendOut,5,2,EffectType.Magic.Nature
GA_Mosse_BlueButterfly_SendOut,5,3,EffectLogic.NotDispellable
GA_Mosse_BlueButterfly_SendOut,5,4,EffectVisualization.Icon
GA_Mosse_BlueButterfly_SendOut,5,5,EffectLogic.System
GA_Mosse_BlueButterfly_SendOut,5,6,CustomAssetTags.Mosse.Butterfly.Behavior.Orbit
GA_Mosse_BlueButterfly_SendOut,5,7,EffectLogic.RemoveOnDeath
GA_Mosse_BlueButterfly_SendOut,5,8,EffectVisualization.IconOnPartyUnitFrame
GA_Mosse_BlueButterfly_SendOut,6,0,EffectType.Beneficial
GA_Mosse_BlueButterfly_SendOut,6,1,EffectType.GeneratesThreat
GA_Mosse_BlueButterfly_SendOut,6,2,EffectType.Magic.Nature
GA_Mosse_BlueButterfly_SendOut,6,3,EffectLogic.NotDispellable
GA_Mosse_BlueButterfly_SendOut,6,4,EffectLogic.RemoveOnDeath
GA_Mosse_BlueButterfly_SendOut,6,5,EffectVisualization.Icon
GA_Mosse_BlueButterfly_SendOut,6,6,CustomAssetTags.Mosse.Butterfly.Behavior.Orbit
GA_Mosse_BlueButterfly_SendOut,6,7,EffectVisualization.IconOnPartyUnitFrame
GA_Mosse_CastedSingleTargetProjectile_C,0,0,EffectLogic.System
GA_Mosse_CastedSingleTargetProjectile_C,1,0,EffectLogic.System
GA_Mosse_DurationalAoeHealPlacement_C,0,0,EffectLogic.AlwaysApply
GA_Mosse_DurationalAoeHealPlacement_C,0,1,EffectLogic.RemoveOnDeath
GA_Mosse_DurationalAoeHealPlacement_C,0,2,EffectType.Beneficial
GA_Mosse_DurationalAoeHealPlacement_C,1,0,EffectLogic.System
GA_Mosse_DurationalAoeHealPlacement_C,2,0,EffectLogic.System
GA_Mosse_DurationalAoeHealPlacement_C,2,1,EffectLogic.TimeRateInfluencedByCooldownRecovery
GA_Mosse_DurationalAoeHealPlacement_C,3,0,EffectLogic.System
GA_Mosse_DurationalAoeHealPlacement_C,6,0,EffectLogic.AlwaysApply
GA_Mosse_DurationalAoeHealPlacement_C,6,1,EffectLogic.RemoveOnDeath
GA_Mosse_DurationalAoeHealPlacement_C,6,2,EffectType.Beneficial
GA_Mosse_ExplosiveMinion_C,0,0,EffectLogic.System
GA_Mosse_ExplosiveMinion_C,1,0,EffectLogic.System
GA_Mosse_HealingAoeTotem,0,0,EffectLogic.System
GA_Mosse_HealingAoeTotem,1,0,EffectLogic.System
GA_Mosse_HealingAoeTotem,1,1,EffectLogic.TimeRateInfluencedByCooldownRecovery
GA_Mosse_HealingAoeTotem,2,0,EffectLogic.System
GA_Mosse_InstantSelfEscapeBuff,0,0,EffectLogic.RemoveOnDeath
GA_Mosse_InstantSelfEscapeBuff,0,1,EffectType.Buff
GA_Mosse_InstantSelfEscapeBuff,0,2,EffectType.Beneficial
GA_Mosse_InstantSelfEscapeBuff,0,3,EffectVisualization.Icon
GA_Mosse_InstantSelfEscapeBuff,0,4,EffectType.Magic.Nature
GA_Mosse_InstantSelfEscapeBuff,0,5,EffectVisualization.HeroSuperBuffbar
GA_Mosse_InstantSelfEscapeBuff,0,6,CustomAssetTags.Mosse.InstantSelfEscapeBuff.Buff
GA_Mosse_InstantSelfEscapeBuff,1,0,EffectLogic.System
GA_Mosse_InstantSelfEscapeBuff,1,1,EffectLogic.TimeRateInfluencedByCooldownRecovery
GA_Mosse_InstantSelfEscapeBuff,2,0,EffectLogic.System
GA_Mosse_InstantSelfEscapeBuff,4,0,EffectLogic.RemoveOnDeath
GA_Mosse_InstantSelfEscapeBuff,4,1,EffectType.Buff
GA_Mosse_InstantSelfEscapeBuff,4,2,EffectType.Beneficial
GA_Mosse_InstantSelfEscapeBuff,4,3,EffectVisualization.Icon
GA_Mosse_InstantSelfEscapeBuff,4,4,EffectType.Magic.Nature
GA_Mosse_InstantSelfEscapeBuff,4,5,EffectVisualization.HeroSuperBuffbar
GA_Mosse_InstantSelfEscapeBuff,4,6,CustomAssetTags.Mosse.InstantSelfEscapeBuff.Buff
GA_Mosse_PinkButterfly_Double,0,0,EffectLogic.System
GA_Mosse_PinkButterfly_Double,0,1,EffectType.Beneficial
GA_Mosse_PinkButterfly_Double,0,2,EffectType.Magic.Nature
GA_Mosse_PinkButterfly_Double,0,3,CustomAssetTags.Mosse.Butterfly.Behavior.Spin
GA_Mosse_PinkButterfly_Double,0,4,CustomAssetTags.Mosse.Butterfly.Occupied
GA_Mosse_PinkButterfly_Double,0,5,EffectLogic.RemoveOnDeath
GA_Mosse_PinkButterfly_Double,0,6,EffectVisualization.IconOnPartyUnitFrame
GA_Mosse_PinkButterfly_Double,0,7,EffectVisualization.Icon
GA_Mosse_PinkButterfly_Double,1,0,EffectLogic.System
GA_Mosse_PinkButterfly_Double,2,0,EffectLogic.System
GA_Mosse_PinkButterfly_Double,4,0,EffectLogic.System
GA_Mosse_PinkButterfly_Double,4,1,EffectType.Beneficial
GA_Mosse_PinkButterfly_Double,4,2,EffectType.Magic.Nature
GA_Mosse_PinkButterfly_Double,4,3,CustomAssetTags.Mosse.Butterfly.Behavior.Spin
GA_Mosse_PinkButterfly_Double,4,4,CustomAssetTags.Mosse.Butterfly.Occupied
GA_Mosse_PinkButterfly_Double,4,5,EffectLogic.RemoveOnDeath
GA_Mosse_PinkButterfly_Double,4,6,EffectVisualization.IconOnPartyUnitFrame
GA_Mosse_PinkButterfly_Double,4,7,EffectVisualization.Icon
GA_Mosse_PinkButterfly_Double,5,0,EffectType.Beneficial
GA_Mosse_PinkButterfly_Double,5,1,EffectType.GeneratesThreat
GA_Mosse_PinkButterfly_Double,5,2,EffectType.Healing
GA_Mosse_PinkButterfly_Double,5,3,EffectType.Hot
GA_Mosse_PinkButterfly_Double,5,4,EffectType.Magic.Nature
GA_Mosse_PinkButterfly_Double,5,5,EffectLogic.RemoveOnDeath
GA_Mosse_PinkButterfly_Double,5,6,EffectVisualization.Icon
GA_Mosse_PinkButterfly_Double,5,7,EffectVisualization.IconOnPartyUnitFrame
GA_Mosse_PinkButterfly_Double,5,8,CustomAssetTags.Mosse.DurationalAoeHealPlacement.AddPlacedHealingTotem
GA_Mosse_PinkButterfly_Double,5,9,CustomAssetTags.Mosse.ButterflyHeal
GA_Mosse_PinkButterfly_Double,7,0,EffectType.Beneficial
GA_Mosse_PinkButterfly_Double,7,1,EffectType.Hot
GA_Mosse_PinkButterfly_Double,7,2,EffectType.Healing
GA_Mosse_PinkButterfly_Double,7,3,EffectType.GeneratesThreat
GA_Mosse_PinkButterfly_Double,7,4,EffectType.Magic.Nature
GA_Mosse_PinkButterfly_Double,7,5,EffectLogic.NotDispellable
GA_Mosse_PinkButterfly_Double,7,6,EffectLogic.RemoveOnDeath
GA_Mosse_PinkButterfly_Double,7,7,EffectVisualization.Icon
GA_Mosse_PinkButterfly_Double,7,8,CustomAssetTags.Mosse.Butterfly.Behavior.Orbit
GA_Mosse_PinkButterfly_Double,7,9,EffectVisualization.IconOnPartyUnitFrame
GA_Mosse_PinkButterfly_Double,7,10,CustomAssetTags.Mosse.DurationalAoeHealPlacement.AddPlacedHealingTotem
GA_Mosse_PinkButterfly_Double,7,11,CustomAssetTags.Mosse.ButterflyHeal
GA_Mosse_PinkButterfly_Double,7,12,CustomAssetTags.Mosse.PinkButterfly.Simple.Hot
GA_Mosse_PinkButterfly_Simple,0,0,EffectType.Beneficial
GA_Mosse_PinkButterfly_Simple,0,1,EffectType.Hot
GA_Mosse_PinkButterfly_Simple,0,2,EffectType.Healing
GA_Mosse_PinkButterfly_Simple,0,3,EffectType.GeneratesThreat
GA_Mosse_PinkButterfly_Simple,0,4,EffectType.Magic.Nature
GA_Mosse_PinkButterfly_Simple,0,5,EffectLogic.NotDispellable
GA_Mosse_PinkButterfly_Simple,0,6,EffectLogic.RemoveOnDeath
GA_Mosse_PinkButterfly_Simple,0,7,EffectVisualization.Icon
GA_Mosse_PinkButterfly_Simple,0,8,CustomAssetTags.Mosse.Butterfly.Behavior.Orbit
GA_Mosse_PinkButterfly_Simple,0,9,EffectVisualization.IconOnPartyUnitFrame
GA_Mosse_PinkButterfly_Simple,0,10,CustomAssetTags.Mosse.DurationalAoeHealPlacement.AddPlacedHealingTotem
GA_Mosse_PinkButterfly_Simple,0,11,CustomAssetTags.Mosse.ButterflyHeal
GA_Mosse_PinkButterfly_Simple,0,12,CustomAssetTags.Mosse.PinkButterfly.Simple.Hot
GA_Mosse_PinkButterfly_Simple,1,0,EffectLogic.System
GA_Mosse_PinkButterfly_Simple,2,0,EffectLogic.System
GA_Mosse_PinkButterfly_Simple,4,0,EffectLogic.System
GA_Mosse_PinkButterfly_Simple,4,1,EffectType.Beneficial
GA_Mosse_PinkButterfly_Simple,4,2,EffectType.Magic.Nature
GA_Mosse_PinkButterfly_Simple,4,3,CustomAssetTags.Mosse.Butterfly.Behavior.Spin
GA_Mosse_PinkButterfly_Simple,4,4,CustomAssetTags.Mosse.Butterfly.Occupied
GA_Mosse_PinkButterfly_Simple,4,5,EffectLogic.RemoveOnDeath
GA_Mosse_PinkButterfly_Simple,4,6,EffectVisualization.IconOnPartyUnitFrame
GA_Mosse_PinkButterfly_Simple,4,7,EffectVisualization.Icon
GA_Mosse_PinkButterfly_Simple,5,0,EffectType.Beneficial
GA_Mosse_PinkButterfly_Simple,5,1,EffectType.GeneratesThreat
GA_Mosse_PinkButterfly_Simple,5,2,EffectType.Healing
GA_Mosse_PinkButterfly_Simple,5,3,EffectType.Hot
GA_Mosse_PinkButterfly_Simple,5,4,EffectType.Magic.Nature
GA_Mosse_PinkButterfly_Simple,5,5,EffectLogic.RemoveOnDeath
GA_Mosse_PinkButterfly_Simple,5,6,EffectVisualization.Icon
GA_Mosse_PinkButterfly_Simple,5,7,EffectVisualization.IconOnPartyUnitFrame
GA_Mosse_PinkButterfly_Simple,5,8,CustomAssetTags.Mosse.DurationalAoeHealPlacement.AddPlacedHealingTotem
GA_Mosse_PinkButterfly_Simple,5,9,CustomAssetTags.Mosse.ButterflyHeal
GA_Mosse_PinkButterfly_Simple,7,0,EffectType.Beneficial
GA_Mosse_PinkButterfly_Simple,7,1,EffectType.Hot
GA_Mosse_PinkButterfly_Simple,7,2,EffectType.Healing
GA_Mosse_PinkButterfly_Simple,7,3,EffectType.GeneratesThreat
GA_Mosse_PinkButterfly_Simple,7,4,EffectType.Magic.Nature
GA_Mosse_PinkButterfly_Simple,7,5,EffectLogic.NotDispellable
GA_Mosse_PinkButterfly_Simple,7,6,EffectLogic.RemoveOnDeath
GA_Mosse_PinkButterfly_Simple,7,7,EffectVisualization.Icon
GA_Mosse_PinkButterfly_Simple,7,8,CustomAssetTags.Mosse.Butterfly.Behavior.Orbit
GA_Mosse_PinkButterfly_Simple,7,9,EffectVisualization.IconOnPartyUnitFrame
GA_Mosse_PinkButterfly_Simple,7,10,CustomAssetTags.Mosse.DurationalAoeHealPlacement.AddPlacedHealingTotem
GA_Mosse_PinkButterfly_Simple,7,11,CustomAssetTags.Mosse.ButterflyHeal
GA_Mosse_PinkButterfly_Simple,7,12,CustomAssetTags.Mosse.PinkButterfly.Simple.Hot
GA_Mosse_PlacedAoeBuff,0,0,EffectLogic.System
GA_Mosse_PlacedAoeBuff,1,0,EffectLogic.System
GA_Mosse_PlacedAoeBuff,1,1,EffectLogic.TimeRateInfluencedByCooldownRecovery
GA_Mosse_PlacedAoeBuff,2,0,EffectLogic.System
GA_Mosse_PlacedAoeBuff,5,0,EffectType.Beneficial
GA_Mosse_PlacedAoeBuff,5,1,EffectType.Buff
GA_Mosse_PlacedAoeBuff,5,2,EffectType.Magic.Nature
GA_Mosse_PlacedAoeBuff,5,3,EffectVisualization.Icon
GA_Mosse_PlacedAoeBuff,5,4,EffectVisualization.IconOnPartyUnitFrame
GA_Mosse_ProjectileTurrets,0,0,EffectLogic.System
GA_Mosse_ProjectileTurrets,1,0,EffectLogic.System
GA_Mosse_ProjectileTurrets,1,1,EffectLogic.TimeRateInfluencedByCooldownRecovery
GA_Mosse_ProjectileTurrets,2,0,EffectLogic.System
GA_Mosse_SharedHealthBuff_C,0,0,EffectVisualization.Icon
GA_Mosse_SharedHealthBuff_C,0,1,EffectType.Beneficial
GA_Mosse_SharedHealthBuff_C,0,2,EffectType.Magic.Nature
GA_Mosse_SharedHealthBuff_C,0,3,EffectLogic.RemoveOnDeath
GA_Mosse_SharedHealthBuff_C,0,4,EffectLogic.AlwaysApply
GA_Mosse_SharedHealthBuff_C,0,5,CustomAssetTags.Mosse.SharedHealthBuff.Buff
GA_Mosse_SharedHealthBuff_C,0,6,EffectVisualization.IconOnPartyUnitFrame
GA_Mosse_SharedHealthBuff_C,0,7,EffectVisualization.HeroSuperBuffbar
GA_Mosse_SharedHealthBuff_C,1,0,EffectLogic.System
GA_Mosse_SharedHealthBuff_C,2,0,EffectLogic.System
GA_Mosse_SharedHealthBuff_C,4,0,EffectVisualization.Icon
GA_Mosse_SharedHealthBuff_C,4,1,EffectType.Beneficial
GA_Mosse_SharedHealthBuff_C,4,2,EffectType.Magic.Nature
GA_Mosse_SharedHealthBuff_C,4,3,EffectLogic.RemoveOnDeath
GA_Mosse_SharedHealthBuff_C,4,4,EffectLogic.AlwaysApply
GA_Mosse_SharedHealthBuff_C,4,5,CustomAssetTags.Mosse.SharedHealthBuff.Buff
GA_Mosse_SharedHealthBuff_C,4,6,EffectVisualization.IconOnPartyUnitFrame
GA_Mosse_SharedHealthBuff_C,4,7,EffectVisualization.HeroSuperBuffbar
GA_Mosse_SingleTargetCastedDamageReduction,0,0,EffectType.Beneficial
GA_Mosse_SingleTargetCastedDamageReduction,0,1,EffectLogic.RemoveOnDeath
GA_Mosse_SingleTargetCastedDamageReduction,0,2,EffectType.GeneratesThreat
GA_Mosse_SingleTargetCastedDamageReduction,0,3,EffectVisualization.Icon
GA_Mosse_SingleTargetCastedDamageReduction,0,4,EffectVisualization.IconOnPartyUnitFrame
GA_Mosse_SingleTargetCastedDamageReduction,0,5,EffectType.Magic.Nature
GA_Mosse_SingleTargetCastedDamageReduction,0,6,EffectVisualization.HeroSuperBuffbar
GA_Mosse_SingleTargetCastedDamageReduction,0,7,CustomAssetTags.Mosse.SingleTargetCastedDamageReduction.Buff
GA_Mosse_SingleTargetCastedDamageReduction,1,0,EffectLogic.System
GA_Mosse_SingleTargetCastedDamageReduction,1,1,EffectLogic.TimeRateInfluencedByCooldownRecovery
GA_Mosse_SingleTargetCastedDamageReduction,2,0,EffectLogic.System
GA_Mosse_SingleTargetCastedDamageReduction,4,0,EffectType.Beneficial
GA_Mosse_SingleTargetCastedDamageReduction,4,1,EffectLogic.RemoveOnDeath
GA_Mosse_SingleTargetCastedDamageReduction,4,2,EffectType.GeneratesThreat
GA_Mosse_SingleTargetCastedDamageReduction,4,3,EffectVisualization.Icon
GA_Mosse_SingleTargetCastedDamageReduction,4,4,EffectVisualization.IconOnPartyUnitFrame
GA_Mosse_SingleTargetCastedDamageReduction,4,5,EffectType.Magic.Nature
GA_Mosse_SingleTargetCastedDamageReduction,4,6,EffectVisualization.HeroSuperBuffbar
GA_Mosse_SingleTargetCastedDamageReduction,4,7,CustomAssetTags.Mosse.SingleTargetCastedDamageReduction.Buff
GA_Mosse_SingleTargetDispel_C,0,0,EffectLogic.System
GA_Mosse_SingleTargetDispel_C,1,0,EffectLogic.System
GA_Mosse_SingleTargetDispel_C,2,0,EffectLogic.System
GA_Mosse_TurretChannelHeal,0,0,EffectLogic.RemoveOnDeath
GA_Mosse_TurretChannelHeal,0,1,EffectType.GeneratesThreat
GA_Mosse_TurretChannelHeal,0,2,EffectType.Harmful
GA_Mosse_TurretChannelHeal,0,3,EffectType.Magic.Nature
GA_Mosse_TurretChannelHeal,0,4,EffectType.Debuff
GA_Mosse_TurretChannelHeal,0,5,EffectVisualization.IconOnPartyUnitFrame
GA_Mosse_TurretChannelHeal,0,6,EffectVisualization.Icon
GA_Mosse_TurretChannelHeal,0,7,CustomAssetTags.Mosse.TurretChannelHeal.Debuff
GA_Mosse_TurretChannelHeal,1,0,EffectLogic.System
GA_Mosse_TurretChannelHeal,1,1,EffectLogic.TimeRateInfluencedByCooldownRecovery
GA_Mosse_TurretChannelHeal,2,0,EffectLogic.System
GA_Mosse_TurretChannelHeal,4,0,EffectLogic.RemoveOnDeath
GA_Mosse_TurretChannelHeal,4,1,EffectType.GeneratesThreat
GA_Mosse_TurretChannelHeal,4,2,EffectType.Harmful
GA_Mosse_TurretChannelHeal,4,3,EffectType.Magic.Nature
GA_Mosse_TurretChannelHeal,4,4,EffectType.Debuff
GA_Mosse_TurretChannelHeal,4,5,EffectVisualization.IconOnPartyUnitFrame
GA_Mosse_TurretChannelHeal,4,6,EffectVisualization.Icon
GA_Mosse_TurretChannelHeal,4,7,CustomAssetTags.Mosse.TurretChannelHeal.Debuff
GA_Rime_AutoProjectileOnResourceGainBuff,0,0,EffectType.Beneficial
GA_Rime_AutoProjectileOnResourceGainBuff,0,1,EffectType.Buff
GA_Rime_AutoProjectileOnResourceGainBuff,0,2,EffectType.Magic.Frost
GA_Rime_AutoProjectileOnResourceGainBuff,0,3,EffectVisualization.Icon
GA_Rime_AutoProjectileOnResourceGainBuff,0,4,EffectLogic.RemoveOnDeath
GA_Rime_AutoProjectileOnResourceGainBuff,0,5,EffectVisualization.HeroSuperBuffbar
GA_Rime_AutoProjectileOnResourceGainBuff,1,0,EffectLogic.System
GA_Rime_AutoProjectileOnResourceGainBuff,1,1,EffectLogic.TimeRateInfluencedByCooldownRecovery
GA_Rime_AutoProjectileOnResourceGainBuff,2,0,EffectType.Beneficial
GA_Rime_AutoProjectileOnResourceGainBuff,2,1,EffectType.Buff
GA_Rime_AutoProjectileOnResourceGainBuff,2,2,EffectType.Magic.Frost
GA_Rime_AutoProjectileOnResourceGainBuff,2,3,EffectVisualization.Icon
GA_Rime_AutoProjectileOnResourceGainBuff,2,4,EffectLogic.RemoveOnDeath
GA_Rime_AutoProjectileOnResourceGainBuff,2,5,EffectVisualization.HeroSuperBuffbar
GA_Rime_CastedDebuffAoeDamage,0,0,EffectType.GeneratesThreat
GA_Rime_CastedDebuffAoeDamage,0,1,EffectType.Harmful
GA_Rime_CastedDebuffAoeDamage,0,2,EffectType.Magic.Frost
GA_Rime_CastedDebuffAoeDamage,0,3,EffectLogic.RemoveOnDeath
GA_Rime_CastedDebuffAoeDamage,0,4,EffectVisualization.Icon
GA_Rime_CastedDebuffAoeDamage,0,5,EffectType.Dot
GA_Rime_CastedDebuffAoeDamage,1,0,EffectLogic.System
GA_Rime_CastedDebuffAoeDamage,2,0,EffectLogic.System
GA_Rime_CastedDebuffAoeDamage,2,1,EffectLogic.TimeRateInfluencedByCooldownRecovery
GA_Rime_CastedDebuffAoeDamage,3,0,EffectType.GeneratesThreat
GA_Rime_CastedDebuffAoeDamage,3,1,EffectType.Harmful
GA_Rime_CastedDebuffAoeDamage,3,2,EffectType.Magic.Frost
GA_Rime_CastedDebuffAoeDamage,3,3,EffectLogic.RemoveOnDeath
GA_Rime_CastedDebuffAoeDamage,3,4,EffectVisualization.Icon
GA_Rime_CastedDebuffAoeDamage,3,5,EffectType.Dot
GA_Rime_CastedProjectileDamageFiller,0,0,EffectLogic.System
GA_Rime_CastedProjectileDamageOrbSpender,0,0,EffectType.Beneficial
GA_Rime_CastedProjectileDamageOrbSpender,0,1,EffectType.Magic.Frost
GA_Rime_CastedProjectileDamageOrbSpender,0,2,EffectVisualization.Icon
GA_Rime_CastedProjectileDamageOrbSpender,0,3,EffectLogic.RemoveOnDeath
GA_Rime_CastedProjectileDamageOrbSpender,0,4,EffectVisualization.HeroSuperBuffbar
GA_Rime_CastedProjectileDamageOrbSpender,0,5,EffectLogic.RemoveOnSourceLoadoutChange
GA_Rime_CastedProjectileDamageOrbSpender,1,0,EffectLogic.System
GA_Rime_CastedProjectileDamageOrbSpender,2,0,EffectLogic.System
GA_Rime_ChanneledBeamSingleDamage,0,0,EffectVisualization.Icon
GA_Rime_ChanneledBeamSingleDamage,0,1,EffectLogic.RemoveOnDeath
GA_Rime_ChanneledBeamSingleDamage,0,2,EffectType.Harmful
GA_Rime_ChanneledBeamSingleDamage,0,3,EffectType.Debuff
GA_Rime_ChanneledBeamSingleDamage,1,0,EffectLogic.System
GA_Rime_ChanneledBeamSingleDamage,2,0,EffectLogic.System
GA_Rime_ChanneledBeamSingleDamage,2,1,EffectLogic.TimeRateInfluencedByCooldownRecovery
GA_Rime_ChanneledBeamSingleDamage,3,0,EffectLogic.System
GA_Rime_DamageAsAoeHealingBuff,0,0,EffectType.Beneficial
GA_Rime_DamageAsAoeHealingBuff,0,1,EffectType.Buff
GA_Rime_DamageAsAoeHealingBuff,0,2,EffectType.Magic.Frost
GA_Rime_DamageAsAoeHealingBuff,0,3,EffectLogic.RemoveOnDeath
GA_Rime_DamageAsAoeHealingBuff,0,4,EffectVisualization.Icon
GA_Rime_DamageAsAoeHealingBuff,0,5,EffectVisualization.HeroSuperBuffbar
GA_Rime_DamageAsAoeHealingBuff,1,0,EffectLogic.System
GA_Rime_DamageAsAoeHealingBuff,1,1,EffectType.Beneficial
GA_Rime_DamageAsAoeHealingBuff,1,2,EffectLogic.RemoveOnDeath
GA_Rime_DamageAsAoeHealingBuff,2,0,EffectLogic.System
GA_Rime_DamageAsAoeHealingBuff,2,1,EffectLogic.TimeRateInfluencedByCooldownRecovery
GA_Rime_DamageAsAoeHealingBuff,3,0,EffectLogic.System
GA_Rime_DamageAsAoeHealingBuff,4,0,EffectType.Beneficial
GA_Rime_DamageAsAoeHealingBuff,4,1,EffectType.Buff
GA_Rime_DamageAsAoeHealingBuff,4,2,EffectType.Magic.Frost
GA_Rime_DamageAsAoeHealingBuff,4,3,EffectLogic.RemoveOnDeath
GA_Rime_DamageAsAoeHealingBuff,4,4,EffectVisualization.Icon
GA_Rime_DamageAsAoeHealingBuff,4,5,EffectVisualization.HeroSuperBuffbar
GA_Rime_DamageAsAoeHealingBuff,5,0,EffectLogic.System
GA_Rime_DamageAsAoeHealingBuff,5,1,EffectType.Beneficial
GA_Rime_DamageAsAoeHealingBuff,5,2,EffectLogic.RemoveOnDeath
GA_Rime_DashForward_C,0,0,EffectLogic.System
GA_Rime_FullResourcesSelfBuff,0,0,EffectType.Beneficial
GA_Rime_FullResourcesSelfBuff,0,1,EffectType.Magic
GA_Rime_FullResourcesSelfBuff,0,2,EffectLogic.RemoveOnDeath
GA_Rime_FullResourcesSelfBuff,0,3,EffectVisualization.Icon
GA_Rime_FullResourcesSelfBuff,0,4,EffectVisualization.HeroSuperBuffbar
GA_Rime_FullResourcesSelfBuff,1,0,EffectLogic.System
GA_Rime_FullResourcesSelfBuff,3,0,EffectType.Beneficial
GA_Rime_FullResourcesSelfBuff,3,1,EffectType.Magic
GA_Rime_FullResourcesSelfBuff,3,2,EffectLogic.RemoveOnDeath
GA_Rime_FullResourcesSelfBuff,3,3,EffectVisualization.Icon
GA_Rime_FullResourcesSelfBuff,3,4,EffectVisualization.HeroSuperBuffbar
GA_Rime_InstantConeKnockback_C,0,0,EffectLogic.RemoveOnDeath
GA_Rime_InstantConeKnockback_C,0,1,EffectType.Harmful
GA_Rime_InstantConeKnockback_C,0,2,EffectType.MovementImpairing
GA_Rime_InstantConeKnockback_C,0,3,EffectType.Magic.Water
GA_Rime_InstantConeKnockback_C,0,4,EffectType.CrowdControl
GA_Rime_InstantConeKnockback_C,0,5,EffectType.GeneratesThreat
GA_Rime_InstantConeKnockback_C,0,6,EffectVisualization.Icon
GA_Rime_InstantConeKnockback_C,1,0,EffectLogic.System
GA_Rime_InstantConeKnockback_C,1,1,EffectLogic.TimeRateInfluencedByCooldownRecovery
GA_Rime_InstantConeKnockback_C,2,0,EffectLogic.System
GA_Rime_InstantConeKnockback_C,3,0,EffectLogic.RemoveOnDeath
GA_Rime_InstantConeKnockback_C,3,1,EffectType.Harmful
GA_Rime_InstantConeKnockback_C,3,2,EffectType.MovementImpairing
GA_Rime_InstantConeKnockback_C,3,3,EffectType.Magic.Water
GA_Rime_InstantConeKnockback_C,3,4,EffectType.CrowdControl
GA_Rime_InstantConeKnockback_C,3,5,EffectType.GeneratesThreat
GA_Rime_InstantConeKnockback_C,3,6,EffectVisualization.Icon
GA_Rime_InstantSingleDamage,0,0,EffectType.Beneficial
GA_Rime_InstantSingleDamage,0,1,EffectType.Magic.Frost
GA_Rime_InstantSingleDamage,0,2,EffectVisualization.Icon
GA_Rime_InstantSingleDamage,0,3,EffectLogic.RemoveOnDeath
GA_Rime_InstantSingleDamage,0,4,EffectVisualization.HeroSuperBuffbar
GA_Rime_InstantSingleDamage,0,5,EffectLogic.RemoveOnSourceLoadoutChange
GA_Rime_InstantSingleDamage,1,0,EffectLogic.System
GA_Rime_InstantSingleDamage,2,0,EffectLogic.System
GA_Rime_InstantSingleDamage,2,1,EffectLogic.TimeRateInfluencedByCooldownRecovery
GA_Rime_InstantSingleDamage,3,0,EffectLogic.System
GA_Rime_InstantSingleDamage,4,0,EffectType.Magic.Frost
GA_Rime_InstantSingleDamage,4,1,EffectLogic.RemoveOnDeath
GA_Rime_InstantSingleDamage,4,2,EffectType.Buff
GA_Rime_InstantSingleDamage,4,3,EffectType.Beneficial
GA_Rime_InstantSingleDamage,4,4,EffectVisualization.Icon
GA_Rime_InstantSingleInterrupt_C,0,0,EffectLogic.System
GA_Rime_InstantSingleInterrupt_C,1,0,EffectLogic.System
GA_Rime_OnTargetPulsatingAoe_C,0,0,EffectLogic.System
GA_Rime_OnTargetPulsatingAoe_C,1,0,EffectLogic.System
GA_Rime_SelfDefenceBuff_C,0,0,EffectLogic.RemoveOnDeath
GA_Rime_SelfDefenceBuff_C,0,1,EffectType.Buff
GA_Rime_SelfDefenceBuff_C,0,2,EffectType.Beneficial
GA_Rime_SelfDefenceBuff_C,0,3,EffectType.Magic.Water
GA_Rime_SelfDefenceBuff_C,0,4,EffectType.GeneratesThreat
GA_Rime_SelfDefenceBuff_C,0,5,EffectVisualization.Icon
GA_Rime_SelfDefenceBuff_C,0,6,EffectVisualization.IconOnPartyUnitFrame
GA_Rime_SelfDefenceBuff_C,0,7,EffectVisualization.HeroSuperBuffbar
GA_Rime_SelfDefenceBuff_C,0,8,CustomAssetTags.Rime.SelfDefenceBuff.Buff
GA_Rime_SelfDefenceBuff_C,1,0,EffectLogic.System
GA_Rime_SelfDefenceBuff_C,1,1,EffectLogic.TimeRateInfluencedByCooldownRecovery
GA_Rime_SelfDefenceBuff_C,2,0,EffectLogic.System
GA_Rime_SelfDefenceBuff_C,3,0,EffectLogic.RemoveOnDeath
GA_Rime_SelfDefenceBuff_C,3,1,EffectType.Buff
GA_Rime_SelfDefenceBuff_C,3,2,EffectType.Beneficial
GA_Rime_SelfDefenceBuff_C,3,3,EffectType.Magic.Water
GA_Rime_SelfDefenceBuff_C,3,4,EffectType.GeneratesThreat
GA_Rime_SelfDefenceBuff_C,3,5,EffectVisualization.Icon
GA_Rime_SelfDefenceBuff_C,3,6,EffectVisualization.IconOnPartyUnitFrame
GA_Rime_SelfDefenceBuff_C,3,7,EffectVisualization.HeroSuperBuffbar
GA_Rime_SelfDefenceBuff_C,3,8,CustomAssetTags.Rime.SelfDefenceBuff.Buff
GA_Rime_Talent_SpendersSwap_MultiTargets,0,0,EffectLogic.System
GA_Rime_Talent_SpendersSwap_MultiTargets,1,0,EffectLogic.System
GA_Rime_Talent_SpendersSwap_SingleTarget,0,0,EffectLogic.System
GA_Rime_Talent_SpendersSwap_SingleTarget,1,0,EffectLogic.System
GA_Rime_TargetedPeriodicProjectileAoe,0,0,EffectType.Beneficial
GA_Rime_TargetedPeriodicProjectileAoe,0,1,EffectType.Magic.Frost
GA_Rime_TargetedPeriodicProjectileAoe,0,2,EffectLogic.RemoveOnDeath
GA_Rime_TargetedPeriodicProjectileAoe,0,3,EffectLogic.System
GA_Rime_TargetedPeriodicProjectileAoe,0,4,EffectVisualization.Icon
GA_Rime_TargetedPeriodicProjectileAoe,0,5,EffectVisualization.HeroSuperBuffbar
GA_Rime_TargetedPeriodicProjectileAoe,1,0,EffectType.Magic.Frost
GA_Rime_TargetedPeriodicProjectileAoe,1,1,EffectLogic.NotDispellable
GA_Rime_TargetedPeriodicProjectileAoe,1,2,EffectVisualization.Icon
GA_Rime_TargetedPeriodicProjectileAoe,1,3,EffectType.Buff
GA_Rime_TargetedPeriodicProjectileAoe,1,4,EffectType.Beneficial
GA_Rime_TargetedPeriodicProjectileAoe,1,5,EffectLogic.RemoveOnDeath
GA_Rime_TargetedPeriodicProjectileAoe,1,6,EffectVisualization.HeroSuperBuffbar
GA_Rime_TargetedPeriodicProjectileAoe,2,0,EffectLogic.System
GA_Rime_TargetedPeriodicProjectileAoe,3,0,EffectLogic.System
GA_Rime_TargetedPeriodicProjectileAoe,3,1,EffectLogic.TimeRateInfluencedByCooldownRecovery
GA_Rime_TargetedPeriodicProjectileAoe,4,0,EffectLogic.System
GA_Rime_TargetedPeriodicProjectileAoe,6,0,EffectType.Magic.Frost
GA_Rime_TargetedPeriodicProjectileAoe,6,1,EffectLogic.NotDispellable
GA_Rime_TargetedPeriodicProjectileAoe,6,2,EffectVisualization.Icon
GA_Rime_TargetedPeriodicProjectileAoe,6,3,EffectType.Buff
GA_Rime_TargetedPeriodicProjectileAoe,6,4,EffectType.Beneficial
GA_Rime_TargetedPeriodicProjectileAoe,6,5,EffectLogic.RemoveOnDeath
GA_Rime_TargetedPeriodicProjectileAoe,6,6,EffectVisualization.HeroSuperBuffbar
GA_Sune_AoeMelee,0,0,EffectLogic.System
GA_Sune_AoeMelee,1,0,EffectLogic.System
GA_Sune_AoeMelee,1,1,EffectLogic.TimeRateInfluencedByCooldownRecovery
GA_Sune_AoeMelee,2,0,EffectLogic.System
GA_Sune_AtTargetInstantAoe,0,0,EffectType.Dot
GA_Sune_AtTargetInstantAoe,0,1,EffectType.GeneratesThreat
GA_Sune_AtTargetInstantAoe,0,2,EffectType.Harmful
GA_Sune_AtTargetInstantAoe,0,3,EffectType.Magic.Holy
GA_Sune_AtTargetInstantAoe,0,4,EffectLogic.RemoveOnDeath
GA_Sune_AtTargetInstantAoe,0,5,EffectVisualization.Icon
GA_Sune_AtTargetInstantAoe,1,0,EffectLogic.System
GA_Sune_AtTargetInstantAoe,1,1,EffectLogic.TimeRateInfluencedByCooldownRecovery
GA_Sune_AtTargetInstantAoe,2,0,EffectLogic.System
GA_Sune_BuffedTargetedCastedHealOrDamage,0,0,EffectLogic.RemoveOnDeath
GA_Sune_BuffedTargetedCastedHealOrDamage,0,1,EffectType.Physical
GA_Sune_BuffedTargetedCastedHealOrDamage,0,2,EffectVisualization.Icon
GA_Sune_BuffedTargetedCastedHealOrDamage,0,3,EffectType.Beneficial
GA_Sune_BuffedTargetedCastedHealOrDamage,0,4,EffectType.Buff
GA_Sune_BuffedTargetedCastedHealOrDamage,0,5,EffectVisualization.HeroSuperBuffbar
GA_Sune_BuffedTargetedCastedHealOrDamage,1,0,EffectLogic.System
GA_Sune_BuffedTargetedCastedHealOrDamage,1,1,EffectLogic.TimeRateInfluencedByCooldownRecovery
GA_Sune_BuffedTargetedCastedHealOrDamage,2,0,EffectLogic.RemoveOnDeath
GA_Sune_BuffedTargetedCastedHealOrDamage,2,1,EffectType.Physical
GA_Sune_BuffedTargetedCastedHealOrDamage,2,2,EffectVisualization.Icon
GA_Sune_BuffedTargetedCastedHealOrDamage,2,3,EffectType.Beneficial
GA_Sune_BuffedTargetedCastedHealOrDamage,2,4,EffectType.Buff
GA_Sune_BuffedTargetedCastedHealOrDamage,2,5,EffectVisualization.HeroSuperBuffbar
GA_Sune_CastedSingleTargetHeal,0,0,EffectLogic.System
GA_Sune_CastedSingleTargetHeal,1,0,EffectLogic.System
GA_Sune_DamageTransferAura,0,0,EffectLogic.RemoveOnDeath
GA_Sune_DamageTransferAura,0,1,EffectType.Beneficial
GA_Sune_DamageTransferAura,0,2,EffectType.Buff
GA_Sune_DamageTransferAura,0,3,EffectVisualization.Icon
GA_Sune_DamageTransferAura,0,4,EffectVisualization.IconOnPartyUnitFrame
GA_Sune_DamageTransferAura,0,5,EffectType.Magic.Holy
GA_Sune_DamageTransferAura,0,6,EffectVisualization.HeroSuperBuffbar
GA_Sune_DamageTransferAura,0,7,CustomAssetTags.Sune.DamageTransferAura.SelfBuff
GA_Sune_DamageTransferAura,1,0,EffectLogic.System
GA_Sune_DamageTransferAura,1,1,EffectLogic.TimeRateInfluencedByCooldownRecovery
GA_Sune_DamageTransferAura,2,0,EffectLogic.System
GA_Sune_DamageTransferAura,4,0,EffectLogic.RemoveOnDeath
GA_Sune_DamageTransferAura,4,1,EffectType.Beneficial
GA_Sune_DamageTransferAura,4,2,EffectType.Buff
GA_Sune_DamageTransferAura,4,3,EffectType.Magic.Holy
GA_Sune_DamageTransferAura,4,4,EffectVisualization.Icon
GA_Sune_DamageTransferAura,4,5,EffectVisualization.IconOnPartyUnitFrame
GA_Sune_DamageTransferAura,6,0,EffectLogic.RemoveOnDeath
GA_Sune_DamageTransferAura,6,1,EffectType.Beneficial
GA_Sune_DamageTransferAura,6,2,EffectType.Buff
GA_Sune_DamageTransferAura,6,3,EffectVisualization.Icon
GA_Sune_DamageTransferAura,6,4,EffectVisualization.IconOnPartyUnitFrame
GA_Sune_DamageTransferAura,6,5,EffectType.Magic.Holy
GA_Sune_DamageTransferAura,6,6,EffectVisualization.HeroSuperBuffbar
GA_Sune_DamageTransferAura,6,7,CustomAssetTags.Sune.DamageTransferAura.SelfBuff
GA_Sune_DroppedPulseAoe,0,0,EffectLogic.RemoveOnDeath
GA_Sune_DroppedPulseAoe,0,1,EffectType.Beneficial
GA_Sune_DroppedPulseAoe,0,2,EffectType.Buff
GA_Sune_DroppedPulseAoe,0,3,EffectType.Physical
GA_Sune_DroppedPulseAoe,0,4,EffectVisualization.Icon
GA_Sune_DroppedPulseAoe,0,5,EffectVisualization.IconOnPartyUnitFrame
GA_Sune_DroppedPulseAoe,1,0,EffectLogic.RemoveOnDeath
GA_Sune_DroppedPulseAoe,1,1,EffectType.Debuff
GA_Sune_DroppedPulseAoe,1,2,EffectType.GeneratesThreat
GA_Sune_DroppedPulseAoe,1,3,EffectType.Harmful
GA_Sune_DroppedPulseAoe,1,4,EffectType.Magic.Holy
GA_Sune_DroppedPulseAoe,2,0,EffectLogic.System
GA_Sune_DroppedPulseAoe,2,1,EffectLogic.TimeRateInfluencedByCooldownRecovery
GA_Sune_DroppedPulseAoe,3,0,EffectLogic.System
GA_Sune_DroppedPulseAoe,6,0,EffectLogic.RemoveOnDeath
GA_Sune_DroppedPulseAoe,6,1,EffectType.Beneficial
GA_Sune_DroppedPulseAoe,6,2,EffectType.Buff
GA_Sune_DroppedPulseAoe,6,3,EffectType.Physical
GA_Sune_DroppedPulseAoe,6,4,EffectVisualization.Icon
GA_Sune_DroppedPulseAoe,6,5,EffectVisualization.IconOnPartyUnitFrame
GA_Sune_InstantCleaveMelee,0,0,EffectLogic.System
GA_Sune_InstantCleaveMelee,1,0,EffectLogic.System
GA_Sune_InstantCleaveMelee,1,1,EffectLogic.TimeRateInfluencedByCooldownRecovery
GA_Sune_InstantCleaveMelee,2,0,EffectLogic.System
GA_Sune_InstantConeStunAndPull,0,0,EffectType.CrowdControl
GA_Sune_InstantConeStunAndPull,0,1,EffectType.MovementImpairing
GA_Sune_InstantConeStunAndPull,0,2,EffectType.Physical
GA_Sune_InstantConeStunAndPull,0,3,EffectLogic.RemoveOnDeath
GA_Sune_InstantConeStunAndPull,0,4,EffectType.GeneratesThreat
GA_Sune_InstantConeStunAndPull,0,5,EffectType.Harmful
GA_Sune_InstantConeStunAndPull,0,6,EffectVisualization.Icon
GA_Sune_InstantConeStunAndPull,1,0,EffectLogic.System
GA_Sune_InstantConeStunAndPull,1,1,EffectLogic.TimeRateInfluencedByCooldownRecovery
GA_Sune_InstantConeStunAndPull,2,0,EffectLogic.System
GA_Sune_InstantConeStunAndPull,3,0,EffectType.CrowdControl
GA_Sune_InstantConeStunAndPull,3,1,EffectType.MovementImpairing
GA_Sune_InstantConeStunAndPull,3,2,EffectType.Physical
GA_Sune_InstantConeStunAndPull,3,3,EffectLogic.RemoveOnDeath
GA_Sune_InstantConeStunAndPull,3,4,EffectType.GeneratesThreat
GA_Sune_InstantConeStunAndPull,3,5,EffectType.Harmful
GA_Sune_InstantConeStunAndPull,3,6,EffectVisualization.Icon
GA_Sune_InstantSingleTargetHealOrDamage,0,0,EffectType.Magic.Holy
GA_Sune_InstantSingleTargetHealOrDamage,0,1,EffectLogic.RemoveOnDeath
GA_Sune_InstantSingleTargetHealOrDamage,0,2,EffectLogic.RemoveOnSourceLoadoutChange
GA_Sune_InstantSingleTargetHealOrDamage,0,3,EffectType.Dot
GA_Sune_InstantSingleTargetHealOrDamage,0,4,EffectVisualization.IconOnPartyUnitFrame
GA_Sune_InstantSingleTargetHealOrDamage,0,5,EffectVisualization.Icon
GA_Sune_InstantSingleTargetHealOrDamage,0,6,EffectType.Harmful
GA_Sune_InstantSingleTargetHealOrDamage,1,0,EffectType.Beneficial
GA_Sune_InstantSingleTargetHealOrDamage,1,1,EffectType.Healing
GA_Sune_InstantSingleTargetHealOrDamage,1,2,EffectType.Hot
GA_Sune_InstantSingleTargetHealOrDamage,1,3,EffectType.Magic.Holy
GA_Sune_InstantSingleTargetHealOrDamage,1,4,EffectLogic.RemoveOnDeath
GA_Sune_InstantSingleTargetHealOrDamage,1,5,EffectLogic.RemoveOnSourceLoadoutChange
GA_Sune_InstantSingleTargetHealOrDamage,1,6,EffectVisualization.Icon
GA_Sune_InstantSingleTargetHealOrDamage,1,7,EffectVisualization.IconOnPartyUnitFrame
GA_Sune_InstantSingleTargetHealOrDamage,2,0,EffectLogic.System
GA_Sune_InstantSingleTargetHealOrDamage,3,0,EffectLogic.System
GA_Sune_SelfImmunityAndAoeHeal,0,0,EffectLogic.RemoveOnDeath
GA_Sune_SelfImmunityAndAoeHeal,0,1,EffectType.Physical
GA_Sune_SelfImmunityAndAoeHeal,0,2,EffectType.Beneficial
GA_Sune_SelfImmunityAndAoeHeal,0,3,EffectType.Buff
GA_Sune_SelfImmunityAndAoeHeal,0,4,EffectLogic.NotDispellable
GA_Sune_SelfImmunityAndAoeHeal,0,5,EffectVisualization.Icon
GA_Sune_SelfImmunityAndAoeHeal,0,6,EffectLogic.NoIncomingImmuneLogging
GA_Sune_SelfImmunityAndAoeHeal,0,7,EffectVisualization.IconOnPartyUnitFrame
GA_Sune_SelfImmunityAndAoeHeal,0,8,EffectVisualization.HeroSuperBuffbar
GA_Sune_SelfImmunityAndAoeHeal,1,0,EffectLogic.System
GA_Sune_SelfImmunityAndAoeHeal,3,0,EffectLogic.RemoveOnDeath
GA_Sune_SelfImmunityAndAoeHeal,3,1,EffectType.Physical
GA_Sune_SelfImmunityAndAoeHeal,3,2,EffectType.Beneficial
GA_Sune_SelfImmunityAndAoeHeal,3,3,EffectType.Buff
GA_Sune_SelfImmunityAndAoeHeal,3,4,EffectLogic.NotDispellable
GA_Sune_SelfImmunityAndAoeHeal,3,5,EffectVisualization.Icon
GA_Sune_SelfImmunityAndAoeHeal,3,6,EffectVisualization.HeroSuperBuffbar
GA_Sune_SelfImmunityAndAoeHeal,3,7,EffectVisualization.IconOnPartyUnitFrame
GA_Sune_SelfImmunityAndAoeHeal,4,0,EffectLogic.RemoveOnDeath
GA_Sune_SelfImmunityAndAoeHeal,4,1,EffectType.Physical
GA_Sune_SelfImmunityAndAoeHeal,4,2,EffectType.Beneficial
GA_Sune_SelfImmunityAndAoeHeal,4,3,EffectType.Buff
GA_Sune_SelfImmunityAndAoeHeal,4,4,EffectLogic.NotDispellable
GA_Sune_SelfImmunityAndAoeHeal,4,5,EffectVisualization.Icon
GA_Sune_SelfImmunityAndAoeHeal,4,6,EffectLogic.NoIncomingImmuneLogging
GA_Sune_SelfImmunityAndAoeHeal,4,7,EffectVisualization.IconOnPartyUnitFrame
GA_Sune_SelfImmunityAndAoeHeal,4,8,EffectVisualization.HeroSuperBuffbar
GA_Sune_SingleTargetAbsorb,0,0,EffectType.Absorption
GA_Sune_SingleTargetAbsorb,0,1,EffectType.Beneficial
GA_Sune_SingleTargetAbsorb,0,2,EffectType.GeneratesThreat
GA_Sune_SingleTargetAbsorb,0,3,EffectType.Magic.Holy
GA_Sune_SingleTargetAbsorb,0,4,EffectLogic.RemoveOnDeath
GA_Sune_SingleTargetAbsorb,0,5,EffectVisualization.Icon
GA_Sune_SingleTargetAbsorb,0,6,EffectVisualization.IconOnPartyUnitFrame
GA_Sune_SingleTargetAbsorb,0,7,EffectVisualization.HeroSuperBuffbar
GA_Sune_SingleTargetAbsorb,0,8,CustomAssetTags.Sune.SingleTargetAbsorb.Absorb
GA_Sune_SingleTargetAbsorb,1,0,EffectLogic.System
GA_Sune_SingleTargetAbsorb,1,1,EffectLogic.TimeRateInfluencedByCooldownRecovery
GA_Sune_SingleTargetAbsorb,2,0,EffectLogic.System
GA_Sune_SingleTargetAbsorb,4,0,EffectType.Absorption
GA_Sune_SingleTargetAbsorb,4,1,EffectType.Beneficial
GA_Sune_SingleTargetAbsorb,4,2,EffectType.GeneratesThreat
GA_Sune_SingleTargetAbsorb,4,3,EffectType.Magic.Holy
GA_Sune_SingleTargetAbsorb,4,4,EffectLogic.RemoveOnDeath
GA_Sune_SingleTargetAbsorb,4,5,EffectVisualization.Icon
GA_Sune_SingleTargetAbsorb,4,6,EffectVisualization.IconOnPartyUnitFrame
GA_Sune_SingleTargetAbsorb,4,7,EffectVisualization.HeroSuperBuffbar
GA_Sune_SingleTargetAbsorb,4,8,CustomAssetTags.Sune.SingleTargetAbsorb.Absorb
GA_Sune_SingleTargetDamageTransfer,0,0,EffectLogic.RemoveOnDeath
GA_Sune_SingleTargetDamageTransfer,0,1,EffectType.Physical
GA_Sune_SingleTargetDamageTransfer,0,2,EffectVisualization.Icon
GA_Sune_SingleTargetDamageTransfer,0,3,EffectType.Beneficial
GA_Sune_SingleTargetDamageTransfer,0,4,EffectType.Buff
GA_Sune_SingleTargetDamageTransfer,1,0,EffectLogic.System
GA_Sune_SingleTargetDamageTransfer,2,0,EffectLogic.System
GA_Sune_SingleTargetDamageTransfer,3,0,EffectLogic.RemoveOnDeath
GA_Sune_SingleTargetDamageTransfer,3,1,EffectType.Physical
GA_Sune_SingleTargetDamageTransfer,3,2,EffectVisualization.Icon
GA_Sune_SingleTargetDamageTransfer,3,3,EffectType.Beneficial
GA_Sune_SingleTargetDamageTransfer,3,4,EffectType.Buff
GA_Sune_SingleTargetFillerMelee,0,0,EffectType.Debuff
GA_Sune_SingleTargetFillerMelee,0,1,EffectType.GeneratesThreat
GA_Sune_SingleTargetFillerMelee,0,2,EffectType.Harmful
GA_Sune_SingleTargetFillerMelee,0,3,EffectType.Magic
GA_Sune_SingleTargetFillerMelee,0,4,EffectLogic.RemoveOnDeath
GA_Sune_SingleTargetFillerMelee,0,5,EffectVisualization.Icon
GA_Sune_SingleTargetFillerMelee,0,6,EffectVisualization.IconOnPartyUnitFrame
GA_Sune_SingleTargetFillerMelee,1,0,EffectLogic.System
GA_Sune_SingleTargetFillerMelee,2,0,EffectLogic.System
GA_Sune_SingleTargetInterrupt,0,0,EffectLogic.System
GA_Sune_SingleTargetInterrupt,1,0,EffectLogic.System
GA_Sune_SingleTargetTaunt,0,0,EffectLogic.RemoveOnDeath
GA_Sune_SingleTargetTaunt,0,1,EffectType.Physical
GA_Sune_SingleTargetTaunt,0,2,EffectType.GeneratesThreat
GA_Sune_SingleTargetTaunt,0,3,EffectVisualization.Icon
GA_Sune_SingleTargetTaunt,0,4,EffectType.Harmful
GA_Sune_SingleTargetTaunt,0,5,EffectType.Taunt
GA_Sune_SingleTargetTaunt,1,0,EffectLogic.System
GA_Sune_SingleTargetTaunt,2,0,EffectLogic.System
GA_Sune_SingleTargetTaunt,3,0,EffectLogic.RemoveOnDeath
GA_Sune_SingleTargetTaunt,3,1,EffectType.Physical
GA_Sune_SingleTargetTaunt,3,2,EffectType.GeneratesThreat
GA_Sune_SingleTargetTaunt,3,3,EffectVisualization.Icon
GA_Sune_SingleTargetTaunt,3,4,EffectType.Harmful
GA_Sune_SingleTargetTaunt,3,5,EffectType.Taunt
GA_Sune_TargetedCastedHealOrDamage,0,0,EffectLogic.System
GA_Sune_TargetedCastedHealOrDamage,1,0,EffectLogic.System
GA_Sune_TargetedLeapAoe,0,0,EffectLogic.RemoveOnDeath
GA_Sune_TargetedLeapAoe,0,1,EffectType.Beneficial
GA_Sune_TargetedLeapAoe,0,2,EffectType.Buff
GA_Sune_TargetedLeapAoe,0,3,EffectType.Magic.Holy
GA_Sune_TargetedLeapAoe,0,4,EffectVisualization.Icon
GA_Sune_TargetedLeapAoe,0,5,EffectVisualization.HeroSuperBuffbar
GA_Sune_TargetedLeapAoe,1,0,EffectLogic.RemoveOnDeath
GA_Sune_TargetedLeapAoe,1,1,EffectLogic.RemoveOnSourceLoadoutChange
GA_Sune_TargetedLeapAoe,1,2,EffectType.Beneficial
GA_Sune_TargetedLeapAoe,1,3,EffectType.Buff
GA_Sune_TargetedLeapAoe,1,4,EffectType.Magic.Holy
GA_Sune_TargetedLeapAoe,1,5,EffectVisualization.Icon
GA_Sune_TargetedLeapAoe,1,6,EffectVisualization.HeroSuperBuffbar
GA_Sune_TargetedLeapAoe,2,0,EffectLogic.System
GA_Vigor_CastedSingleTargetDamage_C,0,0,EffectLogic.System
GA_Vigor_CastedSingleTargetHeal_C,0,0,EffectLogic.System
GA_Vigor_CastedSingleTargetHeal_C,1,0,EffectLogic.System
GA_Vigor_ChargedMovementSpeedSelfBuff_C,0,0,EffectType.Beneficial
GA_Vigor_ChargedMovementSpeedSelfBuff_C,0,1,EffectType.Magic.Holy
GA_Vigor_ChargedMovementSpeedSelfBuff_C,0,2,EffectLogic.RemoveOnDeath
GA_Vigor_ChargedMovementSpeedSelfBuff_C,0,3,EffectVisualization.IconOnPartyUnitFrame
GA_Vigor_ChargedMovementSpeedSelfBuff_C,0,4,EffectVisualization.Icon
GA_Vigor_ChargedMovementSpeedSelfBuff_C,0,5,EffectVisualization.HeroSuperBuffbar
GA_Vigor_ChargedMovementSpeedSelfBuff_C,0,6,CustomAssetTags.Vigor.ChargedMovementSpeedSelfBuff.Buff
GA_Vigor_ChargedMovementSpeedSelfBuff_C,1,0,EffectType.Beneficial
GA_Vigor_ChargedMovementSpeedSelfBuff_C,1,1,EffectType.Buff
GA_Vigor_ChargedMovementSpeedSelfBuff_C,1,2,EffectType.Magic.Holy
GA_Vigor_ChargedMovementSpeedSelfBuff_C,1,3,EffectType.GeneratesThreat
GA_Vigor_ChargedMovementSpeedSelfBuff_C,1,4,EffectVisualization.Icon
GA_Vigor_ChargedMovementSpeedSelfBuff_C,1,5,EffectLogic.RemoveOnDeath
GA_Vigor_ChargedMovementSpeedSelfBuff_C,1,6,EffectVisualization.HeroSuperBuffbar
GA_Vigor_ChargedMovementSpeedSelfBuff_C,2,0,EffectLogic.System
GA_Vigor_ChargedMovementSpeedSelfBuff_C,5,0,EffectType.Beneficial
GA_Vigor_ChargedMovementSpeedSelfBuff_C,5,1,EffectType.Magic.Holy
GA_Vigor_ChargedMovementSpeedSelfBuff_C,5,2,EffectLogic.RemoveOnDeath
GA_Vigor_ChargedMovementSpeedSelfBuff_C,5,3,EffectVisualization.IconOnPartyUnitFrame
GA_Vigor_ChargedMovementSpeedSelfBuff_C,5,4,EffectVisualization.Icon
GA_Vigor_ChargedMovementSpeedSelfBuff_C,5,5,EffectVisualization.HeroSuperBuffbar
GA_Vigor_ChargedMovementSpeedSelfBuff_C,5,6,CustomAssetTags.Vigor.ChargedMovementSpeedSelfBuff.Buff
GA_Vigor_DamageReductionAndImmunityBuff_C,0,0,EffectType.Buff
GA_Vigor_DamageReductionAndImmunityBuff_C,0,1,EffectType.Beneficial
GA_Vigor_DamageReductionAndImmunityBuff_C,0,2,EffectLogic.RemoveOnDeath
GA_Vigor_DamageReductionAndImmunityBuff_C,0,3,EffectType.Magic.Holy
GA_Vigor_DamageReductionAndImmunityBuff_C,0,4,EffectType.GeneratesThreat
GA_Vigor_DamageReductionAndImmunityBuff_C,0,5,EffectVisualization.Icon
GA_Vigor_DamageReductionAndImmunityBuff_C,0,6,EffectVisualization.IconOnPartyUnitFrame
GA_Vigor_DamageReductionAndImmunityBuff_C,0,7,EffectVisualization.HeroSuperBuffbar
GA_Vigor_DamageReductionAndImmunityBuff_C,0,8,CustomAssetTags.Vigor.DamageReductionAndImmunityBuff.Buff
GA_Vigor_DamageReductionAndImmunityBuff_C,1,0,EffectLogic.System
GA_Vigor_DamageReductionAndImmunityBuff_C,1,1,EffectLogic.TimeRateInfluencedByCooldownRecovery
GA_Vigor_DamageReductionAndImmunityBuff_C,2,0,EffectLogic.System
GA_Vigor_DamageReductionAndImmunityBuff_C,4,0,EffectType.Buff
GA_Vigor_DamageReductionAndImmunityBuff_C,4,1,EffectType.Beneficial
GA_Vigor_DamageReductionAndImmunityBuff_C,4,2,EffectLogic.RemoveOnDeath
GA_Vigor_DamageReductionAndImmunityBuff_C,4,3,EffectType.Magic.Holy
GA_Vigor_DamageReductionAndImmunityBuff_C,4,4,EffectType.GeneratesThreat
GA_Vigor_DamageReductionAndImmunityBuff_C,4,5,EffectVisualization.Icon
GA_Vigor_DamageReductionAndImmunityBuff_C,4,6,EffectVisualization.IconOnPartyUnitFrame
GA_Vigor_DamageReductionAndImmunityBuff_C,4,7,EffectVisualization.HeroSuperBuffbar
GA_Vigor_DamageReductionAndImmunityBuff_C,4,8,CustomAssetTags.Vigor.DamageReductionAndImmunityBuff.Buff
GA_Vigor_InstantAoeHeal_C,0,0,EffectLogic.RemoveOnDeath
GA_Vigor_InstantAoeHeal_C,0,1,EffectType.Buff
GA_Vigor_InstantAoeHeal_C,0,2,EffectType.Beneficial
GA_Vigor_InstantAoeHeal_C,0,3,EffectType.Magic.Holy
GA_Vigor_InstantAoeHeal_C,0,4,EffectVisualization.Icon
GA_Vigor_InstantAoeHeal_C,1,0,EffectLogic.System
GA_Vigor_InstantAoeHeal_C,2,0,EffectLogic.System
GA_Vigor_InstantAoeHeal_C,2,1,EffectLogic.TimeRateInfluencedByCooldownRecovery
GA_Vigor_InstantAoeHeal_C,3,0,EffectLogic.System
GA_Vigor_InstantFrontalConeDamageHeal_C,0,0,EffectType.Beneficial
GA_Vigor_InstantFrontalConeDamageHeal_C,0,1,EffectType.Magic.Holy
GA_Vigor_InstantFrontalConeDamageHeal_C,0,2,EffectLogic.Proc
GA_Vigor_InstantFrontalConeDamageHeal_C,0,3,EffectVisualization.Icon
GA_Vigor_InstantFrontalConeDamageHeal_C,0,4,EffectLogic.System
GA_Vigor_InstantFrontalConeDamageHeal_C,0,5,EffectVisualization.HeroSuperBuffbar
GA_Vigor_InstantFrontalConeDamageHeal_C,0,6,EffectLogic.RemoveOnDeath
GA_Vigor_InstantFrontalConeDamageHeal_C,1,0,EffectLogic.System
GA_Vigor_InstantFrontalConeDamageHeal_C,2,0,EffectLogic.System
GA_Vigor_InstantFrontalConeDamageHeal_C,2,1,EffectLogic.TimeRateInfluencedByCooldownRecovery
GA_Vigor_InstantFrontalConeDamageHeal_C,3,0,EffectLogic.System
GA_Vigor_InstantResourceGain,0,0,EffectType.Beneficial
GA_Vigor_InstantResourceGain,0,1,EffectType.Magic.Holy
GA_Vigor_InstantResourceGain,1,0,EffectLogic.RemoveOnDeath
GA_Vigor_InstantResourceGain,1,1,EffectType.Magic.Holy
GA_Vigor_InstantResourceGain,1,2,EffectType.Buff
GA_Vigor_InstantResourceGain,1,3,EffectType.Beneficial
GA_Vigor_InstantResourceGain,1,4,EffectVisualization.Icon
GA_Vigor_InstantResourceGain,1,5,EffectVisualization.IconOnPartyUnitFrame
GA_Vigor_InstantResourceGain,1,6,EffectVisualization.HeroSuperBuffbar
GA_Vigor_InstantResourceGain,2,0,EffectLogic.System
GA_Vigor_InstantResourceGain,2,1,EffectLogic.TimeRateInfluencedByCooldownRecovery
GA_Vigor_InstantResourceGain,3,0,EffectLogic.System
GA_Vigor_InstantResourceGain,5,0,EffectType.Beneficial
GA_Vigor_InstantResourceGain,5,1,EffectType.Magic.Holy
GA_Vigor_InstantResourceGain,6,0,EffectLogic.RemoveOnDeath
GA_Vigor_InstantResourceGain,6,1,EffectType.Magic.Holy
GA_Vigor_InstantResourceGain,6,2,EffectType.Buff
GA_Vigor_InstantResourceGain,6,3,EffectType.Beneficial
GA_Vigor_InstantResourceGain,6,4,EffectVisualization.Icon
GA_Vigor_InstantResourceGain,6,5,EffectVisualization.IconOnPartyUnitFrame
GA_Vigor_InstantResourceGain,6,6,EffectVisualization.HeroSuperBuffbar
GA_Vigor_PartyHealAndSelfBuff_C,0,0,EffectType.Beneficial
GA_Vigor_PartyHealAndSelfBuff_C,0,1,EffectType.Buff
GA_Vigor_PartyHealAndSelfBuff_C,0,2,EffectType.Magic.Holy
GA_Vigor_PartyHealAndSelfBuff_C,0,3,EffectType.GeneratesThreat
GA_Vigor_PartyHealAndSelfBuff_C,0,4,EffectVisualization.Icon
GA_Vigor_PartyHealAndSelfBuff_C,0,5,EffectLogic.RemoveOnDeath
GA_Vigor_PartyHealAndSelfBuff_C,0,6,EffectVisualization.HeroSuperBuffbar
GA_Vigor_PartyHealAndSelfBuff_C,1,0,EffectLogic.System
GA_Vigor_PartyHealAndSelfBuff_C,2,0,EffectLogic.System
GA_Vigor_PartyHealAndSelfBuff_C,2,1,EffectLogic.TimeRateInfluencedByCooldownRecovery
GA_Vigor_PartyHealAndSelfBuff_C,3,0,EffectLogic.System
GA_Vigor_PartyHealAndSelfBuff_C,5,0,EffectType.Beneficial
GA_Vigor_PartyHealAndSelfBuff_C,5,1,EffectType.Buff
GA_Vigor_PartyHealAndSelfBuff_C,5,2,EffectType.Magic.Holy
GA_Vigor_PartyHealAndSelfBuff_C,5,3,EffectType.GeneratesThreat
GA_Vigor_PartyHealAndSelfBuff_C,5,4,EffectVisualization.Icon
GA_Vigor_PartyHealAndSelfBuff_C,5,5,EffectLogic.RemoveOnDeath
GA_Vigor_PartyHealAndSelfBuff_C,5,6,EffectVisualization.HeroSuperBuffbar
GA_Vigor_Passive_Echo_Monitor_C,0,0,EffectType.GeneratesThreat
GA_Vigor_Passive_Echo_Monitor_C,0,1,EffectVisualization.Icon
GA_Vigor_Passive_Echo_Monitor_C,0,2,EffectType.Magic.Holy
GA_Vigor_Passive_Echo_Monitor_C,0,3,EffectType.Beneficial
GA_Vigor_Passive_Echo_Monitor_C,0,4,EffectLogic.System
GA_Vigor_Passive_Echo_Monitor_C,1,0,EffectLogic.System
GA_Vigor_Passive_Echo_Monitor_C,2,0,EffectLogic.System
GA_Vigor_Passive_Echo_Monitor_C,3,0,EffectType.Beneficial
GA_Vigor_Passive_Echo_Monitor_C,3,1,EffectType.Buff
GA_Vigor_Passive_Echo_Monitor_C,3,2,EffectType.Magic.Holy
GA_Vigor_Passive_Echo_Monitor_C,3,3,EffectType.GeneratesThreat
GA_Vigor_Passive_Echo_Monitor_C,3,4,EffectLogic.System
GA_Vigor_Passive_Echo_Monitor_C,3,5,EffectVisualization.Icon
GA_Vigor_SingleAllyDispel_C,0,0,EffectLogic.System
GA_Vigor_SingleAllyDispel_C,1,0,EffectLogic.System
GA_Vigor_SingleAllyDispel_C,2,0,EffectLogic.System
GA_Vigor_SingleTargetAbsorb,0,0,EffectType.Absorption
GA_Vigor_SingleTargetAbsorb,0,1,EffectType.Beneficial
GA_Vigor_SingleTargetAbsorb,0,2,EffectType.GeneratesThreat
GA_Vigor_SingleTargetAbsorb,0,3,EffectType.Magic.Holy
GA_Vigor_SingleTargetAbsorb,0,4,EffectLogic.RemoveOnDeath
GA_Vigor_SingleTargetAbsorb,0,5,EffectVisualization.Icon
GA_Vigor_SingleTargetAbsorb,0,6,EffectVisualization.IconOnPartyUnitFrame
GA_Vigor_SingleTargetAbsorb,0,7,CustomAssetTags.Vigor.SingleTargetAbsorb.Absorb
GA_Vigor_SingleTargetAbsorb,1,0,EffectLogic.RemoveOnDeath
GA_Vigor_SingleTargetAbsorb,1,1,EffectLogic.System
GA_Vigor_SingleTargetAbsorb,1,2,EffectVisualization.Icon
GA_Vigor_SingleTargetAbsorb,1,3,EffectLogic.Proc
GA_Vigor_SingleTargetAbsorb,1,4,EffectType.Magic
GA_Vigor_SingleTargetAbsorb,1,5,EffectType.Beneficial
GA_Vigor_SingleTargetAbsorb,1,6,EffectVisualization.HeroSuperBuffbar
GA_Vigor_SingleTargetAbsorb,2,0,EffectLogic.System
GA_Vigor_SingleTargetAbsorb,3,0,EffectLogic.System
GA_Vigor_SingleTargetAbsorb,3,1,EffectLogic.TimeRateInfluencedByCooldownRecovery
GA_Vigor_SingleTargetAbsorb,4,0,EffectLogic.System
GA_Vigor_SingleTargetAbsorb,6,0,EffectType.Absorption
GA_Vigor_SingleTargetAbsorb,6,1,EffectType.Beneficial
GA_Vigor_SingleTargetAbsorb,6,2,EffectType.GeneratesThreat
GA_Vigor_SingleTargetAbsorb,6,3,EffectType.Magic.Holy
GA_Vigor_SingleTargetAbsorb,6,4,EffectLogic.RemoveOnDeath
GA_Vigor_SingleTargetAbsorb,6,5,EffectVisualization.Icon
GA_Vigor_SingleTargetAbsorb,6,6,EffectVisualization.IconOnPartyUnitFrame
GA_Vigor_SingleTargetAbsorb,6,7,CustomAssetTags.Vigor.SingleTargetAbsorb.Absorb
GA_Vigor_SingleTargetAbsorb,8,0,EffectType.Beneficial
GA_Vigor_SingleTargetAbsorb,8,1,EffectLogic.RemoveOnDeath
GA_Vigor_SingleTargetAbsorb,8,2,EffectVisualization.Icon
GA_Vigor_SingleTargetAbsorb,8,3,EffectVisualization.IconOnPartyUnitFrame
GA_Vigor_SingleTargetAbsorb,8,4,EffectType.Magic.Holy
GA_Vigor_SingleTargetChargedHot_C,0,0,EffectLogic.RemoveOnDeath
GA_Vigor_SingleTargetChargedHot_C,0,1,EffectType.Magic.Holy
GA_Vigor_SingleTargetChargedHot_C,0,2,EffectType.Buff
GA_Vigor_SingleTargetChargedHot_C,0,3,EffectType.Beneficial
GA_Vigor_SingleTargetChargedHot_C,0,4,EffectType.GeneratesThreat
GA_Vigor_SingleTargetChargedHot_C,0,5,EffectVisualization.Icon
GA_Vigor_SingleTargetChargedHot_C,0,6,EffectVisualization.IconOnPartyUnitFrame
GA_Vigor_SingleTargetChargedHot_C,1,0,EffectLogic.RemoveOnDeath
GA_Vigor_SingleTargetChargedHot_C,1,1,EffectLogic.System
GA_Vigor_SingleTargetChargedHot_C,1,2,EffectVisualization.Icon
GA_Vigor_SingleTargetChargedHot_C,1,3,EffectLogic.Proc
GA_Vigor_SingleTargetChargedHot_C,1,4,EffectType.Magic
GA_Vigor_SingleTargetChargedHot_C,1,5,EffectType.Beneficial
GA_Vigor_SingleTargetChargedHot_C,1,6,EffectVisualization.HeroSuperBuffbar
GA_Vigor_SingleTargetChargedHot_C,2,0,EffectLogic.System
GA_Vigor_SingleTargetChargedHot_C,3,0,EffectLogic.System
GA_Vigor_SingleTargetChargedHot_C,6,0,EffectLogic.RemoveOnDeath
GA_Vigor_SingleTargetChargedHot_C,6,1,EffectType.Magic.Holy
GA_Vigor_SingleTargetChargedHot_C,6,2,EffectType.Buff
GA_Vigor_SingleTargetChargedHot_C,6,3,EffectType.Beneficial
GA_Vigor_SingleTargetChargedHot_C,6,4,EffectType.GeneratesThreat
GA_Vigor_SingleTargetChargedHot_C,6,5,EffectVisualization.Icon
GA_Vigor_SingleTargetChargedHot_C,6,6,EffectVisualization.IconOnPartyUnitFrame
GA_Vigor_SingleTargetDot_C,0,0,EffectType.Debuff
GA_Vigor_SingleTargetDot_C,0,1,EffectType.Dot
GA_Vigor_SingleTargetDot_C,0,2,EffectType.Magic.Holy
GA_Vigor_SingleTargetDot_C,0,3,EffectType.Harmful
GA_Vigor_SingleTargetDot_C,0,4,EffectType.GeneratesThreat
GA_Vigor_SingleTargetDot_C,0,5,EffectLogic.CarryOverDuration
GA_Vigor_SingleTargetDot_C,0,6,EffectVisualization.Icon
GA_Vigor_SingleTargetDot_C,0,7,EffectLogic.RemoveOnDeath
GA_Vigor_SingleTargetDot_C,0,8,CustomAssetTag.Vigor.InstantFrontalConeDamageHeal.Talent.DotHotExtension
GA_Vigor_SingleTargetDot_C,0,9,CustomAssetTags.Vigor.SingleTargetDot.Dot
GA_Vigor_SingleTargetDot_C,1,0,EffectLogic.RemoveOnDeath
GA_Vigor_SingleTargetDot_C,1,1,EffectLogic.System
GA_Vigor_SingleTargetDot_C,1,2,EffectVisualization.Icon
GA_Vigor_SingleTargetDot_C,1,3,EffectLogic.Proc
GA_Vigor_SingleTargetDot_C,1,4,EffectType.Magic
GA_Vigor_SingleTargetDot_C,1,5,EffectType.Beneficial
GA_Vigor_SingleTargetDot_C,1,6,EffectVisualization.HeroSuperBuffbar
GA_Vigor_SingleTargetDot_C,2,0,EffectLogic.System
GA_Vigor_SingleTargetDot_C,3,0,EffectLogic.System
GA_Vigor_SingleTargetDot_C,5,0,EffectType.Harmful
GA_Vigor_SingleTargetDot_C,5,1,EffectType.Magic.Holy
GA_Vigor_SingleTargetDot_C,5,2,EffectType.GeneratesThreat
GA_Vigor_SingleTargetDot_C,5,3,CustomAssetTags.Vigor.SingleTargetDot.DirectDamage
GA_Vigor_SingleTargetDot_C,6,0,EffectType.Debuff
GA_Vigor_SingleTargetDot_C,6,1,EffectType.Dot
GA_Vigor_SingleTargetDot_C,6,2,EffectType.Magic.Holy
GA_Vigor_SingleTargetDot_C,6,3,EffectType.Harmful
GA_Vigor_SingleTargetDot_C,6,4,EffectType.GeneratesThreat
GA_Vigor_SingleTargetDot_C,6,5,EffectLogic.CarryOverDuration
GA_Vigor_SingleTargetDot_C,6,6,EffectVisualization.Icon
GA_Vigor_SingleTargetDot_C,6,7,EffectLogic.RemoveOnDeath
GA_Vigor_SingleTargetDot_C,6,8,CustomAssetTag.Vigor.InstantFrontalConeDamageHeal.Talent.DotHotExtension
GA_Vigor_SingleTargetDot_C,6,9,CustomAssetTags.Vigor.SingleTargetDot.Dot
GA_Vigor_SkillshotAoeProjectile,0,0,EffectLogic.RemoveOnDeath
GA_Vigor_SkillshotAoeProjectile,0,1,EffectLogic.System
GA_Vigor_SkillshotAoeProjectile,0,2,EffectVisualization.Icon
GA_Vigor_SkillshotAoeProjectile,0,3,EffectLogic.Proc
GA_Vigor_SkillshotAoeProjectile,0,4,EffectType.Magic
GA_Vigor_SkillshotAoeProjectile,0,5,EffectType.Beneficial
GA_Vigor_SkillshotAoeProjectile,0,6,EffectVisualization.HeroSuperBuffbar
GA_Vigor_SkillshotAoeProjectile,1,0,EffectLogic.System
GA_Vigor_SkillshotAoeProjectile,2,0,EffectLogic.System
GA_Vigor_SkillshotAoeProjectile,2,1,EffectLogic.TimeRateInfluencedByCooldownRecovery
GA_Vigor_SkillshotAoeProjectile,3,0,EffectLogic.System
GA_Warmaster_AoeIncite,0,0,EffectLogic.RemoveOnDeath
GA_Warmaster_AoeIncite,0,1,EffectType.Beneficial
GA_Warmaster_AoeIncite,0,2,EffectType.Buff
GA_Warmaster_AoeIncite,0,3,EffectType.Physical
GA_Warmaster_AoeIncite,0,4,EffectVisualization.Icon
GA_Warmaster_AoeIncite,0,5,EffectVisualization.HeroSuperBuffbar
GA_Warmaster_AoeIncite,1,0,EffectLogic.RemoveOnDeath
GA_Warmaster_AoeIncite,1,1,EffectType.Debuff
GA_Warmaster_AoeIncite,1,2,EffectType.GeneratesThreat
GA_Warmaster_AoeIncite,1,3,EffectType.Harmful
GA_Warmaster_AoeIncite,1,4,EffectType.Physical
GA_Warmaster_AoeIncite,1,5,EffectType.Incite
GA_Warmaster_AoeIncite,1,6,EffectVisualization.Icon
GA_Warmaster_AoeIncite,1,7,EffectLogic.NoImmuneLogging
GA_Warmaster_AoeIncite,2,0,EffectType.Beneficial
GA_Warmaster_AoeIncite,2,1,EffectType.Buff
GA_Warmaster_AoeIncite,2,2,EffectType.Physical
GA_Warmaster_AoeIncite,2,3,EffectVisualization.Icon
GA_Warmaster_AoeIncite,2,4,EffectVisualization.IconOnPartyUnitFrame
GA_Warmaster_AoeIncite,3,0,EffectLogic.System
GA_Warmaster_AoeIncite,3,1,EffectLogic.TimeRateInfluencedByCooldownRecovery
GA_Warmaster_AoeIncite,4,0,EffectType.Beneficial
GA_Warmaster_AoeIncite,4,1,EffectType.Buff
GA_Warmaster_AoeIncite,4,2,EffectType.Physical
GA_Warmaster_AoeIncite,4,3,EffectVisualization.Icon
GA_Warmaster_AoeIncite,4,4,EffectVisualization.IconOnPartyUnitFrame
GA_Warmaster_AoeIncite,5,0,EffectLogic.RemoveOnDeath
GA_Warmaster_AoeIncite,5,1,EffectType.Debuff
GA_Warmaster_AoeIncite,5,2,EffectType.GeneratesThreat
GA_Warmaster_AoeIncite,5,3,EffectType.Harmful
GA_Warmaster_AoeIncite,5,4,EffectType.Physical
GA_Warmaster_AoeIncite,5,5,EffectType.Incite
GA_Warmaster_AoeIncite,5,6,EffectVisualization.Icon
GA_Warmaster_AoeIncite,5,7,EffectLogic.NoImmuneLogging
GA_Warmaster_AoeIncite,6,0,EffectLogic.RemoveOnDeath
GA_Warmaster_AoeIncite,6,1,EffectType.Beneficial
GA_Warmaster_AoeIncite,6,2,EffectType.Buff
GA_Warmaster_AoeIncite,6,3,EffectType.Physical
GA_Warmaster_AoeIncite,6,4,EffectVisualization.Icon
GA_Warmaster_AoeIncite,6,5,EffectVisualization.HeroSuperBuffbar
GA_Warmaster_BouncyProjectile_C,0,0,EffectLogic.System
GA_Warmaster_BouncyProjectile_C,1,0,EffectLogic.System
GA_Warmaster_BouncyProjectile_C,1,1,EffectLogic.TimeRateInfluencedByCooldownRecovery
GA_Warmaster_BouncyProjectile_C,2,0,EffectLogic.System
GA_Warmaster_DefenceBuff_C,0,0,EffectLogic.RemoveOnDeath
GA_Warmaster_DefenceBuff_C,0,1,EffectType.GeneratesThreat
GA_Warmaster_DefenceBuff_C,0,2,EffectVisualization.Icon
GA_Warmaster_DefenceBuff_C,0,3,EffectType.Beneficial
GA_Warmaster_DefenceBuff_C,0,4,EffectVisualization.IconOnPartyUnitFrame
GA_Warmaster_DefenceBuff_C,0,5,EffectVisualization.HeroSuperBuffbar
GA_Warmaster_DefenceBuff_C,0,6,CustomAssetTags.Warmaster.DefenceBuff.Buff
GA_Warmaster_DefenceBuff_C,1,0,EffectLogic.System
GA_Warmaster_DefenceBuff_C,2,0,EffectLogic.RemoveOnDeath
GA_Warmaster_DefenceBuff_C,2,1,EffectType.GeneratesThreat
GA_Warmaster_DefenceBuff_C,2,2,EffectVisualization.Icon
GA_Warmaster_DefenceBuff_C,2,3,EffectType.Beneficial
GA_Warmaster_DefenceBuff_C,2,4,EffectVisualization.IconOnPartyUnitFrame
GA_Warmaster_DefenceBuff_C,2,5,EffectVisualization.HeroSuperBuffbar
GA_Warmaster_DefenceBuff_C,2,6,CustomAssetTags.Warmaster.DefenceBuff.Buff
GA_Warmaster_HeavyMelee_C,0,0,EffectLogic.RemoveOnDeath
GA_Warmaster_HeavyMelee_C,0,1,EffectType.GeneratesThreat
GA_Warmaster_HeavyMelee_C,0,2,EffectType.Beneficial
GA_Warmaster_HeavyMelee_C,0,3,EffectVisualization.Icon
GA_Warmaster_HeavyMelee_C,1,0,EffectLogic.System
GA_Warmaster_HeavyMelee_C,2,0,EffectLogic.System
GA_Warmaster_HeavyMelee_C,2,1,EffectLogic.TimeRateInfluencedByCooldownRecovery
GA_Warmaster_HeavyMelee_C,3,0,EffectLogic.System
GA_Warmaster_InstantMeleeCleave,0,0,GameplayEffect.NotDispellable
GA_Warmaster_InstantMeleeCleave,0,1,GameplayEffect.RemoveOnDeath
GA_Warmaster_InstantMeleeCleave,0,2,Effect.Debuff
GA_Warmaster_InstantMeleeCleave,0,3,EffectType.Physical.Bleed
GA_Warmaster_InstantMeleeCleave,0,4,EffectType.Harmful
GA_Warmaster_InstantMeleeCleave,0,5,EffectType.Dot
GA_Warmaster_InstantMeleeCleave,0,6,EffectLogic.CarryOverDuration
GA_Warmaster_InstantMeleeCleave,1,0,EffectType.Debuff
GA_Warmaster_InstantMeleeCleave,1,1,EffectType.GeneratesThreat
GA_Warmaster_InstantMeleeCleave,1,2,EffectType.Harmful
GA_Warmaster_InstantMeleeCleave,1,3,EffectType.Physical
GA_Warmaster_InstantMeleeCleave,1,4,EffectLogic.RemoveOnDeath
GA_Warmaster_InstantMeleeCleave,1,5,EffectType.CrowdControl
GA_Warmaster_InstantMeleeCleave,3,0,EffectType.Beneficial
GA_Warmaster_InstantMeleeCleave,3,1,EffectType.Healing
GA_Warmaster_InstantMeleeCleave,3,2,EffectType.Physical
GA_Warmaster_InstantMeleeCleave,3,3,EffectVisualization.Icon
GA_Warmaster_InstantMeleeCleave,3,4,EffectVisualization.IconOnPartyUnitFrame
GA_Warmaster_InstantMeleeCleave,3,5,EffectVisualization.HeroSuperBuffbar
GA_Warmaster_InstantMeleeCleave,3,6,EffectLogic.RemoveOnDeath
GA_Warmaster_InstantMeleeCleave,3,7,EffectType.Buff
GA_Warmaster_InstantMeleeCleave,3,8,EffectLogic.TickrateNotAffectedByHaste
GA_Warmaster_InstantMeleeCleave,4,0,EffectLogic.System
GA_Warmaster_InstantMeleeCleave,5,0,EffectLogic.System
GA_Warmaster_InstantMeleeCleave,5,1,EffectLogic.TimeRateInfluencedByCooldownRecovery
GA_Warmaster_InstantMeleeCleave,6,0,EffectLogic.System
GA_Warmaster_InstantMeleeCleave,7,0,GameplayEffect.NotDispellable
GA_Warmaster_InstantMeleeCleave,7,1,GameplayEffect.RemoveOnDeath
GA_Warmaster_InstantMeleeCleave,7,2,Effect.Debuff
GA_Warmaster_InstantMeleeCleave,7,3,EffectType.Physical.Bleed
GA_Warmaster_InstantMeleeCleave,7,4,EffectType.Harmful
GA_Warmaster_InstantMeleeCleave,7,5,EffectType.Dot
GA_Warmaster_InstantMeleeCleave,7,6,EffectLogic.CarryOverDuration
GA_Warmaster_InstantMeleeCleave,9,0,EffectType.Beneficial
GA_Warmaster_InstantMeleeCleave,9,1,EffectType.Healing
GA_Warmaster_InstantMeleeCleave,9,2,EffectType.Physical
GA_Warmaster_InstantMeleeCleave,9,3,EffectVisualization.Icon
GA_Warmaster_InstantMeleeCleave,9,4,EffectVisualization.IconOnPartyUnitFrame
GA_Warmaster_InstantMeleeCleave,9,5,EffectVisualization.HeroSuperBuffbar
GA_Warmaster_InstantMeleeCleave,9,6,EffectLogic.RemoveOnDeath
GA_Warmaster_InstantMeleeCleave,9,7,EffectType.Buff
GA_Warmaster_InstantMeleeCleave,9,8,EffectLogic.TickrateNotAffectedByHaste
GA_Warmaster_LightMelee_C,0,0,EffectVisualization.Icon
GA_Warmaster_LightMelee_C,0,1,EffectType.Beneficial
GA_Warmaster_LightMelee_C,0,2,EffectLogic.System
GA_Warmaster_LightMelee_C,1,0,EffectLogic.System
GA_Warmaster_LightMelee_C,2,0,EffectLogic.System
GA_Warmaster_MeleeAoeSlow_C,0,0,EffectType.CrowdControl
GA_Warmaster_MeleeAoeSlow_C,0,1,EffectType.MovementImpairing
GA_Warmaster_MeleeAoeSlow_C,0,2,EffectType.Physical
GA_Warmaster_MeleeAoeSlow_C,0,3,EffectLogic.RemoveOnDeath
GA_Warmaster_MeleeAoeSlow_C,0,4,EffectType.GeneratesThreat
GA_Warmaster_MeleeAoeSlow_C,0,5,EffectType.Harmful
GA_Warmaster_MeleeAoeSlow_C,0,6,EffectVisualization.Icon
GA_Warmaster_MeleeAoeSlow_C,1,0,EffectType.Debuff
GA_Warmaster_MeleeAoeSlow_C,1,1,EffectType.GeneratesThreat
GA_Warmaster_MeleeAoeSlow_C,1,2,EffectType.Harmful
GA_Warmaster_MeleeAoeSlow_C,1,3,EffectType.Physical
GA_Warmaster_MeleeAoeSlow_C,1,4,EffectType.MovementImpairing
GA_Warmaster_MeleeAoeSlow_C,1,5,EffectLogic.RemoveOnDeath
GA_Warmaster_MeleeAoeSlow_C,2,0,EffectType.Debuff
GA_Warmaster_MeleeAoeSlow_C,2,1,EffectLogic.RemoveOnDeath
GA_Warmaster_MeleeAoeSlow_C,2,2,EffectVisualization.Icon
GA_Warmaster_MeleeAoeSlow_C,2,3,EffectType.Harmful
GA_Warmaster_MeleeAoeSlow_C,2,4,EffectType.Physical
GA_Warmaster_MeleeAoeSlow_C,2,5,EffectType.CrowdControl
GA_Warmaster_MeleeAoeSlow_C,3,0,EffectLogic.System
GA_Warmaster_MeleeAoeSlow_C,4,0,EffectLogic.System
GA_Warmaster_MeleeAoeSlow_C,4,1,EffectLogic.TimeRateInfluencedByCooldownRecovery
GA_Warmaster_MeleeAoeSlow_C,5,0,EffectLogic.System
GA_Warmaster_MeleeAoeSlow_C,7,0,EffectType.Debuff
GA_Warmaster_MeleeAoeSlow_C,7,1,EffectType.GeneratesThreat
GA_Warmaster_MeleeAoeSlow_C,7,2,EffectType.Harmful
GA_Warmaster_MeleeAoeSlow_C,7,3,EffectType.Physical
GA_Warmaster_MeleeAoeSlow_C,7,4,EffectType.MovementImpairing
GA_Warmaster_MeleeAoeSlow_C,7,5,EffectLogic.RemoveOnDeath
GA_Warmaster_MeleeAoeSlow_C,8,0,EffectType.Debuff
GA_Warmaster_MeleeAoeSlow_C,8,1,EffectLogic.RemoveOnDeath
GA_Warmaster_MeleeAoeSlow_C,8,2,EffectVisualization.Icon
GA_Warmaster_MeleeAoeSlow_C,8,3,EffectType.Harmful
GA_Warmaster_MeleeAoeSlow_C,8,4,EffectType.Physical
GA_Warmaster_MeleeAoeSlow_C,8,5,EffectType.CrowdControl
GA_Warmaster_MeleeAoeSlow_C,10,0,EffectType.CrowdControl
GA_Warmaster_MeleeAoeSlow_C,10,1,EffectType.MovementImpairing
GA_Warmaster_MeleeAoeSlow_C,10,2,EffectType.Physical
GA_Warmaster_MeleeAoeSlow_C,10,3,EffectLogic.RemoveOnDeath
GA_Warmaster_MeleeAoeSlow_C,10,4,EffectType.GeneratesThreat
GA_Warmaster_MeleeAoeSlow_C,10,5,EffectType.Harmful
GA_Warmaster_MeleeAoeSlow_C,10,6,EffectVisualization.Icon
GA_Warmaster_MeleeCleave_C,0,0,EffectType.Absorption
GA_Warmaster_MeleeCleave_C,0,1,EffectType.Beneficial
GA_Warmaster_MeleeCleave_C,0,2,EffectType.GeneratesThreat
GA_Warmaster_MeleeCleave_C,0,3,EffectLogic.RemoveOnDeath
GA_Warmaster_MeleeCleave_C,0,4,EffectVisualization.Icon
GA_Warmaster_MeleeCleave_C,0,5,EffectVisualization.IconOnPartyUnitFrame
GA_Warmaster_MeleeCleave_C,0,6,EffectType.Physical
GA_Warmaster_MeleeCleave_C,0,7,EffectVisualization.HeroSuperBuffbar
GA_Warmaster_MeleeCleave_C,1,0,EffectLogic.RemoveOnDeath
GA_Warmaster_MeleeCleave_C,1,1,EffectType.Physical
GA_Warmaster_MeleeCleave_C,1,2,EffectType.Harmful
GA_Warmaster_MeleeCleave_C,1,3,EffectType.Debuff
GA_Warmaster_MeleeCleave_C,1,4,EffectType.GeneratesThreat
GA_Warmaster_MeleeCleave_C,1,5,EffectVisualization.Icon
GA_Warmaster_MeleeCleave_C,2,0,EffectLogic.System
GA_Warmaster_MeleeCleave_C,3,0,EffectLogic.System
GA_Warmaster_MeleeCleave_C,4,0,EffectType.Absorption
GA_Warmaster_MeleeCleave_C,4,1,EffectType.Beneficial
GA_Warmaster_MeleeCleave_C,4,2,EffectType.GeneratesThreat
GA_Warmaster_MeleeCleave_C,4,3,EffectLogic.RemoveOnDeath
GA_Warmaster_MeleeCleave_C,4,4,EffectVisualization.Icon
GA_Warmaster_MeleeCleave_C,4,5,EffectVisualization.IconOnPartyUnitFrame
GA_Warmaster_MeleeCleave_C,4,6,EffectType.Physical
GA_Warmaster_MeleeCleave_C,4,7,EffectVisualization.HeroSuperBuffbar
GA_Warmaster_MeleeCleave_C,5,0,EffectType.Buff
GA_Warmaster_MeleeCleave_C,5,1,EffectType.Beneficial
GA_Warmaster_MeleeCleave_C,5,2,EffectType.Physical
GA_Warmaster_MeleeCleave_C,5,3,EffectLogic.RemoveOnDeath
GA_Warmaster_MeleeCleave_C,5,4,EffectVisualization.Icon
GA_Warmaster_MeleeCleave_C,5,5,EffectVisualization.HeroSuperBuffbar
GA_Warmaster_MeleeInterrupt_C,0,0,EffectLogic.System
GA_Warmaster_MeleeInterrupt_C,1,0,EffectLogic.System
GA_Warmaster_MoveSpeedBuff,0,0,EffectType.Buff
GA_Warmaster_MoveSpeedBuff,0,1,EffectType.Beneficial
GA_Warmaster_MoveSpeedBuff,0,2,EffectType.Physical
GA_Warmaster_MoveSpeedBuff,0,3,EffectLogic.RemoveOnDeath
GA_Warmaster_MoveSpeedBuff,0,4,EffectVisualization.Icon
GA_Warmaster_MoveSpeedBuff,1,0,EffectType.Buff
GA_Warmaster_MoveSpeedBuff,1,1,EffectType.Beneficial
GA_Warmaster_MoveSpeedBuff,1,2,EffectType.Physical
GA_Warmaster_MoveSpeedBuff,1,3,EffectLogic.RemoveOnDeath
GA_Warmaster_MoveSpeedBuff,1,4,EffectVisualization.Icon
GA_Warmaster_MoveSpeedBuff,2,0,EffectType.Buff
GA_Warmaster_MoveSpeedBuff,2,1,EffectType.Beneficial
GA_Warmaster_MoveSpeedBuff,2,2,EffectType.Physical
GA_Warmaster_MoveSpeedBuff,2,3,EffectLogic.RemoveOnDeath
GA_Warmaster_MoveSpeedBuff,2,4,EffectVisualization.Icon
GA_Warmaster_MoveSpeedBuff,2,5,EffectVisualization.HeroSuperBuffbar
GA_Warmaster_MoveSpeedBuff,3,0,EffectLogic.System
GA_Warmaster_MoveSpeedBuff,3,1,EffectLogic.TimeRateInfluencedByCooldownRecovery
GA_Warmaster_MoveSpeedBuff,4,0,EffectLogic.System
GA_Warmaster_MoveSpeedBuff,5,0,EffectType.Buff
GA_Warmaster_MoveSpeedBuff,5,1,EffectType.Beneficial
GA_Warmaster_MoveSpeedBuff,5,2,EffectType.Physical
GA_Warmaster_MoveSpeedBuff,5,3,EffectLogic.RemoveOnDeath
GA_Warmaster_MoveSpeedBuff,5,4,EffectVisualization.Icon
GA_Warmaster_MoveSpeedBuff,6,0,EffectType.Buff
GA_Warmaster_MoveSpeedBuff,6,1,EffectType.Beneficial
GA_Warmaster_MoveSpeedBuff,6,2,EffectType.Physical
GA_Warmaster_MoveSpeedBuff,6,3,EffectLogic.RemoveOnDeath
GA_Warmaster_MoveSpeedBuff,6,4,EffectVisualization.Icon
GA_Warmaster_MoveToTargetStun_C,0,0,EffectType.CrowdControl
GA_Warmaster_MoveToTargetStun_C,0,1,EffectType.MovementImpairing
GA_Warmaster_MoveToTargetStun_C,0,2,EffectType.Physical
GA_Warmaster_MoveToTargetStun_C,0,3,EffectLogic.RemoveOnDeath
GA_Warmaster_MoveToTargetStun_C,0,4,EffectType.GeneratesThreat
GA_Warmaster_MoveToTargetStun_C,0,5,EffectType.Harmful
GA_Warmaster_MoveToTargetStun_C,0,6,EffectVisualization.Icon
GA_Warmaster_MoveToTargetStun_C,1,0,EffectType.Beneficial
GA_Warmaster_MoveToTargetStun_C,1,1,EffectVisualization.Icon
GA_Warmaster_MoveToTargetStun_C,2,0,EffectLogic.System
GA_Warmaster_MoveToTargetStun_C,2,1,EffectLogic.TimeRateInfluencedByCooldownRecovery
GA_Warmaster_MoveToTargetStun_C,3,0,EffectLogic.System
GA_Warmaster_MoveToTargetStun_C,4,0,EffectType.CrowdControl
GA_Warmaster_MoveToTargetStun_C,4,1,EffectType.MovementImpairing
GA_Warmaster_MoveToTargetStun_C,4,2,EffectType.Physical
GA_Warmaster_MoveToTargetStun_C,4,3,EffectLogic.RemoveOnDeath
GA_Warmaster_MoveToTargetStun_C,4,4,EffectType.GeneratesThreat
GA_Warmaster_MoveToTargetStun_C,4,5,EffectType.Harmful
GA_Warmaster_MoveToTargetStun_C,4,6,EffectVisualization.Icon
GA_Warmaster_NoResourceLossSelfBuff_C,0,0,EffectType.Beneficial
GA_Warmaster_NoResourceLossSelfBuff_C,0,1,EffectLogic.RemoveOnDeath
GA_Warmaster_NoResourceLossSelfBuff_C,0,2,EffectVisualization.Icon
GA_Warmaster_NoResourceLossSelfBuff_C,0,3,EffectType.Physical
GA_Warmaster_NoResourceLossSelfBuff_C,0,4,EffectVisualization.IconOnPartyUnitFrame
GA_Warmaster_NoResourceLossSelfBuff_C,0,5,EffectVisualization.HeroSuperBuffbar
GA_Warmaster_NoResourceLossSelfBuff_C,0,6,CustomAssetTags.Warmaster.NoResourceLossSelfBuff.Buff
GA_Warmaster_NoResourceLossSelfBuff_C,1,0,EffectLogic.System
GA_Warmaster_NoResourceLossSelfBuff_C,1,1,EffectLogic.TimeRateInfluencedByCooldownRecovery
GA_Warmaster_NoResourceLossSelfBuff_C,2,0,EffectLogic.System
GA_Warmaster_NoResourceLossSelfBuff_C,3,0,EffectType.Beneficial
GA_Warmaster_NoResourceLossSelfBuff_C,3,1,EffectLogic.RemoveOnDeath
GA_Warmaster_NoResourceLossSelfBuff_C,3,2,EffectVisualization.Icon
GA_Warmaster_NoResourceLossSelfBuff_C,3,3,EffectType.Physical
GA_Warmaster_NoResourceLossSelfBuff_C,3,4,EffectVisualization.IconOnPartyUnitFrame
GA_Warmaster_NoResourceLossSelfBuff_C,3,5,EffectVisualization.HeroSuperBuffbar
GA_Warmaster_NoResourceLossSelfBuff_C,3,6,CustomAssetTags.Warmaster.NoResourceLossSelfBuff.Buff
GA_Warmaster_RangedTaunt_C,0,0,EffectLogic.RemoveOnDeath
GA_Warmaster_RangedTaunt_C,0,1,EffectType.Physical
GA_Warmaster_RangedTaunt_C,0,2,EffectType.GeneratesThreat
GA_Warmaster_RangedTaunt_C,0,3,EffectVisualization.Icon
GA_Warmaster_RangedTaunt_C,0,4,EffectType.Harmful
GA_Warmaster_RangedTaunt_C,0,5,EffectType.Taunt
GA_Warmaster_RangedTaunt_C,1,0,EffectLogic.System
GA_Warmaster_RangedTaunt_C,2,0,EffectLogic.System
GA_Warmaster_RangedTaunt_C,3,0,EffectLogic.RemoveOnDeath
GA_Warmaster_RangedTaunt_C,3,1,EffectType.Physical
GA_Warmaster_RangedTaunt_C,3,2,EffectType.GeneratesThreat
GA_Warmaster_RangedTaunt_C,3,3,EffectVisualization.Icon
GA_Warmaster_RangedTaunt_C,3,4,EffectType.Harmful
GA_Warmaster_RangedTaunt_C,3,5,EffectType.Taunt
GA_Warmaster_ShieldSelfBuff,0,0,EffectType.Beneficial
GA_Warmaster_ShieldSelfBuff,0,1,EffectLogic.RemoveOnDeath
GA_Warmaster_ShieldSelfBuff,0,2,EffectVisualization.Icon
GA_Warmaster_ShieldSelfBuff,0,3,EffectVisualization.IconOnPartyUnitFrame
GA_Warmaster_ShieldSelfBuff,0,4,EffectVisualization.HeroSuperBuffbar
GA_Warmaster_ShieldSelfBuff,1,0,EffectLogic.System
GA_Warmaster_ShieldSelfBuff,3,0,EffectType.Beneficial
GA_Warmaster_ShieldSelfBuff,3,1,EffectLogic.RemoveOnDeath
GA_Warmaster_ShieldSelfBuff,3,2,EffectVisualization.Icon
GA_Warmaster_ShieldSelfBuff,3,3,EffectVisualization.IconOnPartyUnitFrame
GA_Warmaster_ShieldSelfBuff,3,4,EffectVisualization.HeroSuperBuffbar
GA_Warmaster_ShieldSelfBuff,4,0,EffectType.Buff
GA_Warmaster_ShieldSelfBuff,4,1,EffectType.Beneficial
GA_Warmaster_ShieldSelfBuff,4,2,EffectLogic.RemoveOnDeath
GA_Warmaster_ShieldSelfBuff,4,3,EffectType.GeneratesThreat
GA_Warmaster_ShieldSelfBuff,4,4,EffectType.Physical
GE_Firemage_PlacedProjectileAoe_DirectDamageBased_Dot,0,0,EffectType.GeneratesThreat
GE_Firemage_PlacedProjectileAoe_DirectDamageBased_Dot,0,1,EffectType.Dot
GE_Firemage_PlacedProjectileAoe_DirectDamageBased_Dot,0,2,EffectType.Magic.Fire
GE_Firemage_PlacedProjectileAoe_DirectDamageBased_Dot,0,3,EffectType.Harmful
GE_Firemage_PlacedProjectileAoe_DirectDamageBased_Dot,0,4,EffectLogic.RemoveOnDeath
GE_Firemage_PlacedProjectileAoe_DirectDamageBased_Dot,0,5,EffectVisualization.Icon
GE_Firemage_PlacedProjectileAoe_DirectDamageBased_Dot,0,6,CustomAssetTags.Firemage.Talent.FireFrogOnDotCrit.RelevantDot
GE_Firemage_PlacedProjectileAoe_DirectDamageBased_Dot,0,7,CustomAssetTags.Firemage.PlacedAoeProjectile.Dot
GE_Firemage_PlacedProjectileAoe_DirectDamageBased_Dot,0,8,EffectLogic.TickrateNotAffectedByHasteExclusively
