id,enemy_placements_ordinal,character_id,name,category,kill_score,x,y,z
CrystalMines,0,CM_BlackburnMantrader,Blackburn Mantrader,Enemy,4.0,22374.0,20450.0,1960.0
CrystalMines,1,CM_BlackburnMantrader,Blackburn Mantrader,Enemy,4.0,29313.0,17450.0,656.0
CrystalMines,2,CM_BlackburnMantrader,Blackburn Mantrader,Enemy,4.0,28680.0,25073.0,974.0
CrystalMines,3,CM_BlackburnMantrader,Blackburn Mantrader,Enemy,4.0,32774.0,16320.0,357.0
CrystalMines,4,CM_ChargedConstruct,Fractal Golem,Enemy,3.0,97325.0,13896.0,-5198.0
CrystalMines,5,CM_ChargedConstruct,Fractal Golem,Enemy,3.0,104409.0,19432.0,-6767.0
CrystalMines,6,CM_ChargedConstruct,Fractal Golem,Enemy,3.0,99353.0,10777.0,-5338.0
CrystalMines,7,CM_ChargedConstruct,Fractal Golem,Enemy,3.0,105939.0,20572.0,-6767.0
CrystalMines,8,CM_ChargedConstruct,Fractal Golem,Enemy,3.0,94844.0,11384.0,-5409.0
CrystalMines,9,CM_ChargedConstruct,Fractal Golem,Enemy,3.0,94677.0,20353.0,-4065.0
CrystalMines,10,CM_ChargedConstruct,Fractal Golem,Enemy,3.0,104119.0,19262.0,-6767.0
CrystalMines,11,CM_ChargedConstruct,Fractal Golem,Enemy,3.0,99593.0,11117.0,-5338.0
CrystalMines,12,CM_ChargedConstruct,Fractal Golem,Enemy,3.0,101646.0,20520.0,-5369.0
CrystalMines,13,CM_ChargedConstruct,Fractal Golem,Enemy,3.0,96164.0,8747.0,-5447.0
CrystalMines,14,CM_ChargedConstruct,Fractal Golem,Enemy,3.0,94967.0,20683.0,-4065.0
CrystalMines,15,CM_VolatileConstruct,Volatile Rubilite,Elite,2.0,97898.0,12053.0,-5438.0
CrystalMines,16,CM_VolatileConstruct,Volatile Rubilite,Elite,2.0,101904.0,16159.0,-6803.0
CrystalMines,17,CM_VolatileConstruct,Volatile Rubilite,Elite,2.0,103557.0,16190.0,-6803.0
CrystalMines,18,CM_VolatileConstruct,Volatile Rubilite,Elite,2.0,102895.0,15859.0,-6803.0
CrystalMines,19,CM_VolatileConstruct,Volatile Rubilite,Elite,2.0,102348.0,17233.0,-6790.0
CrystalMines,20,CM_VolatileConstruct,Volatile Rubilite,Elite,2.0,101302.0,20623.0,-5369.0
CrystalMines,21,CM_VolatileConstruct,Volatile Rubilite,Elite,2.0,95716.0,9102.0,-5447.0
CrystalMines,22,CM_VolatileConstruct,Volatile Rubilite,Elite,2.0,103400.0,17113.0,-6803.0
CrystalMines,23,CM_VolatileConstruct,Volatile Rubilite,Elite,2.0,98082.0,12551.0,-5387.0
CrystalMines,24,CM_VolatileConstruct,Volatile Rubilite,Elite,2.0,105191.0,11891.0,-6767.0
CrystalMines,25,CM_VolatileConstruct,Volatile Rubilite,Elite,2.0,104922.0,11996.0,-6767.0
CrystalMines,26,CM_VolatileConstruct,Volatile Rubilite,Elite,2.0,105517.0,20459.0,-6767.0
CrystalMines,27,CM_VolatileConstruct,Volatile Rubilite,Elite,2.0,106275.0,20165.0,-6767.0
CrystalMines,28,CM_VolatileConstruct,Volatile Rubilite,Elite,2.0,101543.0,20088.0,-5369.0
CrystalMines,29,CM_VolatileConstruct,Volatile Rubilite,Elite,2.0,105629.0,18313.0,-6767.0
CrystalMines,30,CM_VolatileConstruct,Volatile Rubilite,Elite,2.0,105917.0,18567.0,-6767.0
CrystalMines,31,CM_VolatileConstruct,Volatile Rubilite,Elite,2.0,95748.0,18624.0,-4225.0
CrystalMines,32,CM_VolatileConstruct,Volatile Rubilite,Elite,2.0,96042.0,18854.0,-4233.0
CrystalMines,33,CM_VolatileConstruct,Volatile Rubilite,Elite,2.0,94724.0,11697.0,-5368.0
CrystalMines,34,CM_VolatileConstruct,Volatile Rubilite,Elite,2.0,94460.0,11359.0,-5298.0
CrystalMines,35,CM_VolatileConstruct,Volatile Rubilite,Elite,2.0,95741.0,19286.0,-4220.0
CrystalMines,36,CM_VolatileConstruct,Volatile Rubilite,Elite,2.0,98436.0,12438.0,-5374.0
CrystalMines,37,CM_EarthElemental,Enraged Earth Elemental,Elite,7.0,65142.0,1383.0,-2931.0
CrystalMines,38,CM_ElfWarden,Arcane Warden,Elite,4.0,63330.0,9768.0,-1739.0
CrystalMines,39,CM_ElfWarden,Arcane Warden,Elite,4.0,65759.0,19239.0,-2876.0
CrystalMines,40,CM_ElfWarden,Arcane Warden,Elite,4.0,60010.0,5678.0,-2401.0
CrystalMines,41,CM_ElfWarden,Arcane Warden,Elite,4.0,74520.0,8086.0,-3124.0
CrystalMines,42,CM_ElfWarden,Arcane Warden,Elite,4.0,74290.0,7766.0,-3148.0
CrystalMines,43,CM_ElfWarden,Arcane Warden,Elite,4.0,74190.0,11126.0,-2968.0
CrystalMines,44,CM_ElfWarden,Arcane Warden,Elite,4.0,74480.0,10986.0,-2971.0
CrystalMines,45,CM_ElfWarden,Arcane Warden,Elite,4.0,70666.0,4444.0,-2938.0
CrystalMines,46,CM_ElfWarden,Arcane Warden,Elite,4.0,78547.0,11291.0,-2999.0
CrystalMines,47,CM_ElfWarden,Arcane Warden,Elite,4.0,69056.0,15080.0,-2405.0
CrystalMines,48,CM_ElfWarden,Arcane Warden,Elite,4.0,68890.0,14879.0,-2405.0
CrystalMines,49,CM_ElfWarden,Arcane Warden,Elite,4.0,65783.0,17166.0,-2798.0
CrystalMines,50,CM_ElfWarden,Arcane Warden,Elite,4.0,68486.0,3321.0,-2727.0
CrystalMines,51,CM_ElfEnforcer,Enforcer,Elite,5.0,37028.0,23141.0,496.0
CrystalMines,52,CM_ElfEnforcer,Enforcer,Elite,5.0,36484.0,15265.0,-7.0
CrystalMines,53,CM_ElfEnforcer,Enforcer,Elite,5.0,32895.0,28363.0,923.0
CrystalMines,54,CM_ElfEnforcer,Enforcer,Elite,5.0,30365.0,28893.0,923.0
CrystalMines,55,CM_ElfEnforcer,Enforcer,Elite,5.0,63818.0,4691.0,-3034.0
CrystalMines,56,CM_ElfEnforcer,Enforcer,Elite,5.0,70949.0,4242.0,-3052.0
CrystalMines,57,CM_ElfEnforcer,Enforcer,Elite,5.0,37017.0,23682.0,496.0
CrystalMines,58,CM_ElfEnforcer,Enforcer,Elite,5.0,33317.0,16493.0,437.0
CrystalMines,59,CM_ElfEnforcer,Enforcer,Elite,5.0,68820.0,9550.0,-2189.0
CrystalMines,60,CM_ElfEnforcer,Enforcer,Elite,5.0,67127.0,7204.0,-2199.0
CrystalMines,61,CM_ElfGoon,Dredge,Enemy,1.0,24294.0,19401.0,1943.0
CrystalMines,62,CM_ElfGoon,Dredge,Enemy,1.0,21299.0,15511.0,2475.0
CrystalMines,63,CM_ElfGoon,Dredge,Enemy,1.0,21089.0,18451.0,2154.0
CrystalMines,64,CM_ElfGoon,Dredge,Enemy,1.0,20509.0,15981.0,2475.0
CrystalMines,65,CM_ElfGoon,Dredge,Enemy,1.0,21053.0,15310.0,2475.0
CrystalMines,66,CM_ElfGoon,Dredge,Enemy,1.0,20888.0,18697.0,2218.0
CrystalMines,67,CM_ElfGoon,Dredge,Enemy,1.0,24490.0,19109.0,1950.0
CrystalMines,68,CM_ElfGoon,Dredge,Enemy,1.0,24444.0,19583.0,1975.0
CrystalMines,69,CM_ElfGoon,Dredge,Enemy,1.0,59587.0,17500.0,-2281.0
CrystalMines,70,CM_ElfGoon,Dredge,Enemy,1.0,73360.0,2740.0,-3002.0
CrystalMines,71,CM_ElfGoon,Dredge,Enemy,1.0,28724.0,25379.0,996.0
CrystalMines,72,CM_ElfGoon,Dredge,Enemy,1.0,36206.0,15040.0,-108.0
CrystalMines,73,CM_ElfGoon,Dredge,Enemy,1.0,59978.0,17068.0,-2298.0
CrystalMines,74,CM_ElfGoon,Dredge,Enemy,1.0,75078.0,5679.0,-3291.0
CrystalMines,75,CM_ElfGoon,Dredge,Enemy,1.0,68159.0,12951.0,-3174.0
CrystalMines,76,CM_ElfGoon,Dredge,Enemy,1.0,68511.0,12781.0,-3174.0
CrystalMines,77,CM_ElfGoon,Dredge,Enemy,1.0,68721.0,12036.0,-3174.0
CrystalMines,78,CM_ElfGoon,Dredge,Enemy,1.0,60912.0,6742.0,-2479.0
CrystalMines,79,CM_ElfGoon,Dredge,Enemy,1.0,75910.0,5763.0,-3275.0
CrystalMines,80,CM_ElfGoon,Dredge,Enemy,1.0,74517.0,3403.0,-3012.0
CrystalMines,81,CM_ElfGoon,Dredge,Enemy,1.0,73640.0,2983.0,-3002.0
CrystalMines,82,CM_ElfGoon,Dredge,Enemy,1.0,68686.0,11656.0,-3174.0
CrystalMines,83,CM_ElfGoon,Dredge,Enemy,1.0,67722.0,12967.0,-3153.0
CrystalMines,84,CM_ElfGoon,Dredge,Enemy,1.0,68281.0,12518.0,-3153.0
CrystalMines,85,CM_ElfGoon,Dredge,Enemy,1.0,28519.0,25494.0,1009.0
CrystalMines,86,CM_ElfGoon,Dredge,Enemy,1.0,60576.0,5708.0,-2505.0
CrystalMines,87,CM_ElfGoon,Dredge,Enemy,1.0,28717.0,25569.0,929.0
CrystalMines,88,CM_ElfGoon,Dredge,Enemy,1.0,60492.0,12541.0,-1767.0
CrystalMines,89,CM_ElfGoon,Dredge,Enemy,1.0,60529.0,12238.0,-1770.0
CrystalMines,90,CM_ElfGoon,Dredge,Enemy,1.0,65758.0,18972.0,-2939.0
CrystalMines,91,CM_ElfGoon,Dredge,Enemy,1.0,68761.0,16848.0,-2521.0
CrystalMines,92,CM_ElfGoon,Dredge,Enemy,1.0,74215.0,3438.0,-3002.0
CrystalMines,93,CM_ElfGoon,Dredge,Enemy,1.0,68349.0,12169.0,-3153.0
CrystalMines,94,CM_ElfGoon,Dredge,Enemy,1.0,65505.0,17119.0,-2779.0
CrystalMines,95,CM_ElfGoon,Dredge,Enemy,1.0,65596.0,17387.0,-2779.0
CrystalMines,96,CM_ElfGoon,Dredge,Enemy,1.0,65946.0,18847.0,-2939.0
CrystalMines,97,CM_ElfGoon,Dredge,Enemy,1.0,67948.0,14277.0,-2455.0
CrystalMines,98,CM_ElfGoon,Dredge,Enemy,1.0,68199.0,14237.0,-2455.0
CrystalMines,99,CM_ElfGoon,Dredge,Enemy,1.0,65146.0,19103.0,-2939.0
CrystalMines,100,CM_ElfGoon,Dredge,Enemy,1.0,65357.0,19059.0,-2939.0
CrystalMines,101,CM_ElfGoon,Dredge,Enemy,1.0,68959.0,16727.0,-2455.0
CrystalMines,102,CM_ElfGoon,Dredge,Enemy,1.0,65529.0,19182.0,-2939.0
CrystalMines,103,CM_ElfGoon,Dredge,Enemy,1.0,60626.0,5968.0,-2505.0
CrystalMines,104,CM_ElfGoon,Dredge,Enemy,1.0,76664.0,8888.0,-3104.0
CrystalMines,105,CM_ElfGoon,Dredge,Enemy,1.0,68700.0,17091.0,-2547.0
CrystalMines,106,CM_ElfGoon,Dredge,Enemy,1.0,25870.0,21820.0,1356.0
CrystalMines,107,CM_ElfGoon,Dredge,Enemy,1.0,26350.0,21880.0,1356.0
CrystalMines,108,CM_ElfGoon,Dredge,Enemy,1.0,26120.0,21700.0,1356.0
CrystalMines,109,CM_ElfGoon,Dredge,Enemy,1.0,35619.0,16321.0,48.0
CrystalMines,110,CM_ElfGoon,Dredge,Enemy,1.0,61162.0,6832.0,-2479.0
CrystalMines,111,CM_ElfGoon,Dredge,Enemy,1.0,35094.0,16152.0,9.0
CrystalMines,112,CM_ElfGoon,Dredge,Enemy,1.0,30198.0,28700.0,883.0
CrystalMines,113,CM_ElfGoon,Dredge,Enemy,1.0,29968.0,28550.0,883.0
CrystalMines,114,CM_ElfGoon,Dredge,Enemy,1.0,31061.0,26278.0,779.0
CrystalMines,115,CM_ElfGoon,Dredge,Enemy,1.0,31321.0,26338.0,779.0
CrystalMines,116,CM_ElfGoon,Dredge,Enemy,1.0,28470.0,25739.0,936.0
CrystalMines,117,CM_ElfGoon,Dredge,Enemy,1.0,28578.0,27450.0,920.0
CrystalMines,118,CM_ElfGoon,Dredge,Enemy,1.0,28638.0,27630.0,920.0
CrystalMines,119,CM_ElfGoon,Dredge,Enemy,1.0,76012.0,5997.0,-3291.0
CrystalMines,120,CM_ElfGoon,Dredge,Enemy,1.0,60248.0,17345.0,-2228.0
CrystalMines,121,CM_ElfGoon,Dredge,Enemy,1.0,36275.0,15587.0,-33.0
CrystalMines,122,CM_ElfGoon,Dredge,Enemy,1.0,75184.0,5518.0,-3291.0
CrystalMines,123,CM_ElfInterrogator,Quarry Stalker,Elite,2.0,68762.0,17349.0,-2494.0
CrystalMines,124,CM_ElfInterrogator,Quarry Stalker,Elite,2.0,72746.0,5918.0,-3100.0
CrystalMines,125,CM_ElfInterrogator,Quarry Stalker,Elite,2.0,70927.0,4587.0,-2952.0
CrystalMines,126,CM_ElfInterrogator,Quarry Stalker,Elite,2.0,65493.0,14362.0,-2780.0
CrystalMines,127,CM_ElfInterrogator,Quarry Stalker,Elite,2.0,64953.0,12452.0,-2608.0
CrystalMines,128,CM_ElfInterrogator,Quarry Stalker,Elite,2.0,28860.0,27450.0,970.0
CrystalMines,129,CM_ElfInterrogator,Quarry Stalker,Elite,2.0,71046.0,11670.0,-2635.0
CrystalMines,130,CM_ElfInterrogator,Quarry Stalker,Elite,2.0,66033.0,14742.0,-2780.0
CrystalMines,131,CM_ElfInterrogator,Quarry Stalker,Elite,2.0,74980.0,7648.0,-3139.0
CrystalMines,132,CM_ElfInterrogator,Quarry Stalker,Elite,2.0,68852.0,14649.0,-2333.0
CrystalMines,133,CM_ElfInterrogator,Quarry Stalker,Elite,2.0,73667.0,5385.0,-3134.0
CrystalMines,134,CM_ElfInterrogator,Quarry Stalker,Elite,2.0,76538.0,8585.0,-3066.0
CrystalMines,135,CM_ElfInterrogator,Quarry Stalker,Elite,2.0,29550.0,28640.0,996.0
CrystalMines,136,CM_ElfInterrogator,Quarry Stalker,Elite,2.0,78582.0,11004.0,-3011.0
CrystalMines,137,CM_ElfLookout,Nezari Bolter,Elite,2.0,34661.0,16853.0,-100.0
CrystalMines,138,CM_ElfLookout,Nezari Bolter,Elite,2.0,35170.0,16487.0,128.0
CrystalMines,139,CM_ElfLookout,Nezari Bolter,Elite,2.0,35342.0,16553.0,141.0
CrystalMines,140,CM_ElfLookout,Nezari Bolter,Elite,2.0,67421.0,15257.0,-2551.0
CrystalMines,141,CM_ElfLookout,Nezari Bolter,Elite,2.0,75352.0,9706.0,-3166.0
CrystalMines,142,CM_ElfLookout,Nezari Bolter,Elite,2.0,33985.0,25574.0,564.0
CrystalMines,143,CM_ElfLookout,Nezari Bolter,Elite,2.0,34223.0,25757.0,568.0
CrystalMines,144,CM_ElfLookout,Nezari Bolter,Elite,2.0,58970.0,6820.0,-2405.0
CrystalMines,145,CM_ElfLookout,Nezari Bolter,Elite,2.0,31550.0,26253.0,829.0
CrystalMines,146,CM_ElfLookout,Nezari Bolter,Elite,2.0,30920.0,26053.0,829.0
CrystalMines,147,CM_ElfLookout,Nezari Bolter,Elite,2.0,32720.0,28643.0,919.0
CrystalMines,148,CM_ElfLookout,Nezari Bolter,Elite,2.0,60653.0,12600.0,-1718.0
CrystalMines,149,CM_ElfLookout,Nezari Bolter,Elite,2.0,67574.0,14999.0,-2571.0
CrystalMines,150,CM_ElfLookout,Nezari Bolter,Elite,2.0,65821.0,14398.0,-2743.0
CrystalMines,151,CM_ElfLookout,Nezari Bolter,Elite,2.0,68760.0,3696.0,-2727.0
CrystalMines,152,CM_ElfLookout,Nezari Bolter,Elite,2.0,65281.0,12488.0,-2608.0
CrystalMines,153,CM_ElfLookout,Nezari Bolter,Elite,2.0,66591.0,11688.0,-3129.0
CrystalMines,154,CM_ElfLookout,Nezari Bolter,Elite,2.0,67001.0,11638.0,-3129.0
CrystalMines,155,CM_ElfLookout,Nezari Bolter,Elite,2.0,75226.0,10043.0,-3150.0
CrystalMines,156,CM_ElfLookout,Nezari Bolter,Elite,2.0,74231.0,10818.0,-2980.0
CrystalMines,157,CM_ElfLookout,Nezari Bolter,Elite,2.0,78378.0,11579.0,-3004.0
CrystalMines,158,CM_ElfLookout,Nezari Bolter,Elite,2.0,68760.0,2866.0,-2727.0
CrystalMines,159,CM_ElfLookout,Nezari Bolter,Elite,2.0,24720.0,19410.0,1956.0
CrystalMines,160,CM_ElfLookout,Nezari Bolter,Elite,2.0,58880.0,7230.0,-2405.0
CrystalMines,161,CM_ElfLookout,Nezari Bolter,Elite,2.0,27414.0,19996.0,1235.0
CrystalMines,162,CM_ElfLookout,Nezari Bolter,Elite,2.0,27674.0,20391.0,1232.0
CrystalMines,163,CM_ElfLookout,Nezari Bolter,Elite,2.0,27684.0,19668.0,1221.0
CrystalMines,164,CM_ElfTaskmaster,Task Master,Elite,4.0,59750.0,15346.0,-1794.0
CrystalMines,165,CM_ElfTaskmaster,Task Master,Elite,4.0,59060.0,15136.0,-1794.0
CrystalMines,166,CM_ElfTaskmaster,Task Master,Elite,4.0,63117.0,9542.0,-1794.0
CrystalMines,167,CM_ElfTaskmaster,Task Master,Elite,4.0,63430.0,10086.0,-1794.0
CrystalMines,168,CM_ElfTaskmaster,Task Master,Elite,4.0,70700.0,11640.0,-2641.0
CrystalMines,169,CM_ElfTaskmaster,Task Master,Elite,4.0,78225.0,11737.0,-3063.0
CrystalMines,170,CM_ElfTaskmaster,Task Master,Elite,4.0,66036.0,19081.0,-2929.0
CrystalMines,171,CM_ElfTaskmaster,Task Master,Elite,4.0,68612.0,12351.0,-3139.0
CrystalMines,172,CM_ElfTaskmaster,Task Master,Elite,4.0,76173.0,6213.0,-3309.0
CrystalMines,173,CM_ElfTaskmaster,Task Master,Elite,4.0,72960.0,2614.0,-3043.0
CrystalMines,174,CM_ElfTaskmaster,Task Master,Elite,4.0,69325.0,15188.0,-2445.0
CrystalMines,175,CM_ElfTaskmaster,Task Master,Elite,4.0,59920.0,17526.0,-2273.0
CrystalMines,176,CM_ElfTaskmaster,Task Master,Elite,4.0,65346.0,12128.0,-2648.0
CrystalMines,177,CM_ElfTaskmaster,Task Master,Elite,4.0,68928.0,17053.0,-2471.0
CrystalMines,178,CM_ImpatientBrawler,Impatient Brawler,Enemy,1.0,30700.0,15137.0,121.0
CrystalMines,179,CM_ImpatientBrawler,Impatient Brawler,Enemy,1.0,30770.0,14917.0,121.0
CrystalMines,180,CM_ImpatientBrawler,Impatient Brawler,Enemy,1.0,32010.0,13857.0,19.0
CrystalMines,181,CM_ImpatientBrawler,Impatient Brawler,Enemy,1.0,31880.0,14047.0,19.0
CrystalMines,182,CM_ImpatientBrawler,Impatient Brawler,Enemy,1.0,33900.0,18257.0,367.0
CrystalMines,183,CM_ImpatientBrawler,Impatient Brawler,Enemy,1.0,33680.0,18327.0,367.0
CrystalMines,184,CM_ImpatientBrawler,Impatient Brawler,Enemy,1.0,29890.0,29027.0,820.0
CrystalMines,185,CM_ImpatientBrawler,Impatient Brawler,Enemy,1.0,23470.0,17687.0,1876.0
CrystalMines,186,CM_ImpatientBrawler,Impatient Brawler,Enemy,1.0,23840.0,17637.0,1853.0
CrystalMines,187,CM_ImpatientBrawler,Impatient Brawler,Enemy,1.0,22065.0,20165.0,1960.0
CrystalMines,188,CM_ImpatientBrawler,Impatient Brawler,Enemy,1.0,22465.0,20035.0,1953.0
CrystalMines,189,CM_RubiliteAurastone,Godfall Wardstone,Enemy,2.0,103178.0,16407.0,-6819.0
CrystalMines,190,CM_RubiliteAurastone,Godfall Wardstone,Enemy,2.0,95738.0,18837.0,-4249.0
CrystalMines,191,CM_RubiliteAurastone,Godfall Wardstone,Enemy,2.0,102708.0,16257.0,-6819.0
CrystalMines,192,CM_RubiliteAurastone,Godfall Wardstone,Enemy,2.0,98288.0,12317.0,-5390.0
CrystalMines,193,CM_RubiliteAurastone,Godfall Wardstone,Enemy,2.0,102768.0,16717.0,-6819.0
CrystalMines,194,CM_RubiliteFocus,Rubilite Focus,Enemy,1.0,104644.0,11830.0,-6793.0
CrystalMines,195,CM_RubiliteFocus,Rubilite Focus,Enemy,1.0,96564.0,8980.0,-5378.0
CrystalMines,196,CM_RubiliteFocus,Rubilite Focus,Enemy,1.0,93690.0,11080.0,-5220.0
CrystalMines,197,CM_RubiliteFocus,Rubilite Focus,Enemy,1.0,93860.0,10837.0,-5220.0
CrystalMines,198,CM_RubiliteFocus,Rubilite Focus,Enemy,1.0,94134.0,10890.0,-5183.0
CrystalMines,199,CM_RubiliteFocus,Rubilite Focus,Enemy,1.0,97614.0,13850.0,-5378.0
CrystalMines,200,CM_RubiliteFocus,Rubilite Focus,Enemy,1.0,97114.0,13670.0,-5218.0
CrystalMines,201,CM_RubiliteFocus,Rubilite Focus,Enemy,1.0,98554.0,17230.0,-5587.0
CrystalMines,202,CM_RubiliteFocus,Rubilite Focus,Enemy,1.0,98814.0,16750.0,-5587.0
CrystalMines,203,CM_RubiliteFocus,Rubilite Focus,Enemy,1.0,99274.0,16910.0,-5587.0
CrystalMines,204,CM_RubiliteFocus,Rubilite Focus,Enemy,1.0,105394.0,11560.0,-6797.0
CrystalMines,205,CM_RubiliteFocus,Rubilite Focus,Enemy,1.0,105894.0,18400.0,-6797.0
CrystalMines,206,,Rubilite Triggerstone,,,0.0,0.0,0.0
CrystalMines,207,VV_BlackburnSlaver,Bleakfrost Slaver,Enemy,3.0,20695.0,15955.0,2375.0
CrystalMines,208,VV_BlackburnSlaver,Bleakfrost Slaver,Enemy,3.0,23955.0,17295.0,1874.0
CrystalMines,209,VV_BlackburnSlaver,Bleakfrost Slaver,Enemy,3.0,23615.0,17135.0,1874.0
CrystalMines,210,VV_BlackburnSlaver,Bleakfrost Slaver,Enemy,3.0,29157.0,17194.0,648.0
CrystalMines,211,VV_BlackburnSlaver,Bleakfrost Slaver,Enemy,3.0,28395.0,25166.0,992.0
CrystalMines,212,VV_BlackburnSlaver,Bleakfrost Slaver,Enemy,3.0,31685.0,17135.0,367.0
CrystalMines,213,VV_BlackburnSlaver,Bleakfrost Slaver,Enemy,3.0,31845.0,17415.0,367.0
CrystalMines,214,VV_BlackburnSlaver,Bleakfrost Slaver,Enemy,3.0,33663.0,17777.0,367.0
CrystalMines,215,VV_BlackburnSlaver,Bleakfrost Slaver,Enemy,3.0,33975.0,17695.0,367.0
DemonicRitual,0,DR_BloodfangMauler,Bloodfang,Enemy,3.0,-10694.0,358.0,-2343.0
DemonicRitual,1,DR_BloodfangMauler,Bloodfang,Enemy,3.0,-6950.0,-9460.0,-2001.0
DemonicRitual,2,DR_BloodfangMauler,Bloodfang,Enemy,3.0,-11940.0,-5720.0,-2336.0
DemonicRitual,3,DR_BloodfangMauler,Bloodfang,Enemy,3.0,-12040.0,-5360.0,-2336.0
DemonicRitual,4,DR_BloodfangMauler,Bloodfang,Enemy,3.0,-11083.0,351.0,-2343.0
DemonicRitual,5,DR_BloodfangMauler,Bloodfang,Enemy,3.0,-10884.0,29.0,-2335.0
DemonicRitual,6,DR_BloodfangMauler,Bloodfang,Enemy,3.0,1121.0,-4909.0,-927.0
DemonicRitual,7,DR_CultistCaster,Profane Invoker,Enemy,3.0,520.0,-2700.0,-840.0
DemonicRitual,8,DR_CultistCaster,Profane Invoker,Enemy,3.0,3465.0,289.0,-1020.0
DemonicRitual,9,DR_CultistCaster,Profane Invoker,Enemy,3.0,16578.0,-6566.0,-5427.0
DemonicRitual,10,DR_CultistCaster,Profane Invoker,Enemy,3.0,17041.0,-2679.0,-6537.0
DemonicRitual,11,DR_CultistCaster,Profane Invoker,Enemy,3.0,10501.0,15421.0,-6847.0
DemonicRitual,12,DR_CultistCaster,Profane Invoker,Enemy,3.0,1105.0,-331.0,-1020.0
DemonicRitual,13,DR_CultistCaster,Profane Invoker,Enemy,3.0,10731.0,1141.0,-840.0
DemonicRitual,14,DR_CultistCaster,Profane Invoker,Enemy,3.0,9630.0,-9961.0,-790.0
DemonicRitual,15,DR_CultistCaster,Profane Invoker,Enemy,3.0,13337.0,-3135.0,291.0
DemonicRitual,16,DR_CultistCaster,Profane Invoker,Enemy,3.0,13337.0,-2045.0,291.0
DemonicRitual,17,DR_CultistCaster,Profane Invoker,Enemy,3.0,24381.0,-2689.0,-3740.0
DemonicRitual,18,DR_CultistCaster,Profane Invoker,Enemy,3.0,0.0,0.0,77.0
DemonicRitual,19,DR_CultistCaster,Profane Invoker,Enemy,3.0,9630.0,-10701.0,-800.0
DemonicRitual,20,DR_CultistCaster,Profane Invoker,Enemy,3.0,0.0,0.0,77.0
DemonicRitual,21,DR_CultistCaster,Profane Invoker,Enemy,3.0,0.0,0.0,77.0
DemonicRitual,22,DR_CultistCaster,Profane Invoker,Enemy,3.0,22380.0,23863.0,-9648.0
DemonicRitual,23,DR_CultistCaster,Profane Invoker,Enemy,3.0,22130.0,24293.0,-9648.0
DemonicRitual,24,DR_CultistCaster,Profane Invoker,Enemy,3.0,17022.0,-6956.0,-5427.0
DemonicRitual,25,DR_CultistMajorCaster,Hellcaller,Elite,4.0,-3742.0,2282.0,-2054.0
DemonicRitual,26,DR_CultistMajorCaster,Hellcaller,Elite,4.0,21880.0,15927.0,-8673.0
DemonicRitual,27,DR_CultistMajorCaster,Hellcaller,Elite,4.0,17140.0,14527.0,-8633.0
DemonicRitual,28,DR_CultistMajorCaster,Hellcaller,Elite,4.0,17890.0,14867.0,-8643.0
DemonicRitual,29,DR_CultistMajorCaster,Hellcaller,Elite,4.0,5528.0,-2656.0,-734.0
DemonicRitual,30,DR_CultistMajorCaster,Hellcaller,Elite,4.0,17229.0,913.0,-5400.0
DemonicRitual,31,DR_CultistMajorCaster,Hellcaller,Elite,4.0,-13367.0,-2606.0,-2364.0
DemonicRitual,32,DR_CultistMajorCaster,Hellcaller,Elite,4.0,-7626.0,14099.0,2080.0
DemonicRitual,33,DR_CultistMajorCaster,Hellcaller,Elite,4.0,-3995.0,-7207.0,-2044.0
DemonicRitual,34,DR_CultistMajorCaster,Hellcaller,Elite,4.0,16640.0,-6890.0,-5330.0
DemonicRitual,35,DR_CultistMajorCaster,Hellcaller,Elite,4.0,10006.0,-10386.0,-764.0
DemonicRitual,36,DR_CultistSickle,Sickle,Enemy,1.0,10225.0,-13738.0,188.0
DemonicRitual,37,DR_CultistSickle,Sickle,Enemy,1.0,-7576.0,14669.0,2008.0
DemonicRitual,38,DR_CultistSickle,Sickle,Enemy,1.0,305.0,-2875.0,-840.0
DemonicRitual,39,DR_CultistSickle,Sickle,Enemy,1.0,-4206.0,-7549.0,-2045.0
DemonicRitual,40,DR_CultistSickle,Sickle,Enemy,1.0,-4217.0,-6903.0,-2055.0
DemonicRitual,41,DR_CultistSickle,Sickle,Enemy,1.0,-3983.0,-6807.0,-2055.0
DemonicRitual,42,DR_CultistSickle,Sickle,Enemy,1.0,0.0,0.0,77.0
DemonicRitual,43,DR_CultistSickle,Sickle,Enemy,1.0,305.0,-2525.0,-840.0
DemonicRitual,44,DR_CultistSickle,Sickle,Enemy,1.0,-4195.0,-7810.0,-2035.0
DemonicRitual,45,DR_CultistSickle,Sickle,Enemy,1.0,-11710.0,-5160.0,-2382.0
DemonicRitual,46,DR_CultistSickle,Sickle,Enemy,1.0,-4199.0,-6677.0,-2055.0
DemonicRitual,47,DR_CultistSickle,Sickle,Enemy,1.0,-11416.0,-5697.0,-2347.0
DemonicRitual,48,DR_CultistSickle,Sickle,Enemy,1.0,-10163.0,2884.0,-2034.0
DemonicRitual,49,DR_CultistSickle,Sickle,Enemy,1.0,-7521.0,14963.0,2008.0
DemonicRitual,50,DR_CultistSickle,Sickle,Enemy,1.0,3275.0,-5780.0,-990.0
DemonicRitual,51,DR_CultistSickle,Sickle,Enemy,1.0,1185.0,-5330.0,-990.0
DemonicRitual,52,DR_CultistSickle,Sickle,Enemy,1.0,-9803.0,3203.0,-2034.0
DemonicRitual,53,DR_CultistSickle,Sickle,Enemy,1.0,-3446.0,1835.0,-2040.0
DemonicRitual,54,DR_CultistSickle,Sickle,Enemy,1.0,-3127.0,2374.0,-2040.0
DemonicRitual,55,DR_CultistSickle,Sickle,Enemy,1.0,10025.0,-13600.0,188.0
DemonicRitual,56,DR_CultistSickle,Sickle,Enemy,1.0,24557.0,-2279.0,-3740.0
DemonicRitual,57,DR_CultistSickle,Sickle,Enemy,1.0,24867.0,-2119.0,-3740.0
DemonicRitual,58,DR_CultistSickle,Sickle,Enemy,1.0,24837.0,-3269.0,-3740.0
DemonicRitual,59,DR_CultistSickle,Sickle,Enemy,1.0,24537.0,-3099.0,-3740.0
DemonicRitual,60,DR_CultistSickle,Sickle,Enemy,1.0,1365.0,-150.0,-990.0
DemonicRitual,61,DR_CultistSickle,Sickle,Enemy,1.0,3275.0,20.0,-990.0
DemonicRitual,62,DR_CultistSickle,Sickle,Enemy,1.0,9150.0,-13600.0,188.0
DemonicRitual,63,DR_CultistSickle,Sickle,Enemy,1.0,2995.0,160.0,-991.0
DemonicRitual,64,DR_CultistSickle,Sickle,Enemy,1.0,11568.0,3632.0,-6864.0
DemonicRitual,65,DR_CultistSickle,Sickle,Enemy,1.0,9410.0,-6152.0,-840.0
DemonicRitual,66,DR_CultistSickle,Sickle,Enemy,1.0,11388.0,3832.0,-6874.0
DemonicRitual,67,DR_CultistSickle,Sickle,Enemy,1.0,11748.0,3832.0,-6884.0
DemonicRitual,68,DR_CultistSickle,Sickle,Enemy,1.0,-3772.0,-7526.0,-2055.0
DemonicRitual,69,DR_CultistSickle,Sickle,Enemy,1.0,8951.0,-13738.0,188.0
DemonicRitual,70,DR_CultistSickle,Sickle,Enemy,1.0,-3772.0,-6956.0,-2055.0
DemonicRitual,71,DR_CultistSickle,Sickle,Enemy,1.0,-3490.0,2488.0,-2034.0
DemonicRitual,72,DR_CultistSickle,Sickle,Enemy,1.0,0.0,0.0,77.0
DemonicRitual,73,DR_CultistSickle,Sickle,Enemy,1.0,3115.0,400.0,-990.0
DemonicRitual,74,DR_CultistSickle,Sickle,Enemy,1.0,-3932.0,-7666.0,-2045.0
DemonicRitual,75,DR_CultistInitiate,Initiate,Enemy,1.0,13940.0,-3260.0,-6828.0
DemonicRitual,76,DR_CultistInitiate,Initiate,Enemy,1.0,13940.0,-3560.0,-6828.0
DemonicRitual,77,DR_CultistInitiate,Initiate,Enemy,1.0,14230.0,-2290.0,-6828.0
DemonicRitual,78,DR_CultistInitiate,Initiate,Enemy,1.0,14230.0,-1700.0,-6828.0
DemonicRitual,79,DR_CultistInitiate,Initiate,Enemy,1.0,13940.0,-2970.0,-6828.0
DemonicRitual,80,DR_CultistInitiate,Initiate,Enemy,1.0,14230.0,-3260.0,-6828.0
DemonicRitual,81,DR_CultistInitiate,Initiate,Enemy,1.0,14230.0,-3560.0,-6828.0
DemonicRitual,82,DR_CultistInitiate,Initiate,Enemy,1.0,14230.0,-2970.0,-6828.0
DemonicRitual,83,DR_CultistInitiate,Initiate,Enemy,1.0,13940.0,-1990.0,-6828.0
DemonicRitual,84,DR_CultistInitiate,Initiate,Enemy,1.0,13940.0,-2290.0,-6828.0
DemonicRitual,85,DR_CultistInitiate,Initiate,Enemy,1.0,13940.0,-1700.0,-6828.0
DemonicRitual,86,DR_CultistInitiate,Initiate,Enemy,1.0,14230.0,-1990.0,-6828.0
DemonicRitual,87,DR_DangerousBrute,Executioner,Elite,5.0,13264.0,-2645.0,351.0
DemonicRitual,88,DR_DangerousBrute,Executioner,Elite,5.0,17975.0,19175.0,-8612.0
DemonicRitual,89,DR_DangerousBrute,Executioner,Elite,5.0,0.0,0.0,77.0
DemonicRitual,90,DR_DangerousBrute,Executioner,Elite,5.0,0.0,0.0,77.0
DemonicRitual,91,DR_DangerousBrute,Executioner,Elite,5.0,18379.0,-5112.0,-5440.0
DemonicRitual,92,DR_HornedDemon,Hulking Bulgore,Enemy,4.0,4013.0,-2397.0,-718.0
DemonicRitual,93,DR_HornedDemon,Hulking Bulgore,Enemy,4.0,0.0,0.0,61.0
DemonicRitual,94,DR_HornedDemon,Hulking Bulgore,Enemy,4.0,0.0,0.0,61.0
DemonicRitual,95,DR_Mancatcher,Bloodfang Raider,Enemy,3.0,-6984.0,-9010.0,-2012.0
DemonicRitual,96,DR_Mancatcher,Bloodfang Raider,Enemy,3.0,2266.0,-9285.0,-52.0
DemonicRitual,97,DR_Mancatcher,Bloodfang Raider,Enemy,3.0,2531.0,-9393.0,-71.0
DemonicRitual,98,DR_Mancatcher,Bloodfang Raider,Enemy,3.0,2465.0,-8977.0,-156.0
DemonicRitual,99,DR_Mancatcher,Bloodfang Raider,Enemy,3.0,-11393.0,-5367.0,-2361.0
DemonicRitual,100,DR_Mancatcher,Bloodfang Raider,Enemy,3.0,0.0,0.0,96.0
DemonicRitual,101,DR_Mancatcher,Bloodfang Raider,Enemy,3.0,-10201.0,3211.0,-2034.0
DemonicRitual,102,DR_Slaughtervine,Slaughtervine,Enemy,1.0,12678.0,-13078.0,-691.0
DemonicRitual,103,DR_Slaughtervine,Slaughtervine,Enemy,1.0,8850.0,6765.0,-752.0
DemonicRitual,104,DR_Slaughtervine,Slaughtervine,Enemy,1.0,10753.0,5698.0,-785.0
DemonicRitual,105,DR_Slaughtervine,Slaughtervine,Enemy,1.0,9775.0,4466.0,-820.0
DemonicRitual,106,DR_Slaughtervine,Slaughtervine,Enemy,1.0,9591.0,4661.0,-744.0
DemonicRitual,107,DR_Slaughtervine,Slaughtervine,Enemy,1.0,9287.0,5410.0,-760.0
DemonicRitual,108,DR_Slaughtervine,Slaughtervine,Enemy,1.0,8291.0,4560.0,-729.0
DemonicRitual,109,DR_Slaughtervine,Slaughtervine,Enemy,1.0,10095.0,3624.0,-754.0
DemonicRitual,110,DR_Slaughtervine,Slaughtervine,Enemy,1.0,9421.0,4393.0,-730.0
DemonicRitual,111,DR_Slaughtervine,Slaughtervine,Enemy,1.0,13005.0,5206.0,-820.0
DemonicRitual,112,DR_Slaughtervine,Slaughtervine,Enemy,1.0,13053.0,5561.0,-820.0
DemonicRitual,113,DR_Slaughtervine,Slaughtervine,Enemy,1.0,13217.0,5882.0,-820.0
DemonicRitual,114,DR_Slaughtervine,Slaughtervine,Enemy,1.0,13267.0,5421.0,-820.0
DemonicRitual,115,DR_Slaughtervine,Slaughtervine,Enemy,1.0,11089.0,6950.0,-718.0
DemonicRitual,116,DR_Slaughtervine,Slaughtervine,Enemy,1.0,11363.0,7112.0,-718.0
DemonicRitual,117,DR_Slaughtervine,Slaughtervine,Enemy,1.0,11200.0,6715.0,-733.0
DemonicRitual,118,DR_Slaughtervine,Slaughtervine,Enemy,1.0,11720.0,6864.0,-718.0
DemonicRitual,119,DR_Slaughtervine,Slaughtervine,Enemy,1.0,11442.0,6808.0,-718.0
DemonicRitual,120,DR_Slaughtervine,Slaughtervine,Enemy,1.0,11703.0,4345.0,-820.0
DemonicRitual,121,DR_Slaughtervine,Slaughtervine,Enemy,1.0,12018.0,4427.0,-788.0
DemonicRitual,122,DR_Slaughtervine,Slaughtervine,Enemy,1.0,6210.0,4546.0,-170.0
DemonicRitual,123,DR_Slaughtervine,Slaughtervine,Enemy,1.0,12136.0,4702.0,-820.0
DemonicRitual,124,DR_Slaughtervine,Slaughtervine,Enemy,1.0,11112.0,4628.0,-810.0
DemonicRitual,125,DR_Slaughtervine,Slaughtervine,Enemy,1.0,11619.0,5824.0,-753.0
DemonicRitual,126,DR_Slaughtervine,Slaughtervine,Enemy,1.0,10675.0,5514.0,-793.0
DemonicRitual,127,DR_Slaughtervine,Slaughtervine,Enemy,1.0,8034.0,4179.0,-756.0
DemonicRitual,128,DR_Slaughtervine,Slaughtervine,Enemy,1.0,6420.0,4566.0,-170.0
DemonicRitual,129,DR_Slaughtervine,Slaughtervine,Enemy,1.0,6080.0,4316.0,-170.0
DemonicRitual,130,DR_Slaughtervine,Slaughtervine,Enemy,1.0,5920.0,4786.0,-170.0
DemonicRitual,131,DR_Slaughtervine,Slaughtervine,Enemy,1.0,5860.0,5306.0,-170.0
DemonicRitual,132,DR_Slaughtervine,Slaughtervine,Enemy,1.0,6048.0,3887.0,-170.0
DemonicRitual,133,DR_Slaughtervine,Slaughtervine,Enemy,1.0,5868.0,3957.0,-170.0
DemonicRitual,134,DR_Slaughtervine,Slaughtervine,Enemy,1.0,12304.0,-12741.0,-659.0
DemonicRitual,135,DR_Slaughtervine,Slaughtervine,Enemy,1.0,13471.0,-12337.0,-508.0
DemonicRitual,136,DR_Slaughtervine,Slaughtervine,Enemy,1.0,2516.0,3929.0,-170.0
DemonicRitual,137,DR_Slaughtervine,Slaughtervine,Enemy,1.0,2519.0,3749.0,-170.0
DemonicRitual,138,DR_Slaughtervine,Slaughtervine,Enemy,1.0,-8814.0,-9361.0,-2064.0
DemonicRitual,139,DR_Slaughtervine,Slaughtervine,Enemy,1.0,-9210.0,-9155.0,-2063.0
DemonicRitual,140,DR_Slaughtervine,Slaughtervine,Enemy,1.0,-9208.0,-8809.0,-2064.0
DemonicRitual,141,DR_Slaughtervine,Slaughtervine,Enemy,1.0,6348.0,4061.0,-170.0
DemonicRitual,142,DR_Slaughtervine,Slaughtervine,Enemy,1.0,4694.0,5762.0,-170.0
DemonicRitual,143,DR_Slaughtervine,Slaughtervine,Enemy,1.0,4708.0,5489.0,-170.0
DemonicRitual,144,DR_Slaughtervine,Slaughtervine,Enemy,1.0,8543.0,6071.0,-701.0
DemonicRitual,145,DR_Slaughtervine,Slaughtervine,Enemy,1.0,8483.0,6704.0,-716.0
DemonicRitual,146,DR_Slaughtervine,Slaughtervine,Enemy,1.0,8601.0,6446.0,-688.0
DemonicRitual,147,DR_Slaughtervine,Slaughtervine,Enemy,1.0,11487.0,3678.0,-709.0
DemonicRitual,148,DR_Slaughtervine,Slaughtervine,Enemy,1.0,11512.0,3926.0,-746.0
DemonicRitual,149,DR_Slaughtervine,Slaughtervine,Enemy,1.0,11830.0,3945.0,-740.0
DemonicRitual,150,DR_Slaughtervine,Slaughtervine,Enemy,1.0,11800.0,3663.0,-677.0
DemonicRitual,151,DR_Slaughtervine,Slaughtervine,Enemy,1.0,6061.0,11856.0,-5970.0
DemonicRitual,152,DR_Slaughtervine,Slaughtervine,Enemy,1.0,6301.0,11646.0,-5970.0
DemonicRitual,153,DR_Slaughtervine,Slaughtervine,Enemy,1.0,6574.0,11175.0,-5970.0
DemonicRitual,154,DR_Slaughtervine,Slaughtervine,Enemy,1.0,6633.0,11393.0,-5970.0
DemonicRitual,155,DR_Slaughtervine,Slaughtervine,Enemy,1.0,6842.0,11243.0,-5970.0
DemonicRitual,156,DR_Slaughtervine,Slaughtervine,Enemy,1.0,3568.0,3990.0,-170.0
DemonicRitual,157,DR_Slaughtervine,Slaughtervine,Enemy,1.0,3911.0,4382.0,-170.0
DemonicRitual,158,DR_Slaughtervine,Slaughtervine,Enemy,1.0,4114.0,4344.0,-170.0
DemonicRitual,159,DR_Slaughtervine,Slaughtervine,Enemy,1.0,4688.0,4356.0,-170.0
DemonicRitual,160,DR_Slaughtervine,Slaughtervine,Enemy,1.0,4521.0,4510.0,-170.0
DemonicRitual,161,DR_Slaughtervine,Slaughtervine,Enemy,1.0,4866.0,4127.0,-170.0
DemonicRitual,162,DR_Slaughtervine,Slaughtervine,Enemy,1.0,3853.0,5469.0,-170.0
DemonicRitual,163,DR_Slaughtervine,Slaughtervine,Enemy,1.0,4507.0,5542.0,-170.0
DemonicRitual,164,DR_Slaughtervine,Slaughtervine,Enemy,1.0,3656.0,5624.0,-170.0
DemonicRitual,165,DR_Slaughtervine,Slaughtervine,Enemy,1.0,5895.0,5637.0,-170.0
DemonicRitual,166,DR_Slaughtervine,Slaughtervine,Enemy,1.0,6319.0,5398.0,-170.0
DemonicRitual,167,DR_Slaughtervine,Slaughtervine,Enemy,1.0,6280.0,5196.0,-170.0
DemonicRitual,168,DR_Slaughtervine,Slaughtervine,Enemy,1.0,5308.0,3337.0,-170.0
DemonicRitual,169,DR_Slaughtervine,Slaughtervine,Enemy,1.0,8477.0,4165.0,-820.0
DemonicRitual,170,DR_Slaughtervine,Slaughtervine,Enemy,1.0,8654.0,4407.0,-820.0
DemonicRitual,171,DR_Slaughtervine,Slaughtervine,Enemy,1.0,8892.0,4305.0,-820.0
DemonicRitual,172,DR_Slaughtervine,Slaughtervine,Enemy,1.0,5770.0,5026.0,-170.0
DemonicRitual,173,DR_Slaughtervine,Slaughtervine,Enemy,1.0,8889.0,4638.0,-820.0
DemonicRitual,174,DR_Slaughtervine,Slaughtervine,Enemy,1.0,9147.0,4306.0,-728.0
DemonicRitual,175,DR_Slaughtervine,Slaughtervine,Enemy,1.0,7959.0,3224.0,-820.0
DemonicRitual,176,DR_Slaughtervine,Slaughtervine,Enemy,1.0,7784.0,3031.0,-771.0
DemonicRitual,177,DR_Slaughtervine,Slaughtervine,Enemy,1.0,7303.0,3472.0,-820.0
DemonicRitual,178,DR_Slaughtervine,Slaughtervine,Enemy,1.0,7473.0,3204.0,-820.0
DemonicRitual,179,DR_Slaughtervine,Slaughtervine,Enemy,1.0,7524.0,3485.0,-756.0
DemonicRitual,180,DR_Slaughtervine,Slaughtervine,Enemy,1.0,11504.0,5983.0,-775.0
DemonicRitual,181,DR_Slaughtervine,Slaughtervine,Enemy,1.0,10309.0,3511.0,-796.0
DemonicRitual,182,DR_Slaughtervine,Slaughtervine,Enemy,1.0,10522.0,2758.0,-732.0
DemonicRitual,183,DR_Slaughtervine,Slaughtervine,Enemy,1.0,10752.0,2903.0,-757.0
DemonicRitual,184,DR_Slaughtervine,Slaughtervine,Enemy,1.0,10510.0,2889.0,-788.0
DemonicRitual,185,DR_Slaughtervine,Slaughtervine,Enemy,1.0,8573.0,4709.0,-820.0
DemonicRitual,186,DR_Slaughtervine,Slaughtervine,Enemy,1.0,9539.0,6340.0,-759.0
DemonicRitual,187,DR_Slaughtervine,Slaughtervine,Enemy,1.0,9977.0,5990.0,-759.0
DemonicRitual,188,DR_Slaughtervine,Slaughtervine,Enemy,1.0,10082.0,5861.0,-762.0
DemonicRitual,189,DR_Slaughtervine,Slaughtervine,Enemy,1.0,9381.0,6157.0,-768.0
DemonicRitual,190,NP_HalfMancatcher,Mancatcher,Enemy,2.0,17475.0,15185.0,-8631.0
DemonicRitual,191,NP_HalfMancatcher,Mancatcher,Enemy,2.0,-3725.0,1951.0,-2034.0
DemonicRitual,192,NP_HalfMancatcher,Mancatcher,Enemy,2.0,1470.0,-490.0,-990.0
DemonicRitual,193,NP_HalfMancatcher,Mancatcher,Enemy,2.0,-6690.0,-9110.0,-2012.0
DemonicRitual,194,NP_HalfMancatcher,Mancatcher,Enemy,2.0,-7300.0,-9190.0,-2012.0
DemonicRitual,195,NP_HalfMancatcher,Mancatcher,Enemy,2.0,0.0,0.0,96.0
DemonicRitual,196,NP_HalfMancatcher,Mancatcher,Enemy,2.0,18177.0,-5450.0,-5420.0
DemonicRitual,197,NP_HalfMancatcher,Mancatcher,Enemy,2.0,9206.0,-5968.0,-840.0
DemonicRitual,198,NP_HalfMancatcher,Mancatcher,Enemy,2.0,9322.0,-6402.0,-840.0
DemonicRitual,199,NP_HalfMancatcher,Mancatcher,Enemy,2.0,18104.0,-4902.0,-5440.0
DemonicRitual,200,NP_HalfMancatcher,Mancatcher,Enemy,2.0,0.0,0.0,96.0
DemonicRitual,201,NP_HalfMancatcher,Mancatcher,Enemy,2.0,0.0,0.0,96.0
DemonicRitual,202,NP_HalfMancatcher,Mancatcher,Enemy,2.0,0.0,0.0,96.0
DemonicRitual,203,NP_HalfMancatcher,Mancatcher,Enemy,2.0,0.0,0.0,96.0
DemonicRitual,204,NP_HalfMancatcher,Mancatcher,Enemy,2.0,0.0,0.0,96.0
DemonicRitual,205,NP_HalfMancatcher,Mancatcher,Enemy,2.0,3120.0,-6000.0,-990.0
DemonicRitual,206,NP_HalfMancatcher,Mancatcher,Enemy,2.0,17145.0,15005.0,-8632.0
DemonicRitual,207,NP_HalfMancatcher,Mancatcher,Enemy,2.0,1390.0,-5140.0,-990.0
DemonicRitual,208,NP_HalfMancatcher,Mancatcher,Enemy,2.0,6420.0,-5350.0,-830.0
DemonicRitual,209,PR_BarbarousLasher,Barbarous Lasher,Enemy,5.0,10870.0,6820.0,-755.0
DemonicRitual,210,PR_BarbarousLasher,Barbarous Lasher,Enemy,5.0,11200.0,3740.0,-755.0
DemonicRitual,211,PR_BarbarousLasher,Barbarous Lasher,Enemy,5.0,7610.0,3260.0,-755.0
DemonicRitual,212,PR_BarbarousLasher,Barbarous Lasher,Enemy,5.0,5770.0,3390.0,-55.0
DemonicRitual,213,VV_BlackmistCutthroat,Nightmist Cutthroat,Enemy,3.0,10219.0,15165.0,-6843.0
DemonicRitual,214,VV_BlackmistCutthroat,Nightmist Cutthroat,Enemy,3.0,6780.0,-5290.0,-850.0
DemonicRitual,215,VV_BlackmistCutthroat,Nightmist Cutthroat,Enemy,3.0,19400.0,1220.0,-5370.0
DemonicRitual,216,VV_BlackmistCutthroat,Nightmist Cutthroat,Enemy,3.0,10879.0,15245.0,-6843.0
DemonicRitual,217,VV_BlackmistCutthroat,Nightmist Cutthroat,Enemy,3.0,21629.0,24175.0,-9673.0
DemonicRitual,218,VV_BlackmistCutthroat,Nightmist Cutthroat,Enemy,3.0,22089.0,23475.0,-9633.0
DemonicRitual,219,VV_BlackmistCutthroat,Nightmist Cutthroat,Enemy,3.0,18729.0,19475.0,-8653.0
DemonicRitual,220,VV_BlackmistCutthroat,Nightmist Cutthroat,Enemy,3.0,3440.0,-6070.0,-1000.0
DemonicRitual,221,VV_BlackmistCutthroat,Nightmist Cutthroat,Enemy,3.0,3580.0,-5770.0,-1000.0
DemonicRitual,222,VV_BlackmistCutthroat,Nightmist Cutthroat,Enemy,3.0,6390.0,-4980.0,-850.0
DemonicRitual,223,VV_IcebitePillager,Raging Pillager,Enemy,2.0,13440.0,13560.0,-6840.0
DemonicRitual,224,VV_IcebitePillager,Raging Pillager,Enemy,2.0,-12990.0,-2102.0,-2299.0
DemonicRitual,225,VV_IcebitePillager,Raging Pillager,Enemy,2.0,-13030.0,-2562.0,-2299.0
DemonicRitual,226,VV_IcebitePillager,Raging Pillager,Enemy,2.0,17218.0,1331.0,-5387.0
DemonicRitual,227,VV_IcebitePillager,Raging Pillager,Enemy,2.0,17688.0,1101.0,-5387.0
DemonicRitual,228,VV_IcebitePillager,Raging Pillager,Enemy,2.0,19028.0,1301.0,-5387.0
DemonicRitual,229,VV_IcebitePillager,Raging Pillager,Enemy,2.0,19228.0,921.0,-5387.0
DemonicRitual,230,VV_IcebitePillager,Raging Pillager,Enemy,2.0,13500.0,13870.0,-6842.0
DemonicRitual,231,VV_IcebitePillager,Raging Pillager,Enemy,2.0,21937.0,-2929.0,-2210.0
DemonicRitual,232,VV_IcebitePillager,Raging Pillager,Enemy,2.0,21964.0,-2385.0,-2210.0
DemonicRitual,233,VV_IcebitePillager,Raging Pillager,Enemy,2.0,21712.0,-2509.0,-2210.0
DemonicRitual,234,VV_IcebitePillager,Raging Pillager,Enemy,2.0,21665.0,-2874.0,-2210.0
DemonicRitual,235,VV_IcebitePillager,Raging Pillager,Enemy,2.0,10880.0,840.0,-840.0
DemonicRitual,236,VV_IcebitePillager,Raging Pillager,Enemy,2.0,10399.0,1076.0,-840.0
DemonicRitual,237,VV_IcebitePillager,Raging Pillager,Enemy,2.0,13140.0,13370.0,-6838.0
DemonicRitual,238,VV_IcebitePillager,Raging Pillager,Enemy,2.0,12750.0,13510.0,-6840.0
DemonicRitual,239,VV_IcebitePillager,Raging Pillager,Enemy,2.0,13240.0,14160.0,-6840.0
DemonicRitual,240,VV_IcebitePillager,Raging Pillager,Enemy,2.0,21200.0,16100.0,-8620.0
DemonicRitual,241,VV_IcebitePillager,Raging Pillager,Enemy,2.0,21970.0,16420.0,-8620.0
DemonicRitual,242,VV_IcebitePillager,Raging Pillager,Enemy,2.0,21540.0,15810.0,-8620.0
DemonicRitual,243,VV_IcebitePillager,Raging Pillager,Enemy,2.0,-12910.0,-2332.0,-2299.0
DemonicRitual,244,VV_SootstainedArsonist,Ashen Arsonist,Enemy,3.0,11282.0,3168.0,-6821.0
DemonicRitual,245,VV_SootstainedArsonist,Ashen Arsonist,Enemy,3.0,11612.0,3168.0,-6841.0
DemonicRitual,246,VV_SootstainedArsonist,Ashen Arsonist,Enemy,3.0,8990.0,-6310.0,-850.0
DemonicRitual,247,VV_SootstainedArsonist,Ashen Arsonist,Enemy,3.0,5380.0,-2350.0,-720.0
DemonicRitual,248,VV_SootstainedArsonist,Ashen Arsonist,Enemy,3.0,5380.0,-2990.0,-720.0
DemonicRitual,249,VV_SootstainedArsonist,Ashen Arsonist,Enemy,3.0,22262.0,-2823.0,-2189.0
DemonicRitual,250,VV_SootstainedArsonist,Ashen Arsonist,Enemy,3.0,22269.0,-2524.0,-2189.0
DemonicRitual,251,VV_SootstainedArsonist,Ashen Arsonist,Enemy,3.0,18652.0,18988.0,-8621.0
DemonicRitual,252,VV_SootstainedArsonist,Ashen Arsonist,Enemy,3.0,16630.0,-2970.0,-6520.0
DemonicRitual,253,VV_SootstainedArsonist,Ashen Arsonist,Enemy,3.0,16660.0,-2360.0,-6520.0
DemonicRitual,254,VV_SootstainedArsonist,Ashen Arsonist,Enemy,3.0,9974.0,1230.0,-830.0
DemonicRitual,255,VV_SootstainedArsonist,Ashen Arsonist,Enemy,3.0,-13270.0,-1960.0,-2340.0
DemonicRitual,256,VV_SootstainedArsonist,Ashen Arsonist,Enemy,3.0,18272.0,19788.0,-8621.0
DemonicRitual,257,VV_SootstainedArsonist,Ashen Arsonist,Enemy,3.0,25582.0,17548.0,-9671.0
DemonicRitual,258,VV_SootstainedArsonist,Ashen Arsonist,Enemy,3.0,25752.0,18078.0,-9671.0
DemonicRitual,259,VV_SootstainedArsonist,Ashen Arsonist,Enemy,3.0,25102.0,17518.0,-9661.0
DemonicRitual,260,VV_SootstainedArsonist,Ashen Arsonist,Enemy,3.0,25292.0,18328.0,-9671.0
DemonicRitual,261,VV_SootstainedArsonist,Ashen Arsonist,Enemy,3.0,8919.0,-6024.0,-850.0
DesertDunes,0,DD_Arbalist,Dunesnare Hunter,Elite,3.0,18030.0,6840.0,1600.0
DesertDunes,1,DD_Arbalist,Dunesnare Hunter,Elite,3.0,18030.0,6560.0,1600.0
DesertDunes,2,DD_Arbalist,Dunesnare Hunter,Elite,3.0,-8679.0,-27198.0,1674.0
DesertDunes,3,DD_Arbalist,Dunesnare Hunter,Elite,3.0,-9306.0,-39189.0,2603.0
DesertDunes,4,DD_Arbalist,Dunesnare Hunter,Elite,3.0,2442.0,1815.0,286.0
DesertDunes,5,DD_Arbalist,Dunesnare Hunter,Elite,3.0,53.0,9889.0,658.0
DesertDunes,6,DD_Arbalist,Dunesnare Hunter,Elite,3.0,6032.0,6625.0,748.0
DesertDunes,7,DD_Arbalist,Dunesnare Hunter,Elite,3.0,-20601.0,-37339.0,1626.0
DesertDunes,8,DD_Arbalist,Dunesnare Hunter,Elite,3.0,-787.0,-12511.0,1402.0
DesertDunes,9,DD_Arbalist,Dunesnare Hunter,Elite,3.0,3362.0,1815.0,286.0
DesertDunes,10,DD_Arbalist,Dunesnare Hunter,Elite,3.0,-983.0,-12622.0,1396.0
DesertDunes,11,DD_Arbalist,Dunesnare Hunter,Elite,3.0,-16144.0,-37205.0,2085.0
DesertDunes,12,DD_Arbalist,Dunesnare Hunter,Elite,3.0,-16272.0,-37475.0,2175.0
DesertDunes,13,DD_Arbalist,Dunesnare Hunter,Elite,3.0,-11874.0,-34009.0,2747.0
DesertDunes,14,DD_Arbalist,Dunesnare Hunter,Elite,3.0,-11671.0,-42951.0,3314.0
DesertDunes,15,DD_Arbalist,Dunesnare Hunter,Elite,3.0,-11930.0,-43084.0,3304.0
DesertDunes,16,DD_Arbalist,Dunesnare Hunter,Elite,3.0,-22596.0,-34560.0,2649.0
DesertDunes,17,DD_Arbalist,Dunesnare Hunter,Elite,3.0,-22397.0,-34381.0,2634.0
DesertDunes,18,DD_Arbalist,Dunesnare Hunter,Elite,3.0,6102.0,5915.0,698.0
DesertDunes,19,DD_Arbalist,Dunesnare Hunter,Elite,3.0,412.0,9854.0,655.0
DesertDunes,20,DD_Arbalist,Dunesnare Hunter,Elite,3.0,-13024.0,-12289.0,906.0
DesertDunes,21,DD_Arbalist,Dunesnare Hunter,Elite,3.0,-12956.0,-12503.0,868.0
DesertDunes,22,DD_Arbalist,Dunesnare Hunter,Elite,3.0,-13781.0,-27942.0,2698.0
DesertDunes,23,DD_Arbalist,Dunesnare Hunter,Elite,3.0,-13497.0,-27864.0,2708.0
DesertDunes,24,DD_Arbalist,Dunesnare Hunter,Elite,3.0,-6508.0,-14165.0,1069.0
DesertDunes,25,DD_DesertBrute,Gravebreaker Brute,Enemy,5.0,21890.0,6407.0,1158.0
DesertDunes,26,DD_DesertBrute,Gravebreaker Brute,Enemy,5.0,-14867.0,-33208.0,1853.0
DesertDunes,27,DD_DesertBrute,Gravebreaker Brute,Enemy,5.0,-1097.0,-15349.0,1125.0
DesertDunes,28,DD_DesertBrute,Gravebreaker Brute,Enemy,5.0,-8149.0,-29951.0,1606.0
DesertDunes,29,DD_DesertBrute,Gravebreaker Brute,Enemy,5.0,-18049.0,-33591.0,1757.0
DesertDunes,30,DD_DesertBrute,Gravebreaker Brute,Enemy,5.0,-9068.0,-38845.0,2662.0
DesertDunes,31,DD_DesertBrute,Gravebreaker Brute,Enemy,5.0,-1960.0,6841.0,395.0
DesertDunes,32,DD_DesertBrute,Gravebreaker Brute,Enemy,5.0,2886.0,8876.0,431.0
DesertDunes,33,DD_DesertNomad,Sandsworn Husk,Enemy,2.0,-14769.0,-33697.0,1762.0
DesertDunes,34,DD_DesertNomad,Sandsworn Husk,Enemy,2.0,-14769.0,-32817.0,1862.0
DesertDunes,35,DD_DesertNomad,Sandsworn Husk,Enemy,2.0,-8899.0,-38305.0,2626.0
DesertDunes,36,DD_DesertNomad,Sandsworn Husk,Enemy,2.0,-8679.0,-38465.0,2686.0
DesertDunes,37,DD_DesertNomad,Sandsworn Husk,Enemy,2.0,-15279.0,-33407.0,1912.0
DesertDunes,38,DD_DesertNomad,Sandsworn Husk,Enemy,2.0,-8455.0,-29718.0,1517.0
DesertDunes,39,DD_DesertNomad,Sandsworn Husk,Enemy,2.0,3454.0,9124.0,449.0
DesertDunes,40,DD_DesertNomad,Sandsworn Husk,Enemy,2.0,-13595.0,-41221.0,2508.0
DesertDunes,41,DD_DesertNomad,Sandsworn Husk,Enemy,2.0,21901.0,7069.0,1103.0
DesertDunes,42,DD_DesertNomad,Sandsworn Husk,Enemy,2.0,22049.0,6842.0,1103.0
DesertDunes,43,DD_DesertNomad,Sandsworn Husk,Enemy,2.0,21285.0,6315.0,1140.0
DesertDunes,44,DD_DesertNomad,Sandsworn Husk,Enemy,2.0,-9405.0,-26940.0,1647.0
DesertDunes,45,DD_DesertNomad,Sandsworn Husk,Enemy,2.0,-8060.0,-30304.0,1582.0
DesertDunes,46,DD_DesertNomad,Sandsworn Husk,Enemy,2.0,-5510.0,-32374.0,1772.0
DesertDunes,47,DD_DesertNomad,Sandsworn Husk,Enemy,2.0,-5770.0,-32444.0,1772.0
DesertDunes,48,DD_DesertNomad,Sandsworn Husk,Enemy,2.0,-5440.0,-32094.0,1772.0
DesertDunes,49,DD_DesertNomad,Sandsworn Husk,Enemy,2.0,-13396.0,-41525.0,2561.0
DesertDunes,50,DD_DesertNomad,Sandsworn Husk,Enemy,2.0,-5573.0,-30525.0,1692.0
DesertDunes,51,DD_DesertNomad,Sandsworn Husk,Enemy,2.0,-5780.0,-30324.0,1682.0
DesertDunes,52,DD_DesertNomad,Sandsworn Husk,Enemy,2.0,-5683.0,-30865.0,1662.0
DesertDunes,53,DD_DesertNomad,Sandsworn Husk,Enemy,2.0,-8846.0,-27076.0,1660.0
DesertDunes,54,DD_DesertNomad,Sandsworn Husk,Enemy,2.0,3368.0,-8689.0,1662.0
DesertDunes,55,DD_DesertNomad,Sandsworn Husk,Enemy,2.0,3443.0,-9033.0,1657.0
DesertDunes,56,DD_DesertNomad,Sandsworn Husk,Enemy,2.0,3579.0,-8824.0,1659.0
DesertDunes,57,DD_DesertNomad,Sandsworn Husk,Enemy,2.0,3233.0,-8899.0,1658.0
DesertDunes,58,DD_DesertNomad,Sandsworn Husk,Enemy,2.0,-852.0,-15019.0,1117.0
DesertDunes,59,DD_DesertNomad,Sandsworn Husk,Enemy,2.0,-1373.0,-15562.0,1069.0
DesertDunes,60,DD_DesertNomad,Sandsworn Husk,Enemy,2.0,-20202.0,-41189.0,2121.0
DesertDunes,61,DD_DesertNomad,Sandsworn Husk,Enemy,2.0,-1290.0,7341.0,372.0
DesertDunes,62,DD_DesertNomad,Sandsworn Husk,Enemy,2.0,-1440.0,6431.0,339.0
DesertDunes,63,DD_DesertNomad,Sandsworn Husk,Enemy,2.0,-1710.0,6451.0,342.0
DesertDunes,64,DD_DesertNomad,Sandsworn Husk,Enemy,2.0,3304.0,8834.0,379.0
DesertDunes,65,DD_DesertNomad,Sandsworn Husk,Enemy,2.0,4043.0,8634.0,502.0
DesertDunes,66,DD_DesertNomad,Sandsworn Husk,Enemy,2.0,-19932.0,-41249.0,2141.0
DesertDunes,67,DD_DesertNomad,Sandsworn Husk,Enemy,2.0,-13677.0,-41481.0,2518.0
DesertDunes,68,DD_DesertNomad,Sandsworn Husk,Enemy,2.0,2284.0,9024.0,339.0
DesertDunes,69,DD_DesertNomad,Sandsworn Husk,Enemy,2.0,-12949.0,-40215.0,2427.0
DesertDunes,70,DD_DesertNomad,Sandsworn Husk,Enemy,2.0,-13181.0,-40252.0,2413.0
DesertDunes,71,DD_DesertNomad,Sandsworn Husk,Enemy,2.0,-13160.0,-40501.0,2453.0
DesertDunes,72,DD_DesertNomad,Sandsworn Husk,Enemy,2.0,-12892.0,-40458.0,2459.0
DesertDunes,73,DD_DesertWarrior,Tombguard Reaver,Elite,3.0,17730.0,7180.0,1590.0
DesertDunes,74,DD_DesertWarrior,Tombguard Reaver,Elite,3.0,16850.0,7230.0,1610.0
DesertDunes,75,DD_DesertWarrior,Tombguard Reaver,Elite,3.0,-7890.0,-18449.0,2333.0
DesertDunes,76,DD_DesertWarrior,Tombguard Reaver,Elite,3.0,-9098.0,-26862.0,1657.0
DesertDunes,77,DD_DesertWarrior,Tombguard Reaver,Elite,3.0,-12680.0,-40260.0,2432.0
DesertDunes,78,DD_DesertWarrior,Tombguard Reaver,Elite,3.0,-20892.0,-37028.0,1657.0
DesertDunes,79,DD_DesertWarrior,Tombguard Reaver,Elite,3.0,-6827.0,-14119.0,1134.0
DesertDunes,80,DD_DesertWarrior,Tombguard Reaver,Elite,3.0,3209.0,-9179.0,1657.0
DesertDunes,81,DD_DesertWarrior,Tombguard Reaver,Elite,3.0,3199.0,-6651.0,1489.0
DesertDunes,82,DD_DesertWarrior,Tombguard Reaver,Elite,3.0,-1695.0,7321.0,381.0
DesertDunes,83,DD_DesertWarrior,Tombguard Reaver,Elite,3.0,-7531.0,-18629.0,2333.0
DesertDunes,84,DD_NightboundMagi,Nightbound Magi,Elite,5.0,-13805.0,-29807.0,1918.0
DesertDunes,85,DD_NightboundMagi,Nightbound Magi,Elite,5.0,-6005.0,-31561.0,1687.0
DesertDunes,86,DD_NightboundMagi,Nightbound Magi,Elite,5.0,3819.0,8992.0,470.0
DesertDunes,87,DD_NightboundMagi,Nightbound Magi,Elite,5.0,-10262.0,-11453.0,935.0
DesertDunes,88,DD_NightboundMagi,Nightbound Magi,Elite,5.0,-1030.0,-2859.0,344.0
DesertDunes,89,DD_NightboundMagi,Nightbound Magi,Elite,5.0,17320.0,8201.0,2005.0
DesertDunes,90,DD_WitheringMagi,Acolyte of Sinnari,Enemy,3.0,-21514.0,-32149.0,1865.0
DesertDunes,91,DD_WitheringMagi,Acolyte of Sinnari,Enemy,3.0,-10117.0,-10854.0,797.0
DesertDunes,92,DD_WitheringMagi,Acolyte of Sinnari,Enemy,3.0,-10587.0,-11074.0,887.0
DesertDunes,93,DD_WitheringMagi,Acolyte of Sinnari,Enemy,3.0,-1080.0,-3270.0,330.0
DesertDunes,94,DD_WitheringMagi,Acolyte of Sinnari,Enemy,3.0,-1310.0,-2560.0,330.0
DesertDunes,95,DD_WitheringMagi,Acolyte of Sinnari,Enemy,3.0,-20439.0,-41258.0,2092.0
DesertDunes,96,DD_WitheringMagi,Acolyte of Sinnari,Enemy,3.0,-14718.0,-37965.0,2090.0
DesertDunes,97,DD_WitheringMagi,Acolyte of Sinnari,Enemy,3.0,-15658.0,-37965.0,2080.0
DesertDunes,98,DD_WitheringMagi,Acolyte of Sinnari,Enemy,3.0,-14244.0,-30019.0,1924.0
DesertDunes,99,DD_WitheringMagi,Acolyte of Sinnari,Enemy,3.0,-13384.0,-30019.0,1904.0
DesertDunes,100,DD_WitheringMagi,Acolyte of Sinnari,Enemy,3.0,6768.0,-4878.0,1488.0
DesertDunes,101,DD_WitheringMagi,Acolyte of Sinnari,Enemy,3.0,2608.0,2342.0,414.0
DesertDunes,102,DD_WitheringMagi,Acolyte of Sinnari,Enemy,3.0,-7834.0,-18809.0,2329.0
DesertDunes,103,DD_WitheringMagi,Acolyte of Sinnari,Enemy,3.0,-7089.0,-13910.0,1033.0
DesertDunes,104,DD_WitheringMagi,Acolyte of Sinnari,Enemy,3.0,767.0,-12086.0,1643.0
DesertDunes,105,DD_WitheringMagi,Acolyte of Sinnari,Enemy,3.0,1629.0,-12625.0,1662.0
DesertDunes,106,DD_WitheringMagi,Acolyte of Sinnari,Enemy,3.0,3258.0,2282.0,434.0
DesertDunes,107,DD_WitheringMagi,Acolyte of Sinnari,Enemy,3.0,3330.0,-6381.0,1496.0
DesertDunes,108,DR_RuinsLasher,Ruins Lasher,Enemy,1.0,-18376.0,-33339.0,1745.0
DesertDunes,109,DR_RuinsLasher,Ruins Lasher,Enemy,1.0,-17643.0,-27141.0,2047.0
DesertDunes,110,DR_RuinsLasher,Ruins Lasher,Enemy,1.0,-17183.0,-27101.0,2063.0
DesertDunes,111,DR_RuinsLasher,Ruins Lasher,Enemy,1.0,-17353.0,-27481.0,2120.0
DesertDunes,112,DR_RuinsLasher,Ruins Lasher,Enemy,1.0,-17879.0,-26475.0,1973.0
DesertDunes,113,DR_RuinsLasher,Ruins Lasher,Enemy,1.0,-17614.0,-26097.0,2000.0
DesertDunes,114,DR_RuinsLasher,Ruins Lasher,Enemy,1.0,-17433.0,-26471.0,2037.0
DesertDunes,115,DR_RuinsLasher,Ruins Lasher,Enemy,1.0,-17943.0,-33181.0,1713.0
DesertDunes,116,DR_RuinsLasher,Ruins Lasher,Enemy,1.0,-9436.0,-6521.0,535.0
DesertDunes,117,DR_RuinsLasher,Ruins Lasher,Enemy,1.0,-9633.0,-6261.0,530.0
DesertDunes,118,DR_RuinsLasher,Ruins Lasher,Enemy,1.0,-9316.0,-6161.0,595.0
DesertDunes,119,DR_RuinsLasher,Ruins Lasher,Enemy,1.0,-9513.0,-5901.0,590.0
DesertDunes,120,DR_RuinsLasher,Ruins Lasher,Enemy,1.0,-3632.0,-11269.0,158.0
DesertDunes,121,DR_RuinsLasher,Ruins Lasher,Enemy,1.0,-3983.0,-11371.0,138.0
DesertDunes,122,DR_RuinsLasher,Ruins Lasher,Enemy,1.0,-3670.0,-12478.0,191.0
DesertDunes,123,DR_RuinsLasher,Ruins Lasher,Enemy,1.0,-3403.0,-12001.0,166.0
DesertDunes,124,DR_RuinsLasher,Ruins Lasher,Enemy,1.0,-4818.0,-3650.0,296.0
DesertDunes,125,DR_RuinsLasher,Ruins Lasher,Enemy,1.0,-4525.0,-3870.0,296.0
DesertDunes,126,DR_RuinsLasher,Ruins Lasher,Enemy,1.0,-4245.0,-3691.0,296.0
DesertDunes,127,DR_RuinsLasher,Ruins Lasher,Enemy,1.0,-3838.0,-4760.0,296.0
DesertDunes,128,DR_RuinsLasher,Ruins Lasher,Enemy,1.0,-4032.0,-5071.0,298.0
DesertDunes,129,DR_RuinsLasher,Ruins Lasher,Enemy,1.0,-3829.0,-5335.0,299.0
DesertDunes,130,DR_RuinsLasher,Ruins Lasher,Enemy,1.0,-3653.0,-5061.0,298.0
DesertDunes,131,DR_RuinsLasher,Ruins Lasher,Enemy,1.0,409.0,133.0,144.0
DesertDunes,132,DR_RuinsLasher,Ruins Lasher,Enemy,1.0,697.0,359.0,172.0
DesertDunes,133,DR_RuinsLasher,Ruins Lasher,Enemy,1.0,597.0,676.0,167.0
DesertDunes,134,DR_RuinsLasher,Ruins Lasher,Enemy,1.0,-17003.0,-30491.0,1721.0
DesertDunes,135,DR_RuinsLasher,Ruins Lasher,Enemy,1.0,-16253.0,-30451.0,1796.0
DesertDunes,136,DR_RuinsLasher,Ruins Lasher,Enemy,1.0,-16543.0,-31021.0,1744.0
DesertDunes,137,DR_RuinsLasher,Ruins Lasher,Enemy,1.0,-21333.0,-31951.0,1800.0
DesertDunes,138,DR_RuinsLasher,Ruins Lasher,Enemy,1.0,-21113.0,-31991.0,1740.0
DesertDunes,139,DR_RuinsLasher,Ruins Lasher,Enemy,1.0,-21283.0,-32371.0,1790.0
DesertDunes,140,PR_BarbarousLasher,Barbarous Lasher,Enemy,5.0,-16745.0,-26825.0,2129.0
DesertDunes,141,PR_BarbarousLasher,Barbarous Lasher,Enemy,5.0,-7565.0,-6875.0,478.0
DesertDunes,142,PR_BarbarousLasher,Barbarous Lasher,Enemy,5.0,245.0,465.0,134.0
DesertDunes,143,PR_PirateGrunt,Gravescythe,Enemy,2.5,7851.0,-4589.0,1497.0
DesertDunes,144,PR_PirateGrunt,Gravescythe,Enemy,2.5,5859.0,-8236.0,1491.0
DesertDunes,145,PR_PirateGrunt,Gravescythe,Enemy,2.5,1955.0,-2271.0,227.0
DesertDunes,146,PR_PirateGrunt,Gravescythe,Enemy,2.5,-8461.0,-3746.0,340.0
DesertDunes,147,PR_PirateGrunt,Gravescythe,Enemy,2.5,-9351.0,-4456.0,340.0
DesertDunes,148,PR_PirateGrunt,Gravescythe,Enemy,2.5,6081.0,-7999.0,1491.0
DesertDunes,149,PR_PirateGrunt,Gravescythe,Enemy,2.5,7229.0,-5316.0,1481.0
DesertDunes,150,PR_PirateGrunt,Gravescythe,Enemy,2.5,1065.0,-2721.0,227.0
DesertDunes,151,PR_PirateGrunt,Gravescythe,Enemy,2.5,7501.0,-4509.0,1495.0
DesertDunes,152,PR_PirateGrunt,Gravescythe,Enemy,2.5,1355.0,-2921.0,227.0
DesertDunes,153,PR_PossessedArmor,Greedspawn Sentinel,Enemy,5.0,-9252.0,-3732.0,341.0
DesertDunes,154,PR_PossessedArmor,Greedspawn Sentinel,Enemy,5.0,7188.0,-4892.0,1492.0
DesertDunes,155,PR_PossessedArmor,Greedspawn Sentinel,Enemy,5.0,1798.0,-2782.0,226.0
DesertDunes,156,PR_PossessedArmor,Greedspawn Sentinel,Enemy,5.0,2937.0,1719.0,260.0
DesertDunes,157,SG_WaterElemental,Water Elemental,Enemy,3.0,-20125.0,-29928.0,1778.0
DesertDunes,158,SG_WaterElemental,Water Elemental,Enemy,3.0,-4281.0,-9298.0,115.0
DesertDunes,159,SG_WaterElemental,Water Elemental,Enemy,3.0,-5711.0,-5931.0,100.0
DesertDunes,160,SG_WaterElemental,Water Elemental,Enemy,3.0,-7690.0,-6409.0,327.0
DesertDunes,161,SG_WaterElemental,Water Elemental,Enemy,3.0,-4480.0,-3539.0,327.0
DesertDunes,162,SG_WaterElemental,Water Elemental,Enemy,3.0,-19275.0,-29548.0,1778.0
DesertDunes,163,SG_WaterElemental,Water Elemental,Enemy,3.0,-16595.0,-30698.0,1778.0
DesertDunes,164,SG_WaterElemental,Water Elemental,Enemy,3.0,-3878.0,-11962.0,124.0
DesertDunes,165,SG_WaterElemental,Water Elemental,Enemy,3.0,-2880.0,-8159.0,124.0
ElfMines,0,CM_EarthElemental,Enraged Earth Elemental,Elite,7.0,65142.0,1383.0,-2931.0
ElfMines,1,CM_EarthElemental,Enraged Earth Elemental,Elite,7.0,77761.0,5768.0,-2931.0
ElfMines,2,CM_ElfWarden,Arcane Warden,Elite,4.0,79090.0,11076.0,-3312.0
ElfMines,3,CM_ElfWarden,Arcane Warden,Elite,4.0,67394.0,3279.0,-3034.0
ElfMines,4,CM_ElfWarden,Arcane Warden,Elite,4.0,74208.0,4214.0,-2240.0
ElfMines,5,CM_ElfWarden,Arcane Warden,Elite,4.0,69560.0,4387.0,-2240.0
ElfMines,6,CM_ElfWarden,Arcane Warden,Elite,4.0,55493.0,13046.0,-1288.0
ElfMines,7,CM_ElfWarden,Arcane Warden,Elite,4.0,61519.0,11842.0,-1843.0
ElfMines,8,CM_ElfWarden,Arcane Warden,Elite,4.0,67386.0,2901.0,-3034.0
ElfMines,9,CM_ElfWarden,Arcane Warden,Elite,4.0,59940.0,5498.0,-2493.0
ElfMines,10,CM_ElfEnforcer,Enforcer,Elite,5.0,62837.0,9729.0,-1843.0
ElfMines,11,CM_ElfEnforcer,Enforcer,Elite,5.0,78972.0,11517.0,-3340.0
ElfMines,12,CM_ElfEnforcer,Enforcer,Elite,5.0,63814.0,4687.0,-3034.0
ElfMines,13,CM_ElfEnforcer,Enforcer,Elite,5.0,56246.0,7214.0,-1880.0
ElfMines,14,CM_ElfEnforcer,Enforcer,Elite,5.0,52477.0,20588.0,-2215.0
ElfMines,15,CM_ElfEnforcer,Enforcer,Elite,5.0,57334.0,23184.0,-2733.0
ElfMines,16,CM_ElfEnforcer,Enforcer,Elite,5.0,70870.0,5464.0,-2208.0
ElfMines,17,CM_ElfEnforcer,Enforcer,Elite,5.0,72603.0,8066.0,-2231.0
ElfMines,18,CM_ElfGoon,Dredge,Enemy,1.0,59016.0,21111.0,-2712.0
ElfMines,19,CM_ElfGoon,Dredge,Enemy,1.0,59214.0,20990.0,-2712.0
ElfMines,20,CM_ElfGoon,Dredge,Enemy,1.0,72090.0,2124.0,-2023.0
ElfMines,21,CM_ElfGoon,Dredge,Enemy,1.0,71716.0,2009.0,-2023.0
ElfMines,22,CM_ElfGoon,Dredge,Enemy,1.0,67781.0,3301.0,-3034.0
ElfMines,23,CM_ElfGoon,Dredge,Enemy,1.0,58728.0,8327.0,-1620.0
ElfMines,24,CM_ElfGoon,Dredge,Enemy,1.0,58445.0,8701.0,-1655.0
ElfMines,25,CM_ElfGoon,Dredge,Enemy,1.0,72420.0,2410.0,-2023.0
ElfMines,26,CM_ElfGoon,Dredge,Enemy,1.0,71705.0,2357.0,-2023.0
ElfMines,27,CM_ElfGoon,Dredge,Enemy,1.0,74003.0,4415.0,-2240.0
ElfMines,28,CM_ElfGoon,Dredge,Enemy,1.0,73850.0,4286.0,-2240.0
ElfMines,29,CM_ElfGoon,Dredge,Enemy,1.0,58467.0,9089.0,-1615.0
ElfMines,30,CM_ElfGoon,Dredge,Enemy,1.0,58954.0,21354.0,-2712.0
ElfMines,31,CM_ElfGoon,Dredge,Enemy,1.0,58518.0,8887.0,-1635.0
ElfMines,32,CM_ElfGoon,Dredge,Enemy,1.0,73907.0,4530.0,-2240.0
ElfMines,33,CM_ElfGoon,Dredge,Enemy,1.0,73754.0,4400.0,-2240.0
ElfMines,34,CM_ElfGoon,Dredge,Enemy,1.0,56627.0,15773.0,-1934.0
ElfMines,35,CM_ElfGoon,Dredge,Enemy,1.0,57053.0,15703.0,-1934.0
ElfMines,36,CM_ElfGoon,Dredge,Enemy,1.0,56573.0,6747.0,-1880.0
ElfMines,37,CM_ElfGoon,Dredge,Enemy,1.0,60178.0,15266.0,-1844.0
ElfMines,38,CM_ElfGoon,Dredge,Enemy,1.0,60356.0,13966.0,-1804.0
ElfMines,39,CM_ElfGoon,Dredge,Enemy,1.0,60288.0,14206.0,-1804.0
ElfMines,40,CM_ElfGoon,Dredge,Enemy,1.0,56358.0,6677.0,-1880.0
ElfMines,41,CM_ElfGoon,Dredge,Enemy,1.0,67634.0,2900.0,-3034.0
ElfMines,42,CM_ElfGoon,Dredge,Enemy,1.0,56093.0,6847.0,-1880.0
ElfMines,43,CM_ElfGoon,Dredge,Enemy,1.0,69935.0,4297.0,-2240.0
ElfMines,44,CM_ElfGoon,Dredge,Enemy,1.0,69834.0,4470.0,-2240.0
ElfMines,45,CM_ElfGoon,Dredge,Enemy,1.0,60318.0,15426.0,-1844.0
ElfMines,46,CM_ElfGoon,Dredge,Enemy,1.0,57887.0,4757.0,-1880.0
ElfMines,47,CM_ElfGoon,Dredge,Enemy,1.0,57641.0,4845.0,-1880.0
ElfMines,48,CM_ElfGoon,Dredge,Enemy,1.0,57857.0,5029.0,-1880.0
ElfMines,49,CM_ElfGoon,Dredge,Enemy,1.0,51879.0,23261.0,-1780.0
ElfMines,50,CM_ElfGoon,Dredge,Enemy,1.0,51990.0,23013.0,-1780.0
ElfMines,51,CM_ElfGoon,Dredge,Enemy,1.0,53274.0,18804.0,-2674.0
ElfMines,52,CM_ElfGoon,Dredge,Enemy,1.0,67634.0,3100.0,-3034.0
ElfMines,53,CM_ElfGoon,Dredge,Enemy,1.0,52255.0,19964.0,-2137.0
ElfMines,54,CM_ElfGoon,Dredge,Enemy,1.0,61065.0,7041.0,-2483.0
ElfMines,55,CM_ElfGoon,Dredge,Enemy,1.0,61052.0,6852.0,-2470.0
ElfMines,56,CM_ElfGoon,Dredge,Enemy,1.0,60302.0,5472.0,-2499.0
ElfMines,57,CM_ElfGoon,Dredge,Enemy,1.0,60526.0,5708.0,-2515.0
ElfMines,58,CM_ElfGoon,Dredge,Enemy,1.0,53617.0,18123.0,-2714.0
ElfMines,59,CM_ElfGoon,Dredge,Enemy,1.0,61300.0,12508.0,-1814.0
ElfMines,60,CM_ElfGoon,Dredge,Enemy,1.0,53797.0,18123.0,-2714.0
ElfMines,61,CM_ElfGoon,Dredge,Enemy,1.0,53767.0,18373.0,-2714.0
ElfMines,62,CM_ElfGoon,Dredge,Enemy,1.0,74162.0,8447.0,-2240.0
ElfMines,63,CM_ElfGoon,Dredge,Enemy,1.0,67631.0,3301.0,-3034.0
ElfMines,64,CM_ElfGoon,Dredge,Enemy,1.0,51484.0,20654.0,-2071.0
ElfMines,65,CM_ElfGoon,Dredge,Enemy,1.0,51813.0,20487.0,-2053.0
ElfMines,66,CM_ElfGoon,Dredge,Enemy,1.0,71055.0,2410.0,-2023.0
ElfMines,67,CM_ElfGoon,Dredge,Enemy,1.0,70821.0,2712.0,-2023.0
ElfMines,68,CM_ElfGoon,Dredge,Enemy,1.0,71418.0,2566.0,-2023.0
ElfMines,69,CM_ElfGoon,Dredge,Enemy,1.0,53250.0,18512.0,-2733.0
ElfMines,70,CM_ElfGoon,Dredge,Enemy,1.0,53365.0,18162.0,-2733.0
ElfMines,71,CM_ElfGoon,Dredge,Enemy,1.0,54839.0,17744.0,-2437.0
ElfMines,72,CM_ElfGoon,Dredge,Enemy,1.0,58641.0,8476.0,-1649.0
ElfMines,73,CM_ElfGoon,Dredge,Enemy,1.0,55207.0,17732.0,-2419.0
ElfMines,74,CM_ElfGoon,Dredge,Enemy,1.0,58140.0,23255.0,-2712.0
ElfMines,75,CM_ElfGoon,Dredge,Enemy,1.0,58227.0,23064.0,-2712.0
ElfMines,76,CM_ElfGoon,Dredge,Enemy,1.0,57513.0,23351.0,-2712.0
ElfMines,77,CM_ElfGoon,Dredge,Enemy,1.0,57572.0,23222.0,-2712.0
ElfMines,78,CM_ElfGoon,Dredge,Enemy,1.0,58007.0,23074.0,-2712.0
ElfMines,79,CM_ElfGoon,Dredge,Enemy,1.0,58047.0,22212.0,-2712.0
ElfMines,80,CM_ElfGoon,Dredge,Enemy,1.0,67784.0,2900.0,-3034.0
ElfMines,81,CM_ElfGoon,Dredge,Enemy,1.0,55469.0,20955.0,-2373.0
ElfMines,82,CM_ElfGoon,Dredge,Enemy,1.0,55529.0,20577.0,-2392.0
ElfMines,83,CM_ElfGoon,Dredge,Enemy,1.0,56062.0,20722.0,-2355.0
ElfMines,84,CM_ElfGoon,Dredge,Enemy,1.0,55805.0,20748.0,-2337.0
ElfMines,85,CM_ElfGoon,Dredge,Enemy,1.0,59931.0,18088.0,-2294.0
ElfMines,86,CM_ElfGoon,Dredge,Enemy,1.0,60126.0,17942.0,-2298.0
ElfMines,87,CM_ElfGoon,Dredge,Enemy,1.0,60322.0,17822.0,-2246.0
ElfMines,88,CM_ElfGoon,Dredge,Enemy,1.0,67784.0,3100.0,-3034.0
ElfMines,89,CM_ElfGoon,Dredge,Enemy,1.0,61112.0,12367.0,-1814.0
ElfMines,90,CM_ElfGoon,Dredge,Enemy,1.0,61548.0,12446.0,-1814.0
ElfMines,91,CM_ElfGoon,Dredge,Enemy,1.0,61675.0,14294.0,-1814.0
ElfMines,92,CM_ElfGoon,Dredge,Enemy,1.0,61721.0,14647.0,-1814.0
ElfMines,93,CM_ElfGoon,Dredge,Enemy,1.0,58488.0,8467.0,-1616.0
ElfMines,94,CM_ElfInterrogator,Quarry Stalker,Elite,2.0,74036.0,8145.0,-2240.0
ElfMines,95,CM_ElfInterrogator,Quarry Stalker,Elite,2.0,70010.0,8398.0,-2240.0
ElfMines,96,CM_ElfInterrogator,Quarry Stalker,Elite,2.0,56617.0,7194.0,-1880.0
ElfMines,97,CM_ElfInterrogator,Quarry Stalker,Elite,2.0,63209.0,9940.0,-1812.0
ElfMines,98,CM_ElfInterrogator,Quarry Stalker,Elite,2.0,60693.0,15600.0,-1832.0
ElfMines,99,CM_ElfInterrogator,Quarry Stalker,Elite,2.0,59217.0,19162.0,-2272.0
ElfMines,100,CM_ElfInterrogator,Quarry Stalker,Elite,2.0,69736.0,4074.0,-2211.0
ElfMines,101,CM_ElfLookout,Nezari Bolter,Elite,2.0,61902.0,14080.0,-1841.0
ElfMines,102,CM_ElfLookout,Nezari Bolter,Elite,2.0,59079.0,21611.0,-2680.0
ElfMines,103,CM_ElfLookout,Nezari Bolter,Elite,2.0,59697.0,17787.0,-2351.0
ElfMines,104,CM_ElfLookout,Nezari Bolter,Elite,2.0,61018.0,6617.0,-2490.0
ElfMines,105,CM_ElfLookout,Nezari Bolter,Elite,2.0,57192.0,15150.0,-1921.0
ElfMines,106,CM_ElfLookout,Nezari Bolter,Elite,2.0,73846.0,8537.0,-2237.0
ElfMines,107,CM_ElfLookout,Nezari Bolter,Elite,2.0,76348.0,11107.0,-2184.0
ElfMines,108,CM_ElfLookout,Nezari Bolter,Elite,2.0,73959.0,4046.0,-2240.0
ElfMines,109,CM_ElfLookout,Nezari Bolter,Elite,2.0,78640.0,11764.0,-3292.0
ElfMines,110,CM_ElfLookout,Nezari Bolter,Elite,2.0,76383.0,10749.0,-2186.0
ElfMines,111,CM_ElfLookout,Nezari Bolter,Elite,2.0,56460.0,15260.0,-1911.0
ElfMines,112,CM_ElfLookout,Nezari Bolter,Elite,2.0,61973.0,14810.0,-1816.0
ElfMines,113,CM_ElfLookout,Nezari Bolter,Elite,2.0,58680.0,4858.0,-1861.0
ElfMines,114,CM_ElfLookout,Nezari Bolter,Elite,2.0,58244.0,4743.0,-1886.0
ElfMines,115,CM_ElfLookout,Nezari Bolter,Elite,2.0,53840.0,19145.0,-2637.0
ElfMines,116,CM_ElfLookout,Nezari Bolter,Elite,2.0,54283.0,18690.0,-2578.0
ElfMines,117,CM_ElfLookout,Nezari Bolter,Elite,2.0,59147.0,19604.0,-2310.0
ElfMines,118,CM_ElfTaskmaster,Task Master,Elite,4.0,71349.0,2254.0,-2023.0
ElfMines,119,CM_ElfTaskmaster,Task Master,Elite,4.0,59183.0,21315.0,-2712.0
ElfMines,120,CM_ElfTaskmaster,Task Master,Elite,4.0,69665.0,8367.0,-2240.0
ElfMines,121,CM_ElfTaskmaster,Task Master,Elite,4.0,58843.0,8849.0,-1653.0
ElfMines,122,CM_ElfTaskmaster,Task Master,Elite,4.0,52192.0,20867.0,-2241.0
ElfMines,123,CM_ElfTaskmaster,Task Master,Elite,4.0,55683.0,21023.0,-2366.0
ElfMines,124,CM_ElfTaskmaster,Task Master,Elite,4.0,59920.0,17526.0,-2340.0
ElfMines,125,CM_ElfTaskmaster,Task Master,Elite,4.0,56834.0,15578.0,-1929.0
ElfMines,126,CM_ElfTaskmaster,Task Master,Elite,4.0,61428.0,12158.0,-1829.0
ElfMines,127,CM_ElfTaskmaster,Task Master,Elite,4.0,60054.0,15578.0,-1859.0
ElfMines,128,CM_ElfTaskmaster,Task Master,Elite,4.0,52125.0,23195.0,-1780.0
ElfMines,129,CM_RubiliteAurastone,Godfall Wardstone,Enemy,2.0,57481.0,15150.0,-1954.0
ElfMines,130,CM_RubiliteAurastone,Godfall Wardstone,Enemy,2.0,56071.0,15410.0,-1954.0
ElfMines,131,CM_RubiliteAurastone,Godfall Wardstone,Enemy,2.0,62057.0,14428.0,-1851.0
ElfMines,132,CM_RubiliteAurastone,Godfall Wardstone,Enemy,2.0,78400.0,11810.0,-3254.0
ElfMines,133,CM_RubiliteAurastone,Godfall Wardstone,Enemy,2.0,79112.0,10632.0,-3307.0
ElfMines,134,MF_Skittershard,Skittershard,Enemy,1.0,82689.0,15006.0,-4460.0
ElfMines,135,MF_Skittershard,Skittershard,Enemy,1.0,82954.0,14959.0,-4460.0
ElfMines,136,MF_Skittershard,Skittershard,Enemy,1.0,83224.0,14048.0,-4460.0
ElfMines,137,MF_Skittershard,Skittershard,Enemy,1.0,58909.0,19183.0,-2363.0
ElfMines,138,MF_Skittershard,Skittershard,Enemy,1.0,56192.0,12865.0,-1296.0
ElfMines,139,MF_Skittershard,Skittershard,Enemy,1.0,56445.0,13456.0,-1453.0
ElfMines,140,MF_Skittershard,Skittershard,Enemy,1.0,56938.0,13381.0,-1445.0
ElfMines,141,MF_Skittershard,Skittershard,Enemy,1.0,55466.0,13299.0,-1204.0
ElfMines,142,MF_Skittershard,Skittershard,Enemy,1.0,55731.0,13252.0,-1211.0
ElfMines,143,MF_Skittershard,Skittershard,Enemy,1.0,55710.0,13047.0,-1204.0
ElfMines,144,MF_Skittershard,Skittershard,Enemy,1.0,82934.0,14755.0,-4460.0
ElfMines,145,MF_Skittershard,Skittershard,Enemy,1.0,83022.0,14226.0,-4460.0
ElfMines,146,MF_Skittershard,Skittershard,Enemy,1.0,77049.0,5685.0,-2998.0
ElfMines,147,MF_Skittershard,Skittershard,Enemy,1.0,76678.0,5742.0,-2990.0
ElfMines,148,MF_Skittershard,Skittershard,Enemy,1.0,76876.0,6636.0,-3016.0
ElfMines,149,MF_Skittershard,Skittershard,Enemy,1.0,76373.0,6768.0,-3005.0
ElfMines,150,MF_Skittershard,Skittershard,Enemy,1.0,77566.0,7245.0,-3113.0
ElfMines,151,MF_Skittershard,Skittershard,Enemy,1.0,81833.0,14452.0,-4460.0
ElfMines,152,MF_Skittershard,Skittershard,Enemy,1.0,77903.0,7048.0,-3082.0
ElfMines,153,MF_Skittershard,Skittershard,Enemy,1.0,78085.0,6562.0,-3018.0
ElfMines,154,MF_Skittershard,Skittershard,Enemy,1.0,83146.0,14390.0,-4456.0
ElfMines,155,MF_Skittershard,Skittershard,Enemy,1.0,82052.0,14296.0,-4460.0
ElfMines,156,MF_Skittershard,Skittershard,Enemy,1.0,52421.0,23138.0,-1775.0
ElfMines,157,MF_Skittershard,Skittershard,Enemy,1.0,52087.0,23787.0,-1773.0
ElfMines,158,MF_Skittershard,Skittershard,Enemy,1.0,58893.0,19580.0,-2368.0
ElfMines,159,MF_Skittershard,Skittershard,Enemy,1.0,58931.0,18860.0,-2353.0
ElfMines,160,MF_Skittershard,Skittershard,Enemy,1.0,81947.0,14120.0,-4456.0
ForestMeadow,0,FM_AshenArsonist,Ashen Firestarter,Enemy,,20608.0,13627.0,3518.0
ForestMeadow,1,FM_AshenArsonist,Ashen Firestarter,Enemy,,12059.0,17148.0,3718.0
ForestMeadow,2,FM_AshenArsonist,Ashen Firestarter,Enemy,,10049.0,13368.0,3494.0
ForestMeadow,3,FM_AshenArsonist,Ashen Firestarter,Enemy,,9301.0,16186.0,3643.0
ForestMeadow,4,FM_Bear,Grizzled Bear,Enemy,,7850.0,-9702.0,70.0
ForestMeadow,5,FM_Bear,Grizzled Bear,Enemy,,10623.0,-10485.0,68.0
ForestMeadow,6,FM_Bear,Grizzled Bear,Enemy,,13521.0,-5485.0,1462.0
ForestMeadow,7,FM_Bear,Grizzled Bear,Enemy,,12347.0,5292.0,1883.0
ForestMeadow,8,FM_Facestabber,Knife Prodder,Enemy,,1122.0,-18661.0,-943.0
ForestMeadow,9,FM_Facestabber,Knife Prodder,Enemy,,-5405.0,-20354.0,-943.0
ForestMeadow,10,FM_Facestabber,Knife Prodder,Enemy,,-7475.0,-23049.0,-683.0
ForestMeadow,11,FM_Facestabber,Knife Prodder,Enemy,,-2081.0,-22893.0,-801.0
ForestMeadow,12,FM_Facestabber,Knife Prodder,Enemy,,-3380.0,-18605.0,-904.0
ForestMeadow,13,FM_Facestabber,Knife Prodder,Enemy,,2734.0,-24410.0,-888.0
ForestMeadow,14,FM_Facestabber,Knife Prodder,Enemy,,6049.0,-25181.0,-451.0
ForestMeadow,15,FM_Facestabber,Knife Prodder,Enemy,,6566.0,-20962.0,162.0
ForestMeadow,16,FM_FrenziedLooter,Frenzied Scavenger,Enemy,,4524.0,-19325.0,-935.0
ForestMeadow,17,FM_FrenziedLooter,Frenzied Scavenger,Enemy,,9857.0,-19916.0,853.0
ForestMeadow,18,FM_FrenziedLooter,Frenzied Scavenger,Enemy,,8384.0,-19867.0,739.0
ForestMeadow,19,FM_FrenziedLooter,Frenzied Scavenger,Enemy,,2926.0,-20633.0,-935.0
ForestMeadow,20,FM_FrenziedLooter,Frenzied Scavenger,Enemy,,-7350.0,-23393.0,-732.0
ForestMeadow,21,FM_FrenziedLooter,Frenzied Scavenger,Enemy,,706.0,-24682.0,-854.0
ForestMeadow,22,FM_FrenziedLooter,Frenzied Scavenger,Enemy,,421.0,-24904.0,-920.0
ForestMeadow,23,FM_FrenziedLooter,Frenzied Scavenger,Enemy,,-2843.0,-20075.0,-882.0
ForestMeadow,24,FM_FrenziedLooter,Frenzied Scavenger,Enemy,,-3683.0,-24078.0,-1013.0
ForestMeadow,25,FM_FrenziedLooter,Frenzied Scavenger,Enemy,,3123.0,-24346.0,-881.0
ForestMeadow,26,FM_FrenziedLooter,Frenzied Scavenger,Enemy,,10581.0,-20281.0,817.0
ForestMeadow,27,FM_Invoker,Invoker,Enemy,,16537.0,10029.0,3263.0
ForestMeadow,28,FM_Invoker,Invoker,Enemy,,17964.0,15165.0,3663.0
ForestMeadow,29,FM_Invoker,Invoker,Enemy,,14422.0,18417.0,3930.0
ForestMeadow,30,FM_Invoker,Invoker,Enemy,,11813.0,16355.0,3657.0
ForestMeadow,31,FM_Invoker,Invoker,Enemy,,9411.0,12919.0,3590.0
ForestMeadow,32,FM_Invoker,Invoker,Enemy,,21541.0,10820.0,3284.0
ForestMeadow,33,FM_Pillager,Pillager,Enemy,,19569.0,8781.0,3096.0
ForestMeadow,34,FM_Pillager,Pillager,Enemy,,7512.0,14229.0,3662.0
ForestMeadow,35,FM_Pillager,Pillager,Enemy,,9399.0,16658.0,3711.0
ForestMeadow,36,FM_Pillager,Pillager,Enemy,,7579.0,14735.0,3662.0
ForestMeadow,37,FM_Pillager,Pillager,Enemy,,18828.0,8924.0,3078.0
ForestMeadow,38,FM_Pillager,Pillager,Enemy,,20046.0,12686.0,3518.0
ForestMeadow,39,FM_Pillager,Pillager,Enemy,,17534.0,16434.0,3656.0
ForestMeadow,40,FM_Pillager,Pillager,Enemy,,16617.0,12749.0,3219.0
ForestMeadow,41,FM_Pillager,Pillager,Enemy,,14640.0,13377.0,3243.0
ForestMeadow,42,FM_Pillager,Pillager,Enemy,,15004.0,13936.0,3258.0
ForestMeadow,43,FM_Pillager,Pillager,Enemy,,15168.0,18076.0,3925.0
ForestMeadow,44,FM_Pillager,Pillager,Enemy,,9484.0,13583.0,3576.0
ForestMeadow,45,FM_RotheartRecluse,Rotheart Widow,Enemy,,26725.0,478.0,-2184.0
ForestMeadow,46,FM_RotheartRecluse,Rotheart Widow,Enemy,,30570.0,34.0,-3218.0
ForestMeadow,47,FM_RotheartRecluse,Rotheart Widow,Enemy,,23626.0,-2057.0,-522.0
ForestMeadow,48,FM_RotheartRecluse,Rotheart Widow,Enemy,,26832.0,3440.0,-2018.0
ForestMeadow,49,FM_RotheartRecluse,Rotheart Widow,Enemy,,34178.0,-2315.0,-3218.0
ForestMeadow,50,FM_RotheartRecluse,Rotheart Widow,Enemy,,30407.0,-8612.0,-2097.0
ForestMeadow,51,FM_Shinchopper,Bonechopper,Enemy,,5695.0,-19237.0,-942.0
ForestMeadow,52,FM_Shinchopper,Bonechopper,Enemy,,-4163.0,-23986.0,-977.0
ForestMeadow,53,FM_Shinchopper,Bonechopper,Enemy,,-3632.0,-24496.0,-1041.0
ForestMeadow,54,FM_Shinchopper,Bonechopper,Enemy,,6396.0,-24746.0,-449.0
ForestMeadow,55,FM_Shinchopper,Bonechopper,Enemy,,10327.0,-20478.0,802.0
ForestMeadow,56,FM_Shinchopper,Bonechopper,Enemy,,6294.0,-20717.0,150.0
ForestMeadow,57,FM_Shinchopper,Bonechopper,Enemy,,-707.0,-21450.0,-739.0
ForestMeadow,58,FM_Shinchopper,Bonechopper,Enemy,,-1126.0,-19080.0,-942.0
ForestMeadow,59,FM_Shinchopper,Bonechopper,Enemy,,-964.0,-18955.0,-942.0
ForestMeadow,60,FM_Shinchopper,Bonechopper,Enemy,,3458.0,-20554.0,-942.0
ForestMeadow,61,FM_Shinchopper,Bonechopper,Enemy,,-5058.0,-19919.0,-942.0
ForestMeadow,62,FM_Shinchopper,Bonechopper,Enemy,,-7603.0,-23590.0,-750.0
ForestMeadow,63,FM_Shinchopper,Bonechopper,Enemy,,-463.0,-20958.0,-620.0
ForestMeadow,64,FM_Shinchopper,Bonechopper,Enemy,,-4029.0,-24562.0,-937.0
ForestMeadow,65,FM_Spiderling,Spiderling,Enemy,,14656.0,-2132.0,1632.0
ForestMeadow,66,FM_Spiderling,Spiderling,Enemy,,23789.0,-1707.0,-554.0
ForestMeadow,67,FM_Spiderling,Spiderling,Enemy,,23619.0,-2396.0,-519.0
ForestMeadow,68,FM_Spiderling,Spiderling,Enemy,,28527.0,2396.0,-2664.0
ForestMeadow,69,FM_Spiderling,Spiderling,Enemy,,29081.0,2647.0,-2675.0
ForestMeadow,70,FM_Spiderling,Spiderling,Enemy,,28910.0,1958.0,-2670.0
ForestMeadow,71,FM_Spiderling,Spiderling,Enemy,,32909.0,300.0,-3219.0
ForestMeadow,72,FM_Spiderling,Spiderling,Enemy,,33463.0,551.0,-3245.0
ForestMeadow,73,FM_Spiderling,Spiderling,Enemy,,33292.0,-138.0,-3255.0
ForestMeadow,74,FM_Spiderling,Spiderling,Enemy,,32936.0,-4143.0,-3213.0
ForestMeadow,75,FM_Spiderling,Spiderling,Enemy,,33490.0,-3891.0,-3236.0
ForestMeadow,76,FM_Spiderling,Spiderling,Enemy,,14733.0,-1528.0,1632.0
ForestMeadow,77,FM_Spiderling,Spiderling,Enemy,,33319.0,-4580.0,-3228.0
ForestMeadow,78,FM_Spiderling,Spiderling,Enemy,,31282.0,-8936.0,-2133.0
ForestMeadow,79,FM_Spiderling,Spiderling,Enemy,,31837.0,-8685.0,-2175.0
ForestMeadow,80,FM_Spiderling,Spiderling,Enemy,,31666.0,-9373.0,-2103.0
ForestMeadow,81,FM_Spiderling,Spiderling,Enemy,,28325.0,-7820.0,-1457.0
ForestMeadow,82,FM_Spiderling,Spiderling,Enemy,,28463.0,-7222.0,-1457.0
ForestMeadow,83,FM_Spiderling,Spiderling,Enemy,,28905.0,-7772.0,-1457.0
ForestMeadow,84,FM_Spiderling,Spiderling,Enemy,,29002.0,-4901.0,-1457.0
ForestMeadow,85,FM_Spiderling,Spiderling,Enemy,,29343.0,-5405.0,-1457.0
ForestMeadow,86,FM_Spiderling,Spiderling,Enemy,,29709.0,-3148.0,-2901.0
ForestMeadow,87,FM_Spiderling,Spiderling,Enemy,,16932.0,-3051.0,1457.0
ForestMeadow,88,FM_Spiderling,Spiderling,Enemy,,30263.0,-2897.0,-2899.0
ForestMeadow,89,FM_Spiderling,Spiderling,Enemy,,30092.0,-3586.0,-2881.0
ForestMeadow,90,FM_Spiderling,Spiderling,Enemy,,27548.0,4577.0,-2022.0
ForestMeadow,91,FM_Spiderling,Spiderling,Enemy,,28090.0,4299.0,-2011.0
ForestMeadow,92,FM_Spiderling,Spiderling,Enemy,,17009.0,-2447.0,1563.0
ForestMeadow,93,FM_Spiderling,Spiderling,Enemy,,17506.0,-2954.0,1441.0
ForestMeadow,94,FM_Spiderling,Spiderling,Enemy,,20047.0,-4250.0,620.0
ForestMeadow,95,FM_Spiderling,Spiderling,Enemy,,20124.0,-3647.0,536.0
ForestMeadow,96,FM_Spiderling,Spiderling,Enemy,,20621.0,-4153.0,581.0
ForestMeadow,97,FM_Stag,Redhart Stag,Enemy,,-10884.0,21526.0,975.0
ForestMeadow,98,FM_Stag,Redhart Stag,Enemy,,-4608.0,15797.0,1428.0
ForestMeadow,99,FM_Stag,Redhart Stag,Enemy,,-5917.0,9548.0,380.0
ForestMeadow,100,FM_Stag,Redhart Stag,Enemy,,-9540.0,306.0,78.0
ForestMeadow,101,FM_Wolf,Boreal Wolf,Enemy,,-3077.0,-9301.0,-466.0
ForestMeadow,102,FM_Wolf,Boreal Wolf,Enemy,,5388.0,3630.0,690.0
ForestMeadow,103,FM_Wolf,Boreal Wolf,Enemy,,-13632.0,-2157.0,273.0
ForestMeadow,104,FM_Wolf,Boreal Wolf,Enemy,,13730.0,-4117.0,1476.0
ForestMeadow,105,FM_Wolf,Boreal Wolf,Enemy,,-3811.0,3305.0,200.0
ForestMeadow,106,FM_Wolf,Boreal Wolf,Enemy,,-782.0,10932.0,1409.0
ForestMeadow,107,FM_Wolf,Boreal Wolf,Enemy,,-12060.0,-7728.0,-639.0
ForestMeadow,108,FM_Wolf,Boreal Wolf,Enemy,,-9535.0,-12433.0,-327.0
ForestMeadow,109,FM_Wolf,Boreal Wolf,Enemy,,-4519.0,-12829.0,-463.0
ForestMeadow,110,FM_Wolf,Boreal Wolf,Enemy,,-1609.0,-11576.0,-305.0
ForestMeadow,111,FM_Wolf,Boreal Wolf,Enemy,,10051.0,-955.0,1126.0
ForestMeadow,112,FM_Wolf,Boreal Wolf,Enemy,,11093.0,-1567.0,1232.0
ForestMeadow,113,FM_Wolf,Boreal Wolf,Enemy,,4243.0,4555.0,631.0
ForestMeadow,114,FM_Wolf,Boreal Wolf,Enemy,,4622.0,6455.0,769.0
FrozenKingdom,0,FK_ElfCleric,Corrupter,Elite,5.0,3950.0,9560.0,3392.0
FrozenKingdom,1,FK_ElfCleric,Corrupter,Elite,5.0,4500.0,14090.0,3290.0
FrozenKingdom,2,FK_ElfCleric,Corrupter,Elite,5.0,6810.0,14350.0,3289.0
FrozenKingdom,3,FK_ElfCleric,Corrupter,Elite,5.0,0.0,0.0,96.0
FrozenKingdom,4,FK_ElfCleric,Corrupter,Elite,5.0,17330.0,2310.0,4737.0
FrozenKingdom,5,FK_ElfCleric,Corrupter,Elite,5.0,14830.0,4040.0,4700.0
FrozenKingdom,6,FK_ElfCleric,Corrupter,Elite,5.0,21075.0,4430.0,4640.0
FrozenKingdom,7,FK_ElfDuelist,Blade of Cithrel,Elite,3.0,9451.0,1552.0,2894.0
FrozenKingdom,8,FK_ElfDuelist,Blade of Cithrel,Elite,3.0,10713.0,1593.0,2950.0
FrozenKingdom,9,FK_ElfDuelist,Blade of Cithrel,Elite,3.0,11623.0,103.0,2950.0
FrozenKingdom,10,FK_ElfDuelist,Blade of Cithrel,Elite,3.0,16087.0,-7533.0,2454.0
FrozenKingdom,11,FK_ElfDuelist,Blade of Cithrel,Elite,3.0,13897.0,-7213.0,2784.0
FrozenKingdom,12,FK_ElfDuelist,Blade of Cithrel,Elite,3.0,11661.0,-3804.0,2846.0
FrozenKingdom,13,FK_ElfDuelist,Blade of Cithrel,Elite,3.0,16711.0,-4816.0,3049.0
FrozenKingdom,14,FK_ElfDuelist,Blade of Cithrel,Elite,3.0,20809.0,4692.0,4620.0
FrozenKingdom,15,FK_ElfDuelist,Blade of Cithrel,Elite,3.0,21219.0,3822.0,4620.0
FrozenKingdom,16,FK_ElfDuelist,Blade of Cithrel,Elite,3.0,17269.0,-1338.0,4526.0
FrozenKingdom,17,FK_ElfDuelist,Blade of Cithrel,Elite,3.0,17333.0,-605.0,4565.0
FrozenKingdom,18,FK_ElfDuelist,Blade of Cithrel,Elite,3.0,14938.0,1004.0,4702.0
FrozenKingdom,19,FK_ElfDuelist,Blade of Cithrel,Elite,3.0,14748.0,1294.0,4702.0
FrozenKingdom,20,FK_ElfDuelist,Blade of Cithrel,Elite,3.0,12229.0,-3359.0,2850.0
FrozenKingdom,21,FK_ElfGoon,Eldrin Recruit,Enemy,1.0,8702.0,-1816.0,2887.0
FrozenKingdom,22,FK_ElfGoon,Eldrin Recruit,Enemy,1.0,8572.0,-1526.0,2887.0
FrozenKingdom,23,FK_ElfGoon,Eldrin Recruit,Enemy,1.0,8632.0,-1236.0,2887.0
FrozenKingdom,24,FK_ElfGoon,Eldrin Recruit,Enemy,1.0,8922.0,-1976.0,2887.0
FrozenKingdom,25,FK_ElfGoon,Eldrin Recruit,Enemy,1.0,3232.0,-7506.0,1890.0
FrozenKingdom,26,FK_ElfGoon,Eldrin Recruit,Enemy,1.0,3432.0,-6886.0,1894.0
FrozenKingdom,27,FK_ElfGoon,Eldrin Recruit,Enemy,1.0,14942.0,-10476.0,1961.0
FrozenKingdom,28,FK_ElfGoon,Eldrin Recruit,Enemy,1.0,15102.0,-9956.0,1961.0
FrozenKingdom,29,FK_ElfGoon,Eldrin Recruit,Enemy,1.0,8982.0,-1686.0,2887.0
FrozenKingdom,30,FK_ElfGoon,Eldrin Recruit,Enemy,1.0,8852.0,-1396.0,2887.0
FrozenKingdom,31,FK_ElfGoon,Eldrin Recruit,Enemy,1.0,-10372.0,-3622.0,4341.0
FrozenKingdom,32,FK_ElfGoon,Eldrin Recruit,Enemy,1.0,-10118.0,-3839.0,4341.0
FrozenKingdom,33,FK_ElfGoon,Eldrin Recruit,Enemy,1.0,-9592.0,-7140.0,4318.0
FrozenKingdom,34,FK_ElfGoon,Eldrin Recruit,Enemy,1.0,-9379.0,-7303.0,4318.0
FrozenKingdom,35,FK_ElfGoon,Eldrin Recruit,Enemy,1.0,-5890.0,-8792.0,4217.0
FrozenKingdom,36,FK_ElfGoon,Eldrin Recruit,Enemy,1.0,4301.0,14242.0,3239.0
FrozenKingdom,37,FK_ElfGoon,Eldrin Recruit,Enemy,1.0,4761.0,14122.0,3239.0
FrozenKingdom,38,FK_ElfGoon,Eldrin Recruit,Enemy,1.0,6532.0,14338.0,3249.0
FrozenKingdom,39,FK_ElfGoon,Eldrin Recruit,Enemy,1.0,6961.0,14542.0,3249.0
FrozenKingdom,40,FK_ElfGuard,Eldrin Sentinel,Elite,3.0,0.0,0.0,96.0
FrozenKingdom,41,FK_ElfGuard,Eldrin Sentinel,Elite,3.0,21197.0,4147.0,4610.0
FrozenKingdom,42,FK_ElfGuard,Eldrin Sentinel,Elite,3.0,13612.0,-7293.0,2774.0
FrozenKingdom,43,FK_ElfGuard,Eldrin Sentinel,Elite,3.0,15512.0,-7563.0,2451.0
FrozenKingdom,44,FK_ElfGuard,Eldrin Sentinel,Elite,3.0,13402.0,-7053.0,2774.0
FrozenKingdom,45,FK_ElfGuard,Eldrin Sentinel,Elite,3.0,9332.0,-1323.0,2934.0
FrozenKingdom,46,FK_ElfGuard,Eldrin Sentinel,Elite,3.0,14242.0,-18083.0,1804.0
FrozenKingdom,47,FK_ElfGuard,Eldrin Sentinel,Elite,3.0,15192.0,3847.0,4670.0
FrozenKingdom,48,FK_ElfGuard,Eldrin Sentinel,Elite,3.0,0.0,0.0,96.0
FrozenKingdom,49,FK_ElfGuard,Eldrin Sentinel,Elite,3.0,-2829.0,-12360.0,-23164.0
FrozenKingdom,50,FK_ElfGuard,Eldrin Sentinel,Elite,3.0,-5689.0,-8700.0,4204.0
FrozenKingdom,51,FK_ElfGuard,Eldrin Sentinel,Elite,3.0,551.0,-6180.0,1930.0
FrozenKingdom,52,FK_ElfGuard,Eldrin Sentinel,Elite,3.0,731.0,-6870.0,1929.0
FrozenKingdom,53,FK_ElfGuard,Eldrin Sentinel,Elite,3.0,0.0,0.0,96.0
FrozenKingdom,54,FK_ElfIllusionist,Deceitful Scholar,Elite,5.0,8053.0,8165.0,3360.0
FrozenKingdom,55,FK_ElfIllusionist,Deceitful Scholar,Elite,5.0,15106.0,-10208.0,2035.0
FrozenKingdom,56,FK_ElfIllusionist,Deceitful Scholar,Elite,5.0,3616.0,-7268.0,1927.0
FrozenKingdom,57,FK_ElfIllusionist,Deceitful Scholar,Elite,5.0,0.0,0.0,96.0
FrozenKingdom,58,FK_ElfIllusionist,Deceitful Scholar,Elite,5.0,0.0,0.0,96.0
FrozenKingdom,59,FK_ElfIllusionist,Deceitful Scholar,Elite,5.0,17489.0,-1124.0,4544.0
FrozenKingdom,60,FK_ElfIllusionist,Deceitful Scholar,Elite,5.0,17179.0,2666.0,4724.0
FrozenKingdom,61,FK_ElfIllusionist,Deceitful Scholar,Elite,5.0,16704.0,-4401.0,3069.0
FrozenKingdom,62,FK_ElfRanger,Tundra Stalker,Elite,2.0,12003.0,-631.0,2855.0
FrozenKingdom,63,FK_ElfRanger,Tundra Stalker,Elite,2.0,17461.0,-909.0,4515.0
FrozenKingdom,64,FK_ElfRanger,Tundra Stalker,Elite,2.0,16283.0,-4241.0,3039.0
FrozenKingdom,65,FK_ElfRanger,Tundra Stalker,Elite,2.0,14583.0,-18101.0,1844.0
FrozenKingdom,66,FK_ElfRanger,Tundra Stalker,Elite,2.0,13932.0,-18282.0,1844.0
FrozenKingdom,67,FK_ElfRanger,Tundra Stalker,Elite,2.0,5301.0,7580.0,3251.0
FrozenKingdom,68,FK_ElfRanger,Tundra Stalker,Elite,2.0,850.0,-6490.0,1929.0
FrozenKingdom,69,FK_ElfRanger,Tundra Stalker,Elite,2.0,1920.0,10530.0,3259.0
FrozenKingdom,70,FK_ElfRanger,Tundra Stalker,Elite,2.0,-10240.0,-4260.0,4330.0
FrozenKingdom,71,FK_ElfRanger,Tundra Stalker,Elite,2.0,9050.0,11840.0,3259.0
FrozenKingdom,72,FK_ElfRanger,Tundra Stalker,Elite,2.0,9070.0,12560.0,3259.0
FrozenKingdom,73,FK_ElfRanger,Tundra Stalker,Elite,2.0,9059.0,6124.0,3556.0
FrozenKingdom,74,FK_ElfRanger,Tundra Stalker,Elite,2.0,9506.0,5560.0,3562.0
FrozenKingdom,75,FK_ElfRanger,Tundra Stalker,Elite,2.0,0.0,0.0,96.0
FrozenKingdom,76,FK_ElfRanger,Tundra Stalker,Elite,2.0,0.0,0.0,96.0
FrozenKingdom,77,FK_ElfRanger,Tundra Stalker,Elite,2.0,0.0,0.0,96.0
FrozenKingdom,78,FK_ElfRanger,Tundra Stalker,Elite,2.0,0.0,0.0,96.0
FrozenKingdom,79,FK_ElfRanger,Tundra Stalker,Elite,2.0,0.0,0.0,96.0
FrozenKingdom,80,FK_IceShardling,Ice Shardling,Enemy,1.0,0.0,0.0,90.0
FrozenKingdom,81,FK_IceShardling,Ice Shardling,Enemy,1.0,0.0,0.0,90.0
FrozenKingdom,82,FK_IceShardling,Ice Shardling,Enemy,1.0,0.0,0.0,90.0
FrozenKingdom,83,FK_IceShardling,Ice Shardling,Enemy,1.0,0.0,0.0,90.0
FrozenKingdom,84,FK_IceShardling,Ice Shardling,Enemy,1.0,0.0,0.0,90.0
FrozenKingdom,85,FK_IceShardling,Ice Shardling,Enemy,1.0,0.0,0.0,90.0
FrozenKingdom,86,FK_IceShardling,Ice Shardling,Enemy,1.0,0.0,0.0,90.0
FrozenKingdom,87,FK_IceShardling,Ice Shardling,Enemy,1.0,0.0,0.0,90.0
FrozenKingdom,88,FK_IceShardling,Ice Shardling,Enemy,1.0,0.0,0.0,90.0
FrozenKingdom,89,FK_IceShardling,Ice Shardling,Enemy,1.0,0.0,0.0,90.0
FrozenKingdom,90,FK_IceShardling,Ice Shardling,Enemy,1.0,0.0,0.0,90.0
FrozenKingdom,91,FK_IceShardling,Ice Shardling,Enemy,1.0,15562.0,4130.0,4630.0
FrozenKingdom,92,FK_IceShardling,Ice Shardling,Enemy,1.0,14862.0,4490.0,4630.0
FrozenKingdom,93,FK_IceShardling,Ice Shardling,Enemy,1.0,14910.0,1563.0,4652.0
FrozenKingdom,94,FK_IceShardling,Ice Shardling,Enemy,1.0,0.0,0.0,90.0
FrozenKingdom,95,FK_IceShardling,Ice Shardling,Enemy,1.0,0.0,0.0,90.0
FrozenKingdom,96,FK_IceShardling,Ice Shardling,Enemy,1.0,15211.0,975.0,4655.0
FrozenKingdom,97,FK_IceShardling,Ice Shardling,Enemy,1.0,15165.0,1336.0,4690.0
FrozenKingdom,98,FK_IceShardling,Ice Shardling,Enemy,1.0,0.0,0.0,90.0
FrozenKingdom,99,FK_IceShardling,Ice Shardling,Enemy,1.0,0.0,0.0,90.0
FrozenKingdom,100,FK_IceShardling,Ice Shardling,Enemy,1.0,0.0,0.0,90.0
FrozenKingdom,101,FK_IceShardling,Ice Shardling,Enemy,1.0,0.0,0.0,90.0
FrozenKingdom,102,FK_IceShardling,Ice Shardling,Enemy,1.0,0.0,0.0,90.0
FrozenKingdom,103,FK_IceShardling,Ice Shardling,Enemy,1.0,3621.0,9623.0,3378.0
FrozenKingdom,104,FK_IceShardling,Ice Shardling,Enemy,1.0,3961.0,9173.0,3378.0
FrozenKingdom,105,FK_IceShardling,Ice Shardling,Enemy,1.0,0.0,0.0,90.0
FrozenKingdom,106,FK_IceShardling,Ice Shardling,Enemy,1.0,0.0,0.0,90.0
FrozenKingdom,107,FK_IceShardling,Ice Shardling,Enemy,1.0,0.0,0.0,90.0
FrozenKingdom,108,FK_IceShardling,Ice Shardling,Enemy,1.0,0.0,0.0,90.0
FrozenKingdom,109,FK_IceShardling,Ice Shardling,Enemy,1.0,0.0,0.0,90.0
FrozenKingdom,110,FK_IceShardling,Ice Shardling,Enemy,1.0,1181.0,-3597.0,4741.0
FrozenKingdom,111,FK_IceShardling,Ice Shardling,Enemy,1.0,1685.0,-3675.0,4741.0
FrozenKingdom,112,FK_IceShardling,Ice Shardling,Enemy,1.0,1641.0,-2547.0,4741.0
FrozenKingdom,113,FK_IceShardling,Ice Shardling,Enemy,1.0,2023.0,-2875.0,4771.0
FrozenKingdom,114,FK_IceShardling,Ice Shardling,Enemy,1.0,0.0,0.0,90.0
FrozenKingdom,115,FK_IceShardling,Ice Shardling,Enemy,1.0,0.0,0.0,90.0
FrozenKingdom,116,FK_IceShardling,Ice Shardling,Enemy,1.0,0.0,0.0,90.0
FrozenKingdom,117,FK_IceShardling,Ice Shardling,Enemy,1.0,7631.0,8163.0,3331.0
FrozenKingdom,118,FK_IceShardling,Ice Shardling,Enemy,1.0,7977.0,8565.0,3296.0
FrozenKingdom,119,FK_IceShardling,Ice Shardling,Enemy,1.0,0.0,0.0,90.0
FrozenKingdom,120,FK_IceShardling,Ice Shardling,Enemy,1.0,0.0,0.0,90.0
FrozenKingdom,121,FK_IceShardling,Ice Shardling,Enemy,1.0,0.0,0.0,90.0
FrozenKingdom,122,FK_IceGolem,Spellbound Golem,Elite,5.0,0.0,0.0,96.0
FrozenKingdom,123,FK_IceGolem,Spellbound Golem,Elite,5.0,0.0,0.0,96.0
FrozenKingdom,124,FK_IceGolem,Spellbound Golem,Elite,5.0,-4046.0,-6351.0,4674.0
FrozenKingdom,125,FK_IceGolem,Spellbound Golem,Elite,5.0,6204.0,11309.0,3321.0
FrozenKingdom,126,FK_IceGolem,Spellbound Golem,Elite,5.0,9420.0,12206.0,3309.0
FrozenKingdom,127,FK_IceGolem,Spellbound Golem,Elite,5.0,1574.0,10649.0,3317.0
FrozenKingdom,128,FK_IceGolem,Spellbound Golem,Elite,5.0,9010.0,5606.0,3614.0
FrozenKingdom,129,FK_IceGolem,Spellbound Golem,Elite,5.0,0.0,0.0,96.0
FrozenKingdom,130,FK_IceGolem,Spellbound Golem,Elite,5.0,17181.0,3118.0,4662.0
FrozenKingdom,131,FK_IceGolem,Spellbound Golem,Elite,5.0,17721.0,2088.0,4696.0
FrozenKingdom,132,FK_IceGolem,Spellbound Golem,Elite,5.0,11851.0,-5486.0,2959.0
FrozenKingdom,133,FK_IceGolem,Spellbound Golem,Elite,5.0,13339.0,5592.0,3508.0
FrozenKingdom,134,FK_IceGolem,Spellbound Golem,Elite,5.0,11691.0,-302.0,2904.0
FrozenKingdom,135,FK_IceGolem,Spellbound Golem,Elite,5.0,15301.0,4488.0,4720.0
IceCave,0,FK_ElfDuelist,Blade of Cithrel,Elite,3.0,37768.0,17954.0,-7621.0
IceCave,1,FK_ElfDuelist,Blade of Cithrel,Elite,3.0,30423.0,-502.0,-1975.0
IceCave,2,FK_ElfDuelist,Blade of Cithrel,Elite,3.0,42340.0,18366.0,-7184.0
IceCave,3,FK_ElfDuelist,Blade of Cithrel,Elite,3.0,48419.0,17627.0,-7055.0
IceCave,4,FK_ElfDuelist,Blade of Cithrel,Elite,3.0,37388.0,17784.0,-7621.0
IceCave,5,FK_ElfDuelist,Blade of Cithrel,Elite,3.0,31053.0,-432.0,-1975.0
IceCave,6,FK_ElfDuelist,Blade of Cithrel,Elite,3.0,41182.0,10536.0,-3904.0
IceCave,7,FK_ElfDuelist,Blade of Cithrel,Elite,3.0,41792.0,10536.0,-3892.0
IceCave,8,FK_ElfDuelist,Blade of Cithrel,Elite,3.0,41162.0,5956.0,-3012.0
IceCave,9,FK_ElfGoon,Eldrin Recruit,Enemy,1.0,28995.0,2532.0,-2622.0
IceCave,10,FK_ElfGoon,Eldrin Recruit,Enemy,1.0,27267.0,-636.0,-1933.0
IceCave,11,FK_ElfGoon,Eldrin Recruit,Enemy,1.0,29105.0,2962.0,-2622.0
IceCave,12,FK_ElfGoon,Eldrin Recruit,Enemy,1.0,32065.0,-1518.0,-1996.0
IceCave,13,FK_ElfGoon,Eldrin Recruit,Enemy,1.0,31805.0,-2158.0,-1995.0
IceCave,14,FK_ElfGoon,Eldrin Recruit,Enemy,1.0,27025.0,-708.0,-1933.0
IceCave,15,FK_ElfGoon,Eldrin Recruit,Enemy,1.0,20438.0,-3608.0,103.0
IceCave,16,FK_ElfGoon,Eldrin Recruit,Enemy,1.0,20833.0,-3441.0,103.0
IceCave,17,FK_ElfGoon,Eldrin Recruit,Enemy,1.0,39290.0,5143.0,-3046.0
IceCave,18,FK_ElfGoon,Eldrin Recruit,Enemy,1.0,39344.0,4439.0,-3046.0
IceCave,19,FK_ElfGoon,Eldrin Recruit,Enemy,1.0,37511.0,15265.0,-7280.0
IceCave,20,FK_ElfGoon,Eldrin Recruit,Enemy,1.0,0.0,0.0,96.0
IceCave,21,FK_ElfGoon,Eldrin Recruit,Enemy,1.0,0.0,0.0,96.0
IceCave,22,FK_ElfIllusionist,Deceitful Scholar,Elite,5.0,27103.0,-424.0,-1945.0
IceCave,23,FK_ElfIllusionist,Deceitful Scholar,Elite,5.0,44486.0,10764.0,-4640.0
IceCave,24,FK_ElfIllusionist,Deceitful Scholar,Elite,5.0,48648.0,17375.0,-7035.0
IceCave,25,FK_ElfIllusionist,Deceitful Scholar,Elite,5.0,31913.0,4616.0,-2930.0
IceCave,26,FK_ElfIllusionist,Deceitful Scholar,Elite,5.0,48608.0,17955.0,-7035.0
IceCave,27,FK_ElfRanger,Tundra Stalker,Elite,2.0,41479.0,10385.0,-3904.0
IceCave,28,FK_ElfRanger,Tundra Stalker,Elite,2.0,31615.0,4380.0,-2932.0
IceCave,29,FK_ElfRanger,Tundra Stalker,Elite,2.0,32009.0,-1955.0,-1973.0
IceCave,30,FK_ElfRanger,Tundra Stalker,Elite,2.0,20630.0,-3520.0,113.0
IceCave,31,FK_ElfRanger,Tundra Stalker,Elite,2.0,31639.0,4893.0,-2932.0
IceCave,32,FK_ElfRanger,Tundra Stalker,Elite,2.0,28769.0,-3545.0,-1983.0
IceCave,33,FK_ElfRanger,Tundra Stalker,Elite,2.0,28497.0,-3536.0,-1983.0
IceCave,34,FK_ElfRanger,Tundra Stalker,Elite,2.0,44787.0,10564.0,-4670.0
IceCave,35,FK_ElfRanger,Tundra Stalker,Elite,2.0,32099.0,-1715.0,-1983.0
IceCave,36,FK_ElfRanger,Tundra Stalker,Elite,2.0,37247.0,14954.0,-7270.0
IceCave,37,FK_IceGolem,Spellbound Golem,Elite,5.0,0.0,0.0,96.0
IceCave,38,FK_IceGolem,Spellbound Golem,Elite,5.0,27269.0,5877.0,-2378.0
IceCave,39,FK_IceGolem,Spellbound Golem,Elite,5.0,27789.0,6707.0,-2378.0
IceCave,40,FK_IceGolem,Spellbound Golem,Elite,5.0,36099.0,2277.0,-2941.0
IceCave,41,FK_IceGolem,Spellbound Golem,Elite,5.0,52019.0,21627.0,-7273.0
IceCave,42,FK_IceGolem,Spellbound Golem,Elite,5.0,52519.0,21667.0,-7275.0
IceCave,43,IC_Assassin,Coldheart Assassin,Elite,3.0,45118.0,10726.0,-4675.0
IceCave,44,IC_Assassin,Coldheart Assassin,Elite,3.0,28928.0,2766.0,-2642.0
IceCave,45,IC_Assassin,Coldheart Assassin,Elite,3.0,41828.0,5916.0,-3052.0
IceCave,46,IC_Assassin,Coldheart Assassin,Elite,3.0,42697.0,18112.0,-7300.0
IceCave,47,FK_IceShardling,Ice Shardling,Enemy,1.0,0.0,0.0,90.0
IceCave,48,FK_IceShardling,Ice Shardling,Enemy,1.0,0.0,0.0,90.0
IceCave,49,FK_IceShardling,Ice Shardling,Enemy,1.0,0.0,0.0,90.0
IceCave,50,FK_IceShardling,Ice Shardling,Enemy,1.0,57798.0,16324.0,-7517.0
IceCave,51,FK_IceShardling,Ice Shardling,Enemy,1.0,58102.0,16970.0,-7511.0
IceCave,52,FK_IceShardling,Ice Shardling,Enemy,1.0,0.0,0.0,90.0
IceCave,53,FK_IceShardling,Ice Shardling,Enemy,1.0,0.0,0.0,90.0
IceCave,54,FK_IceShardling,Ice Shardling,Enemy,1.0,52682.0,21330.0,-7363.0
IceCave,55,FK_IceShardling,Ice Shardling,Enemy,1.0,0.0,0.0,90.0
IceCave,56,FK_IceShardling,Ice Shardling,Enemy,1.0,58944.0,16951.0,-7536.0
IceCave,57,IC_GlacialSprite,Frozen Remnant,Enemy,1.0,58720.0,16700.0,-7546.0
IceCave,58,IC_GlacialSprite,Frozen Remnant,Enemy,1.0,25612.0,6627.0,-2407.0
IceCave,59,IC_GlacialSprite,Frozen Remnant,Enemy,1.0,25341.0,6528.0,-2398.0
IceCave,60,IC_GlacialSprite,Frozen Remnant,Enemy,1.0,23163.0,7376.0,-2341.0
IceCave,61,IC_GlacialSprite,Frozen Remnant,Enemy,1.0,22771.0,6956.0,-2288.0
IceCave,62,IC_GlacialSprite,Frozen Remnant,Enemy,1.0,23151.0,6940.0,-2336.0
IceCave,63,IC_GlacialSprite,Frozen Remnant,Enemy,1.0,58210.0,16500.0,-7546.0
IceCave,64,IC_GlacialSprite,Frozen Remnant,Enemy,1.0,22910.0,6443.0,-2304.0
IceCave,65,IC_GlacialSprite,Frozen Remnant,Enemy,1.0,0.0,0.0,96.0
IceCave,66,IC_GlacialSprite,Frozen Remnant,Enemy,1.0,0.0,0.0,96.0
IceCave,67,IC_GlacialSprite,Frozen Remnant,Enemy,1.0,52020.0,21240.0,-7425.0
IceCave,68,IC_GlacialSprite,Frozen Remnant,Enemy,1.0,36366.0,2473.0,-2989.0
IceCave,69,IC_GlacialSprite,Frozen Remnant,Enemy,1.0,36076.0,2643.0,-2989.0
IceCave,70,IC_GlacialSprite,Frozen Remnant,Enemy,1.0,35816.0,2463.0,-2989.0
IceCave,71,IC_GreaterIceElemental,Greater Ice Elemental,Elite,8.0,27909.0,6120.0,-2309.0
IceCave,72,IC_GreaterIceElemental,Greater Ice Elemental,Elite,8.0,58509.0,16400.0,-7357.0
IceCave,73,IC_Healer,Eldrin Chronomancer,Elite,4.0,42639.0,18380.0,-7280.0
IceCave,74,IC_Healer,Eldrin Chronomancer,Elite,4.0,39580.0,4810.0,-3045.0
IceCave,75,IC_Healer,Eldrin Chronomancer,Elite,4.0,44860.0,10880.0,-4680.0
IceCave,76,IC_Healer,Eldrin Chronomancer,Elite,4.0,37490.0,18040.0,-7680.0
IceCave,77,IC_Lookout,Expedition Lookout,Enemy,1.0,22491.0,-639.0,-1375.0
IceCave,78,IC_Lookout,Expedition Lookout,Enemy,1.0,37420.0,15080.0,-7290.0
IceCave,79,IC_Lookout,Expedition Lookout,Enemy,1.0,23026.0,-1148.0,-1382.0
IceCave,80,IC_Lookout,Expedition Lookout,Enemy,1.0,0.0,0.0,96.0
IceCave,81,IC_Lookout,Expedition Lookout,Enemy,1.0,0.0,0.0,96.0
JourneyToStronghold,0,JS_NPCRime,Rime,Enemy,0.0,-9362.0,5146.0,1322.0
JourneyToStronghold,1,JS_NPCSylvie,Sylvie,,0.0,-6778.0,11065.0,1198.0
JourneyToStronghold,2,JS_TutorialGoblin,Orc Bandit,Enemy,0.0,-11505.0,7903.0,1285.0
JourneyToStronghold,3,JS_TutorialGoblin,Orc Bandit,Enemy,0.0,-7121.0,1588.0,1110.0
JourneyToStronghold,4,JS_TutorialGoblin,Orc Bandit,Enemy,0.0,-7274.0,1770.0,1110.0
JourneyToStronghold,5,JS_TutorialGoblin,Orc Bandit,Enemy,0.0,-6320.0,1600.0,1130.0
JourneyToStronghold,6,JS_TutorialGoblin,Orc Bandit,Enemy,0.0,-6554.0,1491.0,1110.0
JourneyToStronghold,7,JS_TutorialOrc,Orc Brawler,Enemy,0.0,-7254.0,9824.0,815.0
JourneyToStronghold,8,JS_TutorialOrc,Orc Brawler,Enemy,0.0,-8990.0,5099.0,1318.0
JourneyToStronghold,9,JS_TutorialOrcCaster,Orc Spellcaster,Enemy,0.0,-6870.0,1444.0,1114.0
JourneyToStronghold,10,JS_TutorialSmallGoblin,Orc Lookout,Enemy,0.0,-13805.0,9559.0,1378.0
JourneyToStronghold,11,JS_TutorialSmallGoblin,Orc Lookout,Enemy,0.0,-5390.0,10186.0,1446.0
JourneyToStronghold,12,JS_TutorialSmallGoblin,Orc Lookout,Enemy,0.0,-5201.0,9974.0,1466.0
JourneyToStronghold,13,JS_TutorialTroll,Troll Wagonsmasher,Enemy,0.0,-4687.0,-7257.0,2065.0
MoorCastle,0,MC_BloodCaster,Heskyr Magus,Enemy,4.0,824.0,-10885.0,-24.0
MoorCastle,1,MC_BloodCaster,Heskyr Magus,Enemy,4.0,-11026.0,382.0,126.0
MoorCastle,2,MC_BloodCaster,Heskyr Magus,Enemy,4.0,5800.0,-4310.0,1260.0
MoorCastle,3,MC_BloodCaster,Heskyr Magus,Enemy,4.0,-18046.0,-11053.0,872.0
MoorCastle,4,MC_BloodGrunt,Heskyr Brood,Enemy,1.5,14860.0,-4804.0,1252.0
MoorCastle,5,MC_BloodGrunt,Heskyr Brood,Enemy,1.5,6006.0,-4833.0,1243.0
MoorCastle,6,MC_BloodGrunt,Heskyr Brood,Enemy,1.5,5687.0,-4977.0,1258.0
MoorCastle,7,MC_BloodGrunt,Heskyr Brood,Enemy,1.5,-10820.0,727.0,82.0
MoorCastle,8,MC_BloodGrunt,Heskyr Brood,Enemy,1.5,-10839.0,71.0,168.0
MoorCastle,9,MC_BloodGrunt,Heskyr Brood,Enemy,1.5,-15839.0,-13059.0,153.0
MoorCastle,10,MC_BloodGrunt,Heskyr Brood,Enemy,1.5,-1505.0,-5349.0,91.0
MoorCastle,11,MC_BloodGrunt,Heskyr Brood,Enemy,1.5,-1830.0,-5427.0,76.0
MoorCastle,12,MC_BloodGrunt,Heskyr Brood,Enemy,1.5,2517.0,547.0,151.0
MoorCastle,13,MC_BloodGrunt,Heskyr Brood,Enemy,1.5,2444.0,964.0,152.0
MoorCastle,14,MC_BloodGrunt,Heskyr Brood,Enemy,1.5,4374.0,4448.0,96.0
MoorCastle,15,MC_BloodGrunt,Heskyr Brood,Enemy,1.5,3844.0,4728.0,96.0
MoorCastle,16,MC_BloodGrunt,Heskyr Brood,Enemy,1.5,8192.0,7203.0,97.0
MoorCastle,17,MC_BloodGrunt,Heskyr Brood,Enemy,1.5,-17721.0,-11263.0,852.0
MoorCastle,18,MC_BloodGrunt,Heskyr Brood,Enemy,1.5,-18194.0,-11339.0,852.0
MoorCastle,19,MC_BloodGrunt,Heskyr Brood,Enemy,1.5,-12492.0,17283.0,3247.0
MoorCastle,20,MC_BloodGrunt,Heskyr Brood,Enemy,1.5,-14040.0,4354.0,206.0
MoorCastle,21,MC_BloodGrunt,Heskyr Brood,Enemy,1.5,-14277.0,-6046.0,97.0
MoorCastle,22,MC_BloodGrunt,Heskyr Brood,Enemy,1.5,-12868.0,17166.0,3247.0
MoorCastle,23,MC_BloodGrunt,Heskyr Brood,Enemy,1.5,-14081.0,15667.0,3247.0
MoorCastle,24,MC_BloodGrunt,Heskyr Brood,Enemy,1.5,-13851.0,4613.0,265.0
MoorCastle,25,MC_BloodGrunt,Heskyr Brood,Enemy,1.5,-13854.0,4386.0,261.0
MoorCastle,26,MC_BloodGrunt,Heskyr Brood,Enemy,1.5,-14441.0,15620.0,3247.0
MoorCastle,27,MC_BloodGrunt,Heskyr Brood,Enemy,1.5,-20175.0,10110.0,214.0
MoorCastle,28,MC_BloodGrunt,Heskyr Brood,Enemy,1.5,14828.0,-4555.0,1263.0
MoorCastle,29,MC_BloodGrunt,Heskyr Brood,Enemy,1.5,-19786.0,10408.0,130.0
MoorCastle,30,MC_BloodGrunt,Heskyr Brood,Enemy,1.5,12378.0,-10977.0,1219.0
MoorCastle,31,MC_BloodGrunt,Heskyr Brood,Enemy,1.5,11825.0,-10995.0,1210.0
MoorCastle,32,MC_BloodGrunt,Heskyr Brood,Enemy,1.5,6338.0,-4145.0,1243.0
MoorCastle,33,MC_BloodGrunt,Heskyr Brood,Enemy,1.5,12728.0,-2660.0,1018.0
MoorCastle,34,MC_BloodGrunt,Heskyr Brood,Enemy,1.5,-13740.0,-6314.0,99.0
MoorCastle,35,MC_BloodGrunt,Heskyr Brood,Enemy,1.5,13347.0,-2613.0,1061.0
MoorCastle,36,MC_BloodGrunt,Heskyr Brood,Enemy,1.5,1370.0,6339.0,58.0
MoorCastle,37,MC_BloodGrunt,Heskyr Brood,Enemy,1.5,1044.0,7156.0,67.0
MoorCastle,38,MC_BloodGrunt,Heskyr Brood,Enemy,1.5,-10579.0,1005.0,82.0
MoorCastle,39,MC_BloodGrunt,Heskyr Brood,Enemy,1.5,-10648.0,-127.0,193.0
MoorCastle,40,MC_BloodGrunt,Heskyr Brood,Enemy,1.5,-21777.0,-3382.0,208.0
MoorCastle,41,MC_BloodGrunt,Heskyr Brood,Enemy,1.5,-20818.0,-3480.0,233.0
MoorCastle,42,MC_BloodGrunt,Heskyr Brood,Enemy,1.5,-12427.0,6941.0,114.0
MoorCastle,43,MC_BloodGrunt,Heskyr Brood,Enemy,1.5,-12366.0,7148.0,116.0
MoorCastle,44,MC_BloodGrunt,Heskyr Brood,Enemy,1.5,-11525.0,11665.0,414.0
MoorCastle,45,MC_BloodGrunt,Heskyr Brood,Enemy,1.5,-11427.0,11974.0,454.0
MoorCastle,46,MC_BloodGrunt,Heskyr Brood,Enemy,1.5,1294.0,-11109.0,-53.0
MoorCastle,47,MC_BloodGrunt,Heskyr Brood,Enemy,1.5,4184.0,4248.0,96.0
MoorCastle,48,MC_BloodGrunt,Heskyr Brood,Enemy,1.5,4102.0,4858.0,96.0
MoorCastle,49,MC_BloodGrunt,Heskyr Brood,Enemy,1.5,8092.0,7383.0,97.0
MoorCastle,50,MC_BloodGrunt,Heskyr Brood,Enemy,1.5,-11109.0,-4131.0,126.0
MoorCastle,51,MC_BloodGrunt,Heskyr Brood,Enemy,1.5,8446.0,7152.0,96.0
MoorCastle,52,MC_BloodGrunt,Heskyr Brood,Enemy,1.5,5964.0,1094.0,78.0
MoorCastle,53,MC_BloodGrunt,Heskyr Brood,Enemy,1.5,6054.0,1394.0,82.0
MoorCastle,54,MC_BloodGrunt,Heskyr Brood,Enemy,1.5,-12000.0,-3785.0,176.0
MoorCastle,55,MC_BloodGrunt,Heskyr Brood,Enemy,1.5,-4120.0,12396.0,1287.0
MoorCastle,56,MC_BloodGrunt,Heskyr Brood,Enemy,1.5,-1538.0,12194.0,1205.0
MoorCastle,57,MC_BloodGrunt,Heskyr Brood,Enemy,1.5,5102.0,10302.0,310.0
MoorCastle,58,MC_BloodGrunt,Heskyr Brood,Enemy,1.5,-16156.0,-12805.0,129.0
MoorCastle,59,MC_BloodGrunt,Heskyr Brood,Enemy,1.5,4322.0,9845.0,302.0
MoorCastle,60,MC_BloodGrunt,Heskyr Brood,Enemy,1.5,-69.0,15575.0,1263.0
MoorCastle,61,MC_BloodGrunt,Heskyr Brood,Enemy,1.5,-249.0,14976.0,1201.0
MoorCastle,62,MC_BloodGrunt,Heskyr Brood,Enemy,1.5,1139.0,-9771.0,90.0
MoorCastle,63,MC_BloodGrunt,Heskyr Brood,Enemy,1.5,16418.0,-11116.0,1313.0
MoorCastle,64,MC_BloodGrunt,Heskyr Brood,Enemy,1.5,16030.0,-11818.0,1283.0
MoorCastle,65,MC_BloodGrunt,Heskyr Brood,Enemy,1.5,6304.0,-4574.0,1260.0
MoorCastle,66,MC_BloodGrunt,Heskyr Brood,Enemy,1.5,-6209.0,14773.0,1170.0
MoorCastle,67,MC_BloodGrunt,Heskyr Brood,Enemy,1.5,-6049.0,13933.0,1170.0
MoorCastle,68,MC_BloodGuard,Heskyr Zealot,Elite,4.0,-16735.0,-6348.0,120.0
MoorCastle,69,MC_BloodGuard,Heskyr Zealot,Elite,4.0,-4391.0,-6247.0,124.0
MoorCastle,70,MC_BloodGuard,Heskyr Zealot,Elite,4.0,-7198.0,16263.0,1179.0
MoorCastle,71,MC_BloodGuard,Heskyr Zealot,Elite,4.0,-14120.0,-12641.0,1224.0
MoorCastle,72,MC_BloodGuard,Heskyr Zealot,Elite,4.0,-6249.0,14373.0,1156.0
MoorCastle,73,MC_BloodGuard,Heskyr Zealot,Elite,4.0,5829.0,-11611.0,1017.0
MoorCastle,74,MC_BloodGuard,Heskyr Zealot,Elite,4.0,-16601.0,11030.0,77.0
MoorCastle,75,MC_BloodGuard,Heskyr Zealot,Elite,4.0,12165.0,-11089.0,1221.0
MoorCastle,76,MC_BloodGuard,Heskyr Zealot,Elite,4.0,8020.0,-4210.0,1220.0
MoorCastle,77,MC_BloodGuard,Heskyr Zealot,Elite,4.0,6353.0,-6385.0,1244.0
MoorCastle,78,MC_BloodGuard,Heskyr Zealot,Elite,4.0,-10541.0,16759.0,3245.0
MoorCastle,79,MC_BloodGuard,Heskyr Zealot,Elite,4.0,919.0,6594.0,4.0
MoorCastle,80,MC_BloodGuard,Heskyr Zealot,Elite,4.0,-277.0,-8852.0,84.0
MoorCastle,81,MC_BloodGuard,Heskyr Zealot,Elite,4.0,4615.0,10067.0,256.0
MoorCastle,82,MC_BloodGuard,Heskyr Zealot,Elite,4.0,-3999.0,9947.0,1142.0
MoorCastle,83,MC_BloodGuard,Heskyr Zealot,Elite,4.0,-20304.0,-7124.0,128.0
MoorCastle,84,MC_BloodGuard,Heskyr Zealot,Elite,4.0,-1766.0,9784.0,1121.0
MoorCastle,85,MC_BloodGuard,Heskyr Zealot,Elite,4.0,-19455.0,-7072.0,128.0
MoorCastle,86,MC_BloodGuard,Heskyr Zealot,Elite,4.0,-13864.0,-5920.0,97.0
MoorCastle,87,MC_BloodGuard,Heskyr Zealot,Elite,4.0,13662.0,-9343.0,1207.0
MoorCastle,88,MC_BloodGuard,Heskyr Zealot,Elite,4.0,-16839.0,11487.0,77.0
MoorCastle,89,MC_BloodGuard,Heskyr Zealot,Elite,4.0,-15819.0,1945.0,96.0
MoorCastle,90,MC_BloodGuard,Heskyr Zealot,Elite,4.0,-6626.0,16082.0,1172.0
MoorCastle,91,MC_BloodGuard,Heskyr Zealot,Elite,4.0,172.0,15245.0,1219.0
MoorCastle,92,MC_BloodGuard,Heskyr Zealot,Elite,4.0,14548.0,-4718.0,1273.0
MoorCastle,93,MC_BloodGuard,Heskyr Zealot,Elite,4.0,-15932.0,-2101.0,112.0
MoorCastle,94,MC_BloodGuard,Heskyr Zealot,Elite,4.0,-15569.0,-2108.0,112.0
MoorCastle,95,MC_BloodGuard,Heskyr Zealot,Elite,4.0,-7868.0,-6295.0,85.0
MoorCastle,96,MC_BloodGuard,Heskyr Zealot,Elite,4.0,-10579.0,17056.0,3247.0
MoorCastle,97,MC_BloodGuard,Heskyr Zealot,Elite,4.0,12517.0,-1414.0,472.0
MoorCastle,98,MC_BloodGuard,Heskyr Zealot,Elite,4.0,13393.0,-1165.0,521.0
MoorCastle,99,MC_BloodGuard,Heskyr Zealot,Elite,4.0,-8147.0,12029.0,1152.0
MoorCastle,100,MC_BloodGuard,Heskyr Zealot,Elite,4.0,-8043.0,12337.0,1152.0
MoorCastle,101,MC_BloodGuard,Heskyr Zealot,Elite,4.0,-7887.0,11757.0,1152.0
MoorCastle,102,MC_BloodGuard,Heskyr Zealot,Elite,4.0,13405.0,-9688.0,1206.0
MoorCastle,103,MC_BloodGuard,Heskyr Zealot,Elite,4.0,-16732.0,-4549.0,120.0
MoorCastle,104,MC_BloodGuard,Heskyr Zealot,Elite,4.0,-20035.0,10328.0,220.0
MoorCastle,105,MC_BloodHound,Stalking Grim,Enemy,2.5,-3370.0,18073.0,1243.0
MoorCastle,106,MC_BloodHound,Stalking Grim,Enemy,2.5,-2436.0,18087.0,1243.0
MoorCastle,107,MC_BloodHound,Stalking Grim,Enemy,2.5,-18408.0,-11103.0,892.0
MoorCastle,108,MC_BloodHound,Stalking Grim,Enemy,2.5,-17616.0,-11000.0,892.0
MoorCastle,109,MC_BloodHound,Stalking Grim,Enemy,2.5,-13092.0,-10602.0,131.0
MoorCastle,110,MC_BloodHound,Stalking Grim,Enemy,2.5,-20494.0,5530.0,201.0
MoorCastle,111,MC_BloodHound,Stalking Grim,Enemy,2.5,-20891.0,5653.0,237.0
MoorCastle,112,MC_BloodHound,Stalking Grim,Enemy,2.5,-5351.0,3833.0,106.0
MoorCastle,113,MC_BloodHound,Stalking Grim,Enemy,2.5,-7181.0,17550.0,1412.0
MoorCastle,114,MC_BloodHound,Stalking Grim,Enemy,2.5,-4890.0,4248.0,181.0
MoorCastle,115,MC_BloodHound,Stalking Grim,Enemy,2.5,-7377.0,17417.0,1408.0
MoorCastle,116,MC_BloodHound,Stalking Grim,Enemy,2.5,-14011.0,-11025.0,141.0
MoorCastle,117,MC_BloodHound,Stalking Grim,Enemy,2.5,-19699.0,5543.0,125.0
MoorCastle,118,MC_BloodHound,Stalking Grim,Enemy,2.5,-19435.0,5425.0,125.0
MoorCastle,119,MC_BloodHound,Stalking Grim,Enemy,2.5,-5165.0,4061.0,117.0
MoorCastle,120,MC_BloodHound,Stalking Grim,Enemy,2.5,-11739.0,14706.0,388.0
MoorCastle,121,MC_BloodHound,Stalking Grim,Enemy,2.5,-12004.0,14421.0,235.0
MoorCastle,122,MC_BloodHound,Stalking Grim,Enemy,2.5,-11629.0,14383.0,348.0
MoorCastle,123,MC_BloodHound,Stalking Grim,Enemy,2.5,-17851.0,-8482.0,880.0
MoorCastle,124,MC_BloodHound,Stalking Grim,Enemy,2.5,-13796.0,-11178.0,161.0
MoorCastle,125,MC_BloodHound,Stalking Grim,Enemy,2.5,2505.0,732.0,149.0
MoorCastle,126,MC_BloodHound,Stalking Grim,Enemy,2.5,-21019.0,5240.0,270.0
MoorCastle,127,MC_BloodSummoner,Sanguine Disciple,Elite,6.0,-12402.0,-7464.0,192.0
MoorCastle,128,MC_BloodSummoner,Sanguine Disciple,Elite,6.0,16284.0,-11480.0,1473.0
MoorCastle,129,MC_BloodSummoner,Sanguine Disciple,Elite,6.0,-6811.0,16454.0,1252.0
MoorCastle,130,MC_WanderingGhostGuard,Restless Protector,Enemy,2.0,5753.0,1278.0,75.0
MoorCastle,131,MC_WanderingGhostGuard,Restless Protector,Enemy,2.0,-11770.0,11874.0,372.0
MoorCastle,132,MC_WanderingGhostGuard,Restless Protector,Enemy,2.0,11078.0,-9623.0,1217.0
MoorCastle,133,MC_WanderingGhostGuard,Restless Protector,Enemy,2.0,12776.0,-7251.0,1217.0
MoorCastle,134,MC_WanderingGhostGuard,Restless Protector,Enemy,2.0,-10616.0,7991.0,93.0
MoorCastle,135,MC_WanderingGhostGuard,Restless Protector,Enemy,2.0,-21875.0,-3313.0,254.0
MoorCastle,136,MC_WanderingGhostGuard,Restless Protector,Enemy,2.0,11530.0,4760.0,85.0
MoorCastle,137,MC_WanderingGhostGuard,Restless Protector,Enemy,2.0,10330.0,-1100.0,-5.0
MoorCastle,138,MC_WanderingGhostGuard,Restless Protector,Enemy,2.0,6814.0,-666.0,85.0
MoorCastle,139,MC_WanderingGhostGuard,Restless Protector,Enemy,2.0,10289.0,-685.0,-5.0
MoorCastle,140,MC_WanderingGhostGuard,Restless Protector,Enemy,2.0,-21380.0,3809.0,411.0
MoorCastle,141,MC_WanderingGhostGuard,Restless Protector,Enemy,2.0,-21163.0,4017.0,335.0
MoorCastle,142,MC_WanderingGhostGuard,Restless Protector,Enemy,2.0,-9624.0,-11434.0,112.0
MoorCastle,143,MC_WanderingGhostGuard,Restless Protector,Enemy,2.0,-20835.0,-3323.0,252.0
MoorCastle,144,MC_WanderingGhostGuard,Restless Protector,Enemy,2.0,-16030.0,-12573.0,121.0
MoorCastle,145,MC_WanderingGhostGuard,Restless Protector,Enemy,2.0,-15654.0,-12881.0,121.0
MoorCastle,146,MC_WanderingGhostGuard,Restless Protector,Enemy,2.0,11830.0,5320.0,45.0
MoorCastle,147,MC_WanderingGhostGuard,Restless Protector,Enemy,2.0,-17481.0,7205.0,204.0
MoorCastle,148,MC_WanderingGhostGuard,Restless Protector,Enemy,2.0,-17439.0,7543.0,188.0
MoorCastle,149,MC_WanderingGhostGuard,Restless Protector,Enemy,2.0,11350.0,5310.0,78.0
MoorCastle,150,MC_WanderingGhostGuard,Restless Protector,Enemy,2.0,5031.0,10256.0,188.0
MoorCastle,151,MC_WanderingGhostGuard,Restless Protector,Enemy,2.0,4507.0,9779.0,165.0
MoorCastle,152,MC_WanderingGhostGuard,Restless Protector,Enemy,2.0,-11840.0,-3928.0,94.0
MoorCastle,153,MC_WanderingGhostGuard,Restless Protector,Enemy,2.0,-11464.0,-4192.0,94.0
MoorCastle,154,MC_WanderingGhostPriest,Meandering Acolyte,Enemy,2.0,8388.0,-12881.0,1124.0
MoorCastle,155,MC_WanderingGhostPriest,Meandering Acolyte,Enemy,2.0,-24575.0,7294.0,1200.0
MoorCastle,156,MC_WanderingGhostPriest,Meandering Acolyte,Enemy,2.0,-17066.0,10983.0,117.0
MoorCastle,157,MC_WanderingGhostPriest,Meandering Acolyte,Enemy,2.0,-10380.0,8176.0,113.0
MoorCastle,158,MC_WanderingGhostPriest,Meandering Acolyte,Enemy,2.0,4460.0,4727.0,129.0
MoorCastle,159,MC_WanderingGhostPriest,Meandering Acolyte,Enemy,2.0,-16214.0,6299.0,94.0
MoorCastle,160,MC_WanderingGhostPriest,Meandering Acolyte,Enemy,2.0,-17928.0,15587.0,3315.0
MoorCastle,161,MC_WanderingGhostPriest,Meandering Acolyte,Enemy,2.0,-17366.0,-5524.0,88.0
MoorCastle,162,MC_WanderingGhostWarrior,Undying Champion,Enemy,2.0,-12556.0,7038.0,168.0
MoorCastle,163,MC_WanderingGhostWarrior,Undying Champion,Enemy,2.0,-16927.0,-4527.0,139.0
MoorCastle,164,MC_WanderingGhostWarrior,Undying Champion,Enemy,2.0,-16733.0,10760.0,143.0
MoorCastle,165,MC_WanderingGhostWarrior,Undying Champion,Enemy,2.0,-16546.0,6541.0,191.0
MoorCastle,166,MC_WanderingGhostWarrior,Undying Champion,Enemy,2.0,-15957.0,6652.0,154.0
MoorCastle,167,MC_WanderingGhostWarrior,Undying Champion,Enemy,2.0,-9720.0,-11248.0,163.0
MoorCastle,168,MC_WanderingGhostWarrior,Undying Champion,Enemy,2.0,-16801.0,-6454.0,102.0
MoorCastle,169,MC_WanderingGhostWarrior,Undying Champion,Enemy,2.0,3883.0,4497.0,150.0
MoorCastle,170,MC_WanderingGhostWarrior,Undying Champion,Enemy,2.0,-21025.0,-3979.0,200.0
MoorCastle,171,MC_WanderingGhostWarrior,Undying Champion,Enemy,2.0,-15660.0,2334.0,232.0
MoorCastle,172,MC_WanderingGhostWarrior,Undying Champion,Enemy,2.0,13227.0,-9620.0,1284.0
MoorCastle,173,MC_WanderingGhostWarrior,Undying Champion,Enemy,2.0,13422.0,-9392.0,1284.0
MoorCastle,174,MC_WanderingGhostWarrior,Undying Champion,Enemy,2.0,7972.0,-12504.0,1183.0
MoorCastle,175,MC_WanderingGhostWarrior,Undying Champion,Enemy,2.0,-17233.0,11311.0,213.0
MoorCastle,176,MC_WanderingGhostWarrior,Undying Champion,Enemy,2.0,8910.0,-12755.0,1183.0
MoorCastle,177,MC_WanderingGhostWarrior,Undying Champion,Enemy,2.0,8182.0,7555.0,228.0
MoorCastle,178,MC_WanderingGhostWarrior,Undying Champion,Enemy,2.0,7121.0,-662.0,151.0
MoorCastle,179,MC_WanderingGhostWarrior,Undying Champion,Enemy,2.0,-15630.0,-2320.0,150.0
MoorCastle,180,MC_WanderingGhostWarrior,Undying Champion,Enemy,2.0,8370.0,7458.0,229.0
MoorCastle,181,MC_WanderingGhostWarrior,Undying Champion,Enemy,2.0,12422.0,-1209.0,472.0
MoorCastle,182,MC_WanderingGhostWarrior,Undying Champion,Enemy,2.0,13419.0,-958.0,532.0
MoorCastle,183,MC_WanderingGhostWarrior,Undying Champion,Enemy,2.0,-23348.0,8941.0,1030.0
MoorCastle,184,MC_WanderingGhostWarrior,Undying Champion,Enemy,2.0,-15955.0,2186.0,169.0
MoorCastle,185,MC_WanderingGhostWarrior,Undying Champion,Enemy,2.0,-14092.0,-14364.0,1281.0
MoorCastle,186,MC_WanderingGhostWarrior,Undying Champion,Enemy,2.0,1495.0,-11033.0,50.0
MoorCastle,187,MC_WanderingGhostWarrior,Undying Champion,Enemy,2.0,1261.0,-9940.0,144.0
MoorCastle,188,MC_WanderingGhostWarrior,Undying Champion,Enemy,2.0,-15194.0,11511.0,3214.0
MoorCastle,189,MC_WanderingGhostWarrior,Undying Champion,Enemy,2.0,-15326.0,11779.0,3219.0
MoorCastle,190,MC_WanderingGhostWarrior,Undying Champion,Enemy,2.0,-13822.0,-14364.0,1281.0
MoorCastle,191,MC_WanderingGhostWarrior,Undying Champion,Enemy,2.0,-5814.0,-3506.0,85.0
MoorCastle,192,MC_WanderingGhostWarrior,Undying Champion,Enemy,2.0,-6124.0,-3406.0,85.0
MoorCastle,193,MC_WanderingGhostWarrior,Undying Champion,Enemy,2.0,-16178.0,15480.0,3359.0
MoorCastle,194,MC_WanderingGhostWarrior,Undying Champion,Enemy,2.0,-16300.0,16386.0,3359.0
MoorCastle,195,MC_WanderingGhostWarrior,Undying Champion,Enemy,2.0,1572.0,3050.0,146.0
MoorCastle,196,MC_WanderingGhostWarrior,Undying Champion,Enemy,2.0,1929.0,2500.0,146.0
MoorCastle,197,MC_WanderingGhostWarrior,Undying Champion,Enemy,2.0,-21307.0,-4079.0,190.0
MoorCastle,198,MC_WanderingGhostWarrior,Undying Champion,Enemy,2.0,-23583.0,9127.0,1032.0
MoorCastle,199,MC_WanderingGhostWarrior,Undying Champion,Enemy,2.0,-8162.0,-6222.0,94.0
MoorCastle,200,MC_WanderingGhostWarrior,Undying Champion,Enemy,2.0,-8016.0,-6563.0,94.0
MoorCastle,201,ST_BigBloodElemental,Heart of Rot,Enemy,6.0,-2972.0,14181.0,1294.0
MoorCastle,202,ST_BigBloodElemental,Heart of Rot,Enemy,6.0,-1211.0,-5260.0,186.0
MoorCastle,203,ST_SmallBloodElemental,Sanguine Echo,Enemy,2.0,-3091.0,5383.0,-110.0
MoorCastle,204,ST_SmallBloodElemental,Sanguine Echo,Enemy,2.0,-2131.0,5513.0,-110.0
MoorCastle,205,ST_SmallBloodElemental,Sanguine Echo,Enemy,2.0,-3673.0,15593.0,1194.0
MoorCastle,206,ST_SmallBloodElemental,Sanguine Echo,Enemy,2.0,-2223.0,15203.0,1195.0
MoorCastle,207,ST_SmallBloodElemental,Sanguine Echo,Enemy,2.0,-3268.0,8592.0,1097.0
MoorCastle,208,ST_SmallBloodElemental,Sanguine Echo,Enemy,2.0,-2562.0,8610.0,1097.0
MoorCastle,209,ST_SmallBloodElemental,Sanguine Echo,Enemy,2.0,-2855.0,8954.0,1097.0
MythicForest,0,,Rubilite Triggerstone,,,-7392.0,5712.0,1907.0
MythicForest,1,MF_BlightedMorningGlory,Blighted Dawnbloom,Enemy,2.0,-11221.0,15295.0,220.0
MythicForest,2,MF_BlightedMorningGlory,Blighted Dawnbloom,Enemy,2.0,5204.0,4446.0,298.0
MythicForest,3,MF_BlightedMorningGlory,Blighted Dawnbloom,Enemy,2.0,-14831.0,14405.0,253.0
MythicForest,4,MF_BlightedMorningGlory,Blighted Dawnbloom,Enemy,2.0,5419.0,13110.0,-454.0
MythicForest,5,MF_BlightedMorningGlory,Blighted Dawnbloom,Enemy,2.0,12214.0,10264.0,750.0
MythicForest,6,MF_BlightedMorningGlory,Blighted Dawnbloom,Enemy,2.0,12970.0,11345.0,750.0
MythicForest,7,MF_BlightedMorningGlory,Blighted Dawnbloom,Enemy,2.0,5401.0,13956.0,-494.0
MythicForest,8,MF_BlightedMorningGlory,Blighted Dawnbloom,Enemy,2.0,7914.0,3304.0,-42.0
MythicForest,9,MF_BlightedMorningGlory,Blighted Dawnbloom,Enemy,2.0,8154.0,3944.0,-42.0
MythicForest,10,MF_BlightedMorningGlory,Blighted Dawnbloom,Enemy,2.0,8064.0,3634.0,-42.0
MythicForest,11,MF_BlightedMorningGlory,Blighted Dawnbloom,Enemy,2.0,-3497.0,-1159.0,466.0
MythicForest,12,MF_BlightedMorningGlory,Blighted Dawnbloom,Enemy,2.0,-10851.0,7355.0,1747.0
MythicForest,13,MF_BlightedMorningGlory,Blighted Dawnbloom,Enemy,2.0,4157.0,2132.0,505.0
MythicForest,14,MF_BlightedMorningGlory,Blighted Dawnbloom,Enemy,2.0,4115.0,1709.0,505.0
MythicForest,15,MF_BlightedMorningGlory,Blighted Dawnbloom,Enemy,2.0,-14561.0,13925.0,265.0
MythicForest,16,MF_BlightedMorningGlory,Blighted Dawnbloom,Enemy,2.0,398.0,19703.0,-114.0
MythicForest,17,MF_BlightedMorningGlory,Blighted Dawnbloom,Enemy,2.0,599.0,19431.0,-114.0
MythicForest,18,MF_BlightedMorningGlory,Blighted Dawnbloom,Enemy,2.0,2873.0,17112.0,-233.0
MythicForest,19,MF_BlightedMorningGlory,Blighted Dawnbloom,Enemy,2.0,2469.0,16523.0,-233.0
MythicForest,20,MF_DawnstoneGuardian,Bloodstone Goliath,Elite,5.0,12818.0,10639.0,684.0
MythicForest,21,MF_DawnstoneGuardian,Bloodstone Goliath,Elite,5.0,4834.0,4144.0,436.0
MythicForest,22,MF_DawnstoneGuardian,Bloodstone Goliath,Elite,5.0,-1029.0,13346.0,-75.0
MythicForest,23,MF_DawnstoneGuardian,Bloodstone Goliath,Elite,5.0,574.0,-4600.0,282.0
MythicForest,24,MF_DawnstoneGuardian,Bloodstone Goliath,Elite,5.0,-10952.0,19350.0,42.0
MythicForest,25,MF_DawnstoneGuardian,Bloodstone Goliath,Elite,5.0,10078.0,-2525.0,-265.0
MythicForest,26,MF_DawnstoneGuardian,Bloodstone Goliath,Elite,5.0,-12318.0,654.0,1423.0
MythicForest,27,MF_FoulTotemic,Corrupted Totemic,Elite,4.0,-5536.0,11379.0,2521.0
MythicForest,28,MF_FoulTotemic,Corrupted Totemic,Elite,4.0,9397.0,14919.0,-475.0
MythicForest,29,MF_FoulTotemic,Corrupted Totemic,Elite,4.0,5064.0,3658.0,314.0
MythicForest,30,MF_FoulTotemic,Corrupted Totemic,Elite,4.0,-4344.0,-5780.0,961.0
MythicForest,31,MF_FoulTotemic,Corrupted Totemic,Elite,4.0,-1028.0,22347.0,-338.0
MythicForest,32,MF_FoulTotemic,Corrupted Totemic,Elite,4.0,-4592.0,-865.0,463.0
MythicForest,33,MF_FoulTotemic,Corrupted Totemic,Elite,4.0,-9482.0,3768.0,1753.0
MythicForest,34,MF_FoulTotemic,Corrupted Totemic,Elite,4.0,-4445.0,4354.0,2341.0
MythicForest,35,MF_FoulTotemic,Corrupted Totemic,Elite,4.0,9477.0,-2705.0,-383.0
MythicForest,36,MF_FoulTotemic,Corrupted Totemic,Elite,4.0,2473.0,21937.0,-574.0
MythicForest,37,MF_FoulTotemic,Corrupted Totemic,Elite,4.0,5877.0,12088.0,-476.0
MythicForest,38,MF_FoulTotemic,Corrupted Totemic,Elite,4.0,4245.0,9444.0,-218.0
MythicForest,39,MF_MangyBrute,Mangy Brute,Enemy,1.0,10570.0,8824.0,251.0
MythicForest,40,MF_MangyBrute,Mangy Brute,Enemy,1.0,-4085.0,17775.0,-276.0
MythicForest,41,MF_MangyBrute,Mangy Brute,Enemy,1.0,-13425.0,-2184.0,1511.0
MythicForest,42,MF_MangyBrute,Mangy Brute,Enemy,1.0,9305.0,15188.0,-465.0
MythicForest,43,MF_MangyBrute,Mangy Brute,Enemy,1.0,8967.0,15149.0,-465.0
MythicForest,44,MF_MangyBrute,Mangy Brute,Enemy,1.0,5438.0,3786.0,426.0
MythicForest,45,MF_MangyBrute,Mangy Brute,Enemy,1.0,10699.0,9525.0,292.0
MythicForest,46,MF_MangyBrute,Mangy Brute,Enemy,1.0,-6474.0,8397.0,1726.0
MythicForest,47,MF_MangyBrute,Mangy Brute,Enemy,1.0,-6567.0,8144.0,1688.0
MythicForest,48,MF_MangyBrute,Mangy Brute,Enemy,1.0,-6736.0,8357.0,1669.0
MythicForest,49,MF_MangyBrute,Mangy Brute,Enemy,1.0,-10631.0,6743.0,1763.0
MythicForest,50,MF_MangyBrute,Mangy Brute,Enemy,1.0,-10470.0,6966.0,1763.0
MythicForest,51,MF_MangyBrute,Mangy Brute,Enemy,1.0,-4135.0,17947.0,-254.0
MythicForest,52,MF_MangyBrute,Mangy Brute,Enemy,1.0,11042.0,9455.0,304.0
MythicForest,53,MF_MangyBrute,Mangy Brute,Enemy,1.0,10915.0,8765.0,248.0
MythicForest,54,MF_MangyBrute,Mangy Brute,Enemy,1.0,-13733.0,17628.0,-472.0
MythicForest,55,MF_MangyBrute,Mangy Brute,Enemy,1.0,-13563.0,17748.0,-449.0
MythicForest,56,MF_MangyBrute,Mangy Brute,Enemy,1.0,-15943.0,15275.0,-381.0
MythicForest,57,MF_MangyBrute,Mangy Brute,Enemy,1.0,-15923.0,15678.0,-323.0
MythicForest,58,MF_MangyBrute,Mangy Brute,Enemy,1.0,5334.0,3969.0,426.0
MythicForest,59,MF_MangyBrute,Mangy Brute,Enemy,1.0,-5680.0,979.0,1210.0
MythicForest,60,MF_MangyBrute,Mangy Brute,Enemy,1.0,-9750.0,4077.0,1763.0
MythicForest,61,MF_MangyBrute,Mangy Brute,Enemy,1.0,-4825.0,4410.0,2361.0
MythicForest,62,MF_MangyBrute,Mangy Brute,Enemy,1.0,-4470.0,4671.0,2361.0
MythicForest,63,MF_MangyBrute,Mangy Brute,Enemy,1.0,-4784.0,4721.0,2361.0
MythicForest,64,MF_MangyBrute,Mangy Brute,Enemy,1.0,2435.0,21234.0,-485.0
MythicForest,65,MF_MangyBrute,Mangy Brute,Enemy,1.0,2133.0,21390.0,-485.0
MythicForest,66,MF_MangyBrute,Mangy Brute,Enemy,1.0,2057.0,21745.0,-485.0
MythicForest,67,MF_MangyBrute,Mangy Brute,Enemy,1.0,-13196.0,-2326.0,1511.0
MythicForest,68,MF_MangyBrute,Mangy Brute,Enemy,1.0,5663.0,13633.0,-539.0
MythicForest,69,MF_MangyBrute,Mangy Brute,Enemy,1.0,5681.0,13313.0,-522.0
MythicForest,70,MF_Skittershard,Skittershard,Enemy,1.0,-11082.0,13169.0,522.0
MythicForest,71,MF_Skittershard,Skittershard,Enemy,1.0,-11359.0,13209.0,542.0
MythicForest,72,MF_Skittershard,Skittershard,Enemy,1.0,-1101.0,22998.0,-243.0
MythicForest,73,MF_Skittershard,Skittershard,Enemy,1.0,-621.0,22718.0,-243.0
MythicForest,74,MF_Skittershard,Skittershard,Enemy,1.0,-10856.0,18816.0,-106.0
MythicForest,75,MF_Skittershard,Skittershard,Enemy,1.0,-1861.0,22158.0,-243.0
MythicForest,76,MF_Skittershard,Skittershard,Enemy,1.0,-211.0,22588.0,-243.0
MythicForest,77,MF_Skittershard,Skittershard,Enemy,1.0,-575.0,13369.0,-141.0
MythicForest,78,MF_Skittershard,Skittershard,Enemy,1.0,-1075.0,13939.0,-141.0
MythicForest,79,MF_Skittershard,Skittershard,Enemy,1.0,-565.0,13709.0,-141.0
MythicForest,80,MF_Skittershard,Skittershard,Enemy,1.0,-742.0,14017.0,-141.0
MythicForest,81,MF_Skittershard,Skittershard,Enemy,1.0,-11295.0,19052.0,-98.0
MythicForest,82,MF_Skittershard,Skittershard,Enemy,1.0,-11383.0,12963.0,589.0
MythicForest,83,MF_Skittershard,Skittershard,Enemy,1.0,3843.0,9432.0,-186.0
MythicForest,84,MF_Skittershard,Skittershard,Enemy,1.0,4437.0,10176.0,-51.0
MythicForest,85,MF_Skittershard,Skittershard,Enemy,1.0,4037.0,9986.0,-242.0
MythicForest,86,MF_Skittershard,Skittershard,Enemy,1.0,5017.0,9306.0,-51.0
MythicForest,87,MF_Skittershard,Skittershard,Enemy,1.0,4651.0,9740.0,-51.0
MythicForest,88,MF_Skittershard,Skittershard,Enemy,1.0,5203.0,9680.0,-51.0
MythicForest,89,MF_Skittershard,Skittershard,Enemy,1.0,4257.0,9086.0,-203.0
MythicForest,90,MF_Skittershard,Skittershard,Enemy,1.0,-14496.0,14206.0,271.0
MythicForest,91,MF_Skittershard,Skittershard,Enemy,1.0,-10586.0,19166.0,-106.0
MythicForest,92,MF_Skittershard,Skittershard,Enemy,1.0,12153.0,11069.0,396.0
MythicForest,93,MF_Skittershard,Skittershard,Enemy,1.0,-11216.0,12857.0,589.0
MythicForest,94,MF_Skittershard,Skittershard,Enemy,1.0,12358.0,11344.0,382.0
MythicForest,95,MF_Skittershard,Skittershard,Enemy,1.0,12429.0,11033.0,435.0
MythicForest,96,MF_Skittershard,Skittershard,Enemy,1.0,12139.0,10743.0,442.0
MythicForest,97,MF_Skittershard,Skittershard,Enemy,1.0,12705.0,11309.0,440.0
MythicForest,98,MF_Skittershard,Skittershard,Enemy,1.0,-249.0,13312.0,-141.0
MythicForest,99,MF_Skittershard,Skittershard,Enemy,1.0,7418.0,-2778.0,199.0
MythicForest,100,MF_Skittershard,Skittershard,Enemy,1.0,7129.0,-2522.0,186.0
MythicForest,101,MF_Skittershard,Skittershard,Enemy,1.0,-11025.0,15662.0,175.0
MythicForest,102,MF_Skittershard,Skittershard,Enemy,1.0,6882.0,-2792.0,186.0
MythicForest,103,MF_Skittershard,Skittershard,Enemy,1.0,-11053.0,12940.0,553.0
MythicForest,104,MF_Skittershard,Skittershard,Enemy,1.0,7271.0,-3779.0,186.0
MythicForest,105,MF_Skittershard,Skittershard,Enemy,1.0,7098.0,-3180.0,186.0
MythicForest,106,MF_Skittershard,Skittershard,Enemy,1.0,6779.0,-3296.0,186.0
MythicForest,107,MF_Skittershard,Skittershard,Enemy,1.0,-4313.0,-271.0,239.0
MythicForest,108,MF_Skittershard,Skittershard,Enemy,1.0,-3618.0,-801.0,448.0
MythicForest,109,MF_Skittershard,Skittershard,Enemy,1.0,-3971.0,-1549.0,448.0
MythicForest,110,MF_Skittershard,Skittershard,Enemy,1.0,-3822.0,-578.0,315.0
MythicForest,111,MF_Skittershard,Skittershard,Enemy,1.0,-4378.0,-491.0,448.0
MythicForest,112,MF_Skittershard,Skittershard,Enemy,1.0,-4271.0,-1152.0,400.0
MythicForest,113,MF_Skittershard,Skittershard,Enemy,1.0,-11503.0,15162.0,233.0
MythicForest,114,MF_Skittershard,Skittershard,Enemy,1.0,-12542.0,256.0,1414.0
MythicForest,115,MF_Skittershard,Skittershard,Enemy,1.0,-12192.0,267.0,1408.0
MythicForest,116,MF_Skittershard,Skittershard,Enemy,1.0,-12013.0,422.0,1416.0
MythicForest,117,MF_Skittershard,Skittershard,Enemy,1.0,-12709.0,497.0,1419.0
MythicForest,118,MF_Skittershard,Skittershard,Enemy,1.0,-12004.0,107.0,1397.0
MythicForest,119,MF_Skittershard,Skittershard,Enemy,1.0,-12698.0,19.0,1407.0
MythicForest,120,MF_Skittershard,Skittershard,Enemy,1.0,-10115.0,-3150.0,1570.0
MythicForest,121,MF_Skittershard,Skittershard,Enemy,1.0,-9630.0,-3292.0,1570.0
MythicForest,122,MF_Skittershard,Skittershard,Enemy,1.0,-11375.0,15552.0,200.0
MythicForest,123,MF_Skittershard,Skittershard,Enemy,1.0,7599.0,-3336.0,186.0
MythicForest,124,MF_Skittershard,Skittershard,Enemy,1.0,-631.0,22258.0,-243.0
MythicForest,125,MF_Skittershard,Skittershard,Enemy,1.0,-1891.0,22598.0,-243.0
MythicForest,126,MF_Skittershard,Skittershard,Enemy,1.0,-1411.0,22368.0,-243.0
MythicForest,127,UM_Desecrater,Desecrator,Enemy,3.0,-2898.0,7362.0,2305.0
MythicForest,128,UM_Desecrater,Desecrator,Enemy,3.0,-7958.0,17865.0,-163.0
MythicForest,129,UM_Desecrater,Desecrator,Enemy,3.0,4879.0,15666.0,-579.0
MythicForest,130,UM_Desecrater,Desecrator,Enemy,3.0,-15878.0,15455.0,-261.0
MythicForest,131,UM_Desecrater,Desecrator,Enemy,3.0,11491.0,18423.0,-374.0
MythicForest,132,UM_Desecrater,Desecrator,Enemy,3.0,2423.0,655.0,653.0
MythicForest,133,UM_Desecrater,Desecrator,Enemy,3.0,7492.0,3420.0,413.0
MythicForest,134,UM_Desecrater,Desecrator,Enemy,3.0,-2888.0,6922.0,2305.0
MythicForest,135,UM_Desecrater,Desecrator,Enemy,3.0,7696.0,4019.0,402.0
MythicForest,136,UM_Desecrater,Desecrator,Enemy,3.0,-10954.0,7004.0,1674.0
MythicForest,137,UM_Desecrater,Desecrator,Enemy,3.0,-4210.0,4536.0,2256.0
MythicForest,138,UM_Desecrater,Desecrator,Enemy,3.0,-8796.0,12232.0,1895.0
MythicForest,139,UM_Desecrater,Desecrator,Enemy,3.0,-7398.0,11432.0,2035.0
MythicForest,140,UM_Desecrater,Desecrator,Enemy,3.0,9060.0,-4810.0,362.0
MythicForest,141,UM_Desecrater,Desecrator,Enemy,3.0,-3226.0,19703.0,-131.0
MythicForest,142,UM_Desecrater,Desecrator,Enemy,3.0,-3259.0,20083.0,-167.0
MythicForest,143,UM_Desecrater,Desecrator,Enemy,3.0,8783.0,-5268.0,397.0
MythicForest,144,UM_Desecrater,Desecrator,Enemy,3.0,2668.0,21523.0,-577.0
MythicForest,145,UM_Desecrater,Desecrator,Enemy,3.0,8450.0,-5223.0,298.0
MythicForest,146,UM_Desecrater,Desecrator,Enemy,3.0,5470.0,16137.0,-579.0
MythicForest,147,UM_GorestainedButcher,Gorestained Butcher,Elite,5.0,-13098.0,-1890.0,1480.0
MythicForest,148,UM_GorestainedButcher,Gorestained Butcher,Elite,5.0,14816.0,13027.0,862.0
MythicForest,149,UM_HornedSeer,Horned Seer,Enemy,3.0,10804.0,9143.0,277.0
MythicForest,150,UM_HornedSeer,Horned Seer,Enemy,3.0,-4168.0,-5210.0,1101.0
MythicForest,151,UM_HornedSeer,Horned Seer,Enemy,3.0,-4810.0,-5510.0,1070.0
MythicForest,152,UM_HornedSeer,Horned Seer,Enemy,3.0,2460.0,17115.0,-66.0
MythicForest,153,UM_HornedSeer,Horned Seer,Enemy,3.0,-6766.0,5238.0,1921.0
MythicForest,154,UM_HornedSeer,Horned Seer,Enemy,3.0,-7245.0,5088.0,1921.0
MythicForest,155,UM_HornedSeer,Horned Seer,Enemy,3.0,10071.0,-2042.0,-362.0
MythicForest,156,UM_HornedSeer,Horned Seer,Enemy,3.0,5040.0,15980.0,-648.0
MythicForest,157,UM_HornedSeer,Horned Seer,Enemy,3.0,8965.0,14740.0,-577.0
MythicForest,158,UM_Outrunner,Outrunner,Enemy,2.0,-8011.0,17565.0,-229.0
MythicForest,159,UM_Outrunner,Outrunner,Enemy,2.0,-4043.0,18154.0,-241.0
MythicForest,160,UM_Outrunner,Outrunner,Enemy,2.0,2644.0,17351.0,-140.0
MythicForest,161,UM_Outrunner,Outrunner,Enemy,2.0,2184.0,16991.0,-140.0
MythicForest,162,UM_Outrunner,Outrunner,Enemy,2.0,2730.0,571.0,642.0
MythicForest,163,UM_Outrunner,Outrunner,Enemy,2.0,6346.0,12083.0,-506.0
MythicForest,164,UM_Outrunner,Outrunner,Enemy,2.0,5301.0,12285.0,-437.0
MythicForest,165,UM_Outrunner,Outrunner,Enemy,2.0,5195.0,12012.0,-406.0
MythicForest,166,UM_Outrunner,Outrunner,Enemy,2.0,5966.0,12387.0,-512.0
MythicForest,167,UM_Outrunner,Outrunner,Enemy,2.0,5784.0,11787.0,-403.0
MythicForest,168,UM_Outrunner,Outrunner,Enemy,2.0,-13560.0,-1951.0,1419.0
MythicForest,169,UM_Outrunner,Outrunner,Enemy,2.0,9115.0,15356.0,-445.0
MythicForest,170,UM_Outrunner,Outrunner,Enemy,2.0,-8244.0,16557.0,-179.0
MythicForest,171,UM_Outrunner,Outrunner,Enemy,2.0,14545.0,12641.0,930.0
MythicForest,172,UM_Outrunner,Outrunner,Enemy,2.0,11521.0,16968.0,-255.0
MythicForest,173,UM_Outrunner,Outrunner,Enemy,2.0,11032.0,17146.0,-242.0
MythicForest,174,UM_Outrunner,Outrunner,Enemy,2.0,14501.0,13370.0,930.0
MythicForest,175,UM_Outrunner,Outrunner,Enemy,2.0,11629.0,18084.0,-350.0
MythicForest,176,UM_Outrunner,Outrunner,Enemy,2.0,11388.0,17390.0,-295.0
MythicForest,177,UM_Outrunner,Outrunner,Enemy,2.0,14339.0,13155.0,930.0
MythicForest,178,UM_Outrunner,Outrunner,Enemy,2.0,-5500.0,759.0,1230.0
MythicForest,179,UM_Outrunner,Outrunner,Enemy,2.0,14327.0,12832.0,930.0
MythicForest,180,UM_Outrunner,Outrunner,Enemy,2.0,-9803.0,3768.0,1783.0
MythicForest,181,UM_Outrunner,Outrunner,Enemy,2.0,-12937.0,-2334.0,1419.0
MythicForest,182,UM_Outrunner,Outrunner,Enemy,2.0,-9454.0,4048.0,1783.0
MythicForest,183,UM_Outrunner,Outrunner,Enemy,2.0,-10004.0,-3030.0,1367.0
MythicForest,184,UM_Outrunner,Outrunner,Enemy,2.0,-7135.0,5399.0,2025.0
MythicForest,185,UM_Outrunner,Outrunner,Enemy,2.0,-7499.0,4997.0,2025.0
MythicForest,186,UM_Outrunner,Outrunner,Enemy,2.0,2956.0,694.0,646.0
MythicForest,187,UM_Outrunner,Outrunner,Enemy,2.0,2701.0,934.0,645.0
MythicForest,188,UM_Outrunner,Outrunner,Enemy,2.0,-5231.0,11175.0,2552.0
MythicForest,189,UM_Outrunner,Outrunner,Enemy,2.0,-5551.0,10934.0,2552.0
MythicForest,190,UM_Outrunner,Outrunner,Enemy,2.0,-5146.0,11587.0,2552.0
MythicForest,191,UM_Outrunner,Outrunner,Enemy,2.0,-3145.0,7199.0,2310.0
MythicForest,192,UM_Outrunner,Outrunner,Enemy,2.0,-3942.0,17626.0,-283.0
MythicForest,193,UM_Outrunner,Outrunner,Enemy,2.0,-7877.0,-1458.0,1444.0
MythicForest,194,UM_Outrunner,Outrunner,Enemy,2.0,-7957.0,-1798.0,1444.0
MythicForest,195,UM_Outrunner,Outrunner,Enemy,2.0,-10020.0,-3540.0,1480.0
MythicForest,196,UM_Outrunner,Outrunner,Enemy,2.0,-7606.0,-1743.0,1682.0
MythicForest,197,UM_Outrunner,Outrunner,Enemy,2.0,-2898.0,20028.0,-165.0
MythicForest,198,UM_Outrunner,Outrunner,Enemy,2.0,-2870.0,19774.0,-145.0
MythicForest,199,UM_Outrunner,Outrunner,Enemy,2.0,-9683.0,-3168.0,1366.0
NightPatrol,0,DR_CultistCaster,Profane Invoker,Enemy,3.0,-20084.0,30119.0,11767.0
NightPatrol,1,DR_CultistCaster,Profane Invoker,Enemy,3.0,-19226.0,23842.0,11836.0
NightPatrol,2,DR_CultistCaster,Profane Invoker,Enemy,3.0,-1740.0,15120.0,13784.0
NightPatrol,3,DR_CultistCaster,Profane Invoker,Enemy,3.0,-17744.0,22449.0,12053.0
NightPatrol,4,DR_CultistCaster,Profane Invoker,Enemy,3.0,-10647.0,28025.0,12374.0
NightPatrol,5,DR_CultistCaster,Profane Invoker,Enemy,3.0,-10708.0,28432.0,12374.0
NightPatrol,6,DR_CultistCaster,Profane Invoker,Enemy,3.0,-19374.0,24218.0,11791.0
NightPatrol,7,DR_CultistCaster,Profane Invoker,Enemy,3.0,-9739.0,24897.0,12982.0
NightPatrol,8,DR_DangerousBrute,Executioner,Elite,5.0,0.0,0.0,96.0
NightPatrol,9,DR_DangerousBrute,Executioner,Elite,5.0,0.0,0.0,96.0
NightPatrol,10,DR_DangerousBrute,Executioner,Elite,5.0,-23360.0,22920.0,12673.0
NightPatrol,11,DR_DangerousBrute,Executioner,Elite,5.0,-19631.0,24026.0,11868.0
NightPatrol,12,DR_DangerousBrute,Executioner,Elite,5.0,0.0,0.0,96.0
NightPatrol,13,NP_BullyBasher,Bully Basher,Enemy,4.0,0.0,0.0,88.0
NightPatrol,14,NP_BullyBasher,Bully Basher,Enemy,4.0,78.0,18612.0,13157.0
NightPatrol,15,NP_BullyBasher,Bully Basher,Enemy,4.0,0.0,0.0,88.0
NightPatrol,16,NP_Facestabber,Facestabber,Enemy,2.0,3018.0,23610.0,12832.0
NightPatrol,17,NP_Facestabber,Facestabber,Enemy,2.0,0.0,0.0,88.0
NightPatrol,18,NP_Facestabber,Facestabber,Enemy,2.0,249.0,11566.0,14270.0
NightPatrol,19,NP_Facestabber,Facestabber,Enemy,2.0,628.0,12273.0,14290.0
NightPatrol,20,NP_Facestabber,Facestabber,Enemy,2.0,3721.0,14669.0,13717.0
NightPatrol,21,NP_Facestabber,Facestabber,Enemy,2.0,3542.0,14501.0,13687.0
NightPatrol,22,NP_Facestabber,Facestabber,Enemy,2.0,0.0,0.0,88.0
NightPatrol,23,NP_Facestabber,Facestabber,Enemy,2.0,0.0,0.0,88.0
NightPatrol,24,NP_Facestabber,Facestabber,Enemy,2.0,0.0,0.0,88.0
NightPatrol,25,NP_Facestabber,Facestabber,Enemy,2.0,1968.0,25860.0,12832.0
NightPatrol,26,NP_Facestabber,Facestabber,Enemy,2.0,2658.0,26010.0,12822.0
NightPatrol,27,NP_HalfMancatcher,Mancatcher,Enemy,2.0,-20260.0,30452.0,11795.0
NightPatrol,28,NP_HalfMancatcher,Mancatcher,Enemy,2.0,0.0,0.0,96.0
NightPatrol,29,NP_HalfMancatcher,Mancatcher,Enemy,2.0,-9814.0,24609.0,12990.0
NightPatrol,30,NP_HalfMancatcher,Mancatcher,Enemy,2.0,7630.0,19594.0,14438.0
NightPatrol,31,NP_HalfMancatcher,Mancatcher,Enemy,2.0,-17960.0,22704.0,12052.0
NightPatrol,32,NP_HalfMancatcher,Mancatcher,Enemy,2.0,0.0,0.0,96.0
NightPatrol,33,NP_HalfMancatcher,Mancatcher,Enemy,2.0,-22869.0,28429.0,11850.0
NightPatrol,34,NP_HalfMancatcher,Mancatcher,Enemy,2.0,-23170.0,28331.0,11862.0
NightPatrol,35,NP_HalfMancatcher,Mancatcher,Enemy,2.0,-21607.0,25917.0,12164.0
NightPatrol,36,NP_HalfMancatcher,Mancatcher,Enemy,2.0,-21543.0,26149.0,12138.0
NightPatrol,37,NP_Shinchopper,Shinchopper,Enemy,1.0,-1139.0,23662.0,13703.0
NightPatrol,38,NP_Shinchopper,Shinchopper,Enemy,1.0,-1514.0,14756.0,13814.0
NightPatrol,39,NP_Shinchopper,Shinchopper,Enemy,1.0,0.0,0.0,88.0
NightPatrol,40,NP_Shinchopper,Shinchopper,Enemy,1.0,6977.0,11510.0,13770.0
NightPatrol,41,NP_Shinchopper,Shinchopper,Enemy,1.0,6736.0,11592.0,13770.0
NightPatrol,42,NP_Shinchopper,Shinchopper,Enemy,1.0,6600.0,11455.0,13770.0
NightPatrol,43,NP_Shinchopper,Shinchopper,Enemy,1.0,0.0,0.0,88.0
NightPatrol,44,NP_Shinchopper,Shinchopper,Enemy,1.0,0.0,0.0,88.0
NightPatrol,45,NP_Shinchopper,Shinchopper,Enemy,1.0,-1283.0,23470.0,13693.0
NightPatrol,46,NP_Shinchopper,Shinchopper,Enemy,1.0,3161.0,24193.0,12830.0
NightPatrol,47,NP_Shinchopper,Shinchopper,Enemy,1.0,2663.0,23455.0,12809.0
NightPatrol,48,NP_Shinchopper,Shinchopper,Enemy,1.0,3025.0,23891.0,12828.0
NightPatrol,49,NP_Shinchopper,Shinchopper,Enemy,1.0,2143.0,25373.0,12800.0
NightPatrol,50,NP_Shinchopper,Shinchopper,Enemy,1.0,-24.0,22005.0,13665.0
NightPatrol,51,NP_Shinchopper,Shinchopper,Enemy,1.0,2708.0,25672.0,12829.0
NightPatrol,52,NP_Shinchopper,Shinchopper,Enemy,1.0,2328.0,26005.0,12818.0
NightPatrol,53,NP_Shinchopper,Shinchopper,Enemy,1.0,-874.0,18689.0,13149.0
NightPatrol,54,NP_Shinchopper,Shinchopper,Enemy,1.0,-329.0,18427.0,13177.0
NightPatrol,55,NP_Shinchopper,Shinchopper,Enemy,1.0,559.0,18522.0,13195.0
NightPatrol,56,NP_Shinchopper,Shinchopper,Enemy,1.0,313.0,18241.0,13199.0
NightPatrol,57,NP_Shinchopper,Shinchopper,Enemy,1.0,-1111.0,19001.0,13177.0
NightPatrol,58,NP_Shinchopper,Shinchopper,Enemy,1.0,-72.0,18254.0,13215.0
NightPatrol,59,NP_Shinchopper,Shinchopper,Enemy,1.0,86.0,22818.0,13657.0
NightPatrol,60,NP_Shinchopper,Shinchopper,Enemy,1.0,-16.0,22525.0,13663.0
NightPatrol,61,NP_Shinchopper,Shinchopper,Enemy,1.0,-1370.0,15415.0,13794.0
NightPatrol,62,NP_Shinchopper,Shinchopper,Enemy,1.0,-1334.0,15053.0,13794.0
NightPatrol,63,NP_Stormscreamer,Stormscreamer,Elite,3.0,0.0,0.0,88.0
NightPatrol,64,NP_Stormscreamer,Stormscreamer,Elite,3.0,3539.0,14235.0,13696.0
NightPatrol,65,NP_Stormscreamer,Stormscreamer,Elite,3.0,6629.0,11155.0,13736.0
NightPatrol,66,NP_Stormscreamer,Stormscreamer,Elite,3.0,6918.0,18920.0,14358.0
NightPatrol,67,NP_Stormscreamer,Stormscreamer,Elite,3.0,8108.0,19664.0,14468.0
NightPatrol,68,NP_Stormscreamer,Stormscreamer,Elite,3.0,4009.0,14765.0,13736.0
NightPatrol,69,UC_EvilSpirit,Dire Rat,Enemy,1.0,-14675.0,19647.0,12031.0
NightPatrol,70,UC_EvilSpirit,Dire Rat,Enemy,1.0,-14355.0,18638.0,11962.0
NightPatrol,71,UC_EvilSpirit,Dire Rat,Enemy,1.0,6811.0,15245.0,13210.0
NightPatrol,72,UC_EvilSpirit,Dire Rat,Enemy,1.0,6786.0,15945.0,13158.0
NightPatrol,73,UC_EvilSpirit,Dire Rat,Enemy,1.0,6633.0,15562.0,13163.0
NightPatrol,74,UC_EvilSpirit,Dire Rat,Enemy,1.0,6968.0,15363.0,13156.0
NightPatrol,75,UC_EvilSpirit,Dire Rat,Enemy,1.0,6288.0,15469.0,13156.0
NightPatrol,76,UC_EvilSpirit,Dire Rat,Enemy,1.0,6773.0,15806.0,13127.0
NightPatrol,77,UC_EvilSpirit,Dire Rat,Enemy,1.0,6237.0,15167.0,13166.0
NightPatrol,78,UC_EvilSpirit,Dire Rat,Enemy,1.0,-14785.0,19130.0,11955.0
NightPatrol,79,UC_EvilSpirit,Dire Rat,Enemy,1.0,-14226.0,18775.0,11925.0
NightPatrol,80,UC_EvilSpirit,Dire Rat,Enemy,1.0,-14288.0,18922.0,11947.0
NightPatrol,81,UC_EvilSpirit,Dire Rat,Enemy,1.0,-14931.0,19575.0,12026.0
NightPatrol,82,UC_EvilSpirit,Dire Rat,Enemy,1.0,-14315.0,19500.0,11955.0
NightPatrol,83,UC_EvilSpirit,Dire Rat,Enemy,1.0,-14969.0,19360.0,12013.0
NightPatrol,84,UC_EvilSpirit,Dire Rat,Enemy,1.0,6137.0,15294.0,13156.0
NightPatrol,85,UC_EvilSpirit,Dire Rat,Enemy,1.0,6845.0,15452.0,13156.0
NightPatrol,86,VV_BlackmistCutthroat,Nightmist Cutthroat,Enemy,3.0,-24416.0,31810.0,11638.0
NightPatrol,87,VV_BlackmistCutthroat,Nightmist Cutthroat,Enemy,3.0,-17505.0,27688.0,11808.0
NightPatrol,88,VV_BlackmistCutthroat,Nightmist Cutthroat,Enemy,3.0,-12937.0,22318.0,12667.0
NightPatrol,89,VV_BlackmistCutthroat,Nightmist Cutthroat,Enemy,3.0,0.0,0.0,96.0
NightPatrol,90,VV_BlackmistCutthroat,Nightmist Cutthroat,Enemy,3.0,0.0,0.0,96.0
NightPatrol,91,VV_BlackmistCutthroat,Nightmist Cutthroat,Enemy,3.0,-9369.0,24888.0,13036.0
NightPatrol,92,VV_BlackmistCutthroat,Nightmist Cutthroat,Enemy,3.0,-23512.0,28536.0,11852.0
NightPatrol,93,VV_BlackmistCutthroat,Nightmist Cutthroat,Enemy,3.0,690.0,11800.0,14265.0
NightPatrol,94,VV_BlackmistCutthroat,Nightmist Cutthroat,Enemy,3.0,7337.0,19348.0,14422.0
NightPatrol,95,VV_BlackmistCutthroat,Nightmist Cutthroat,Enemy,3.0,-17636.0,22789.0,12076.0
NightPatrol,96,VV_BlackmistCutthroat,Nightmist Cutthroat,Enemy,3.0,0.0,0.0,96.0
NightPatrol,97,VV_BlackmistCutthroat,Nightmist Cutthroat,Enemy,3.0,-22967.0,22767.0,12731.0
NightPatrol,98,VV_BlackmistCutthroat,Nightmist Cutthroat,Enemy,3.0,-23127.0,23306.0,12731.0
NightPatrol,99,VV_BlackmistCutthroat,Nightmist Cutthroat,Enemy,3.0,-17428.0,28026.0,11784.0
NightPatrol,100,VV_IcebitePillager,Raging Pillager,Enemy,2.0,4102.0,16990.0,13680.0
NightPatrol,101,VV_IcebitePillager,Raging Pillager,Enemy,2.0,3869.0,16634.0,13680.0
NightPatrol,102,VV_IcebitePillager,Raging Pillager,Enemy,2.0,0.0,0.0,96.0
NightPatrol,103,VV_IcebitePillager,Raging Pillager,Enemy,2.0,0.0,0.0,96.0
NightPatrol,104,VV_IcebitePillager,Raging Pillager,Enemy,2.0,-13244.0,27826.0,12380.0
NightPatrol,105,VV_IcebitePillager,Raging Pillager,Enemy,2.0,-13450.0,27669.0,12380.0
NightPatrol,106,VV_IcebitePillager,Raging Pillager,Enemy,2.0,-12342.0,26213.0,12380.0
NightPatrol,107,VV_IcebitePillager,Raging Pillager,Enemy,2.0,-12150.0,26387.0,12380.0
NightPatrol,108,VV_IcebitePillager,Raging Pillager,Enemy,2.0,-8892.0,28136.0,13235.0
NightPatrol,109,VV_IcebitePillager,Raging Pillager,Enemy,2.0,2809.0,16874.0,13660.0
NightPatrol,110,VV_IcebitePillager,Raging Pillager,Enemy,2.0,-8640.0,27951.0,13235.0
NightPatrol,111,VV_IcebitePillager,Raging Pillager,Enemy,2.0,-8967.0,27878.0,13235.0
NightPatrol,112,VV_IcebitePillager,Raging Pillager,Enemy,2.0,-7529.0,29220.0,13235.0
NightPatrol,113,VV_IcebitePillager,Raging Pillager,Enemy,2.0,-7774.0,29356.0,13235.0
NightPatrol,114,VV_IcebitePillager,Raging Pillager,Enemy,2.0,-7693.0,29571.0,13235.0
NightPatrol,115,VV_IcebitePillager,Raging Pillager,Enemy,2.0,-7315.0,29554.0,13235.0
NightPatrol,116,VV_IcebitePillager,Raging Pillager,Enemy,2.0,-19743.0,30232.0,11763.0
NightPatrol,117,VV_IcebitePillager,Raging Pillager,Enemy,2.0,-1662.0,14047.0,13964.0
NightPatrol,118,VV_IcebitePillager,Raging Pillager,Enemy,2.0,-1338.0,13785.0,13974.0
NightPatrol,119,VV_IcebitePillager,Raging Pillager,Enemy,2.0,3582.0,17284.0,13670.0
NightPatrol,120,VV_IcebitePillager,Raging Pillager,Enemy,2.0,0.0,0.0,96.0
NightPatrol,121,VV_IcebitePillager,Raging Pillager,Enemy,2.0,0.0,0.0,96.0
NightPatrol,122,VV_SootstainedArsonist,Ashen Arsonist,Enemy,3.0,290.0,22586.0,13671.0
NightPatrol,123,VV_SootstainedArsonist,Ashen Arsonist,Enemy,3.0,-12651.0,22690.0,12681.0
NightPatrol,124,VV_SootstainedArsonist,Ashen Arsonist,Enemy,3.0,-12425.0,22530.0,12681.0
NightPatrol,125,VV_SootstainedArsonist,Ashen Arsonist,Enemy,3.0,265.0,22170.0,13671.0
NightPatrol,126,VV_SootstainedArsonist,Ashen Arsonist,Enemy,3.0,-14129.0,24116.0,12681.0
NightPatrol,127,VV_SootstainedArsonist,Ashen Arsonist,Enemy,3.0,0.0,0.0,96.0
NightPatrol,128,VV_SootstainedArsonist,Ashen Arsonist,Enemy,3.0,0.0,0.0,96.0
NightPatrol,129,VV_SootstainedArsonist,Ashen Arsonist,Enemy,3.0,-9496.0,24606.0,12993.0
PirateRaid,0,DR_RuinsLasher,Ruins Lasher,Enemy,1.0,-15938.0,-1481.0,2437.0
PirateRaid,1,DR_RuinsLasher,Ruins Lasher,Enemy,1.0,-14850.0,5187.0,2531.0
PirateRaid,2,DR_RuinsLasher,Ruins Lasher,Enemy,1.0,-19388.0,1142.0,2481.0
PirateRaid,3,DR_RuinsLasher,Ruins Lasher,Enemy,1.0,-19527.0,908.0,2521.0
PirateRaid,4,DR_RuinsLasher,Ruins Lasher,Enemy,1.0,-18131.0,-10730.0,1179.0
PirateRaid,5,DR_RuinsLasher,Ruins Lasher,Enemy,1.0,-17696.0,-10034.0,1167.0
PirateRaid,6,DR_RuinsLasher,Ruins Lasher,Enemy,1.0,-18491.0,-10904.0,1179.0
PirateRaid,7,DR_RuinsLasher,Ruins Lasher,Enemy,1.0,-3047.0,1356.0,1905.0
PirateRaid,8,DR_RuinsLasher,Ruins Lasher,Enemy,1.0,-18458.0,-10307.0,1236.0
PirateRaid,9,DR_RuinsLasher,Ruins Lasher,Enemy,1.0,-18161.0,-10154.0,1228.0
PirateRaid,10,DR_RuinsLasher,Ruins Lasher,Enemy,1.0,2127.0,-4375.0,3649.0
PirateRaid,11,DR_RuinsLasher,Ruins Lasher,Enemy,1.0,2497.0,-4055.0,3574.0
PirateRaid,12,DR_RuinsLasher,Ruins Lasher,Enemy,1.0,-15840.0,5257.0,2531.0
PirateRaid,13,DR_RuinsLasher,Ruins Lasher,Enemy,1.0,3107.0,-4275.0,3574.0
PirateRaid,14,DR_RuinsLasher,Ruins Lasher,Enemy,1.0,2967.0,-4885.0,3630.0
PirateRaid,15,DR_RuinsLasher,Ruins Lasher,Enemy,1.0,3440.0,-11076.0,3585.0
PirateRaid,16,DR_RuinsLasher,Ruins Lasher,Enemy,1.0,-2207.0,616.0,1985.0
PirateRaid,17,DR_RuinsLasher,Ruins Lasher,Enemy,1.0,-1917.0,2106.0,1915.0
PirateRaid,18,DR_RuinsLasher,Ruins Lasher,Enemy,1.0,-1917.0,786.0,1915.0
PirateRaid,19,DR_RuinsLasher,Ruins Lasher,Enemy,1.0,-3157.0,976.0,1915.0
PirateRaid,20,DR_RuinsLasher,Ruins Lasher,Enemy,1.0,-35942.0,-5477.0,3023.0
PirateRaid,21,DR_RuinsLasher,Ruins Lasher,Enemy,1.0,-36580.0,-4967.0,3058.0
PirateRaid,22,DR_RuinsLasher,Ruins Lasher,Enemy,1.0,-15287.0,4746.0,2605.0
PirateRaid,23,DR_RuinsLasher,Ruins Lasher,Enemy,1.0,2841.0,-10746.0,3554.0
PirateRaid,24,DR_RuinsLasher,Ruins Lasher,Enemy,1.0,2768.0,-10404.0,3554.0
PirateRaid,25,DR_RuinsLasher,Ruins Lasher,Enemy,1.0,4859.0,-5113.0,3055.0
PirateRaid,26,DR_RuinsLasher,Ruins Lasher,Enemy,1.0,4824.0,-5757.0,3036.0
PirateRaid,27,DR_RuinsLasher,Ruins Lasher,Enemy,1.0,4824.0,-6159.0,3036.0
PirateRaid,28,DR_RuinsLasher,Ruins Lasher,Enemy,1.0,5178.0,-5393.0,3080.0
PirateRaid,29,DR_RuinsLasher,Ruins Lasher,Enemy,1.0,7523.0,-8346.0,3019.0
PirateRaid,30,DR_RuinsLasher,Ruins Lasher,Enemy,1.0,-15178.0,-918.0,2441.0
PirateRaid,31,DR_RuinsLasher,Ruins Lasher,Enemy,1.0,7243.0,-7975.0,3019.0
PirateRaid,32,DR_RuinsLasher,Ruins Lasher,Enemy,1.0,7292.0,-7697.0,3019.0
PirateRaid,33,DR_RuinsLasher,Ruins Lasher,Enemy,1.0,7593.0,-7990.0,3058.0
PirateRaid,34,DR_RuinsLasher,Ruins Lasher,Enemy,1.0,-14762.0,1004.0,2496.0
PirateRaid,35,DR_RuinsLasher,Ruins Lasher,Enemy,1.0,-15222.0,1244.0,2613.0
PirateRaid,36,DR_RuinsLasher,Ruins Lasher,Enemy,1.0,-14842.0,1374.0,2510.0
PirateRaid,37,DR_RuinsLasher,Ruins Lasher,Enemy,1.0,-3327.0,1256.0,1905.0
PirateRaid,38,DR_RuinsLasher,Ruins Lasher,Enemy,1.0,-36385.0,-5168.0,3099.0
PirateRaid,39,DR_RuinsLasher,Ruins Lasher,Enemy,1.0,-35726.0,-5590.0,3103.0
PirateRaid,40,DR_RuinsLasher,Ruins Lasher,Enemy,1.0,-35720.0,-5294.0,2949.0
PirateRaid,41,PR_BarbarousLasher,Barbarous Lasher,Enemy,5.0,-15594.0,-1256.0,2361.0
PirateRaid,42,PR_BarbarousLasher,Barbarous Lasher,Enemy,5.0,-15795.0,4976.0,2605.0
PirateRaid,43,PR_BarbarousLasher,Barbarous Lasher,Enemy,5.0,-17720.0,-10489.0,1199.0
PirateRaid,44,PR_BarbarousLasher,Barbarous Lasher,Enemy,5.0,2976.0,-4026.0,3697.0
PirateRaid,45,PR_BarbarousLasher,Barbarous Lasher,Enemy,5.0,3106.0,-11008.0,3625.0
PirateRaid,46,PR_BarbarousLasher,Barbarous Lasher,Enemy,5.0,-36165.0,-5298.0,3062.0
PirateRaid,47,PR_Bilgerat,Bilgerat,Enemy,4.0,7880.0,367.0,1505.0
PirateRaid,48,PR_Bilgerat,Bilgerat,Enemy,4.0,4521.0,6853.0,1428.0
PirateRaid,49,PR_Bilgerat,Bilgerat,Enemy,4.0,-24190.0,-15003.0,2773.0
PirateRaid,50,PR_Bilgerat,Bilgerat,Enemy,4.0,9196.0,-4978.0,3757.0
PirateRaid,51,PR_Bilgerat,Bilgerat,Enemy,4.0,4273.0,6921.0,1428.0
PirateRaid,52,PR_Bilgerat,Bilgerat,Enemy,4.0,8113.0,279.0,1515.0
PirateRaid,53,PR_Bilgerat,Bilgerat,Enemy,4.0,-34120.0,-9990.0,2232.0
PirateRaid,54,PR_Bilgerat,Bilgerat,Enemy,4.0,-33410.0,-10390.0,2232.0
PirateRaid,55,PR_Bilgerat,Bilgerat,Enemy,4.0,9231.0,-4752.0,3757.0
PirateRaid,56,PR_BlunderbussPirate,Soulpowder Buccaneer,Enemy,3.0,6268.0,2204.0,1233.0
PirateRaid,57,PR_BlunderbussPirate,Soulpowder Buccaneer,Enemy,3.0,1210.0,3158.0,1558.0
PirateRaid,58,PR_BlunderbussPirate,Soulpowder Buccaneer,Enemy,3.0,-6381.0,2765.0,1618.0
PirateRaid,59,PR_BlunderbussPirate,Soulpowder Buccaneer,Enemy,3.0,-6405.0,2470.0,1639.0
PirateRaid,60,PR_BlunderbussPirate,Soulpowder Buccaneer,Enemy,3.0,-7928.0,10798.0,1205.0
PirateRaid,61,PR_BlunderbussPirate,Soulpowder Buccaneer,Enemy,3.0,-7838.0,11098.0,1205.0
PirateRaid,62,PR_BlunderbussPirate,Soulpowder Buccaneer,Enemy,3.0,-31636.0,-10088.0,2968.0
PirateRaid,63,PR_BlunderbussPirate,Soulpowder Buccaneer,Enemy,3.0,18022.0,7071.0,2864.0
PirateRaid,64,PR_BlunderbussPirate,Soulpowder Buccaneer,Enemy,3.0,17822.0,6611.0,2864.0
PirateRaid,65,PR_BlunderbussPirate,Soulpowder Buccaneer,Enemy,3.0,-17150.0,-12880.0,4010.0
PirateRaid,66,PR_BlunderbussPirate,Soulpowder Buccaneer,Enemy,3.0,6008.0,2024.0,1254.0
PirateRaid,67,PR_BlunderbussPirate,Soulpowder Buccaneer,Enemy,3.0,-16930.0,-13220.0,4010.0
PirateRaid,68,PR_BlunderbussPirate,Soulpowder Buccaneer,Enemy,3.0,1222.0,2857.0,1563.0
PirateRaid,69,PR_BlunderbussPirate,Soulpowder Buccaneer,Enemy,3.0,16479.0,2580.0,3439.0
PirateRaid,70,PR_BlunderbussPirate,Soulpowder Buccaneer,Enemy,3.0,-18536.0,-3898.0,1958.0
PirateRaid,71,PR_BlunderbussPirate,Soulpowder Buccaneer,Enemy,3.0,-18986.0,-3678.0,1958.0
PirateRaid,72,PR_BlunderbussPirate,Soulpowder Buccaneer,Enemy,3.0,-28696.0,-9675.0,1649.0
PirateRaid,73,PR_BlunderbussPirate,Soulpowder Buccaneer,Enemy,3.0,-28749.0,-10729.0,1649.0
PirateRaid,74,PR_BlunderbussPirate,Soulpowder Buccaneer,Enemy,3.0,-31629.0,-10441.0,2968.0
PirateRaid,75,PR_BlunderbussPirate,Soulpowder Buccaneer,Enemy,3.0,3475.0,-1743.0,1248.0
PirateRaid,76,PR_BlunderbussPirate,Soulpowder Buccaneer,Enemy,3.0,3695.0,-2013.0,1248.0
PirateRaid,77,PR_BlunderbussPirate,Soulpowder Buccaneer,Enemy,3.0,-23797.0,-4172.0,2489.0
PirateRaid,78,PR_CannonPirate,Scuttlejack Cannoneer,Enemy,5.0,6309.0,740.0,2142.0
PirateRaid,79,PR_CannonPirate,Scuttlejack Cannoneer,Enemy,5.0,-829.0,7325.0,1445.0
PirateRaid,80,PR_CannonPirate,Scuttlejack Cannoneer,Enemy,5.0,-23832.0,-4466.0,2498.0
PirateRaid,81,PR_CannonPirate,Scuttlejack Cannoneer,Enemy,5.0,-28738.0,-10237.0,1610.0
PirateRaid,82,PR_CannonPirate,Scuttlejack Cannoneer,Enemy,5.0,-29130.0,-10260.0,2968.0
PirateRaid,83,PR_CannonPirate,Scuttlejack Cannoneer,Enemy,5.0,17632.0,6935.0,2867.0
PirateRaid,84,PR_CannonPirate,Scuttlejack Cannoneer,Enemy,5.0,-16770.0,-12960.0,4007.0
PirateRaid,85,PR_CannonPirate,Scuttlejack Cannoneer,Enemy,5.0,11283.0,1381.0,4139.0
PirateRaid,86,PR_CannonPirate,Scuttlejack Cannoneer,Enemy,5.0,10961.0,3466.0,1169.0
PirateRaid,87,PR_CannonPirate,Scuttlejack Cannoneer,Enemy,5.0,-21854.0,-13586.0,2762.0
PirateRaid,88,PR_GoldenConstructVolatile,Greedbound Prism,Elite,2.0,-10318.0,-16887.0,4073.0
PirateRaid,89,PR_GoldenConstructVolatile,Greedbound Prism,Elite,2.0,5544.0,-10628.0,3225.0
PirateRaid,90,PR_GoldenConstructVolatile,Greedbound Prism,Elite,2.0,6074.0,-10688.0,3144.0
PirateRaid,91,PR_GoldenConstructVolatile,Greedbound Prism,Elite,2.0,-3874.0,-3618.0,3349.0
PirateRaid,92,PR_GoldenConstructVolatile,Greedbound Prism,Elite,2.0,-11135.0,-11556.0,3606.0
PirateRaid,93,PR_GoldenConstructVolatile,Greedbound Prism,Elite,2.0,-1624.0,-5049.0,3433.0
PirateRaid,94,PR_PirateGrunt,Gravescythe,Enemy,2.5,-10721.0,-10909.0,3475.0
PirateRaid,95,PR_PirateGrunt,Gravescythe,Enemy,2.5,-13821.0,-13119.0,4045.0
PirateRaid,96,PR_PirateGrunt,Gravescythe,Enemy,2.5,5879.0,-10367.0,3074.0
PirateRaid,97,PR_PirateGrunt,Gravescythe,Enemy,2.5,-4045.0,-3876.0,3377.0
PirateRaid,98,PR_PirateGrunt,Gravescythe,Enemy,2.5,-2197.0,-5189.0,3413.0
PirateRaid,99,PR_PirateGrunt,Gravescythe,Enemy,2.5,-1957.0,-4866.0,3382.0
PirateRaid,100,PR_PirateGrunt,Gravescythe,Enemy,2.5,-3769.0,-4007.0,3363.0
PirateRaid,101,PR_PirateGrunt,Gravescythe,Enemy,2.5,-5800.0,-8577.0,2583.0
PirateRaid,102,PR_PirateGrunt,Gravescythe,Enemy,2.5,-6290.0,-8910.0,2548.0
PirateRaid,103,PR_PirateGrunt,Gravescythe,Enemy,2.5,-5310.0,-8920.0,2548.0
PirateRaid,104,PR_PirateGrunt,Gravescythe,Enemy,2.5,-14011.0,-13809.0,4025.0
PirateRaid,105,PR_PirateGrunt,Gravescythe,Enemy,2.5,-10961.0,-16888.0,3997.0
PirateRaid,106,PR_PirateGrunt,Gravescythe,Enemy,2.5,-12010.0,-16511.0,3971.0
PirateRaid,107,PR_PirateGrunt,Gravescythe,Enemy,2.5,-10751.0,-11659.0,3555.0
PirateRaid,108,PR_PirateGrunt,Gravescythe,Enemy,2.5,-10607.0,-16753.0,3997.0
PirateRaid,109,PR_PirateGrunt,Gravescythe,Enemy,2.5,-11204.0,-10909.0,3578.0
PirateRaid,110,PR_PossessedArmor,Greedspawn Sentinel,Enemy,5.0,-11497.0,-16791.0,4008.0
PirateRaid,111,PR_PossessedArmor,Greedspawn Sentinel,Enemy,5.0,-5810.0,-9000.0,2548.0
PirateRaid,112,PR_PossessedArmor,Greedspawn Sentinel,Enemy,5.0,-1823.0,-5134.0,3457.0
PirateRaid,113,PR_PossessedArmor,Greedspawn Sentinel,Enemy,5.0,-14137.0,-13451.0,4058.0
PirateRaid,114,PR_Scallywag,Saltsworn Scallywag,Enemy,2.0,5841.0,316.0,2130.0
PirateRaid,115,PR_Scallywag,Saltsworn Scallywag,Enemy,2.0,-9757.0,6628.0,1577.0
PirateRaid,116,PR_Scallywag,Saltsworn Scallywag,Enemy,2.0,-21886.0,-13941.0,2727.0
PirateRaid,117,PR_Scallywag,Saltsworn Scallywag,Enemy,2.0,15866.0,9804.0,2818.0
PirateRaid,118,PR_Scallywag,Saltsworn Scallywag,Enemy,2.0,14866.0,8046.0,2818.0
PirateRaid,119,PR_Scallywag,Saltsworn Scallywag,Enemy,2.0,281.0,703.0,1795.0
PirateRaid,120,PR_Scallywag,Saltsworn Scallywag,Enemy,2.0,380.0,920.0,1780.0
PirateRaid,121,PR_Scallywag,Saltsworn Scallywag,Enemy,2.0,6693.0,-1912.0,1080.0
PirateRaid,122,PR_Scallywag,Saltsworn Scallywag,Enemy,2.0,6361.0,-1842.0,1080.0
PirateRaid,123,PR_Scallywag,Saltsworn Scallywag,Enemy,2.0,6132.0,-1949.0,1080.0
PirateRaid,124,PR_Scallywag,Saltsworn Scallywag,Enemy,2.0,-23181.0,-4071.0,2464.0
PirateRaid,125,PR_Scallywag,Saltsworn Scallywag,Enemy,2.0,-23211.0,-4560.0,2464.0
PirateRaid,126,PR_Scallywag,Saltsworn Scallywag,Enemy,2.0,-30836.0,-9710.0,1598.0
PirateRaid,127,PR_Scallywag,Saltsworn Scallywag,Enemy,2.0,-9392.0,2430.0,1465.0
PirateRaid,128,PR_Scallywag,Saltsworn Scallywag,Enemy,2.0,-9602.0,2990.0,1465.0
PirateRaid,129,PR_Scallywag,Saltsworn Scallywag,Enemy,2.0,-8972.0,2140.0,1573.0
PirateRaid,130,PR_Scallywag,Saltsworn Scallywag,Enemy,2.0,-5486.0,6141.0,1022.0
PirateRaid,131,PR_Scallywag,Saltsworn Scallywag,Enemy,2.0,-7236.0,12417.0,1100.0
PirateRaid,132,PR_Scallywag,Saltsworn Scallywag,Enemy,2.0,-7380.0,12204.0,1167.0
PirateRaid,133,PR_Scallywag,Saltsworn Scallywag,Enemy,2.0,15559.0,2759.0,3400.0
PirateRaid,134,PR_Scallywag,Saltsworn Scallywag,Enemy,2.0,-9550.0,7266.0,1635.0
PirateRaid,135,PR_Scallywag,Saltsworn Scallywag,Enemy,2.0,15758.0,2728.0,3411.0
PirateRaid,136,PR_Scallywag,Saltsworn Scallywag,Enemy,2.0,-16180.0,-13572.0,3977.0
PirateRaid,137,PR_Scallywag,Saltsworn Scallywag,Enemy,2.0,13550.0,1888.0,3989.0
PirateRaid,138,PR_Scallywag,Saltsworn Scallywag,Enemy,2.0,13190.0,2328.0,3952.0
PirateRaid,139,PR_Scallywag,Saltsworn Scallywag,Enemy,2.0,-16073.0,-13801.0,3975.0
PirateRaid,140,PR_Scallywag,Saltsworn Scallywag,Enemy,2.0,-7541.0,12415.0,1143.0
PirateRaid,141,PR_Scallywag,Saltsworn Scallywag,Enemy,2.0,-20570.0,-15380.0,3274.0
PirateRaid,142,PR_Scallywag,Saltsworn Scallywag,Enemy,2.0,-20870.0,-15370.0,3254.0
PirateRaid,143,PR_Scallywag,Saltsworn Scallywag,Enemy,2.0,-5270.0,6312.0,1032.0
PirateRaid,144,PR_Scallywag,Saltsworn Scallywag,Enemy,2.0,-18157.0,-3676.0,2021.0
PirateRaid,145,PR_Scallywag,Saltsworn Scallywag,Enemy,2.0,5994.0,701.0,2130.0
PirateRaid,146,PR_Scallywag,Saltsworn Scallywag,Enemy,2.0,-18977.0,-3316.0,2029.0
PirateRaid,147,PR_Scallywag,Saltsworn Scallywag,Enemy,2.0,10590.0,3084.0,1159.0
PirateRaid,148,PR_Scallywag,Saltsworn Scallywag,Enemy,2.0,-23390.0,-4159.0,2464.0
PirateRaid,149,PR_Scallywag,Saltsworn Scallywag,Enemy,2.0,-23389.0,-4467.0,2464.0
PirateRaid,150,PR_Scallywag,Saltsworn Scallywag,Enemy,2.0,10378.0,1217.0,4127.0
PirateRaid,151,PR_Scallywag,Saltsworn Scallywag,Enemy,2.0,-30852.0,-10670.0,1598.0
PirateRaid,152,PR_Scallywag,Saltsworn Scallywag,Enemy,2.0,-31089.0,-9906.0,1598.0
PirateRaid,153,PR_Scallywag,Saltsworn Scallywag,Enemy,2.0,10775.0,810.0,4127.0
PirateRaid,154,PR_Scallywag,Saltsworn Scallywag,Enemy,2.0,-29048.0,-9871.0,1637.0
PirateRaid,155,PR_Scallywag,Saltsworn Scallywag,Enemy,2.0,-29066.0,-10496.0,1637.0
PirateRaid,156,PR_Scallywag,Saltsworn Scallywag,Enemy,2.0,10400.0,3360.0,1149.0
PirateRaid,157,PR_Scallywag,Saltsworn Scallywag,Enemy,2.0,-31839.0,-9769.0,2972.0
PirateRaid,158,PR_Scallywag,Saltsworn Scallywag,Enemy,2.0,-31886.0,-10659.0,2990.0
PirateRaid,159,PR_Scallywag,Saltsworn Scallywag,Enemy,2.0,11899.0,1326.0,4127.0
PirateRaid,160,PR_Scallywag,Saltsworn Scallywag,Enemy,2.0,-28838.0,-9499.0,2991.0
PirateRaid,161,PR_Scallywag,Saltsworn Scallywag,Enemy,2.0,11269.0,1995.0,4127.0
PirateRaid,162,PR_Scallywag,Saltsworn Scallywag,Enemy,2.0,-28770.0,-11044.0,2983.0
PirateRaid,163,PR_Scallywag,Saltsworn Scallywag,Enemy,2.0,-21694.0,-13245.0,2727.0
PirateRaid,164,PR_Scallywag,Saltsworn Scallywag,Enemy,2.0,7975.0,-1203.0,3771.0
PirateRaid,165,PR_Scallywag,Saltsworn Scallywag,Enemy,2.0,-24394.0,-14644.0,2819.0
PirateRaid,166,PR_Scallywag,Saltsworn Scallywag,Enemy,2.0,7562.0,-1275.0,3770.0
PirateRaid,167,PR_Scallywag,Saltsworn Scallywag,Enemy,2.0,7287.0,-1306.0,3771.0
PirateRaid,168,PR_Scallywag,Saltsworn Scallywag,Enemy,2.0,7808.0,-1260.0,3771.0
PirateRaid,169,PR_Scallywag,Saltsworn Scallywag,Enemy,2.0,-13696.0,8078.0,2584.0
PirateRaid,170,PR_Scallywag,Saltsworn Scallywag,Enemy,2.0,-13737.0,7863.0,2603.0
PirateRaid,171,PR_Scallywag,Saltsworn Scallywag,Enemy,2.0,-13144.0,8054.0,2584.0
PirateRaid,172,PR_Scallywag,Saltsworn Scallywag,Enemy,2.0,-13322.0,8182.0,2603.0
PirateRaid,173,PR_Scallywag,Saltsworn Scallywag,Enemy,2.0,880.0,955.0,1703.0
PirateRaid,174,PR_Scallywag,Saltsworn Scallywag,Enemy,2.0,-31089.0,-10492.0,1598.0
PirateRaid,175,PR_Scallywag,Saltsworn Scallywag,Enemy,2.0,-18698.0,2560.0,2516.0
PirateRaid,176,PR_Scallywag,Saltsworn Scallywag,Enemy,2.0,-4708.0,7810.0,1008.0
PirateRaid,177,PR_Scallywag,Saltsworn Scallywag,Enemy,2.0,-6750.0,8601.0,1017.0
PirateRaid,178,PR_Scallywag,Saltsworn Scallywag,Enemy,2.0,-6756.0,7852.0,1028.0
PirateRaid,179,PR_Scallywag,Saltsworn Scallywag,Enemy,2.0,14751.0,-502.0,3989.0
PirateRaid,180,PR_Scallywag,Saltsworn Scallywag,Enemy,2.0,14496.0,-266.0,3989.0
PirateRaid,181,PR_Scallywag,Saltsworn Scallywag,Enemy,2.0,14734.0,103.0,3989.0
PirateRaid,182,PR_Scallywag,Saltsworn Scallywag,Enemy,2.0,6390.0,4791.0,1245.0
PirateRaid,183,PR_Scallywag,Saltsworn Scallywag,Enemy,2.0,6704.0,4332.0,1238.0
PirateRaid,184,PR_Scallywag,Saltsworn Scallywag,Enemy,2.0,6492.0,4501.0,1243.0
PirateRaid,185,PR_Scallywag,Saltsworn Scallywag,Enemy,2.0,-9537.0,6832.0,1558.0
PirateRaid,186,PR_Scallywag,Saltsworn Scallywag,Enemy,2.0,-4672.0,8135.0,1004.0
PirateRaid,187,PR_Scallywag,Saltsworn Scallywag,Enemy,2.0,-23680.0,-14928.0,2859.0
PirateRaid,188,PR_Scallywag,Saltsworn Scallywag,Enemy,2.0,-23937.0,-14945.0,2859.0
PirateRaid,189,PR_Scallywag,Saltsworn Scallywag,Enemy,2.0,17708.0,7887.0,2824.0
PirateRaid,190,PR_Scallywag,Saltsworn Scallywag,Enemy,2.0,17806.0,7612.0,2814.0
PirateRaid,191,PR_Scallywag,Saltsworn Scallywag,Enemy,2.0,9154.0,-4503.0,3744.0
PirateRaid,192,PR_Scallywag,Saltsworn Scallywag,Enemy,2.0,8989.0,-5249.0,3696.0
PirateRaid,193,PR_Scallywag,Saltsworn Scallywag,Enemy,2.0,9138.0,-4301.0,3744.0
PirateRaid,194,PR_Scallywag,Saltsworn Scallywag,Enemy,2.0,-9222.0,1990.0,1593.0
PirateRaid,195,PR_Scallywag,Saltsworn Scallywag,Enemy,2.0,-10072.0,2980.0,1493.0
PirateRaid,196,PR_Scallywag,Saltsworn Scallywag,Enemy,2.0,630.0,1095.0,1703.0
PirateRaid,197,PR_Scallywag,Saltsworn Scallywag,Enemy,2.0,-24585.0,-14608.0,2825.0
PirateRaid,198,PR_Scallywag,Saltsworn Scallywag,Enemy,2.0,-19060.0,2340.0,2516.0
PirateRaid,199,PR_Scallywag,Saltsworn Scallywag,Enemy,2.0,-18669.0,3054.0,2516.0
PirateRaid,200,PR_Scallywag,Saltsworn Scallywag,Enemy,2.0,-29048.0,-10220.0,1637.0
PirateRaid,201,PR_Scallywag,Saltsworn Scallywag,Enemy,2.0,-29916.0,-8319.0,2942.0
PirateRaid,202,PR_Scallywag,Saltsworn Scallywag,Enemy,2.0,-6474.0,8231.0,1003.0
PirateRaid,203,PR_Scallywag,Saltsworn Scallywag,Enemy,2.0,-30225.0,-8319.0,2942.0
PirateRaid,204,PR_Scallywag,Saltsworn Scallywag,Enemy,2.0,-30296.0,-12081.0,2942.0
PirateRaid,205,PR_Scallywag,Saltsworn Scallywag,Enemy,2.0,-29988.0,-12061.0,2942.0
PirateRaid,206,PR_Scallywag,Saltsworn Scallywag,Enemy,2.0,15257.0,5016.0,3121.0
PirateRaid,207,PR_Scallywag,Saltsworn Scallywag,Enemy,2.0,15506.0,5074.0,3121.0
PirateRaid,208,PR_Scallywag,Saltsworn Scallywag,Enemy,2.0,14661.0,5888.0,3121.0
PirateRaid,209,PR_Scallywag,Saltsworn Scallywag,Enemy,2.0,14896.0,5990.0,3121.0
PirateRaid,210,PR_Scallywag,Saltsworn Scallywag,Enemy,2.0,15271.0,9248.0,2874.0
PirateRaid,211,PR_Scallywag,Saltsworn Scallywag,Enemy,2.0,14985.0,8308.0,2824.0
PirateRaid,212,PR_Swashbuckler,Bleachbone Brute,Enemy,4.0,5584.0,2326.0,1288.0
PirateRaid,213,PR_Swashbuckler,Bleachbone Brute,Enemy,4.0,6641.0,5070.0,1296.0
PirateRaid,214,PR_Swashbuckler,Bleachbone Brute,Enemy,4.0,14971.0,8734.0,2908.0
PirateRaid,215,PR_Swashbuckler,Bleachbone Brute,Enemy,4.0,6947.0,4508.0,1296.0
PirateRaid,216,PR_Swashbuckler,Bleachbone Brute,Enemy,4.0,15012.0,-268.0,3978.0
PirateRaid,217,PR_Swashbuckler,Bleachbone Brute,Enemy,4.0,6329.0,318.0,2170.0
PirateRaid,218,PR_Swashbuckler,Bleachbone Brute,Enemy,4.0,-22917.0,-4467.0,2521.0
PirateRaid,219,PR_Swashbuckler,Bleachbone Brute,Enemy,4.0,-31122.0,-10217.0,1630.0
PirateRaid,220,PR_Swashbuckler,Bleachbone Brute,Enemy,4.0,3090.0,-1700.0,1242.0
PirateRaid,221,PR_Swashbuckler,Bleachbone Brute,Enemy,4.0,-28565.0,-10555.0,2962.0
PirateRaid,222,PR_Swashbuckler,Bleachbone Brute,Enemy,4.0,3690.0,-2330.0,1242.0
PirateRaid,223,PR_Swashbuckler,Bleachbone Brute,Enemy,4.0,-394.0,7113.0,1461.0
PirateRaid,224,PR_Swashbuckler,Bleachbone Brute,Enemy,4.0,669.0,764.0,1816.0
PirateRaid,225,PR_Swashbuckler,Bleachbone Brute,Enemy,4.0,-9855.0,2589.0,1540.0
PirateRaid,226,PR_Swashbuckler,Bleachbone Brute,Enemy,4.0,8331.0,-1103.0,3779.0
PirateRaid,227,PR_TigerCat,Jungle Stalker,Enemy,3.0,5697.0,-7554.0,3006.0
PirateRaid,228,PR_TigerCat,Jungle Stalker,Enemy,3.0,5057.0,-5923.0,3042.0
PirateRaid,229,PR_TigerCat,Jungle Stalker,Enemy,3.0,7644.0,-9609.0,3024.0
PirateRaid,230,PR_TigerCat,Jungle Stalker,Enemy,3.0,8133.0,-9771.0,3036.0
PirateRaid,231,PR_TigerCat,Jungle Stalker,Enemy,3.0,-21357.0,-8039.0,1099.0
PirateRaid,232,PR_TigerCat,Jungle Stalker,Enemy,3.0,5572.0,-7311.0,3017.0
PirateRaid,233,PR_TigerCat,Jungle Stalker,Enemy,3.0,-21208.0,-8308.0,1116.0
PirateRaid,234,PR_TigerCat,Jungle Stalker,Enemy,3.0,-13612.0,473.0,2482.0
PirateRaid,235,PR_TigerCat,Jungle Stalker,Enemy,3.0,-13543.0,775.0,2487.0
PirateRaid,236,PR_TigerCat,Jungle Stalker,Enemy,3.0,7847.0,-9582.0,3064.0
PirateRaid,237,PR_TigerCat,Jungle Stalker,Enemy,3.0,-19417.0,-525.0,2638.0
PirateRaid,238,PR_TigerCat,Jungle Stalker,Enemy,3.0,-19477.0,-6.0,2638.0
PirateRaid,239,PR_WaterCaster,Tide Witch,Enemy,5.0,924.0,2607.0,1676.0
PirateRaid,240,PR_WaterCaster,Tide Witch,Enemy,5.0,13399.0,2136.0,3958.0
PirateRaid,241,PR_WaterCaster,Tide Witch,Enemy,5.0,10886.0,1386.0,4133.0
PirateRaid,242,PR_WaterCaster,Tide Witch,Enemy,5.0,16727.0,3135.0,3483.0
PirateRaid,243,PR_WaterCaster,Tide Witch,Enemy,5.0,-31697.0,-10902.0,2977.0
PirateRaid,244,PR_WaterCaster,Tide Witch,Enemy,5.0,-28538.0,-10003.0,2977.0
PirateRaid,245,PR_WaterCaster,Tide Witch,Enemy,5.0,900.0,3362.0,1626.0
PirateRaid,246,PR_WaterCaster,Tide Witch,Enemy,5.0,6198.0,2529.0,1293.0
PirateRaid,247,PR_WaterCaster,Tide Witch,Enemy,5.0,-6592.0,2632.0,1612.0
PirateRaid,248,PR_WaterCaster,Tide Witch,Enemy,5.0,-7488.0,11036.0,1217.0
PirateRaid,249,PR_WaterCaster,Tide Witch,Enemy,5.0,-7103.0,7949.0,1089.0
SandTomb,0,MC_BloodCaster,Heskyr Magus,Enemy,4.0,35745.0,12896.0,-2397.0
SandTomb,1,MC_BloodCaster,Heskyr Magus,Enemy,4.0,32338.0,12896.0,-2397.0
SandTomb,2,MC_BloodCaster,Heskyr Magus,Enemy,4.0,49518.0,14421.0,-3351.0
SandTomb,3,MC_BloodCaster,Heskyr Magus,Enemy,4.0,50188.0,-5749.0,-5804.0
SandTomb,4,MC_BloodCaster,Heskyr Magus,Enemy,4.0,50350.0,-9282.0,-5778.0
SandTomb,5,MC_BloodCaster,Heskyr Magus,Enemy,4.0,58937.0,-11377.0,-5804.0
SandTomb,6,MC_BloodCaster,Heskyr Magus,Enemy,4.0,47260.0,140.0,-5805.0
SandTomb,7,MC_BloodCaster,Heskyr Magus,Enemy,4.0,208.0,-11539.0,-321.0
SandTomb,8,MC_BloodCaster,Heskyr Magus,Enemy,4.0,-6665.0,-8016.0,-492.0
SandTomb,9,MC_BloodCaster,Heskyr Magus,Enemy,4.0,-3356.0,-3591.0,-214.0
SandTomb,10,MC_BloodCaster,Heskyr Magus,Enemy,4.0,24696.0,-814.0,808.0
SandTomb,11,MC_BloodGrunt,Heskyr Brood,Enemy,1.5,2516.0,-6894.0,-128.0
SandTomb,12,MC_BloodGrunt,Heskyr Brood,Enemy,1.5,54119.0,830.0,-5804.0
SandTomb,13,MC_BloodGrunt,Heskyr Brood,Enemy,1.5,-1322.0,-15708.0,-651.0
SandTomb,14,MC_BloodGrunt,Heskyr Brood,Enemy,1.5,48632.0,-10593.0,-5758.0
SandTomb,15,MC_BloodGrunt,Heskyr Brood,Enemy,1.5,48428.0,-10326.0,-5758.0
SandTomb,16,MC_BloodGrunt,Heskyr Brood,Enemy,1.5,48341.0,-8507.0,-5758.0
SandTomb,17,MC_BloodGrunt,Heskyr Brood,Enemy,1.5,48428.0,-8146.0,-5758.0
SandTomb,18,MC_BloodGrunt,Heskyr Brood,Enemy,1.5,2552.0,-7263.0,-84.0
SandTomb,19,MC_BloodGrunt,Heskyr Brood,Enemy,1.5,51641.0,2573.0,-5804.0
SandTomb,20,MC_BloodGrunt,Heskyr Brood,Enemy,1.5,51810.0,2294.0,-5804.0
SandTomb,21,MC_BloodGrunt,Heskyr Brood,Enemy,1.5,31774.0,11589.0,-2604.0
SandTomb,22,MC_BloodGrunt,Heskyr Brood,Enemy,1.5,720.0,-15504.0,-343.0
SandTomb,23,MC_BloodGrunt,Heskyr Brood,Enemy,1.5,980.0,3170.0,-10.0
SandTomb,24,MC_BloodGrunt,Heskyr Brood,Enemy,1.5,240.0,3180.0,-10.0
SandTomb,25,MC_BloodGrunt,Heskyr Brood,Enemy,1.5,21030.0,2260.0,849.0
SandTomb,26,MC_BloodGrunt,Heskyr Brood,Enemy,1.5,768.0,-15904.0,-410.0
SandTomb,27,MC_BloodGrunt,Heskyr Brood,Enemy,1.5,54512.0,-13468.0,-5804.0
SandTomb,28,MC_BloodGrunt,Heskyr Brood,Enemy,1.5,54522.0,-13718.0,-5804.0
SandTomb,29,MC_BloodGrunt,Heskyr Brood,Enemy,1.5,54072.0,-13708.0,-5804.0
SandTomb,30,MC_BloodGrunt,Heskyr Brood,Enemy,1.5,54082.0,-13178.0,-5804.0
SandTomb,31,MC_BloodGrunt,Heskyr Brood,Enemy,1.5,53896.0,-13434.0,-5796.0
SandTomb,32,MC_BloodGrunt,Heskyr Brood,Enemy,1.5,54636.0,-15834.0,-5763.0
SandTomb,33,MC_BloodGrunt,Heskyr Brood,Enemy,1.5,55489.0,-130.0,-5804.0
SandTomb,34,MC_BloodGrunt,Heskyr Brood,Enemy,1.5,54806.0,-15674.0,-5758.0
SandTomb,35,MC_BloodGrunt,Heskyr Brood,Enemy,1.5,54816.0,-15494.0,-5758.0
SandTomb,36,MC_BloodGrunt,Heskyr Brood,Enemy,1.5,54066.0,-15484.0,-5796.0
SandTomb,37,MC_BloodGrunt,Heskyr Brood,Enemy,1.5,54076.0,-15324.0,-5772.0
SandTomb,38,MC_BloodGrunt,Heskyr Brood,Enemy,1.5,21250.0,2500.0,839.0
SandTomb,39,MC_BloodGrunt,Heskyr Brood,Enemy,1.5,302.0,-11844.0,-292.0
SandTomb,40,MC_BloodGrunt,Heskyr Brood,Enemy,1.5,483.0,-11503.0,-294.0
SandTomb,41,MC_BloodGrunt,Heskyr Brood,Enemy,1.5,505.0,-11781.0,-298.0
SandTomb,42,MC_BloodGrunt,Heskyr Brood,Enemy,1.5,55769.0,-360.0,-5804.0
SandTomb,43,MC_BloodGrunt,Heskyr Brood,Enemy,1.5,21000.0,2660.0,868.0
SandTomb,44,MC_BloodGrunt,Heskyr Brood,Enemy,1.5,-3237.0,-19468.0,-785.0
SandTomb,45,MC_BloodGrunt,Heskyr Brood,Enemy,1.5,-7016.0,-8890.0,-499.0
SandTomb,46,MC_BloodGrunt,Heskyr Brood,Enemy,1.5,-6803.0,-9232.0,-491.0
SandTomb,47,MC_BloodGrunt,Heskyr Brood,Enemy,1.5,-6414.0,-8212.0,-482.0
SandTomb,48,MC_BloodGrunt,Heskyr Brood,Enemy,1.5,-6461.0,-7829.0,-481.0
SandTomb,49,MC_BloodGrunt,Heskyr Brood,Enemy,1.5,-6283.0,-8044.0,-475.0
SandTomb,50,MC_BloodGrunt,Heskyr Brood,Enemy,1.5,-2444.0,-6452.0,-585.0
SandTomb,51,MC_BloodGrunt,Heskyr Brood,Enemy,1.5,-2078.0,-6512.0,-578.0
SandTomb,52,MC_BloodGrunt,Heskyr Brood,Enemy,1.5,-3123.0,-3808.0,-347.0
SandTomb,53,MC_BloodGrunt,Heskyr Brood,Enemy,1.5,-3136.0,-3422.0,-267.0
SandTomb,54,MC_BloodGrunt,Heskyr Brood,Enemy,1.5,-2978.0,-3652.0,-390.0
SandTomb,55,MC_BloodGrunt,Heskyr Brood,Enemy,1.5,-3025.0,-19810.0,-788.0
SandTomb,56,MC_BloodGrunt,Heskyr Brood,Enemy,1.5,15665.0,-2529.0,1496.0
SandTomb,57,MC_BloodGrunt,Heskyr Brood,Enemy,1.5,15665.0,632.0,1496.0
SandTomb,58,MC_BloodGrunt,Heskyr Brood,Enemy,1.5,17026.0,-2529.0,1496.0
SandTomb,59,MC_BloodGrunt,Heskyr Brood,Enemy,1.5,16929.0,632.0,1496.0
SandTomb,60,MC_BloodGrunt,Heskyr Brood,Enemy,1.5,25235.0,1964.0,696.0
SandTomb,61,MC_BloodGrunt,Heskyr Brood,Enemy,1.5,25175.0,2250.0,696.0
SandTomb,62,MC_BloodGrunt,Heskyr Brood,Enemy,1.5,-7115.0,-14670.0,-367.0
SandTomb,63,MC_BloodGrunt,Heskyr Brood,Enemy,1.5,22469.0,3084.0,838.0
SandTomb,64,MC_BloodGrunt,Heskyr Brood,Enemy,1.5,22275.0,2736.0,859.0
SandTomb,65,MC_BloodGrunt,Heskyr Brood,Enemy,1.5,21142.0,-3780.0,696.0
SandTomb,66,MC_BloodGrunt,Heskyr Brood,Enemy,1.5,20948.0,-4127.0,696.0
SandTomb,67,MC_BloodGrunt,Heskyr Brood,Enemy,1.5,32310.0,11166.0,-2604.0
SandTomb,68,MC_BloodGrunt,Heskyr Brood,Enemy,1.5,32086.0,10903.0,-2604.0
SandTomb,69,MC_BloodGrunt,Heskyr Brood,Enemy,1.5,36472.0,15158.0,-2578.0
SandTomb,70,MC_BloodGrunt,Heskyr Brood,Enemy,1.5,21220.0,-4230.0,710.0
SandTomb,71,MC_BloodGrunt,Heskyr Brood,Enemy,1.5,36138.0,15072.0,-2578.0
SandTomb,72,MC_BloodGrunt,Heskyr Brood,Enemy,1.5,33728.0,24496.0,-1439.0
SandTomb,73,MC_BloodGrunt,Heskyr Brood,Enemy,1.5,33384.0,24469.0,-1439.0
SandTomb,74,MC_BloodGrunt,Heskyr Brood,Enemy,1.5,33344.0,24106.0,-1439.0
SandTomb,75,MC_BloodGrunt,Heskyr Brood,Enemy,1.5,37322.0,24781.0,-1439.0
SandTomb,76,MC_BloodGrunt,Heskyr Brood,Enemy,1.5,36978.0,24754.0,-1439.0
SandTomb,77,MC_BloodGrunt,Heskyr Brood,Enemy,1.5,40587.0,23778.0,-1455.0
SandTomb,78,MC_BloodGrunt,Heskyr Brood,Enemy,1.5,41097.0,22793.0,-1504.0
SandTomb,79,MC_BloodGrunt,Heskyr Brood,Enemy,1.5,40394.0,23116.0,-1475.0
SandTomb,80,MC_BloodGrunt,Heskyr Brood,Enemy,1.5,-6450.0,-14916.0,-492.0
SandTomb,81,MC_BloodGrunt,Heskyr Brood,Enemy,1.5,50367.0,14967.0,-3351.0
SandTomb,82,MC_BloodGrunt,Heskyr Brood,Enemy,1.5,38248.0,22361.0,-1439.0
SandTomb,83,MC_BloodGrunt,Heskyr Brood,Enemy,1.5,38161.0,22695.0,-1439.0
SandTomb,84,MC_BloodGrunt,Heskyr Brood,Enemy,1.5,49237.0,14896.0,-3351.0
SandTomb,85,MC_BloodGrunt,Heskyr Brood,Enemy,1.5,49420.0,15281.0,-3353.0
SandTomb,86,MC_BloodGrunt,Heskyr Brood,Enemy,1.5,54379.0,637.0,-5804.0
SandTomb,87,MC_BloodGrunt,Heskyr Brood,Enemy,1.5,47433.0,-95.0,-5804.0
SandTomb,88,MC_BloodGrunt,Heskyr Brood,Enemy,1.5,-7129.0,-14907.0,-380.0
SandTomb,89,MC_BloodGrunt,Heskyr Brood,Enemy,1.5,47706.0,-79.0,-5804.0
SandTomb,90,MC_BloodGrunt,Heskyr Brood,Enemy,1.5,48486.0,-3637.0,-5724.0
SandTomb,91,MC_BloodGrunt,Heskyr Brood,Enemy,1.5,48690.0,-3371.0,-5804.0
SandTomb,92,MC_BloodGrunt,Heskyr Brood,Enemy,1.5,48754.0,-3692.0,-5804.0
SandTomb,93,MC_BloodGrunt,Heskyr Brood,Enemy,1.5,51574.0,-10365.0,-5804.0
SandTomb,94,MC_BloodGrunt,Heskyr Brood,Enemy,1.5,51866.0,-10195.0,-5804.0
SandTomb,95,MC_BloodGrunt,Heskyr Brood,Enemy,1.5,52121.0,-10400.0,-5759.0
SandTomb,96,MC_BloodGrunt,Heskyr Brood,Enemy,1.5,49062.0,-13998.0,-5804.0
SandTomb,97,MC_BloodGrunt,Heskyr Brood,Enemy,1.5,48907.0,-13700.0,-5804.0
SandTomb,98,MC_BloodGrunt,Heskyr Brood,Enemy,1.5,-6738.0,-14552.0,-445.0
SandTomb,99,MC_BloodGrunt,Heskyr Brood,Enemy,1.5,49225.0,-13778.0,-5804.0
SandTomb,100,MC_BloodGrunt,Heskyr Brood,Enemy,1.5,58882.0,-6833.0,-5804.0
SandTomb,101,MC_BloodGrunt,Heskyr Brood,Enemy,1.5,58616.0,-6629.0,-5804.0
SandTomb,102,MC_BloodGrunt,Heskyr Brood,Enemy,1.5,58937.0,-7265.0,-5804.0
SandTomb,103,MC_BloodGrunt,Heskyr Brood,Enemy,1.5,57039.0,-12381.0,-5638.0
SandTomb,104,MC_BloodGrunt,Heskyr Brood,Enemy,1.5,56835.0,-12115.0,-5632.0
SandTomb,105,MC_BloodGrunt,Heskyr Brood,Enemy,1.5,57161.0,-12136.0,-5653.0
SandTomb,106,MC_BloodGrunt,Heskyr Brood,Enemy,1.5,-1581.0,-15972.0,-651.0
SandTomb,107,MC_BloodGrunt,Heskyr Brood,Enemy,1.5,41100.0,23491.0,-1504.0
SandTomb,108,MC_BloodGuard,Heskyr Zealot,Elite,4.0,51030.0,17942.0,-3404.0
SandTomb,109,MC_BloodGuard,Heskyr Zealot,Elite,4.0,35346.0,16444.0,-2602.0
SandTomb,110,MC_BloodGuard,Heskyr Zealot,Elite,4.0,32835.0,16444.0,-2602.0
SandTomb,111,MC_BloodGuard,Heskyr Zealot,Elite,4.0,41500.0,24223.0,-1504.0
SandTomb,112,MC_BloodGuard,Heskyr Zealot,Elite,4.0,41500.0,22215.0,-1504.0
SandTomb,113,MC_BloodGuard,Heskyr Zealot,Elite,4.0,52421.0,14367.0,-3404.0
SandTomb,114,MC_BloodGuard,Heskyr Zealot,Elite,4.0,47312.0,14328.0,-3404.0
SandTomb,115,MC_BloodGuard,Heskyr Zealot,Elite,4.0,41209.0,14282.0,-3404.0
SandTomb,116,MC_BloodGuard,Heskyr Zealot,Elite,4.0,40706.0,16103.0,-3404.0
SandTomb,117,MC_BloodGuard,Heskyr Zealot,Elite,4.0,1333.0,-4074.0,-485.0
SandTomb,118,MC_BloodGuard,Heskyr Zealot,Elite,4.0,46074.0,14202.0,-3404.0
SandTomb,119,MC_BloodGuard,Heskyr Zealot,Elite,4.0,53458.0,14368.0,-3404.0
SandTomb,120,MC_BloodGuard,Heskyr Zealot,Elite,4.0,48518.0,17886.0,-3404.0
SandTomb,121,MC_BloodGuard,Heskyr Zealot,Elite,4.0,48689.0,3745.0,-5804.0
SandTomb,122,MC_BloodGuard,Heskyr Zealot,Elite,4.0,50813.0,3745.0,-5804.0
SandTomb,123,MC_BloodGuard,Heskyr Zealot,Elite,4.0,49300.0,374.0,-5804.0
SandTomb,124,MC_BloodGuard,Heskyr Zealot,Elite,4.0,50534.0,374.0,-5773.0
SandTomb,125,MC_BloodGuard,Heskyr Zealot,Elite,4.0,48981.0,-2658.0,-5804.0
SandTomb,126,MC_BloodGuard,Heskyr Zealot,Elite,4.0,48981.0,-5152.0,-5804.0
SandTomb,127,MC_BloodGuard,Heskyr Zealot,Elite,4.0,51312.0,-2658.0,-5804.0
SandTomb,128,MC_BloodGuard,Heskyr Zealot,Elite,4.0,-311.0,-4010.0,-585.0
SandTomb,129,MC_BloodGuard,Heskyr Zealot,Elite,4.0,51312.0,-5152.0,-5804.0
SandTomb,130,MC_BloodGuard,Heskyr Zealot,Elite,4.0,48981.0,-13291.0,-5804.0
SandTomb,131,MC_BloodGuard,Heskyr Zealot,Elite,4.0,48981.0,-15786.0,-5804.0
SandTomb,132,MC_BloodGuard,Heskyr Zealot,Elite,4.0,51312.0,-13291.0,-5710.0
SandTomb,133,MC_BloodGuard,Heskyr Zealot,Elite,4.0,51312.0,-15786.0,-5804.0
SandTomb,134,MC_BloodGuard,Heskyr Zealot,Elite,4.0,51465.0,-8258.0,-5752.0
SandTomb,135,MC_BloodGuard,Heskyr Zealot,Elite,4.0,56517.0,-8391.0,-5804.0
SandTomb,136,MC_BloodGuard,Heskyr Zealot,Elite,4.0,56517.0,-10212.0,-5804.0
SandTomb,137,MC_BloodGuard,Heskyr Zealot,Elite,4.0,16309.0,-2483.0,1496.0
SandTomb,138,MC_BloodGuard,Heskyr Zealot,Elite,4.0,-3257.0,-8698.0,-147.0
SandTomb,139,MC_BloodGuard,Heskyr Zealot,Elite,4.0,-3704.0,-9118.0,-174.0
SandTomb,140,MC_BloodGuard,Heskyr Zealot,Elite,4.0,16309.0,678.0,1496.0
SandTomb,141,MC_BloodGuard,Heskyr Zealot,Elite,4.0,-110.0,1240.0,-55.0
SandTomb,142,MC_BloodGuard,Heskyr Zealot,Elite,4.0,1010.0,1350.0,-55.0
SandTomb,143,MC_BloodGuard,Heskyr Zealot,Elite,4.0,-3536.0,-16965.0,-515.0
SandTomb,144,MC_BloodGuard,Heskyr Zealot,Elite,4.0,-5415.0,-17042.0,-529.0
SandTomb,145,MC_BloodGuard,Heskyr Zealot,Elite,4.0,12962.0,-1804.0,1496.0
SandTomb,146,MC_BloodGuard,Heskyr Zealot,Elite,4.0,12392.0,28.0,1496.0
SandTomb,147,MC_BloodGuard,Heskyr Zealot,Elite,4.0,24767.0,-208.0,855.0
SandTomb,148,MC_BloodGuard,Heskyr Zealot,Elite,4.0,24767.0,-1526.0,696.0
SandTomb,149,MC_BloodHound,Stalking Grim,Enemy,2.5,2645.0,-7600.0,-49.0
SandTomb,150,MC_BloodHound,Stalking Grim,Enemy,2.5,2451.0,-7048.0,-132.0
SandTomb,151,MC_BloodHound,Stalking Grim,Enemy,2.5,521.0,-15345.0,-360.0
SandTomb,152,MC_BloodHound,Stalking Grim,Enemy,2.5,-3263.0,-8271.0,-283.0
SandTomb,153,MC_BloodHound,Stalking Grim,Enemy,2.5,-3406.0,-9028.0,-230.0
SandTomb,154,MC_BloodHound,Stalking Grim,Enemy,2.5,-6929.0,-9374.0,-491.0
SandTomb,155,MC_BloodHound,Stalking Grim,Enemy,2.5,-7263.0,-8829.0,-506.0
SandTomb,156,MC_BloodHound,Stalking Grim,Enemy,2.5,-1729.0,-6510.0,-577.0
SandTomb,157,MC_BloodHound,Stalking Grim,Enemy,2.5,-2312.0,-6554.0,-581.0
SandTomb,158,MC_BloodHound,Stalking Grim,Enemy,2.5,53527.0,-17465.0,-5750.0
SandTomb,159,MC_BloodHound,Stalking Grim,Enemy,2.5,25507.0,2426.0,696.0
SandTomb,160,MC_BloodHound,Stalking Grim,Enemy,2.5,37765.0,13638.0,-2604.0
SandTomb,161,MC_BloodHound,Stalking Grim,Enemy,2.5,37596.0,13226.0,-2604.0
SandTomb,162,MC_BloodHound,Stalking Grim,Enemy,2.5,37778.0,12873.0,-2604.0
SandTomb,163,MC_BloodHound,Stalking Grim,Enemy,2.5,52619.0,-5802.0,-5804.0
SandTomb,164,MC_BloodHound,Stalking Grim,Enemy,2.5,52974.0,-5593.0,-5804.0
SandTomb,165,MC_BloodHound,Stalking Grim,Enemy,2.5,52567.0,-5018.0,-5804.0
SandTomb,166,MC_BloodHound,Stalking Grim,Enemy,2.5,-3151.0,-19952.0,-781.0
SandTomb,167,MC_BloodHound,Stalking Grim,Enemy,2.5,51897.0,-13785.0,-5708.0
SandTomb,168,MC_BloodHound,Stalking Grim,Enemy,2.5,52252.0,-13575.0,-5804.0
SandTomb,169,MC_BloodHound,Stalking Grim,Enemy,2.5,58963.0,-11870.0,-5804.0
SandTomb,170,MC_BloodHound,Stalking Grim,Enemy,2.5,58930.0,-11105.0,-5804.0
SandTomb,171,MC_BloodHound,Stalking Grim,Enemy,2.5,36130.0,15348.0,-2604.0
SandTomb,172,MC_BloodHound,Stalking Grim,Enemy,2.5,-1187.0,-263.0,-562.0
SandTomb,173,MC_BloodHound,Stalking Grim,Enemy,2.5,-1177.0,-253.0,-562.0
SandTomb,174,MC_BloodHound,Stalking Grim,Enemy,2.5,-3485.0,-19407.0,-742.0
SandTomb,175,MC_BloodHound,Stalking Grim,Enemy,2.5,-2735.0,553.0,-62.0
SandTomb,176,MC_BloodHound,Stalking Grim,Enemy,2.5,-1497.0,137.0,-452.0
SandTomb,177,MC_BloodHound,Stalking Grim,Enemy,2.5,-1487.0,-893.0,-452.0
SandTomb,178,MC_BloodHound,Stalking Grim,Enemy,2.5,53887.0,-17455.0,-5676.0
SandTomb,179,MC_BloodHound,Stalking Grim,Enemy,2.5,-7058.0,-15152.0,-434.0
SandTomb,180,MC_BloodHound,Stalking Grim,Enemy,2.5,54147.0,-17445.0,-5804.0
SandTomb,181,MC_BloodHound,Stalking Grim,Enemy,2.5,53667.0,-17085.0,-5718.0
SandTomb,182,MC_BloodHound,Stalking Grim,Enemy,2.5,593.0,-15979.0,-449.0
SandTomb,183,MC_BloodSummoner,Sanguine Disciple,Elite,6.0,2883.0,-7168.0,-13.0
SandTomb,184,MC_BloodSummoner,Sanguine Disciple,Elite,6.0,59183.0,-6781.0,-5741.0
SandTomb,185,MC_BloodSummoner,Sanguine Disciple,Elite,6.0,47824.0,2290.0,-5770.0
SandTomb,186,MC_BloodSummoner,Sanguine Disciple,Elite,6.0,51850.0,2120.0,-5860.0
SandTomb,187,MC_BloodSummoner,Sanguine Disciple,Elite,6.0,50210.0,14460.0,-3255.0
SandTomb,188,MC_BloodSummoner,Sanguine Disciple,Elite,6.0,22637.0,2011.0,696.0
SandTomb,189,MC_BloodSummoner,Sanguine Disciple,Elite,6.0,22500.0,-3480.0,830.0
SandTomb,190,MC_BloodSummoner,Sanguine Disciple,Elite,6.0,22537.0,-839.0,696.0
SandTomb,191,MC_BloodSummoner,Sanguine Disciple,Elite,6.0,44561.0,23476.0,-1504.0
SandTomb,192,MC_BloodSummoner,Sanguine Disciple,Elite,6.0,49815.0,12222.0,-3166.0
SandTomb,193,MC_BloodSummoner,Sanguine Disciple,Elite,6.0,58612.0,-9346.0,-5804.0
SandTomb,194,ST_BigBloodElemental,Heart of Rot,Enemy,6.0,16520.0,-860.0,1560.0
SandTomb,195,ST_BigBloodElemental,Heart of Rot,Enemy,6.0,47600.0,2630.0,-5770.0
SandTomb,196,ST_BigBloodElemental,Heart of Rot,Enemy,6.0,89290.0,-9940.0,-7340.0
SandTomb,197,ST_BigBloodElemental,Heart of Rot,Enemy,6.0,35960.0,22520.0,-1360.0
SandTomb,198,ST_BigBloodElemental,Heart of Rot,Enemy,6.0,89280.0,-8700.0,-7330.0
SandTomb,199,ST_BigBloodElemental,Heart of Rot,Enemy,6.0,45120.0,23360.0,-1390.0
SandTomb,200,ST_SanguineCrusher,Sanguine Crusher,Elite,6.0,292.0,-15504.0,-472.0
SandTomb,201,ST_SanguineCrusher,Sanguine Crusher,Elite,6.0,-5066.0,-13702.0,-610.0
SandTomb,202,ST_SanguineCrusher,Sanguine Crusher,Elite,6.0,23080.0,-4280.0,760.0
SandTomb,203,ST_SanguineCrusher,Sanguine Crusher,Elite,6.0,22850.0,2190.0,770.0
SandTomb,204,ST_SanguineCrusher,Sanguine Crusher,Elite,6.0,33960.0,10100.0,-2560.0
SandTomb,205,ST_SanguineCrusher,Sanguine Crusher,Elite,6.0,53500.0,-4600.0,-5750.0
SandTomb,206,ST_SanguineCrusher,Sanguine Crusher,Elite,6.0,58170.0,-170.0,-5710.0
SandTomb,207,ST_SanguineCrusher,Sanguine Crusher,Elite,6.0,-3708.0,-19729.0,-611.0
SandTomb,208,ST_SanguineCrusher,Sanguine Crusher,Elite,6.0,-2730.0,-3020.0,-340.0
SandTomb,209,ST_SanguineCrusher,Sanguine Crusher,Elite,6.0,49760.0,5180.0,-5740.0
SandTomb,210,ST_SanguineCrusher,Sanguine Crusher,Elite,6.0,620.0,3370.0,-190.0
SandTomb,211,ST_SmallBloodElemental,Sanguine Echo,Enemy,2.0,22950.0,-1200.0,675.0
SandTomb,212,ST_SmallBloodElemental,Sanguine Echo,Enemy,2.0,30380.0,13660.0,-2565.0
SandTomb,213,ST_SmallBloodElemental,Sanguine Echo,Enemy,2.0,36530.0,22660.0,-1495.0
SandTomb,214,ST_SmallBloodElemental,Sanguine Echo,Enemy,2.0,45450.0,22820.0,-1535.0
SandTomb,215,ST_SmallBloodElemental,Sanguine Echo,Enemy,2.0,36071.0,9514.0,-2342.0
SandTomb,216,ST_SmallBloodElemental,Sanguine Echo,Enemy,2.0,45480.0,23680.0,-1545.0
SandTomb,217,ST_SmallBloodElemental,Sanguine Echo,Enemy,2.0,35701.0,9174.0,-2342.0
SandTomb,218,ST_SmallBloodElemental,Sanguine Echo,Enemy,2.0,35661.0,9484.0,-2342.0
SandTomb,219,ST_SmallBloodElemental,Sanguine Echo,Enemy,2.0,49870.0,15070.0,-3372.0
SandTomb,220,ST_SmallBloodElemental,Sanguine Echo,Enemy,2.0,35291.0,9074.0,-2342.0
SandTomb,221,ST_SmallBloodElemental,Sanguine Echo,Enemy,2.0,30490.0,14630.0,-2605.0
SandTomb,222,ST_SmallBloodElemental,Sanguine Echo,Enemy,2.0,49590.0,14890.0,-3351.0
SandTomb,223,ST_SmallBloodElemental,Sanguine Echo,Enemy,2.0,51400.0,2520.0,-5805.0
SandTomb,224,ST_SmallBloodElemental,Sanguine Echo,Enemy,2.0,23190.0,-690.0,675.0
SandTomb,225,ST_SmallBloodElemental,Sanguine Echo,Enemy,2.0,51730.0,2810.0,-5845.0
SandTomb,226,ST_SmallBloodElemental,Sanguine Echo,Enemy,2.0,54040.0,520.0,-5835.0
SandTomb,227,ST_SmallBloodElemental,Sanguine Echo,Enemy,2.0,53770.0,880.0,-5855.0
SandTomb,228,ST_SmallBloodElemental,Sanguine Echo,Enemy,2.0,47590.0,270.0,-5825.0
SandTomb,229,ST_SmallBloodElemental,Sanguine Echo,Enemy,2.0,58670.0,-9800.0,-5845.0
SandTomb,230,ST_SmallBloodElemental,Sanguine Echo,Enemy,2.0,59050.0,-9330.0,-5855.0
SandTomb,231,ST_SmallBloodElemental,Sanguine Echo,Enemy,2.0,58740.0,-8870.0,-5825.0
SandTomb,232,ST_SmallBloodElemental,Sanguine Echo,Enemy,2.0,22860.0,-380.0,695.0
SandTomb,233,ST_SmallBloodElemental,Sanguine Echo,Enemy,2.0,30167.0,14266.0,-2618.0
SandTomb,234,ST_SmallBloodElemental,Sanguine Echo,Enemy,2.0,35310.0,21940.0,-1485.0
SandTomb,235,ST_SmallBloodElemental,Sanguine Echo,Enemy,2.0,35420.0,22570.0,-1485.0
ShipGraveyard,0,SG_CoralLasher,Witchreef Lasher,Enemy,1.0,3475.0,8060.0,-1411.0
ShipGraveyard,1,SG_CoralLasher,Witchreef Lasher,Enemy,1.0,-4005.0,-9520.0,-2801.0
ShipGraveyard,2,SG_CoralLasher,Witchreef Lasher,Enemy,1.0,-2182.0,16244.0,-1678.0
ShipGraveyard,3,SG_CoralLasher,Witchreef Lasher,Enemy,1.0,-1888.0,16130.0,-1699.0
ShipGraveyard,4,SG_CoralLasher,Witchreef Lasher,Enemy,1.0,-1625.0,15897.0,-1678.0
ShipGraveyard,5,SG_CoralLasher,Witchreef Lasher,Enemy,1.0,-10435.0,76.0,-3692.0
ShipGraveyard,6,SG_CoralLasher,Witchreef Lasher,Enemy,1.0,-10645.0,391.0,-3692.0
ShipGraveyard,7,SG_CoralLasher,Witchreef Lasher,Enemy,1.0,-10236.0,-7476.0,-2881.0
ShipGraveyard,8,SG_CoralLasher,Witchreef Lasher,Enemy,1.0,-1106.0,17862.0,-1668.0
ShipGraveyard,9,SG_CoralLasher,Witchreef Lasher,Enemy,1.0,-8455.0,19910.0,-1349.0
ShipGraveyard,10,SG_CoralLasher,Witchreef Lasher,Enemy,1.0,-515.0,17735.0,-1651.0
ShipGraveyard,11,SG_CoralLasher,Witchreef Lasher,Enemy,1.0,-785.0,17746.0,-1629.0
ShipGraveyard,12,SG_CoralLasher,Witchreef Lasher,Enemy,1.0,4748.0,11160.0,-1611.0
ShipGraveyard,13,SG_CoralLasher,Witchreef Lasher,Enemy,1.0,665.0,13760.0,-1801.0
ShipGraveyard,14,SG_CoralLasher,Witchreef Lasher,Enemy,1.0,2098.0,13890.0,-1761.0
ShipGraveyard,15,SG_CoralLasher,Witchreef Lasher,Enemy,1.0,769.0,14023.0,-1811.0
ShipGraveyard,16,SG_CoralLasher,Witchreef Lasher,Enemy,1.0,-10476.0,-7395.0,-2871.0
ShipGraveyard,17,SG_CoralLasher,Witchreef Lasher,Enemy,1.0,2158.0,14190.0,-1741.0
ShipGraveyard,18,SG_CoralLasher,Witchreef Lasher,Enemy,1.0,-8275.0,20020.0,-1349.0
ShipGraveyard,19,SG_CoralLasher,Witchreef Lasher,Enemy,1.0,-8085.0,20080.0,-1349.0
ShipGraveyard,20,SG_CoralLasher,Witchreef Lasher,Enemy,1.0,-9327.0,16736.0,-1219.0
ShipGraveyard,21,SG_CoralLasher,Witchreef Lasher,Enemy,1.0,-9125.0,16520.0,-1209.0
ShipGraveyard,22,SG_CoralLasher,Witchreef Lasher,Enemy,1.0,-8585.0,16610.0,-1199.0
ShipGraveyard,23,SG_CoralLasher,Witchreef Lasher,Enemy,1.0,-4021.0,-9237.0,-2831.0
ShipGraveyard,24,SG_CoralLasher,Witchreef Lasher,Enemy,1.0,-6205.0,-7560.0,-2881.0
ShipGraveyard,25,SG_CoralLasher,Witchreef Lasher,Enemy,1.0,-6211.0,-7307.0,-2871.0
ShipGraveyard,26,SG_CoralLasher,Witchreef Lasher,Enemy,1.0,-6321.0,-7097.0,-2861.0
ShipGraveyard,27,SG_CoralLasher,Witchreef Lasher,Enemy,1.0,-9035.0,-9890.0,-2851.0
ShipGraveyard,28,SG_CoralLasher,Witchreef Lasher,Enemy,1.0,-8791.0,-9857.0,-2841.0
ShipGraveyard,29,SG_CoralLasher,Witchreef Lasher,Enemy,1.0,-17307.0,1917.0,-3071.0
ShipGraveyard,30,SG_CoralLasher,Witchreef Lasher,Enemy,1.0,-17301.0,1663.0,-3031.0
ShipGraveyard,31,SG_CoralLasher,Witchreef Lasher,Enemy,1.0,-17191.0,1453.0,-3021.0
ShipGraveyard,32,SG_CoralLasher,Witchreef Lasher,Enemy,1.0,4869.0,10853.0,-1671.0
ShipGraveyard,33,SG_CoralLasher,Witchreef Lasher,Enemy,1.0,-10641.0,-7247.0,-2861.0
ShipGraveyard,34,SG_CoralLasher,Witchreef Lasher,Enemy,1.0,2795.0,10568.0,-1641.0
ShipGraveyard,35,SG_CoralLasher,Witchreef Lasher,Enemy,1.0,-11443.0,-8493.0,-2881.0
ShipGraveyard,36,SG_CoralLasher,Witchreef Lasher,Enemy,1.0,-11251.0,-8520.0,-2871.0
ShipGraveyard,37,SG_CoralLasher,Witchreef Lasher,Enemy,1.0,-11121.0,-8687.0,-2861.0
ShipGraveyard,38,SG_CoralLasher,Witchreef Lasher,Enemy,1.0,2859.0,11083.0,-1611.0
ShipGraveyard,39,SG_CoralLasher,Witchreef Lasher,Enemy,1.0,3658.0,7570.0,-1361.0
ShipGraveyard,40,SG_CoralLasher,Witchreef Lasher,Enemy,1.0,2349.0,16953.0,-1671.0
ShipGraveyard,41,SG_CoralLasher,Witchreef Lasher,Enemy,1.0,2110.0,17085.0,-1651.0
ShipGraveyard,42,SG_CoralLasher,Witchreef Lasher,Enemy,1.0,3349.0,8333.0,-1381.0
ShipGraveyard,43,SG_DrownedSailor,Vengeful Shade,Elite,3.0,-10757.0,18781.0,-1376.0
ShipGraveyard,44,SG_DrownedSailor,Vengeful Shade,Elite,3.0,-10777.0,17721.0,-1406.0
ShipGraveyard,45,SG_DrownedSailor,Vengeful Shade,Elite,3.0,4403.0,15211.0,-1666.0
ShipGraveyard,46,SG_DrownedSailor,Vengeful Shade,Elite,3.0,3843.0,14611.0,-1596.0
ShipGraveyard,47,SG_DrownedSailor,Vengeful Shade,Elite,3.0,-5177.0,19301.0,-1266.0
ShipGraveyard,48,SG_DrownedSailor,Vengeful Shade,Elite,3.0,-5037.0,18631.0,-1306.0
ShipGraveyard,49,SG_DrownedSailor,Vengeful Shade,Elite,3.0,-11056.0,18372.0,-1396.0
ShipGraveyard,50,SG_DrownedSailor,Vengeful Shade,Elite,3.0,-6359.0,-1365.0,-4069.0
ShipGraveyard,51,SG_DrownedSailor,Vengeful Shade,Elite,3.0,-9610.0,283.0,-3701.0
ShipGraveyard,52,SG_DrownedSailor,Vengeful Shade,Elite,3.0,-9735.0,-268.0,-3726.0
ShipGraveyard,53,SG_DrownedSailor,Vengeful Shade,Elite,3.0,1743.0,-2349.0,-716.0
ShipGraveyard,54,SG_DrownedSailor,Vengeful Shade,Elite,3.0,1328.0,-1616.0,-706.0
ShipGraveyard,55,SG_DrownedSailor,Vengeful Shade,Elite,3.0,-3712.0,-9106.0,-2796.0
ShipGraveyard,56,SG_DrownedSailor,Vengeful Shade,Elite,3.0,-13492.0,-5696.0,-2926.0
ShipGraveyard,57,SG_EchoingSpirit,Tormented Spectre,Enemy,2.0,-16037.0,2192.0,-3075.0
ShipGraveyard,58,SG_EchoingSpirit,Tormented Spectre,Enemy,2.0,4370.0,1282.0,-685.0
ShipGraveyard,59,SG_EchoingSpirit,Tormented Spectre,Enemy,2.0,-19670.0,7402.0,-2989.0
ShipGraveyard,60,SG_EchoingSpirit,Tormented Spectre,Enemy,2.0,5020.0,882.0,-645.0
ShipGraveyard,61,SG_EchoingSpirit,Tormented Spectre,Enemy,2.0,-19700.0,7822.0,-3039.0
ShipGraveyard,62,SG_EchoingSpirit,Tormented Spectre,Enemy,2.0,-19450.0,7112.0,-3059.0
ShipGraveyard,63,SG_EchoingSpirit,Tormented Spectre,Enemy,2.0,-11260.0,18282.0,-1359.0
ShipGraveyard,64,SG_EchoingSpirit,Tormented Spectre,Enemy,2.0,-11260.0,17712.0,-1399.0
ShipGraveyard,65,SG_EchoingSpirit,Tormented Spectre,Enemy,2.0,-3077.0,-8928.0,-2775.0
ShipGraveyard,66,SG_EchoingSpirit,Tormented Spectre,Enemy,2.0,-13957.0,-6178.0,-2935.0
ShipGraveyard,67,SG_GhostCorpse,Lost Soul,Enemy,0.5,4678.0,1378.0,-705.0
ShipGraveyard,68,SG_GhostCorpse,Lost Soul,Enemy,0.5,4678.0,1378.0,-705.0
ShipGraveyard,69,SG_GhostCorpse,Lost Soul,Enemy,0.5,5348.0,-2282.0,-465.0
ShipGraveyard,70,SG_GhostCorpse,Lost Soul,Enemy,0.5,4298.0,-2862.0,-425.0
ShipGraveyard,71,SG_GhostCorpse,Lost Soul,Enemy,0.5,1518.0,-2052.0,-695.0
ShipGraveyard,72,SG_GhostCorpse,Lost Soul,Enemy,0.5,1498.0,-1432.0,-715.0
ShipGraveyard,73,SG_GhostCorpse,Lost Soul,Enemy,0.5,1308.0,-1872.0,-715.0
ShipGraveyard,74,SG_GhostCorpse,Lost Soul,Enemy,0.5,-3512.0,-8812.0,-2805.0
ShipGraveyard,75,SG_GhostCorpse,Lost Soul,Enemy,0.5,-3242.0,-8552.0,-2795.0
ShipGraveyard,76,SG_GhostCorpse,Lost Soul,Enemy,0.5,-15870.0,-3780.0,-3502.0
ShipGraveyard,77,SG_GhostCorpse,Lost Soul,Enemy,0.5,4308.0,1548.0,-705.0
ShipGraveyard,78,SG_GhostCorpse,Lost Soul,Enemy,0.5,-15670.0,-3850.0,-3555.0
ShipGraveyard,79,SG_GhostCorpse,Lost Soul,Enemy,0.5,-15782.0,-3592.0,-3544.0
ShipGraveyard,80,SG_GhostCorpse,Lost Soul,Enemy,0.5,-15650.0,-3660.0,-3569.0
ShipGraveyard,81,SG_GhostCorpse,Lost Soul,Enemy,0.5,-14505.0,-3419.0,-3465.0
ShipGraveyard,82,SG_GhostCorpse,Lost Soul,Enemy,0.5,-14740.0,-3180.0,-3453.0
ShipGraveyard,83,SG_GhostCorpse,Lost Soul,Enemy,0.5,-14810.0,-3630.0,-3545.0
ShipGraveyard,84,SG_GhostCorpse,Lost Soul,Enemy,0.5,-15512.0,-2682.0,-3625.0
ShipGraveyard,85,SG_GhostCorpse,Lost Soul,Enemy,0.5,-3972.0,-8622.0,-2825.0
ShipGraveyard,86,SG_GhostCorpse,Lost Soul,Enemy,0.5,-8302.0,-7322.0,-2835.0
ShipGraveyard,87,SG_GhostCorpse,Lost Soul,Enemy,0.5,-7922.0,-7112.0,-2865.0
ShipGraveyard,88,SG_GhostCorpse,Lost Soul,Enemy,0.5,4108.0,1298.0,-705.0
ShipGraveyard,89,SG_GhostCorpse,Lost Soul,Enemy,0.5,-15623.0,-3128.0,-3626.0
ShipGraveyard,90,SG_GhostCorpse,Lost Soul,Enemy,0.5,-8562.0,-7172.0,-2825.0
ShipGraveyard,91,SG_GhostCorpse,Lost Soul,Enemy,0.5,908.0,-5922.0,-695.0
ShipGraveyard,92,SG_GhostCorpse,Lost Soul,Enemy,0.5,-16385.0,-2141.0,-3643.0
ShipGraveyard,93,SG_GhostCorpse,Lost Soul,Enemy,0.5,1128.0,-5842.0,-695.0
ShipGraveyard,94,SG_GhostCorpse,Lost Soul,Enemy,0.5,-16580.0,-2690.0,-3596.0
ShipGraveyard,95,SG_GhostCorpse,Lost Soul,Enemy,0.5,-16700.0,-2420.0,-3596.0
ShipGraveyard,96,SG_GhostCorpse,Lost Soul,Enemy,0.5,-17010.0,12250.0,-3077.0
ShipGraveyard,97,SG_GhostCorpse,Lost Soul,Enemy,0.5,-16810.0,12180.0,-3076.0
ShipGraveyard,98,SG_GhostCorpse,Lost Soul,Enemy,0.5,4548.0,1098.0,-705.0
ShipGraveyard,99,SG_GhostCorpse,Lost Soul,Enemy,0.5,-16922.0,12438.0,-3077.0
ShipGraveyard,100,SG_GhostCorpse,Lost Soul,Enemy,0.5,-16790.0,12370.0,-3080.0
ShipGraveyard,101,SG_GhostCorpse,Lost Soul,Enemy,0.5,-15645.0,12611.0,-2997.0
ShipGraveyard,102,SG_GhostCorpse,Lost Soul,Enemy,0.5,-15880.0,12850.0,-2992.0
ShipGraveyard,103,SG_GhostCorpse,Lost Soul,Enemy,0.5,-15950.0,12400.0,-3047.0
ShipGraveyard,104,SG_GhostCorpse,Lost Soul,Enemy,0.5,-16450.0,13040.0,-2974.0
ShipGraveyard,105,SG_GhostCorpse,Lost Soul,Enemy,0.5,-16650.0,12780.0,-3065.0
ShipGraveyard,106,SG_GhostCorpse,Lost Soul,Enemy,0.5,4878.0,1098.0,-705.0
ShipGraveyard,107,SG_GhostCorpse,Lost Soul,Enemy,0.5,-16770.0,13050.0,-2949.0
ShipGraveyard,108,SG_GhostCorpse,Lost Soul,Enemy,0.5,-17520.0,13600.0,-3071.0
ShipGraveyard,109,SG_GhostCorpse,Lost Soul,Enemy,0.5,-17720.0,13340.0,-3071.0
ShipGraveyard,110,SG_GhostCorpse,Lost Soul,Enemy,0.5,-17840.0,13610.0,-3067.0
ShipGraveyard,111,SG_GhostCorpse,Lost Soul,Enemy,0.5,-13115.0,3781.0,-2997.0
ShipGraveyard,112,SG_GhostCorpse,Lost Soul,Enemy,0.5,-13350.0,4020.0,-2992.0
ShipGraveyard,113,SG_GhostCorpse,Lost Soul,Enemy,0.5,-13420.0,3570.0,-3047.0
ShipGraveyard,114,SG_GhostCorpse,Lost Soul,Enemy,0.5,4858.0,708.0,-705.0
ShipGraveyard,115,SG_GhostCorpse,Lost Soul,Enemy,0.5,-13155.0,5091.0,-2997.0
ShipGraveyard,116,SG_GhostCorpse,Lost Soul,Enemy,0.5,-13390.0,5330.0,-2992.0
ShipGraveyard,117,SG_GhostCorpse,Lost Soul,Enemy,0.5,-13460.0,4880.0,-3047.0
ShipGraveyard,118,SG_GhostCorpse,Lost Soul,Enemy,0.5,-14015.0,4328.0,-2997.0
ShipGraveyard,119,SG_GhostCorpse,Lost Soul,Enemy,0.5,-13712.0,4183.0,-2992.0
ShipGraveyard,120,SG_GhostCorpse,Lost Soul,Enemy,0.5,-13800.0,4630.0,-3047.0
ShipGraveyard,121,SG_GhostCorpse,Lost Soul,Enemy,0.5,-14257.0,3596.0,-2997.0
ShipGraveyard,122,SG_GhostCorpse,Lost Soul,Enemy,0.5,-14067.0,3319.0,-2992.0
ShipGraveyard,123,SG_GhostCorpse,Lost Soul,Enemy,0.5,-13920.0,3750.0,-3047.0
ShipGraveyard,124,SG_GhostCorpse,Lost Soul,Enemy,0.5,-14152.0,5320.0,-2997.0
ShipGraveyard,125,SG_GhostCorpse,Lost Soul,Enemy,0.5,5258.0,708.0,-705.0
ShipGraveyard,126,SG_GhostCorpse,Lost Soul,Enemy,0.5,-14323.0,5031.0,-2992.0
ShipGraveyard,127,SG_GhostCorpse,Lost Soul,Enemy,0.5,-13870.0,5080.0,-3047.0
ShipGraveyard,128,SG_GhostCorpse,Lost Soul,Enemy,0.5,-6152.0,-709.0,-4125.0
ShipGraveyard,129,SG_GhostCorpse,Lost Soul,Enemy,0.5,-6488.0,-706.0,-4125.0
ShipGraveyard,130,SG_GhostCorpse,Lost Soul,Enemy,0.5,-6219.0,-1074.0,-4124.0
ShipGraveyard,131,SG_GhostCorpse,Lost Soul,Enemy,0.5,-6859.0,-847.0,-4118.0
ShipGraveyard,132,SG_GhostCorpse,Lost Soul,Enemy,0.5,-6700.0,-1300.0,-4104.0
ShipGraveyard,133,SG_GhostCorpse,Lost Soul,Enemy,0.5,-6143.0,-45.0,-4118.0
ShipGraveyard,134,SG_GhostCorpse,Lost Soul,Enemy,0.5,-5730.0,-290.0,-4104.0
ShipGraveyard,135,SG_GhostCorpse,Lost Soul,Enemy,0.5,5258.0,988.0,-705.0
ShipGraveyard,136,SG_GhostCorpse,Lost Soul,Enemy,0.5,5178.0,-2422.0,-435.0
ShipGraveyard,137,SG_GhostEruptor,Deepbound Magi,Elite,5.0,4928.0,-2892.0,-393.0
ShipGraveyard,138,SG_GhostEruptor,Deepbound Magi,Elite,5.0,-13382.0,4267.0,-2991.0
ShipGraveyard,139,SG_GhostEruptor,Deepbound Magi,Elite,5.0,-11902.0,10667.0,-3270.0
ShipGraveyard,140,SG_GhostEruptor,Deepbound Magi,Elite,5.0,-5572.0,-873.0,-4084.0
ShipGraveyard,141,SG_GhostFerventSoldier,Fading Raider,Enemy,2.0,1810.0,-2020.0,-667.0
ShipGraveyard,142,SG_GhostFerventSoldier,Fading Raider,Enemy,2.0,-11380.0,10490.0,-3302.0
ShipGraveyard,143,SG_GhostFerventSoldier,Fading Raider,Enemy,2.0,-6225.0,10357.0,-3835.0
ShipGraveyard,144,SG_GhostFerventSoldier,Fading Raider,Enemy,2.0,-6440.0,10620.0,-3830.0
ShipGraveyard,145,SG_GhostFerventSoldier,Fading Raider,Enemy,2.0,-15610.0,1760.0,-3107.0
ShipGraveyard,146,SG_GhostFerventSoldier,Fading Raider,Enemy,2.0,-16680.0,2010.0,-3097.0
ShipGraveyard,147,SG_GhostFerventSoldier,Fading Raider,Enemy,2.0,-17380.0,10480.0,-3047.0
ShipGraveyard,148,SG_GhostFerventSoldier,Fading Raider,Enemy,2.0,660.0,-5980.0,-667.0
ShipGraveyard,149,SG_GhostFerventSoldier,Fading Raider,Enemy,2.0,1520.0,-5940.0,-557.0
ShipGraveyard,150,SG_GhostFerventSoldier,Fading Raider,Enemy,2.0,1340.0,-5650.0,-627.0
ShipGraveyard,151,SG_GhostFerventSoldier,Fading Raider,Enemy,2.0,730.0,-5570.0,-697.0
ShipGraveyard,152,SG_GhostFerventSoldier,Fading Raider,Enemy,2.0,4590.0,-2830.0,-417.0
ShipGraveyard,153,SG_GhostFerventSoldier,Fading Raider,Enemy,2.0,-18250.0,10910.0,-3046.0
ShipGraveyard,154,SG_GhostFerventSoldier,Fading Raider,Enemy,2.0,4900.0,-2540.0,-417.0
ShipGraveyard,155,SG_GhostFerventSoldier,Fading Raider,Enemy,2.0,4430.0,-2290.0,-417.0
ShipGraveyard,156,SG_GhostFerventSoldier,Fading Raider,Enemy,2.0,1640.0,-1730.0,-667.0
ShipGraveyard,157,SG_GhostFerventSoldier,Fading Raider,Enemy,2.0,-17910.0,10480.0,-3047.0
ShipGraveyard,158,SG_GhostFerventSoldier,Fading Raider,Enemy,2.0,-16200.0,5040.0,-3066.0
ShipGraveyard,159,SG_GhostFerventSoldier,Fading Raider,Enemy,2.0,-15820.0,4880.0,-3085.0
ShipGraveyard,160,SG_GhostFerventSoldier,Fading Raider,Enemy,2.0,-15804.0,7008.0,-3066.0
ShipGraveyard,161,SG_GhostFerventSoldier,Fading Raider,Enemy,2.0,-15960.0,7390.0,-3085.0
ShipGraveyard,162,SG_GhostFerventSoldier,Fading Raider,Enemy,2.0,-11650.0,10190.0,-3302.0
ShipGraveyard,163,SG_GhostFerventSoldier,Fading Raider,Enemy,2.0,-11960.0,10050.0,-3302.0
ShipGraveyard,164,SG_GhostOrc,Hollowed Corsair,Elite,5.0,-3387.0,-9227.0,-2758.0
ShipGraveyard,165,SG_GhostOrc,Hollowed Corsair,Elite,5.0,-8957.0,-9539.0,-2841.0
ShipGraveyard,166,SG_GhostOrc,Hollowed Corsair,Elite,5.0,-15997.0,17071.0,-1813.0
ShipGraveyard,167,SG_GhostOrc,Hollowed Corsair,Elite,5.0,-8237.0,-7029.0,-2811.0
ShipGraveyard,168,SG_GhostOrc,Hollowed Corsair,Elite,5.0,-14657.0,16361.0,-1753.0
ShipGraveyard,169,SG_GhostOrc,Hollowed Corsair,Elite,5.0,-5759.0,10768.0,-3844.0
ShipGraveyard,170,SG_WaterElemental,Water Elemental,Enemy,3.0,1570.0,13230.0,-1865.0
ShipGraveyard,171,SG_WaterElemental,Water Elemental,Enemy,3.0,4760.0,14390.0,-1685.0
ShipGraveyard,172,SG_WaterElemental,Water Elemental,Enemy,3.0,-15280.0,16990.0,-1854.0
ShipGraveyard,173,SG_WaterElemental,Water Elemental,Enemy,3.0,-6040.0,19350.0,-1354.0
ShipGraveyard,174,SG_WaterElemental,Water Elemental,Enemy,3.0,3680.0,10050.0,-1705.0
ShipGraveyard,175,SG_WaterElemental,Water Elemental,Enemy,3.0,-11530.0,-7490.0,-3075.0
ShipGraveyard,176,SG_WaterElemental,Water Elemental,Enemy,3.0,-14120.0,-5490.0,-3035.0
ShipGraveyard,177,SG_WaterElemental,Water Elemental,Enemy,3.0,-5970.0,18620.0,-1354.0
SnowPeak,0,FK_IceShardling,Ice Shardling,Enemy,1.0,-3577.0,6328.0,7075.0
SnowPeak,1,FK_IceShardling,Ice Shardling,Enemy,1.0,9270.0,-1197.0,6679.0
SnowPeak,2,FK_IceShardling,Ice Shardling,Enemy,1.0,5141.0,-17992.0,6697.0
SnowPeak,3,FK_IceShardling,Ice Shardling,Enemy,1.0,5000.0,-18030.0,6716.0
SnowPeak,4,FK_IceShardling,Ice Shardling,Enemy,1.0,9373.0,-1381.0,6679.0
SnowPeak,5,FK_IceShardling,Ice Shardling,Enemy,1.0,-3320.0,6538.0,7075.0
SnowPeak,6,FK_IceShardling,Ice Shardling,Enemy,1.0,-3619.0,6607.0,7075.0
SnowPeak,7,FK_IceShardling,Ice Shardling,Enemy,1.0,-3835.0,6354.0,7074.0
SnowPeak,8,FK_IceShardling,Ice Shardling,Enemy,1.0,9189.0,-1381.0,6679.0
SnowPeak,9,FK_IceShardling,Ice Shardling,Enemy,1.0,-5260.0,4633.0,7394.0
SnowPeak,10,FK_IceShardling,Ice Shardling,Enemy,1.0,-4981.0,5250.0,7394.0
SnowPeak,11,FK_IceShardling,Ice Shardling,Enemy,1.0,-3584.0,8652.0,7203.0
SnowPeak,12,FK_IceShardling,Ice Shardling,Enemy,1.0,-4059.0,8978.0,7203.0
SnowPeak,13,FK_IceGolem,Spellbound Golem,Elite,5.0,15229.0,2140.0,7494.0
SnowPeak,14,FK_IceGolem,Spellbound Golem,Elite,5.0,-4844.0,4927.0,7230.0
SnowPeak,15,FK_IceGolem,Spellbound Golem,Elite,5.0,-2327.0,9825.0,7046.0
SnowPeak,16,FK_IceGolem,Spellbound Golem,Elite,5.0,-16341.0,-3049.0,5662.0
SnowPeak,17,FK_IceGolem,Spellbound Golem,Elite,5.0,-6480.0,-2394.0,7351.0
SnowPeak,18,FK_IceGolem,Spellbound Golem,Elite,5.0,-2649.0,10422.0,7046.0
SnowPeak,19,FK_IceShardling,Ice Shardling,Enemy,1.0,-10986.0,2021.0,8146.0
SnowPeak,20,FK_IceShardling,Ice Shardling,Enemy,1.0,-11182.0,1009.0,8149.0
SnowPeak,21,IC_GlacialSprite,Frozen Remnant,Enemy,1.0,-7517.0,-27636.0,4059.0
SnowPeak,22,IC_GlacialSprite,Frozen Remnant,Enemy,1.0,14830.0,-270.0,7590.0
SnowPeak,23,IC_GlacialSprite,Frozen Remnant,Enemy,1.0,15483.0,212.0,7532.0
SnowPeak,24,IC_GlacialSprite,Frozen Remnant,Enemy,1.0,8953.0,-1040.0,6761.0
SnowPeak,25,IC_GlacialSprite,Frozen Remnant,Enemy,1.0,9569.0,-6862.0,7266.0
SnowPeak,26,IC_GlacialSprite,Frozen Remnant,Enemy,1.0,-10037.0,5737.0,7988.0
SnowPeak,27,IC_GlacialSprite,Frozen Remnant,Enemy,1.0,8877.0,-7555.0,7390.0
SnowPeak,28,IC_GlacialSprite,Frozen Remnant,Enemy,1.0,8815.0,-1467.0,6804.0
SnowPeak,29,IC_GlacialSprite,Frozen Remnant,Enemy,1.0,-8012.0,-27769.0,4059.0
SnowPeak,30,IC_GlacialSprite,Frozen Remnant,Enemy,1.0,8901.0,-6680.0,7237.0
SnowPeak,31,IC_GlacialSprite,Frozen Remnant,Enemy,1.0,7921.0,-11727.0,7796.0
SnowPeak,32,IC_GlacialSprite,Frozen Remnant,Enemy,1.0,9253.0,-5997.0,7117.0
SnowPeak,33,IC_GlacialSprite,Frozen Remnant,Enemy,1.0,8030.0,-10650.0,7821.0
SnowPeak,34,IC_GlacialSprite,Frozen Remnant,Enemy,1.0,7541.0,-11717.0,7796.0
SnowPeak,35,IC_GlacialSprite,Frozen Remnant,Enemy,1.0,-2019.0,9408.0,7169.0
SnowPeak,36,IC_GlacialSprite,Frozen Remnant,Enemy,1.0,-11837.0,578.0,8155.0
SnowPeak,37,IC_GlacialSprite,Frozen Remnant,Enemy,1.0,-11479.0,1949.0,8170.0
SnowPeak,38,IC_GlacialSprite,Frozen Remnant,Enemy,1.0,15233.0,-98.0,7532.0
SnowPeak,39,IC_GlacialSprite,Frozen Remnant,Enemy,1.0,-2735.0,10923.0,7076.0
SnowPeak,40,IC_GlacialSprite,Frozen Remnant,Enemy,1.0,-11786.0,1545.0,8155.0
SnowPeak,41,IC_GlacialSprite,Frozen Remnant,Enemy,1.0,-9408.0,6303.0,7985.0
SnowPeak,42,IC_GlacialSprite,Frozen Remnant,Enemy,1.0,15001.0,2623.0,7488.0
SnowPeak,43,IC_GlacialSprite,Frozen Remnant,Enemy,1.0,15264.0,1688.0,7488.0
SnowPeak,44,IC_GlacialSprite,Frozen Remnant,Enemy,1.0,-7863.0,-25728.0,4012.0
SnowPeak,45,IC_GlacialSprite,Frozen Remnant,Enemy,1.0,-8888.0,-25406.0,4009.0
SnowPeak,46,IC_GlacialSprite,Frozen Remnant,Enemy,1.0,-16597.0,-2575.0,5557.0
SnowPeak,47,IC_GlacialSprite,Frozen Remnant,Enemy,1.0,-16868.0,-3111.0,5509.0
SnowPeak,48,IC_GreaterIceElemental,Greater Ice Elemental,Elite,8.0,-4923.0,-634.0,7393.0
SnowPeak,49,IC_GreaterIceElemental,Greater Ice Elemental,Elite,8.0,6652.0,-10975.0,7892.0
SnowPeak,50,MC_BloodCaster,Heskyr Magus,Enemy,4.0,-7955.0,-29573.0,7079.0
SnowPeak,51,MC_BloodCaster,Heskyr Magus,Enemy,4.0,-1910.0,-19677.0,6907.0
SnowPeak,52,MC_BloodGrunt,Heskyr Brood,Enemy,1.5,6180.0,-19711.0,6622.0
SnowPeak,53,MC_BloodGrunt,Heskyr Brood,Enemy,1.5,6449.0,-19372.0,6595.0
SnowPeak,54,MC_BloodGrunt,Heskyr Brood,Enemy,1.5,4169.0,-23644.0,6920.0
SnowPeak,55,MC_BloodGrunt,Heskyr Brood,Enemy,1.5,-986.0,-19302.0,6920.0
SnowPeak,56,MC_BloodGrunt,Heskyr Brood,Enemy,1.5,-331.0,-15670.0,7080.0
SnowPeak,57,MC_BloodGrunt,Heskyr Brood,Enemy,1.5,-1420.0,-18608.0,6920.0
SnowPeak,58,MC_BloodGrunt,Heskyr Brood,Enemy,1.5,-1021.0,-15811.0,7123.0
SnowPeak,59,MC_BloodGrunt,Heskyr Brood,Enemy,1.5,2871.0,4438.0,7239.0
SnowPeak,60,MC_BloodGrunt,Heskyr Brood,Enemy,1.5,5231.0,-17647.0,6729.0
SnowPeak,61,MC_BloodGrunt,Heskyr Brood,Enemy,1.5,2838.0,5181.0,7211.0
SnowPeak,62,MC_BloodGrunt,Heskyr Brood,Enemy,1.5,-4854.0,-3169.0,7320.0
SnowPeak,63,MC_BloodGrunt,Heskyr Brood,Enemy,1.5,-5092.0,-3491.0,7410.0
SnowPeak,64,MC_BloodGrunt,Heskyr Brood,Enemy,1.5,-7707.0,-29548.0,7007.0
SnowPeak,65,MC_BloodGrunt,Heskyr Brood,Enemy,1.5,-8073.0,-29794.0,7024.0
SnowPeak,66,MC_BloodGrunt,Heskyr Brood,Enemy,1.5,-9111.0,3988.0,7942.0
SnowPeak,67,MC_BloodGrunt,Heskyr Brood,Enemy,1.5,-6189.0,-32720.0,6985.0
SnowPeak,68,MC_BloodGrunt,Heskyr Brood,Enemy,1.5,-5247.0,-32713.0,6985.0
SnowPeak,69,MC_BloodGrunt,Heskyr Brood,Enemy,1.5,6313.0,-20111.0,6774.0
SnowPeak,70,MC_BloodGrunt,Heskyr Brood,Enemy,1.5,-5360.0,1934.0,7209.0
SnowPeak,71,MC_BloodGrunt,Heskyr Brood,Enemy,1.5,-6126.0,1791.0,7209.0
SnowPeak,72,MC_BloodGrunt,Heskyr Brood,Enemy,1.5,-4182.0,8656.0,7223.0
SnowPeak,73,MC_BloodGrunt,Heskyr Brood,Enemy,1.5,-3736.0,8329.0,7223.0
SnowPeak,74,MC_BloodGrunt,Heskyr Brood,Enemy,1.5,-809.0,5241.0,7134.0
SnowPeak,75,MC_BloodGrunt,Heskyr Brood,Enemy,1.5,-813.0,4523.0,7211.0
SnowPeak,76,MC_BloodGrunt,Heskyr Brood,Enemy,1.5,4583.0,-23174.0,6893.0
SnowPeak,77,MC_BloodGrunt,Heskyr Brood,Enemy,1.5,-5749.0,2375.0,7209.0
SnowPeak,78,MC_BloodGrunt,Heskyr Brood,Enemy,1.5,-5254.0,2345.0,7209.0
SnowPeak,79,MC_BloodGrunt,Heskyr Brood,Enemy,1.5,-8246.0,4775.0,7940.0
SnowPeak,80,MC_BloodGrunt,Heskyr Brood,Enemy,1.5,-8248.0,4165.0,7940.0
SnowPeak,81,MC_BloodGrunt,Heskyr Brood,Enemy,1.5,-10497.0,-7029.0,7293.0
SnowPeak,82,MC_BloodGrunt,Heskyr Brood,Enemy,1.5,-10021.0,-7172.0,7293.0
SnowPeak,83,MC_BloodGrunt,Heskyr Brood,Enemy,1.5,-5268.0,-3216.0,7269.0
SnowPeak,84,MC_BloodGrunt,Heskyr Brood,Enemy,1.5,-5450.0,-3577.0,7410.0
SnowPeak,85,MC_BloodGrunt,Heskyr Brood,Enemy,1.5,5009.0,-23386.0,6920.0
SnowPeak,86,MC_BloodGuard,Heskyr Zealot,Elite,4.0,6699.0,-20071.0,6721.0
SnowPeak,87,MC_BloodGuard,Heskyr Zealot,Elite,4.0,6798.0,-19604.0,6688.0
SnowPeak,88,MC_BloodGuard,Heskyr Zealot,Elite,4.0,-3347.0,-30638.0,6955.0
SnowPeak,89,MC_BloodGuard,Heskyr Zealot,Elite,4.0,-5253.0,4978.0,7303.0
SnowPeak,90,MC_BloodGuard,Heskyr Zealot,Elite,4.0,-5139.0,-42372.0,4546.0
SnowPeak,91,MC_BloodGuard,Heskyr Zealot,Elite,4.0,-1763.0,-19116.0,6914.0
SnowPeak,92,MC_BloodGuard,Heskyr Zealot,Elite,4.0,-1358.0,-19605.0,6915.0
SnowPeak,93,MC_BloodGuard,Heskyr Zealot,Elite,4.0,-9932.0,-32469.0,6983.0
SnowPeak,94,MC_BloodGuard,Heskyr Zealot,Elite,4.0,-483.0,4819.0,7166.0
SnowPeak,95,MC_BloodGuard,Heskyr Zealot,Elite,4.0,-6397.0,-42294.0,4546.0
SnowPeak,96,MC_BloodGuard,Heskyr Zealot,Elite,4.0,3874.0,-20434.0,6802.0
SnowPeak,97,MC_BloodGuard,Heskyr Zealot,Elite,4.0,3564.0,-19794.0,6743.0
SnowPeak,98,MC_BloodGuard,Heskyr Zealot,Elite,4.0,-10261.0,-32714.0,7052.0
SnowPeak,99,MC_BloodGuard,Heskyr Zealot,Elite,4.0,-8745.0,4041.0,8021.0
SnowPeak,100,MC_BloodGuard,Heskyr Zealot,Elite,4.0,-10412.0,-6746.0,7295.0
SnowPeak,101,MC_BloodGuard,Heskyr Zealot,Elite,4.0,-9929.0,-6895.0,7296.0
SnowPeak,102,MC_BloodHound,Stalking Grim,Enemy,2.5,-6339.0,-41260.0,4559.0
SnowPeak,103,MC_BloodHound,Stalking Grim,Enemy,2.5,-5615.0,-40921.0,4551.0
SnowPeak,104,MC_BloodHound,Stalking Grim,Enemy,2.5,-6802.0,-41115.0,4546.0
SnowPeak,105,MC_BloodHound,Stalking Grim,Enemy,2.5,3128.0,-20325.0,6790.0
SnowPeak,106,MC_BloodHound,Stalking Grim,Enemy,2.5,-1006.0,-19647.0,6909.0
SnowPeak,107,MC_BloodHound,Stalking Grim,Enemy,2.5,-8161.0,-995.0,7162.0
SnowPeak,108,MC_BloodHound,Stalking Grim,Enemy,2.5,-3798.0,-30555.0,6977.0
SnowPeak,109,MC_BloodHound,Stalking Grim,Enemy,2.5,-3378.0,-31050.0,6957.0
SnowPeak,110,MC_BloodHound,Stalking Grim,Enemy,2.5,-8311.0,-1255.0,7188.0
SnowPeak,111,MC_BloodHound,Stalking Grim,Enemy,2.5,-4623.0,-41024.0,4546.0
SnowPeak,112,MC_BloodSummoner,Sanguine Disciple,Elite,6.0,4685.0,-23916.0,6989.0
SnowPeak,113,MC_BloodSummoner,Sanguine Disciple,Elite,6.0,-772.0,-15265.0,7220.0
SnowPeak,114,MC_BloodSummoner,Sanguine Disciple,Elite,6.0,118.0,4910.0,7218.0
SnowPeak,115,SP_FrostWolf,Dire Wolf,Enemy,2.0,-1805.0,-272.0,7275.0
SnowPeak,116,SP_FrostWolf,Dire Wolf,Enemy,2.0,-1561.0,-822.0,7297.0
SnowPeak,117,SP_FrostWolf,Dire Wolf,Enemy,2.0,3153.0,5191.0,7260.0
SnowPeak,118,SP_FrostWolf,Dire Wolf,Enemy,2.0,-7668.0,-2095.0,7175.0
SnowPeak,119,SP_FrostWolf,Dire Wolf,Enemy,2.0,-11609.0,669.0,8195.0
SnowPeak,120,SP_FrostWolf,Dire Wolf,Enemy,2.0,3207.0,4468.0,7260.0
SnowPeak,121,SP_PolarBear,Glacial Bear,Enemy,7.0,-9747.0,6050.0,7955.0
SnowPeak,122,SP_PolarBear,Glacial Bear,Enemy,7.0,-7999.0,-27231.0,4003.0
SnowPeak,123,SP_PolarBear,Glacial Bear,Enemy,7.0,-6200.0,1310.0,7096.0
SnowPeak,124,SP_PolarBear,Glacial Bear,Enemy,7.0,8360.0,-10748.0,7749.0
SnowPeak,125,SP_PolarBear,Glacial Bear,Enemy,7.0,-7408.0,-27092.0,4009.0
SnowPeak,126,ST_SanguineCrusher,Sanguine Crusher,Elite,6.0,-5699.0,-32890.0,7039.0
SnowPeak,127,ST_SanguineCrusher,Sanguine Crusher,Elite,6.0,-5668.0,-28102.0,6915.0
SnowPeak,128,VV_ColdbrineFiend,Coldbrine Fiend,Enemy,3.0,9332.0,-966.0,6728.0
SnowPeak,129,VV_ColdbrineFiend,Coldbrine Fiend,Enemy,3.0,8943.0,-1797.0,6731.0
SpiderForest,0,NP_BullyBasher,Bully Basher,Enemy,4.0,11584.0,-7926.0,-3193.0
SpiderForest,1,NP_BullyBasher,Bully Basher,Enemy,4.0,-11724.0,-3843.0,876.0
SpiderForest,2,NP_BullyBasher,Bully Basher,Enemy,4.0,10454.0,1563.0,-2457.0
SpiderForest,3,NP_BullyBasher,Bully Basher,Enemy,4.0,9411.0,-888.0,-2374.0
SpiderForest,4,NP_BullyBasher,Bully Basher,Enemy,4.0,1227.0,-1995.0,-1885.0
SpiderForest,5,NP_BullyBasher,Bully Basher,Enemy,4.0,-6539.0,-6076.0,-289.0
SpiderForest,6,NP_Facestabber,Facestabber,Enemy,2.0,7618.0,-12153.0,-2278.0
SpiderForest,7,NP_Facestabber,Facestabber,Enemy,2.0,-11940.0,-3880.0,898.0
SpiderForest,8,NP_Facestabber,Facestabber,Enemy,2.0,198.0,-10314.0,-1883.0
SpiderForest,9,NP_Facestabber,Facestabber,Enemy,2.0,9639.0,-1089.0,-2411.0
SpiderForest,10,NP_Facestabber,Facestabber,Enemy,2.0,9460.0,-1141.0,-2367.0
SpiderForest,11,NP_Facestabber,Facestabber,Enemy,2.0,-13106.0,-564.0,1057.0
SpiderForest,12,NP_Facestabber,Facestabber,Enemy,2.0,9223.0,-1002.0,-2330.0
SpiderForest,13,NP_Facestabber,Facestabber,Enemy,2.0,9088.0,-873.0,-2312.0
SpiderForest,14,NP_Facestabber,Facestabber,Enemy,2.0,11241.0,-779.0,-2559.0
SpiderForest,15,NP_Facestabber,Facestabber,Enemy,2.0,40078.0,-9163.0,-5745.0
SpiderForest,16,NP_Facestabber,Facestabber,Enemy,2.0,39962.0,-9301.0,-5748.0
SpiderForest,17,NP_Facestabber,Facestabber,Enemy,2.0,-13285.0,-419.0,1068.0
SpiderForest,18,NP_Facestabber,Facestabber,Enemy,2.0,39937.0,-8849.0,-5773.0
SpiderForest,19,NP_Facestabber,Facestabber,Enemy,2.0,39754.0,-9035.0,-5788.0
SpiderForest,20,NP_Facestabber,Facestabber,Enemy,2.0,7455.0,-12660.0,-2278.0
SpiderForest,21,NP_Facestabber,Facestabber,Enemy,2.0,11548.0,-8159.0,-3189.0
SpiderForest,22,NP_Facestabber,Facestabber,Enemy,2.0,111.0,-10640.0,-1884.0
SpiderForest,23,NP_Facestabber,Facestabber,Enemy,2.0,11371.0,-8099.0,-3192.0
SpiderForest,24,NP_Facestabber,Facestabber,Enemy,2.0,-360.0,-11210.0,-1882.0
SpiderForest,25,NP_Shinchopper,Shinchopper,Enemy,1.0,-12153.0,-4088.0,940.0
SpiderForest,26,NP_Shinchopper,Shinchopper,Enemy,1.0,23660.0,-4874.0,-4195.0
SpiderForest,27,NP_Shinchopper,Shinchopper,Enemy,1.0,12735.0,-2722.0,-2677.0
SpiderForest,28,NP_Shinchopper,Shinchopper,Enemy,1.0,-13797.0,-2423.0,940.0
SpiderForest,29,NP_Shinchopper,Shinchopper,Enemy,1.0,-13570.0,-2445.0,912.0
SpiderForest,30,NP_Shinchopper,Shinchopper,Enemy,1.0,-6656.0,-3897.0,-241.0
SpiderForest,31,NP_Shinchopper,Shinchopper,Enemy,1.0,-6542.0,-3992.0,-245.0
SpiderForest,32,NP_Shinchopper,Shinchopper,Enemy,1.0,-6511.0,-3820.0,-243.0
SpiderForest,33,NP_Shinchopper,Shinchopper,Enemy,1.0,23656.0,-4483.0,-4195.0
SpiderForest,34,NP_Shinchopper,Shinchopper,Enemy,1.0,13203.0,-2714.0,-2765.0
SpiderForest,35,NP_Shinchopper,Shinchopper,Enemy,1.0,13078.0,-1894.0,-2696.0
SpiderForest,36,NP_Shinchopper,Shinchopper,Enemy,1.0,14890.0,-4678.0,-3028.0
SpiderForest,37,NP_Shinchopper,Shinchopper,Enemy,1.0,15133.0,-4394.0,-2991.0
SpiderForest,38,NP_Shinchopper,Shinchopper,Enemy,1.0,14534.0,-4921.0,-3008.0
SpiderForest,39,NP_Shinchopper,Shinchopper,Enemy,1.0,14176.0,-5193.0,-2991.0
SpiderForest,40,NP_Shinchopper,Shinchopper,Enemy,1.0,11505.0,-721.0,-2571.0
SpiderForest,41,NP_Shinchopper,Shinchopper,Enemy,1.0,23509.0,-4630.0,-4195.0
SpiderForest,42,NP_Shinchopper,Shinchopper,Enemy,1.0,-11516.0,421.0,982.0
SpiderForest,43,NP_Shinchopper,Shinchopper,Enemy,1.0,23708.0,-4729.0,-4195.0
SpiderForest,44,NP_Shinchopper,Shinchopper,Enemy,1.0,-12323.0,-4094.0,940.0
SpiderForest,45,NP_Shinchopper,Shinchopper,Enemy,1.0,-12504.0,-4035.0,940.0
SpiderForest,46,SH_CarrionHorror,Carrion Horror,Elite,5.0,6910.0,-4050.0,-2044.0
SpiderForest,47,SH_CarrionHorror,Carrion Horror,Elite,5.0,23630.0,-4103.0,-4210.0
SpiderForest,48,SH_CarrionHorror,Carrion Horror,Elite,5.0,7060.0,-12259.0,-2272.0
SpiderForest,49,SH_CarrionHorror,Carrion Horror,Elite,5.0,3736.0,-2423.0,-1900.0
SpiderForest,50,SH_CarrionHorror,Carrion Horror,Elite,5.0,21640.0,-9564.0,-3914.0
SpiderForest,51,SH_CarrionHorror,Carrion Horror,Elite,5.0,28905.0,-8099.0,-4816.0
SpiderForest,52,SH_CarrionHorror,Carrion Horror,Elite,5.0,40381.0,-8937.0,-5661.0
SpiderForest,53,SH_CarrionHorror,Carrion Horror,Elite,5.0,10802.0,-4071.0,-2506.0
SpiderForest,54,SH_CarrionHorror,Carrion Horror,Elite,5.0,24749.0,-10094.0,-3984.0
SpiderForest,55,SH_CarrionHorror,Carrion Horror,Elite,5.0,8870.0,-10160.0,-2542.0
SpiderForest,56,SH_CarrionHorror,Carrion Horror,Elite,5.0,28535.0,-12336.0,-4504.0
SpiderForest,57,SH_CarrionHorror,Carrion Horror,Elite,5.0,15139.0,-5400.0,-3169.0
SpiderForest,58,SH_Eggbearer,Eggbearer,Enemy,2.0,7286.0,-12730.0,-2276.0
SpiderForest,59,SH_Eggbearer,Eggbearer,Enemy,2.0,-125.0,-11021.0,-1881.0
SpiderForest,60,SH_Eggbearer,Eggbearer,Enemy,2.0,949.0,-13937.0,-2139.0
SpiderForest,61,SH_Eggbearer,Eggbearer,Enemy,2.0,1278.0,-14127.0,-2155.0
SpiderForest,62,SH_Eggbearer,Eggbearer,Enemy,2.0,7611.0,-12458.0,-2276.0
SpiderForest,63,SH_Eggbearer,Eggbearer,Enemy,2.0,1549.0,-1892.0,-1887.0
SpiderForest,64,SH_Eggbearer,Eggbearer,Enemy,2.0,1052.0,-1704.0,-1925.0
SpiderForest,65,SH_Eggbearer,Eggbearer,Enemy,2.0,1339.0,-1692.0,-1921.0
SpiderForest,66,SH_Eggbearer,Eggbearer,Enemy,2.0,5298.0,1345.0,-2014.0
SpiderForest,67,SH_Eggbearer,Eggbearer,Enemy,2.0,5826.0,1292.0,-2020.0
SpiderForest,68,SH_Eggbearer,Eggbearer,Enemy,2.0,5552.0,1206.0,-2016.0
SpiderForest,69,SH_Eggbearer,Eggbearer,Enemy,2.0,24839.0,-10543.0,-3981.0
SpiderForest,70,SH_Eggbearer,Eggbearer,Enemy,2.0,410.0,-10452.0,-1881.0
SpiderForest,71,SH_Eggbearer,Eggbearer,Enemy,2.0,26303.0,-5349.0,-4479.0
SpiderForest,72,SH_Eggbearer,Eggbearer,Enemy,2.0,10860.0,-4750.0,-2546.0
SpiderForest,73,SH_Eggbearer,Eggbearer,Enemy,2.0,11091.0,-4697.0,-2546.0
SpiderForest,74,SH_Eggbearer,Eggbearer,Enemy,2.0,11225.0,-4490.0,-2555.0
SpiderForest,75,SH_Eggbearer,Eggbearer,Enemy,2.0,10998.0,-4936.0,-2542.0
SpiderForest,76,SH_Eggbearer,Eggbearer,Enemy,2.0,11256.0,-4701.0,-2551.0
SpiderForest,77,SH_Eggbearer,Eggbearer,Enemy,2.0,10175.0,1369.0,-2414.0
SpiderForest,78,SH_Eggbearer,Eggbearer,Enemy,2.0,10351.0,1190.0,-2441.0
SpiderForest,79,SH_Eggbearer,Eggbearer,Enemy,2.0,10821.0,801.0,-2502.0
SpiderForest,80,SH_Eggbearer,Eggbearer,Enemy,2.0,26771.0,-5495.0,-4479.0
SpiderForest,81,SH_Eggbearer,Eggbearer,Enemy,2.0,24977.0,-10435.0,-3981.0
SpiderForest,82,SH_Eggbearer,Eggbearer,Enemy,2.0,20544.0,-12241.0,-3949.0
SpiderForest,83,SH_Eggbearer,Eggbearer,Enemy,2.0,20271.0,-12243.0,-3919.0
SpiderForest,84,SH_Eggbearer,Eggbearer,Enemy,2.0,22024.0,-6450.0,-4049.0
SpiderForest,85,SH_Eggbearer,Eggbearer,Enemy,2.0,22180.0,-6749.0,-4021.0
SpiderForest,86,SH_Eggbearer,Eggbearer,Enemy,2.0,21974.0,-6971.0,-4030.0
SpiderForest,87,SH_Eggbearer,Eggbearer,Enemy,2.0,22233.0,-7132.0,-4031.0
SpiderForest,88,SH_Eggbearer,Eggbearer,Enemy,2.0,3672.0,-1840.0,-1969.0
SpiderForest,89,SH_Eggbearer,Eggbearer,Enemy,2.0,3875.0,-2079.0,-1977.0
SpiderForest,90,SH_Eggbearer,Eggbearer,Enemy,2.0,3447.0,-1915.0,-1974.0
SpiderForest,91,SH_Eggbearer,Eggbearer,Enemy,2.0,3379.0,-2091.0,-1949.0
SpiderForest,92,SH_Eggbearer,Eggbearer,Enemy,2.0,7076.0,-6674.0,-1978.0
SpiderForest,93,SH_Eggbearer,Eggbearer,Enemy,2.0,24003.0,-4377.0,-4224.0
SpiderForest,94,SH_Eggbearer,Eggbearer,Enemy,2.0,24093.0,-4484.0,-4224.0
SpiderForest,95,SH_Eggbearer,Eggbearer,Enemy,2.0,6722.0,-6532.0,-1978.0
SpiderForest,96,SH_Eggbearer,Eggbearer,Enemy,2.0,6935.0,-6289.0,-1978.0
SpiderForest,97,SH_Eggbearer,Eggbearer,Enemy,2.0,6841.0,-6904.0,-1978.0
SpiderForest,98,SH_Eggbearer,Eggbearer,Enemy,2.0,14328.0,-4987.0,-2974.0
SpiderForest,99,SH_Eggbearer,Eggbearer,Enemy,2.0,14983.0,-4482.0,-2974.0
SpiderForest,100,SH_GravesnareKidnapper,Gravesnare Kidnapper,Enemy,4.0,8088.0,2973.0,-2030.0
SpiderForest,101,SH_GravesnareKidnapper,Gravesnare Kidnapper,Enemy,4.0,40264.0,-11382.0,-5811.0
SpiderForest,102,SH_GravesnareKidnapper,Gravesnare Kidnapper,Enemy,4.0,13269.0,-2347.0,-2737.0
SpiderForest,103,SH_GravesnareKidnapper,Gravesnare Kidnapper,Enemy,4.0,21637.0,-10165.0,-3917.0
SpiderForest,104,SH_GravesnareKidnapper,Gravesnare Kidnapper,Enemy,4.0,20504.0,-12698.0,-3950.0
SpiderForest,105,SH_GravesnareKidnapper,Gravesnare Kidnapper,Enemy,4.0,26188.0,-4922.0,-4482.0
SpiderForest,106,SH_GravesnareKidnapper,Gravesnare Kidnapper,Enemy,4.0,26634.0,-5191.0,-4480.0
SpiderForest,107,SH_GravesnareKidnapper,Gravesnare Kidnapper,Enemy,4.0,28927.0,-8590.0,-4723.0
SpiderForest,108,SH_GravesnareKidnapper,Gravesnare Kidnapper,Enemy,4.0,28312.0,-7804.0,-4721.0
SpiderForest,109,SH_GravesnareKidnapper,Gravesnare Kidnapper,Enemy,4.0,37549.0,-4234.0,-5841.0
SpiderForest,110,SH_GravesnareKidnapper,Gravesnare Kidnapper,Enemy,4.0,36189.0,-10866.0,-5519.0
SpiderForest,111,SH_GravesnareKidnapper,Gravesnare Kidnapper,Enemy,4.0,7583.0,-7070.0,-2051.0
SpiderForest,112,SH_GravesnareKidnapper,Gravesnare Kidnapper,Enemy,4.0,14496.0,-5253.0,-2993.0
SpiderForest,113,SH_GravesnareKidnapper,Gravesnare Kidnapper,Enemy,4.0,15259.0,-4836.0,-3123.0
SpiderForest,114,SH_RotheartRecluse,Rotheart Recluse,Enemy,3.0,5652.0,1709.0,-1970.0
SpiderForest,115,SH_RotheartRecluse,Rotheart Recluse,Enemy,3.0,38140.0,-3319.0,-5840.0
SpiderForest,116,SH_RotheartRecluse,Rotheart Recluse,Enemy,3.0,6884.0,-4477.0,-2145.0
SpiderForest,117,SH_RotheartRecluse,Rotheart Recluse,Enemy,3.0,10630.0,-7993.0,-3179.0
SpiderForest,118,SH_RotheartRecluse,Rotheart Recluse,Enemy,3.0,12352.0,-2567.0,-2641.0
SpiderForest,119,SH_RotheartRecluse,Rotheart Recluse,Enemy,3.0,7472.0,-9564.0,-1977.0
SpiderForest,120,SH_RotheartRecluse,Rotheart Recluse,Enemy,3.0,20074.0,-12481.0,-3859.0
SpiderForest,121,SH_RotheartRecluse,Rotheart Recluse,Enemy,3.0,22275.0,-6039.0,-4029.0
SpiderForest,122,SH_RotheartRecluse,Rotheart Recluse,Enemy,3.0,22456.0,-7206.0,-4031.0
SpiderForest,123,SH_RotheartRecluse,Rotheart Recluse,Enemy,3.0,28136.0,-8569.0,-4644.0
SpiderForest,124,SH_RotheartRecluse,Rotheart Recluse,Enemy,3.0,28860.0,-7632.0,-4763.0
SpiderForest,125,SH_RotheartRecluse,Rotheart Recluse,Enemy,3.0,6840.0,-9109.0,-1871.0
SpiderForest,126,SH_RotheartRecluse,Rotheart Recluse,Enemy,3.0,25243.0,-13204.0,-4184.0
SpiderForest,127,SH_RotheartRecluse,Rotheart Recluse,Enemy,3.0,24266.0,-10268.0,-3949.0
SpiderForest,128,SH_RotheartRecluse,Rotheart Recluse,Enemy,3.0,24899.0,-7254.0,-4198.0
SpiderForest,129,SH_RotheartRecluse,Rotheart Recluse,Enemy,3.0,37402.0,-3319.0,-5840.0
SpiderForest,130,SH_RotheartRecluse,Rotheart Recluse,Enemy,3.0,36653.0,-10625.0,-5525.0
SpiderForest,131,SH_RotheartRecluse,Rotheart Recluse,Enemy,3.0,38140.0,-4039.0,-5840.0
SpiderForest,132,SH_RotheartRecluse,Rotheart Recluse,Enemy,3.0,9734.0,-14805.0,-1822.0
SpiderForest,133,SH_RotheartRecluse,Rotheart Recluse,Enemy,3.0,9896.0,-14415.0,-1961.0
SpiderForest,134,SH_RotheartRecluse,Rotheart Recluse,Enemy,3.0,7414.0,-4147.0,-2145.0
SpiderForest,135,SH_RotheartRecluse,Rotheart Recluse,Enemy,3.0,2698.0,-8820.0,-1950.0
SpiderForest,136,SH_RotheartRecluse,Rotheart Recluse,Enemy,3.0,40554.0,-11065.0,-5821.0
SpiderForest,137,SH_Spiderling,Spiderling,Enemy,0.0,28521.0,-11853.0,-4566.0
SpiderForest,138,SH_Spiderling,Spiderling,Enemy,0.0,27928.0,-12026.0,-4484.0
SpiderForest,139,SH_Spiderling,Spiderling,Enemy,0.0,27920.0,-12214.0,-4452.0
SpiderForest,140,SH_Spiderling,Spiderling,Enemy,0.0,2432.0,-8824.0,-1919.0
SpiderForest,141,SH_Spiderling,Spiderling,Enemy,0.0,2371.0,-9350.0,-1871.0
SpiderForest,142,SH_Spiderling,Spiderling,Enemy,0.0,7140.0,-9398.0,-1952.0
SpiderForest,143,SH_Spiderling,Spiderling,Enemy,0.0,7341.0,-8886.0,-1977.0
SpiderForest,144,SH_Spiderling,Spiderling,Enemy,0.0,7692.0,-9415.0,-1929.0
SpiderForest,145,SH_Spiderling,Spiderling,Enemy,0.0,8435.0,2791.0,-1986.0
SpiderForest,146,SH_Spiderling,Spiderling,Enemy,0.0,7976.0,2612.0,-2044.0
SpiderForest,147,SH_Venomdrinker,Venomdrinker,Enemy,3.0,25203.0,-13003.0,-4214.0
SpiderForest,148,SH_Venomdrinker,Venomdrinker,Enemy,3.0,964.0,-14280.0,-2087.0
SpiderForest,149,SH_Venomdrinker,Venomdrinker,Enemy,3.0,10471.0,-7725.0,-3192.0
SpiderForest,150,SH_Venomdrinker,Venomdrinker,Enemy,3.0,8995.0,-9697.0,-2542.0
SpiderForest,151,SH_Venomdrinker,Venomdrinker,Enemy,3.0,10978.0,-4495.0,-2560.0
SpiderForest,152,SH_Venomdrinker,Venomdrinker,Enemy,3.0,10742.0,1403.0,-2485.0
SpiderForest,153,SH_Venomdrinker,Venomdrinker,Enemy,3.0,24828.0,-7508.0,-4147.0
SpiderForest,154,SH_Venomdrinker,Venomdrinker,Enemy,3.0,25708.0,-13143.0,-4269.0
SpiderForest,155,SH_Venomdrinker,Venomdrinker,Enemy,3.0,40217.0,-8583.0,-5747.0
SpiderForest,156,SH_Venomdrinker,Venomdrinker,Enemy,3.0,9541.0,-14504.0,-1998.0
SpiderForest,157,SH_Venomdrinker,Venomdrinker,Enemy,3.0,7315.0,-6663.0,-2038.0
SpiderForest,158,SH_Venomdrinker,Venomdrinker,Enemy,3.0,23785.0,-4323.0,-4231.0
SpiderForest,159,VV_FrenziedLooter,Frenzied Looter,Enemy,1.0,-6813.0,-5552.0,-237.0
SpiderForest,160,VV_FrenziedLooter,Frenzied Looter,Enemy,1.0,-6917.0,-6278.0,-316.0
SpiderForest,161,VV_FrenziedLooter,Frenzied Looter,Enemy,1.0,-6777.0,-6517.0,-391.0
SpiderForest,162,VV_FrenziedLooter,Frenzied Looter,Enemy,1.0,-6762.0,-7756.0,-408.0
SpiderForest,163,VV_FrenziedLooter,Frenzied Looter,Enemy,1.0,-7015.0,-7695.0,-400.0
SpiderForest,164,VV_FrenziedLooter,Frenzied Looter,Enemy,1.0,-4532.0,-5029.0,-440.0
SpiderForest,165,VV_FrenziedLooter,Frenzied Looter,Enemy,1.0,-4678.0,-5227.0,-403.0
SpiderForest,166,VV_FrenziedLooter,Frenzied Looter,Enemy,1.0,-4497.0,-5442.0,-408.0
SpiderForest,167,VV_FrenziedLooter,Frenzied Looter,Enemy,1.0,9498.0,-10124.0,-2552.0
SpiderForest,168,VV_FrenziedLooter,Frenzied Looter,Enemy,1.0,9385.0,-9772.0,-2555.0
SpiderForest,169,VV_FrenziedLooter,Frenzied Looter,Enemy,1.0,9553.0,-9879.0,-2577.0
SpiderForest,170,VV_FrenziedLooter,Frenzied Looter,Enemy,1.0,9333.0,-10007.0,-2544.0
SpiderForest,171,VV_FrenziedLooter,Frenzied Looter,Enemy,1.0,10757.0,1069.0,-2486.0
SpiderForest,172,VV_FrenziedLooter,Frenzied Looter,Enemy,1.0,10578.0,1088.0,-2466.0
SpiderForest,173,VV_FrenziedLooter,Frenzied Looter,Enemy,1.0,-11489.0,262.0,989.0
SpiderForest,174,VV_FrenziedLooter,Frenzied Looter,Enemy,1.0,10066.0,1661.0,-2391.0
SpiderForest,175,VV_FrenziedLooter,Frenzied Looter,Enemy,1.0,11121.0,-1058.0,-2547.0
SpiderForest,176,VV_FrenziedLooter,Frenzied Looter,Enemy,1.0,-13344.0,-216.0,1070.0
SpiderForest,177,VV_FrenziedLooter,Frenzied Looter,Enemy,1.0,-12947.0,-532.0,1041.0
SpiderForest,178,VV_FrenziedLooter,Frenzied Looter,Enemy,1.0,-13789.0,-2078.0,913.0
SpiderForest,179,VV_FrenziedLooter,Frenzied Looter,Enemy,1.0,-13627.0,-1876.0,913.0
SpiderForest,180,VV_FrenziedLooter,Frenzied Looter,Enemy,1.0,-6581.0,-5437.0,-244.0
UrrakMarkets,0,DR_BloodfangMauler,Bloodfang,Enemy,3.0,-946.0,-6019.0,1883.0
UrrakMarkets,1,DR_BloodfangMauler,Bloodfang,Enemy,3.0,-789.0,-5735.0,1883.0
UrrakMarkets,2,DR_CultistMajorCaster,Hellcaller,Elite,4.0,18910.0,50.0,2955.0
UrrakMarkets,3,DR_CultistMajorCaster,Hellcaller,Elite,4.0,14140.0,2275.0,2144.0
UrrakMarkets,4,DR_Mancatcher,Bloodfang Raider,Enemy,3.0,15968.0,-9348.0,196.0
UrrakMarkets,5,DR_Mancatcher,Bloodfang Raider,Enemy,3.0,1795.0,-8319.0,-80.0
UrrakMarkets,6,DR_Mancatcher,Bloodfang Raider,Enemy,3.0,1490.0,-7766.0,-13.0
UrrakMarkets,7,DR_Mancatcher,Bloodfang Raider,Enemy,3.0,-4955.0,-5292.0,535.0
UrrakMarkets,8,DR_Mancatcher,Bloodfang Raider,Enemy,3.0,-4629.0,-5019.0,514.0
UrrakMarkets,9,DR_Mancatcher,Bloodfang Raider,Enemy,3.0,898.0,-13277.0,140.0
UrrakMarkets,10,DR_Mancatcher,Bloodfang Raider,Enemy,3.0,11474.0,-7688.0,1527.0
UrrakMarkets,11,DR_Mancatcher,Bloodfang Raider,Enemy,3.0,618.0,-3193.0,203.0
UrrakMarkets,12,DR_Mancatcher,Bloodfang Raider,Enemy,3.0,497.0,-3573.0,203.0
UrrakMarkets,13,DR_Mancatcher,Bloodfang Raider,Enemy,3.0,72.0,-3440.0,203.0
UrrakMarkets,14,DR_Slaughtervine,Slaughtervine,Enemy,1.0,5143.0,-9031.0,2167.0
UrrakMarkets,15,DR_Slaughtervine,Slaughtervine,Enemy,1.0,8123.0,-14192.0,2641.0
UrrakMarkets,16,DR_Slaughtervine,Slaughtervine,Enemy,1.0,4746.0,-9026.0,2167.0
UrrakMarkets,17,DR_Slaughtervine,Slaughtervine,Enemy,1.0,6616.0,-11823.0,1996.0
UrrakMarkets,18,DR_Slaughtervine,Slaughtervine,Enemy,1.0,7060.0,-11886.0,1997.0
UrrakMarkets,19,DR_Slaughtervine,Slaughtervine,Enemy,1.0,7515.0,-9173.0,1623.0
UrrakMarkets,20,DR_Slaughtervine,Slaughtervine,Enemy,1.0,979.0,-2733.0,181.0
UrrakMarkets,21,DR_Slaughtervine,Slaughtervine,Enemy,1.0,1816.0,-1731.0,181.0
UrrakMarkets,22,DR_Slaughtervine,Slaughtervine,Enemy,1.0,-261.0,-4049.0,181.0
UrrakMarkets,23,DR_Slaughtervine,Slaughtervine,Enemy,1.0,-616.0,-2479.0,181.0
UrrakMarkets,24,DR_Slaughtervine,Slaughtervine,Enemy,1.0,-1083.0,-7691.0,2609.0
UrrakMarkets,25,DR_Slaughtervine,Slaughtervine,Enemy,1.0,8980.0,-4508.0,181.0
UrrakMarkets,26,DR_Slaughtervine,Slaughtervine,Enemy,1.0,-1554.0,-8644.0,2599.0
UrrakMarkets,27,DR_Slaughtervine,Slaughtervine,Enemy,1.0,-1324.0,-7609.0,2612.0
UrrakMarkets,28,NP_HalfMancatcher,Mancatcher,Enemy,2.0,2923.0,8310.0,2270.0
UrrakMarkets,29,NP_HalfMancatcher,Mancatcher,Enemy,2.0,1190.0,-13021.0,146.0
UrrakMarkets,30,NP_HalfMancatcher,Mancatcher,Enemy,2.0,2534.0,8123.0,2262.0
UrrakMarkets,31,NP_HalfMancatcher,Mancatcher,Enemy,2.0,-9093.0,1960.0,2877.0
UrrakMarkets,32,NP_HalfMancatcher,Mancatcher,Enemy,2.0,1529.0,-8094.0,-60.0
UrrakMarkets,33,NP_HalfMancatcher,Mancatcher,Enemy,2.0,1818.0,-7882.0,-17.0
UrrakMarkets,34,NP_HalfMancatcher,Mancatcher,Enemy,2.0,10009.0,-230.0,198.0
UrrakMarkets,35,NP_HalfMancatcher,Mancatcher,Enemy,2.0,10001.0,360.0,198.0
UrrakMarkets,36,NP_HalfMancatcher,Mancatcher,Enemy,2.0,-8596.0,1406.0,2840.0
UrrakMarkets,37,NP_HalfMancatcher,Mancatcher,Enemy,2.0,-4342.0,-2481.0,2027.0
UrrakMarkets,38,NP_HalfMancatcher,Mancatcher,Enemy,2.0,488.0,-13374.0,146.0
UrrakMarkets,39,NP_HalfMancatcher,Mancatcher,Enemy,2.0,3303.0,-8872.0,2212.0
UrrakMarkets,40,NP_HalfMancatcher,Mancatcher,Enemy,2.0,11286.0,-7474.0,1581.0
UrrakMarkets,41,NP_HalfMancatcher,Mancatcher,Enemy,2.0,11262.0,-7869.0,1537.0
UrrakMarkets,42,NP_HalfMancatcher,Mancatcher,Enemy,2.0,5221.0,-14136.0,2420.0
UrrakMarkets,43,NP_HalfMancatcher,Mancatcher,Enemy,2.0,5591.0,-14142.0,2421.0
UrrakMarkets,44,NP_HalfMancatcher,Mancatcher,Enemy,2.0,11908.0,-12916.0,2685.0
UrrakMarkets,45,NP_HalfMancatcher,Mancatcher,Enemy,2.0,11809.0,-12227.0,2634.0
UrrakMarkets,46,NP_HalfMancatcher,Mancatcher,Enemy,2.0,6512.0,-5259.0,198.0
UrrakMarkets,47,NP_HalfMancatcher,Mancatcher,Enemy,2.0,5421.0,3995.0,197.0
UrrakMarkets,48,NP_HalfMancatcher,Mancatcher,Enemy,2.0,6276.0,3975.0,197.0
UrrakMarkets,49,NP_HalfMancatcher,Mancatcher,Enemy,2.0,5252.0,10922.0,2983.0
UrrakMarkets,50,NP_HalfMancatcher,Mancatcher,Enemy,2.0,5657.0,10883.0,2986.0
UrrakMarkets,51,UM_Desecrater,Desecrator,Enemy,3.0,2595.0,8476.0,2260.0
UrrakMarkets,52,UM_Desecrater,Desecrator,Enemy,3.0,-4196.0,2755.0,2003.0
UrrakMarkets,53,UM_Desecrater,Desecrator,Enemy,3.0,13137.0,-1802.0,2137.0
UrrakMarkets,54,UM_Desecrater,Desecrator,Enemy,3.0,13554.0,-2485.0,2137.0
UrrakMarkets,55,UM_Desecrater,Desecrator,Enemy,3.0,18818.0,529.0,2868.0
UrrakMarkets,56,UM_Desecrater,Desecrator,Enemy,3.0,18834.0,-430.0,2868.0
UrrakMarkets,57,UM_GorestainedButcher,Gorestained Butcher,Elite,5.0,12834.0,5768.0,-86.0
UrrakMarkets,58,UM_GorestainedButcher,Gorestained Butcher,Elite,5.0,-4931.0,-2573.0,2085.0
UrrakMarkets,59,UM_GorestainedButcher,Gorestained Butcher,Elite,5.0,2526.0,3485.0,251.0
UrrakMarkets,60,UM_GorestainedButcher,Gorestained Butcher,Elite,5.0,18284.0,2401.0,3009.0
UrrakMarkets,61,UM_GorestainedButcher,Gorestained Butcher,Elite,5.0,18630.0,1648.0,3009.0
UrrakMarkets,62,UM_GorestainedButcher,Gorestained Butcher,Elite,5.0,4619.0,-3729.0,281.0
UrrakMarkets,63,UM_GorestainedButcher,Gorestained Butcher,Elite,5.0,14056.0,5530.0,2160.0
UrrakMarkets,64,UM_HornedSeer,Horned Seer,Enemy,3.0,16733.0,-9350.0,188.0
UrrakMarkets,65,UM_HornedSeer,Horned Seer,Enemy,3.0,15918.0,-9971.0,188.0
UrrakMarkets,66,UM_HornedSeer,Horned Seer,Enemy,3.0,7399.0,-12639.0,1938.0
UrrakMarkets,67,UM_HornedSeer,Horned Seer,Enemy,3.0,5917.0,-5542.0,189.0
UrrakMarkets,68,UM_HornedSeer,Horned Seer,Enemy,3.0,6760.0,-5525.0,189.0
UrrakMarkets,69,UM_HornedSeer,Horned Seer,Enemy,3.0,-1030.0,-5770.0,1858.0
UrrakMarkets,70,UM_HornedSeer,Horned Seer,Enemy,3.0,5822.0,4370.0,189.0
UrrakMarkets,71,UM_HornedSeer,Horned Seer,Enemy,3.0,13661.0,5989.0,2098.0
UrrakMarkets,72,UM_HornedSeer,Horned Seer,Enemy,3.0,14322.0,4909.0,2098.0
UrrakMarkets,73,UM_HornedSeer,Horned Seer,Enemy,3.0,4995.0,5155.0,2248.0
UrrakMarkets,74,UM_HornedSeer,Horned Seer,Enemy,3.0,4473.0,5114.0,2252.0
UrrakMarkets,75,UM_HornedSeer,Horned Seer,Enemy,3.0,5731.0,10297.0,2976.0
UrrakMarkets,76,UM_HornedSeer,Horned Seer,Enemy,3.0,4690.0,10456.0,2983.0
UrrakMarkets,77,UM_Outrunner,Outrunner,Enemy,2.0,7719.0,-12190.0,2144.0
UrrakMarkets,78,UM_Outrunner,Outrunner,Enemy,2.0,1589.0,6602.0,2257.0
UrrakMarkets,79,UM_Outrunner,Outrunner,Enemy,2.0,14479.0,-3.0,2153.0
UrrakMarkets,80,UM_Outrunner,Outrunner,Enemy,2.0,14468.0,294.0,2152.0
UrrakMarkets,81,UM_Outrunner,Outrunner,Enemy,2.0,14164.0,314.0,2149.0
UrrakMarkets,82,UM_Outrunner,Outrunner,Enemy,2.0,13899.0,242.0,2144.0
UrrakMarkets,83,UM_Outrunner,Outrunner,Enemy,2.0,14443.0,-278.0,2152.0
UrrakMarkets,84,UM_Outrunner,Outrunner,Enemy,2.0,13962.0,11.0,2145.0
UrrakMarkets,85,UM_Outrunner,Outrunner,Enemy,2.0,-8843.0,-1382.0,2910.0
UrrakMarkets,86,UM_Outrunner,Outrunner,Enemy,2.0,12177.0,9113.0,2439.0
UrrakMarkets,87,UM_Outrunner,Outrunner,Enemy,2.0,11789.0,8741.0,2438.0
UrrakMarkets,88,UM_Outrunner,Outrunner,Enemy,2.0,12057.0,8346.0,2377.0
UrrakMarkets,89,UM_Outrunner,Outrunner,Enemy,2.0,12440.0,8725.0,2385.0
UrrakMarkets,90,UM_Outrunner,Outrunner,Enemy,2.0,12341.0,8496.0,2373.0
UrrakMarkets,91,UM_Outrunner,Outrunner,Enemy,2.0,-8754.0,-1604.0,2910.0
UrrakMarkets,92,UM_Outrunner,Outrunner,Enemy,2.0,14169.0,2793.0,2137.0
UrrakMarkets,93,UM_Outrunner,Outrunner,Enemy,2.0,13759.0,2034.0,2157.0
UrrakMarkets,94,UM_Outrunner,Outrunner,Enemy,2.0,-1773.0,1830.0,197.0
UrrakMarkets,95,UM_Outrunner,Outrunner,Enemy,2.0,3153.0,3636.0,197.0
UrrakMarkets,96,UM_Outrunner,Outrunner,Enemy,2.0,1907.0,2568.0,197.0
UrrakMarkets,97,UM_Outrunner,Outrunner,Enemy,2.0,-1367.0,2470.0,197.0
UrrakMarkets,98,UM_Outrunner,Outrunner,Enemy,2.0,1881.0,6643.0,2262.0
UrrakMarkets,99,UM_Outrunner,Outrunner,Enemy,2.0,240.0,10440.0,459.0
UrrakMarkets,100,UM_Outrunner,Outrunner,Enemy,2.0,-1178.0,10556.0,459.0
UrrakMarkets,101,UM_Outrunner,Outrunner,Enemy,2.0,-870.0,10608.0,459.0
UrrakMarkets,102,UM_Outrunner,Outrunner,Enemy,2.0,502.0,9376.0,457.0
UrrakMarkets,103,UM_Outrunner,Outrunner,Enemy,2.0,734.0,9773.0,457.0
UrrakMarkets,104,UM_Outrunner,Outrunner,Enemy,2.0,538.0,10502.0,459.0
UrrakMarkets,105,UM_Outrunner,Outrunner,Enemy,2.0,-4477.0,2339.0,2053.0
UrrakMarkets,106,UM_Outrunner,Outrunner,Enemy,2.0,10696.0,-463.0,197.0
UrrakMarkets,107,UM_Outrunner,Outrunner,Enemy,2.0,10750.0,588.0,197.0
UrrakMarkets,108,UM_Outrunner,Outrunner,Enemy,2.0,10818.0,75.0,197.0
UrrakMarkets,109,UM_Outrunner,Outrunner,Enemy,2.0,-3888.0,2481.0,1998.0
UrrakMarkets,110,UM_Outrunner,Outrunner,Enemy,2.0,7488.0,-12252.0,2145.0
UrrakMarkets,111,UM_Outrunner,Outrunner,Enemy,2.0,12100.0,5561.0,-144.0
UrrakMarkets,112,UM_Outrunner,Outrunner,Enemy,2.0,12766.0,4384.0,-134.0
UrrakMarkets,113,UM_Outrunner,Outrunner,Enemy,2.0,5421.0,5423.0,2228.0
UrrakMarkets,114,UM_Outrunner,Outrunner,Enemy,2.0,4092.0,5372.0,2228.0
UrrakMarkets,115,UM_Outrunner,Outrunner,Enemy,2.0,-5222.0,-2019.0,2029.0
UrrakMarkets,116,UM_UrrakSlaver,Urrak Slaver,Enemy,3.0,6592.0,-12813.0,2013.0
UrrakMarkets,117,UM_UrrakSlaver,Urrak Slaver,Enemy,3.0,-340.0,8473.0,462.0
UrrakMarkets,118,UM_UrrakSlaver,Urrak Slaver,Enemy,3.0,652.0,10156.0,459.0
UrrakMarkets,119,UM_UrrakSlaver,Urrak Slaver,Enemy,3.0,588.0,8652.0,462.0
UrrakMarkets,120,UM_UrrakSlaver,Urrak Slaver,Enemy,3.0,13322.0,5072.0,-154.0
UrrakMarkets,121,UM_UrrakSlaver,Urrak Slaver,Enemy,3.0,11506.0,5376.0,-154.0
UrrakMarkets,122,UM_UrrakSlaver,Urrak Slaver,Enemy,3.0,1477.0,476.0,197.0
UrrakMarkets,123,UM_UrrakSlaver,Urrak Slaver,Enemy,3.0,-8559.0,1940.0,2844.0
UrrakMarkets,124,UM_UrrakSlaver,Urrak Slaver,Enemy,3.0,-9428.0,-1962.0,2910.0
UrrakMarkets,125,UM_UrrakSlaver,Urrak Slaver,Enemy,3.0,1970.0,3022.0,197.0
UrrakMarkets,126,UM_UrrakSlaver,Urrak Slaver,Enemy,3.0,1275.0,-11672.0,147.0
UrrakMarkets,127,UM_UrrakSlaver,Urrak Slaver,Enemy,3.0,819.0,-11369.0,147.0
UrrakMarkets,128,UM_UrrakWitch,Urrak Witch,Enemy,4.0,16126.0,-9191.0,188.0
UrrakMarkets,129,UM_UrrakWitch,Urrak Witch,Enemy,4.0,1473.0,-468.0,189.0
UrrakMarkets,130,UM_UrrakWitch,Urrak Witch,Enemy,4.0,6170.0,-5229.0,189.0
UrrakMarkets,131,UM_UrrakWitch,Urrak Witch,Enemy,4.0,3429.0,-8121.0,2175.0
UrrakMarkets,132,UM_UrrakWitch,Urrak Witch,Enemy,4.0,6828.0,-12933.0,2005.0
UrrakMarkets,133,UM_UrrakWitch,Urrak Witch,Enemy,4.0,5573.0,-14367.0,2465.0
VikingVillageAttack,0,VV_BlackburnMystic,Bleakfrost Mystic,Enemy,4.0,-13173.0,-1751.0,2741.0
VikingVillageAttack,1,VV_BlackburnMystic,Bleakfrost Mystic,Enemy,4.0,-10018.0,9150.0,1251.0
VikingVillageAttack,2,VV_BlackburnMystic,Bleakfrost Mystic,Enemy,4.0,-18172.0,-695.0,525.0
VikingVillageAttack,3,VV_BlackburnMystic,Bleakfrost Mystic,Enemy,4.0,13407.0,21271.0,3255.0
VikingVillageAttack,4,VV_BlackburnMystic,Bleakfrost Mystic,Enemy,4.0,10449.0,16724.0,2988.0
VikingVillageAttack,5,VV_BlackburnMystic,Bleakfrost Mystic,Enemy,4.0,-5613.0,11756.0,1935.0
VikingVillageAttack,6,VV_BlackburnMystic,Bleakfrost Mystic,Enemy,4.0,-21271.0,1123.0,213.0
VikingVillageAttack,7,VV_BlackburnMystic,Bleakfrost Mystic,Enemy,4.0,-16361.0,10427.0,-106.0
VikingVillageAttack,8,VV_BlackburnMystic,Bleakfrost Mystic,Enemy,4.0,-19053.0,10127.0,-122.0
VikingVillageAttack,9,VV_BlackburnMystic,Bleakfrost Mystic,Enemy,4.0,9070.0,10151.0,2573.0
VikingVillageAttack,10,VV_BlackburnMystic,Bleakfrost Mystic,Enemy,4.0,9501.0,9509.0,2573.0
VikingVillageAttack,11,VV_BlackburnSlaver,Bleakfrost Slaver,Enemy,3.0,911.0,6941.0,2463.0
VikingVillageAttack,12,VV_BlackburnSlaver,Bleakfrost Slaver,Enemy,3.0,-17170.0,4213.0,-90.0
VikingVillageAttack,13,VV_BlackburnSlaver,Bleakfrost Slaver,Enemy,3.0,-19460.0,1163.0,286.0
VikingVillageAttack,14,VV_BlackburnSlaver,Bleakfrost Slaver,Enemy,3.0,-21401.0,1438.0,245.0
VikingVillageAttack,15,VV_BlackburnSlaver,Bleakfrost Slaver,Enemy,3.0,-21580.0,905.0,245.0
VikingVillageAttack,16,VV_BlackburnSlaver,Bleakfrost Slaver,Enemy,3.0,-9057.0,11946.0,1097.0
VikingVillageAttack,17,VV_BlackburnSlaver,Bleakfrost Slaver,Enemy,3.0,-14877.0,7518.0,-121.0
VikingVillageAttack,18,VV_BlackburnSlaver,Bleakfrost Slaver,Enemy,3.0,-18690.0,10111.0,-90.0
VikingVillageAttack,19,VV_BlackburnSlaver,Bleakfrost Slaver,Enemy,3.0,-17392.0,4466.0,-90.0
VikingVillageAttack,20,VV_BlackburnSlaver,Bleakfrost Slaver,Enemy,3.0,-5649.0,11047.0,1911.0
VikingVillageAttack,21,VV_BlackmistCutthroat,Nightmist Cutthroat,Enemy,3.0,-12691.0,-5608.0,3479.0
VikingVillageAttack,22,VV_BlackmistCutthroat,Nightmist Cutthroat,Enemy,3.0,8451.0,-611.0,2550.0
VikingVillageAttack,23,VV_BlackmistCutthroat,Nightmist Cutthroat,Enemy,3.0,0.0,0.0,96.0
VikingVillageAttack,24,VV_BlackmistCutthroat,Nightmist Cutthroat,Enemy,3.0,0.0,0.0,96.0
VikingVillageAttack,25,VV_BlackmistCutthroat,Nightmist Cutthroat,Enemy,3.0,2732.0,-7688.0,5459.0
VikingVillageAttack,26,VV_BlackmistCutthroat,Nightmist Cutthroat,Enemy,3.0,2703.0,-8411.0,5524.0
VikingVillageAttack,27,VV_BlackmistCutthroat,Nightmist Cutthroat,Enemy,3.0,0.0,0.0,96.0
VikingVillageAttack,28,VV_BlackmistCutthroat,Nightmist Cutthroat,Enemy,3.0,0.0,0.0,96.0
VikingVillageAttack,29,VV_BlackmistCutthroat,Nightmist Cutthroat,Enemy,3.0,-8397.0,-13823.0,5564.0
VikingVillageAttack,30,VV_BlackmistCutthroat,Nightmist Cutthroat,Enemy,3.0,-8190.0,-13606.0,5568.0
VikingVillageAttack,31,VV_BlackmistCutthroat,Nightmist Cutthroat,Enemy,3.0,0.0,0.0,96.0
VikingVillageAttack,32,VV_BlackmistCutthroat,Nightmist Cutthroat,Enemy,3.0,0.0,0.0,96.0
VikingVillageAttack,33,VV_BlackmistCutthroat,Nightmist Cutthroat,Enemy,3.0,0.0,0.0,96.0
VikingVillageAttack,34,VV_BlackmistCutthroat,Nightmist Cutthroat,Enemy,3.0,-6121.0,-7618.0,6483.0
VikingVillageAttack,35,VV_BlackmistCutthroat,Nightmist Cutthroat,Enemy,3.0,-6786.0,-6943.0,6483.0
VikingVillageAttack,36,VV_BlackmistCutthroat,Nightmist Cutthroat,Enemy,3.0,0.0,0.0,96.0
VikingVillageAttack,37,VV_BlackmistCutthroat,Nightmist Cutthroat,Enemy,3.0,0.0,0.0,96.0
VikingVillageAttack,38,VV_BlackmistCutthroat,Nightmist Cutthroat,Enemy,3.0,0.0,0.0,96.0
VikingVillageAttack,39,VV_BlackmistCutthroat,Nightmist Cutthroat,Enemy,3.0,-13192.0,-6075.0,3464.0
VikingVillageAttack,40,VV_BlackmistCutthroat,Nightmist Cutthroat,Enemy,3.0,8997.0,-654.0,2554.0
VikingVillageAttack,41,VV_BlackmistShadow,Shadow of Ulmorgat,Elite,5.0,3147.0,-8620.0,5477.0
VikingVillageAttack,42,VV_BlackmistShadow,Shadow of Ulmorgat,Elite,5.0,-11601.0,-8424.0,4344.0
VikingVillageAttack,43,VV_BlackmistShadow,Shadow of Ulmorgat,Elite,5.0,7482.0,-3742.0,3913.0
VikingVillageAttack,44,VV_BlackmistShadow,Shadow of Ulmorgat,Elite,5.0,-4998.0,-10023.0,6348.0
VikingVillageAttack,45,VV_BlackmistWhisperer,Nightmist Whisperer,Enemy,4.0,12962.0,1633.0,2471.0
VikingVillageAttack,46,VV_BlackmistWhisperer,Nightmist Whisperer,Enemy,4.0,8700.0,-745.0,2624.0
VikingVillageAttack,47,VV_BlackmistWhisperer,Nightmist Whisperer,Enemy,4.0,-5230.0,-10313.0,6343.0
VikingVillageAttack,48,VV_BlackmistWhisperer,Nightmist Whisperer,Enemy,4.0,-8029.0,-13918.0,5658.0
VikingVillageAttack,49,VV_BlackmistWhisperer,Nightmist Whisperer,Enemy,4.0,0.0,0.0,96.0
VikingVillageAttack,50,VV_BlackmistWhisperer,Nightmist Whisperer,Enemy,4.0,-12763.0,-2276.0,2828.0
VikingVillageAttack,51,VV_BlackmistWhisperer,Nightmist Whisperer,Enemy,4.0,-14568.0,-7367.0,2998.0
VikingVillageAttack,52,VV_BlackmistWhisperer,Nightmist Whisperer,Enemy,4.0,2529.0,-8029.0,5464.0
VikingVillageAttack,53,VV_ColdbrineFiend,Coldbrine Fiend,Enemy,3.0,-9951.0,8899.0,1148.0
VikingVillageAttack,54,VV_ColdbrineFiend,Coldbrine Fiend,Enemy,3.0,-19858.0,4790.0,-43.0
VikingVillageAttack,55,VV_ColdbrineFiend,Coldbrine Fiend,Enemy,3.0,-10072.0,9432.0,1148.0
VikingVillageAttack,56,VV_ColdbrineFiend,Coldbrine Fiend,Enemy,3.0,-16295.0,6244.0,-29.0
VikingVillageAttack,57,VV_ColdbrineFiend,Coldbrine Fiend,Enemy,3.0,-18350.0,6924.0,-104.0
VikingVillageAttack,58,VV_ColdbrineFiend,Coldbrine Fiend,Enemy,3.0,-18284.0,-904.0,543.0
VikingVillageAttack,59,VV_ColdbrineFiend,Coldbrine Fiend,Enemy,3.0,-20769.0,11831.0,-15.0
VikingVillageAttack,60,VV_ColdbrineFiend,Coldbrine Fiend,Enemy,3.0,-19675.0,11814.0,-90.0
VikingVillageAttack,61,VV_ColdbrineFiend,Coldbrine Fiend,Enemy,3.0,-21907.0,-1132.0,12.0
VikingVillageAttack,62,VV_ColdbrineFiend,Coldbrine Fiend,Enemy,3.0,-21730.0,-1492.0,49.0
VikingVillageAttack,63,VV_CravenHiisi,Craven Hiisi,Enemy,1.0,-19776.0,4281.0,-105.0
VikingVillageAttack,64,VV_CravenHiisi,Craven Hiisi,Enemy,1.0,-15099.0,7935.0,-104.0
VikingVillageAttack,65,VV_CravenHiisi,Craven Hiisi,Enemy,1.0,17498.0,15486.0,3420.0
VikingVillageAttack,66,VV_CravenHiisi,Craven Hiisi,Enemy,1.0,7396.0,14960.0,2935.0
VikingVillageAttack,67,VV_CravenHiisi,Craven Hiisi,Enemy,1.0,0.0,0.0,96.0
VikingVillageAttack,68,VV_CravenHiisi,Craven Hiisi,Enemy,1.0,16651.0,16249.0,3414.0
VikingVillageAttack,69,VV_CravenHiisi,Craven Hiisi,Enemy,1.0,0.0,0.0,96.0
VikingVillageAttack,70,VV_CravenHiisi,Craven Hiisi,Enemy,1.0,12462.0,992.0,2539.0
VikingVillageAttack,71,VV_CravenHiisi,Craven Hiisi,Enemy,1.0,12201.0,1902.0,2456.0
VikingVillageAttack,72,VV_CravenHiisi,Craven Hiisi,Enemy,1.0,-8116.0,-13707.0,5557.0
VikingVillageAttack,73,VV_CravenHiisi,Craven Hiisi,Enemy,1.0,-8243.0,-13822.0,5574.0
VikingVillageAttack,74,VV_CravenHiisi,Craven Hiisi,Enemy,1.0,12455.0,1859.0,2459.0
VikingVillageAttack,75,VV_CravenHiisi,Craven Hiisi,Enemy,1.0,-19629.0,4596.0,-105.0
VikingVillageAttack,76,VV_CravenHiisi,Craven Hiisi,Enemy,1.0,9320.0,10113.0,2615.0
VikingVillageAttack,77,VV_CravenHiisi,Craven Hiisi,Enemy,1.0,9568.0,9722.0,2615.0
VikingVillageAttack,78,VV_CravenHiisi,Craven Hiisi,Enemy,1.0,13704.0,9839.0,2635.0
VikingVillageAttack,79,VV_CravenHiisi,Craven Hiisi,Enemy,1.0,13539.0,9691.0,2638.0
VikingVillageAttack,80,VV_CravenHiisi,Craven Hiisi,Enemy,1.0,20797.0,10505.0,3026.0
VikingVillageAttack,81,VV_CravenHiisi,Craven Hiisi,Enemy,1.0,20996.0,11211.0,3070.0
VikingVillageAttack,82,VV_CravenHiisi,Craven Hiisi,Enemy,1.0,-16257.0,10116.0,-107.0
VikingVillageAttack,83,VV_CravenHiisi,Craven Hiisi,Enemy,1.0,16203.0,12410.0,2819.0
VikingVillageAttack,84,VV_CravenHiisi,Craven Hiisi,Enemy,1.0,16538.0,12821.0,2900.0
VikingVillageAttack,85,VV_CravenHiisi,Craven Hiisi,Enemy,1.0,15568.0,17855.0,3475.0
VikingVillageAttack,86,VV_CravenHiisi,Craven Hiisi,Enemy,1.0,7350.0,14734.0,2935.0
VikingVillageAttack,87,VV_CravenHiisi,Craven Hiisi,Enemy,1.0,0.0,0.0,96.0
VikingVillageAttack,88,VV_CravenHiisi,Craven Hiisi,Enemy,1.0,0.0,0.0,96.0
VikingVillageAttack,89,VV_CravenHiisi,Craven Hiisi,Enemy,1.0,0.0,0.0,96.0
VikingVillageAttack,90,VV_CravenHiisi,Craven Hiisi,Enemy,1.0,7518.0,3220.0,2331.0
VikingVillageAttack,91,VV_CravenHiisi,Craven Hiisi,Enemy,1.0,7721.0,3033.0,2331.0
VikingVillageAttack,92,VV_CravenHiisi,Craven Hiisi,Enemy,1.0,16811.0,4305.0,3347.0
VikingVillageAttack,93,VV_CravenHiisi,Craven Hiisi,Enemy,1.0,-16059.0,10266.0,-109.0
VikingVillageAttack,94,VV_CravenHiisi,Craven Hiisi,Enemy,1.0,-14295.0,7432.0,-104.0
VikingVillageAttack,95,VV_FrenziedLooter,Frenzied Looter,Enemy,1.0,0.0,0.0,96.0
VikingVillageAttack,96,VV_FrenziedLooter,Frenzied Looter,Enemy,1.0,-16074.0,10452.0,-97.0
VikingVillageAttack,97,VV_FrenziedLooter,Frenzied Looter,Enemy,1.0,-16498.0,10116.0,-107.0
VikingVillageAttack,98,VV_FrenziedLooter,Frenzied Looter,Enemy,1.0,6082.0,12649.0,2282.0
VikingVillageAttack,99,VV_FrenziedLooter,Frenzied Looter,Enemy,1.0,16770.0,16441.0,3393.0
VikingVillageAttack,100,VV_FrenziedLooter,Frenzied Looter,Enemy,1.0,-7956.0,-13763.0,5603.0
VikingVillageAttack,101,VV_FrenziedLooter,Frenzied Looter,Enemy,1.0,-7996.0,-13553.0,5557.0
VikingVillageAttack,102,VV_FrenziedLooter,Frenzied Looter,Enemy,1.0,-8165.0,-13981.0,5574.0
VikingVillageAttack,103,VV_FrenziedLooter,Frenzied Looter,Enemy,1.0,15757.0,17853.0,3475.0
VikingVillageAttack,104,VV_FrenziedLooter,Frenzied Looter,Enemy,1.0,0.0,0.0,96.0
VikingVillageAttack,105,VV_FrenziedLooter,Frenzied Looter,Enemy,1.0,6051.0,13112.0,2282.0
VikingVillageAttack,106,VV_FrenziedLooter,Frenzied Looter,Enemy,1.0,6094.0,12506.0,2282.0
VikingVillageAttack,107,VV_FrenziedLooter,Frenzied Looter,Enemy,1.0,15415.0,7693.0,2602.0
VikingVillageAttack,108,VV_FrenziedLooter,Frenzied Looter,Enemy,1.0,14558.0,7228.0,2606.0
VikingVillageAttack,109,VV_FrenziedLooter,Frenzied Looter,Enemy,1.0,16829.0,4526.0,3277.0
VikingVillageAttack,110,VV_FrenziedLooter,Frenzied Looter,Enemy,1.0,-8893.0,7824.0,1189.0
VikingVillageAttack,111,VV_FrenziedLooter,Frenzied Looter,Enemy,1.0,-8805.0,7958.0,1197.0
VikingVillageAttack,112,VV_FrenziedLooter,Frenzied Looter,Enemy,1.0,-9326.0,7428.0,1185.0
VikingVillageAttack,113,VV_FrenziedLooter,Frenzied Looter,Enemy,1.0,0.0,0.0,96.0
VikingVillageAttack,114,VV_FrenziedLooter,Frenzied Looter,Enemy,1.0,0.0,0.0,96.0
VikingVillageAttack,115,VV_FrenziedLooter,Frenzied Looter,Enemy,1.0,0.0,0.0,96.0
VikingVillageAttack,116,VV_FrenziedLooter,Frenzied Looter,Enemy,1.0,0.0,0.0,96.0
VikingVillageAttack,117,VV_FrenziedLooter,Frenzied Looter,Enemy,1.0,0.0,0.0,96.0
VikingVillageAttack,118,VV_FrenziedLooter,Frenzied Looter,Enemy,1.0,0.0,0.0,96.0
VikingVillageAttack,119,VV_FrenziedLooter,Frenzied Looter,Enemy,1.0,20840.0,10916.0,3045.0
VikingVillageAttack,120,VV_FrenziedLooter,Frenzied Looter,Enemy,1.0,15031.0,17778.0,3374.0
VikingVillageAttack,121,VV_FrenziedLooter,Frenzied Looter,Enemy,1.0,13602.0,21135.0,3186.0
VikingVillageAttack,122,VV_FrenziedLooter,Frenzied Looter,Enemy,1.0,13208.0,21288.0,3186.0
VikingVillageAttack,123,VV_FrenziedLooter,Frenzied Looter,Enemy,1.0,12118.0,12952.0,2745.0
VikingVillageAttack,124,VV_FrenziedLooter,Frenzied Looter,Enemy,1.0,12138.0,12761.0,2745.0
VikingVillageAttack,125,VV_FrenziedLooter,Frenzied Looter,Enemy,1.0,11869.0,12634.0,2735.0
VikingVillageAttack,126,VV_FrenziedLooter,Frenzied Looter,Enemy,1.0,11972.0,12931.0,2735.0
VikingVillageAttack,127,VV_FrenziedLooter,Frenzied Looter,Enemy,1.0,17062.0,4333.0,3284.0
VikingVillageAttack,128,VV_FrenziedLooter,Frenzied Looter,Enemy,1.0,15291.0,10413.0,2501.0
VikingVillageAttack,129,VV_FrenziedLooter,Frenzied Looter,Enemy,1.0,15226.0,10195.0,2501.0
VikingVillageAttack,130,VV_FrenziedLooter,Frenzied Looter,Enemy,1.0,939.0,7265.0,2433.0
VikingVillageAttack,131,VV_FrenziedLooter,Frenzied Looter,Enemy,1.0,7185.0,14893.0,2948.0
VikingVillageAttack,132,VV_IcebitePillager,Raging Pillager,Enemy,2.0,16592.0,16571.0,3342.0
VikingVillageAttack,133,VV_IcebitePillager,Raging Pillager,Enemy,2.0,6452.0,389.0,2554.0
VikingVillageAttack,134,VV_IcebitePillager,Raging Pillager,Enemy,2.0,6452.0,389.0,2554.0
VikingVillageAttack,135,VV_IcebitePillager,Raging Pillager,Enemy,2.0,6284.0,794.0,2550.0
VikingVillageAttack,136,VV_IcebitePillager,Raging Pillager,Enemy,2.0,6817.0,1316.0,2554.0
VikingVillageAttack,137,VV_IcebitePillager,Raging Pillager,Enemy,2.0,5800.0,12844.0,2272.0
VikingVillageAttack,138,VV_IcebitePillager,Raging Pillager,Enemy,2.0,5772.0,12379.0,2234.0
VikingVillageAttack,139,VV_IcebitePillager,Raging Pillager,Enemy,2.0,0.0,0.0,96.0
VikingVillageAttack,140,VV_IcebitePillager,Raging Pillager,Enemy,2.0,-20107.0,12338.0,-31.0
VikingVillageAttack,141,VV_IcebitePillager,Raging Pillager,Enemy,2.0,-19101.0,9796.0,-108.0
VikingVillageAttack,142,VV_IcebitePillager,Raging Pillager,Enemy,2.0,-19012.0,9620.0,-108.0
VikingVillageAttack,143,VV_IcebitePillager,Raging Pillager,Enemy,2.0,-17287.0,8067.0,-104.0
VikingVillageAttack,144,VV_IcebitePillager,Raging Pillager,Enemy,2.0,-16972.0,7904.0,-104.0
VikingVillageAttack,145,VV_IcebitePillager,Raging Pillager,Enemy,2.0,-19233.0,1402.0,229.0
VikingVillageAttack,146,VV_IcebitePillager,Raging Pillager,Enemy,2.0,-9205.0,12288.0,1120.0
VikingVillageAttack,147,VV_IcebitePillager,Raging Pillager,Enemy,2.0,-19787.0,1384.0,261.0
VikingVillageAttack,148,VV_IcebitePillager,Raging Pillager,Enemy,2.0,-7857.0,-10916.0,5606.0
VikingVillageAttack,149,VV_IcebitePillager,Raging Pillager,Enemy,2.0,-7821.0,-9920.0,5609.0
VikingVillageAttack,150,VV_IcebitePillager,Raging Pillager,Enemy,2.0,0.0,0.0,96.0
VikingVillageAttack,151,VV_IcebitePillager,Raging Pillager,Enemy,2.0,0.0,0.0,96.0
VikingVillageAttack,152,VV_IcebitePillager,Raging Pillager,Enemy,2.0,-6817.0,-7299.0,6483.0
VikingVillageAttack,153,VV_IcebitePillager,Raging Pillager,Enemy,2.0,-6459.0,-7641.0,6492.0
VikingVillageAttack,154,VV_IcebitePillager,Raging Pillager,Enemy,2.0,0.0,0.0,96.0
VikingVillageAttack,155,VV_IcebitePillager,Raging Pillager,Enemy,2.0,17835.0,10658.0,2863.0
VikingVillageAttack,156,VV_IcebitePillager,Raging Pillager,Enemy,2.0,18095.0,10979.0,2823.0
VikingVillageAttack,157,VV_IcebitePillager,Raging Pillager,Enemy,2.0,11104.0,14200.0,2976.0
VikingVillageAttack,158,VV_IcebitePillager,Raging Pillager,Enemy,2.0,11070.0,14429.0,2976.0
VikingVillageAttack,159,VV_IcebitePillager,Raging Pillager,Enemy,2.0,11018.0,13987.0,2976.0
VikingVillageAttack,160,VV_IcebitePillager,Raging Pillager,Enemy,2.0,10724.0,13893.0,2976.0
VikingVillageAttack,161,VV_IcebitePillager,Raging Pillager,Enemy,2.0,5629.0,12595.0,2212.0
VikingVillageAttack,162,VV_IcebitePillager,Raging Pillager,Enemy,2.0,0.0,0.0,96.0
VikingVillageAttack,163,VV_IcebitePillager,Raging Pillager,Enemy,2.0,0.0,0.0,96.0
VikingVillageAttack,164,VV_IcebitePillager,Raging Pillager,Enemy,2.0,0.0,0.0,96.0
VikingVillageAttack,165,VV_IcebitePillager,Raging Pillager,Enemy,2.0,-19806.0,12072.0,-7.0
VikingVillageAttack,166,VV_IcebitePillager,Raging Pillager,Enemy,2.0,0.0,0.0,96.0
VikingVillageAttack,167,VV_IcebitePillager,Raging Pillager,Enemy,2.0,0.0,0.0,96.0
VikingVillageAttack,168,VV_IcebitePillager,Raging Pillager,Enemy,2.0,0.0,0.0,96.0
VikingVillageAttack,169,VV_IcebitePillager,Raging Pillager,Enemy,2.0,1225.0,7211.0,2428.0
VikingVillageAttack,170,VV_IcebitePillager,Raging Pillager,Enemy,2.0,649.0,7261.0,2428.0
VikingVillageAttack,171,VV_IcebitePillager,Raging Pillager,Enemy,2.0,-9440.0,12004.0,1113.0
VikingVillageAttack,172,VV_IcebitePillager,Raging Pillager,Enemy,2.0,-17818.0,-607.0,634.0
VikingVillageAttack,173,VV_IcebitePillager,Raging Pillager,Enemy,2.0,-20394.0,12204.0,-18.0
VikingVillageAttack,174,VV_IcebitePillager,Raging Pillager,Enemy,2.0,-18362.0,-1129.0,634.0
VikingVillageAttack,175,VV_IcebitePillager,Raging Pillager,Enemy,2.0,-15157.0,7586.0,-103.0
VikingVillageAttack,176,VV_IcebitePillager,Raging Pillager,Enemy,2.0,-14555.0,7344.0,-103.0
VikingVillageAttack,177,VV_IcebitePillager,Raging Pillager,Enemy,2.0,0.0,0.0,96.0
VikingVillageAttack,178,VV_IcebiteReaver,Icebite Reaver,Elite,5.0,10780.0,16555.0,2988.0
VikingVillageAttack,179,VV_IcebiteReaver,Icebite Reaver,Elite,5.0,-6683.0,-7543.0,6486.0
VikingVillageAttack,180,VV_IcebiteReaver,Icebite Reaver,Elite,5.0,0.0,0.0,96.0
VikingVillageAttack,181,VV_IcebiteReaver,Icebite Reaver,Elite,5.0,0.0,0.0,96.0
VikingVillageAttack,182,VV_IcebiteReaver,Icebite Reaver,Elite,5.0,-20320.0,8136.0,-10.0
VikingVillageAttack,183,VV_IcebiteReaver,Icebite Reaver,Elite,5.0,0.0,0.0,96.0
VikingVillageAttack,184,VV_IcebiteReaver,Icebite Reaver,Elite,5.0,-20467.0,-3167.0,498.0
VikingVillageAttack,185,VV_IcebiteReaver,Icebite Reaver,Elite,5.0,-21840.0,1078.0,245.0
VikingVillageAttack,186,VV_IcebiteReaver,Icebite Reaver,Elite,5.0,-20115.0,7583.0,-29.0
VikingVillageAttack,187,VV_IcebiteReaver,Icebite Reaver,Elite,5.0,-12814.0,-1897.0,2777.0
VikingVillageAttack,188,VV_IcebiteReaver,Icebite Reaver,Elite,5.0,0.0,0.0,96.0
VikingVillageAttack,189,VV_IcebiteReaver,Icebite Reaver,Elite,5.0,-19891.0,4502.0,-106.0
VikingVillageAttack,190,VV_SootstainedArsonist,Ashen Arsonist,Enemy,3.0,17328.0,15627.0,3295.0
VikingVillageAttack,191,VV_SootstainedArsonist,Ashen Arsonist,Enemy,3.0,21267.0,11090.0,2990.0
VikingVillageAttack,192,VV_SootstainedArsonist,Ashen Arsonist,Enemy,3.0,21035.0,10561.0,2990.0
VikingVillageAttack,193,VV_SootstainedArsonist,Ashen Arsonist,Enemy,3.0,19326.0,6551.0,2970.0
VikingVillageAttack,194,VV_SootstainedArsonist,Ashen Arsonist,Enemy,3.0,19251.0,6805.0,2970.0
VikingVillageAttack,195,VV_SootstainedArsonist,Ashen Arsonist,Enemy,3.0,13920.0,9844.0,2636.0
VikingVillageAttack,196,VV_SootstainedArsonist,Ashen Arsonist,Enemy,3.0,13489.0,9509.0,2651.0
VikingVillageAttack,197,VV_SootstainedArsonist,Ashen Arsonist,Enemy,3.0,-9265.0,7046.0,1192.0
VikingVillageAttack,198,VV_SootstainedArsonist,Ashen Arsonist,Enemy,3.0,-8889.0,7225.0,1192.0
VikingVillageAttack,199,VV_SootstainedArsonist,Ashen Arsonist,Enemy,3.0,6317.0,1182.0,2532.0
VikingVillageAttack,200,VV_SootstainedArsonist,Ashen Arsonist,Enemy,3.0,-20407.0,-2715.0,553.0
VikingVillageAttack,201,VV_SootstainedArsonist,Ashen Arsonist,Enemy,3.0,-14885.0,-7330.0,2980.0
VikingVillageAttack,202,VV_SootstainedArsonist,Ashen Arsonist,Enemy,3.0,0.0,0.0,96.0
VikingVillageAttack,203,VV_SootstainedArsonist,Ashen Arsonist,Enemy,3.0,-10246.0,-12748.0,5583.0
VikingVillageAttack,204,VV_SootstainedArsonist,Ashen Arsonist,Enemy,3.0,19105.0,13192.0,2906.0
VikingVillageAttack,205,VV_SootstainedArsonist,Ashen Arsonist,Enemy,3.0,19522.0,13288.0,2915.0
VikingVillageAttack,206,VV_SootstainedArsonist,Ashen Arsonist,Enemy,3.0,-20145.0,-2816.0,595.0
VikingVillageAttack,207,VV_SootstainedArsonist,Ashen Arsonist,Enemy,3.0,-2869.0,10173.0,2011.0
VikingVillageAttack,208,VV_SootstainedArsonist,Ashen Arsonist,Enemy,3.0,-3101.0,10285.0,2011.0
VikingVillageAttack,209,VV_SootstainedArsonist,Ashen Arsonist,Enemy,3.0,16286.0,12263.0,2818.0
VikingVillageAttack,210,VV_SootstainedArsonist,Ashen Arsonist,Enemy,3.0,-10246.0,-12516.0,5583.0
VikingVillageAttack,211,VV_SootstainedArsonist,Ashen Arsonist,Enemy,3.0,7520.0,3025.0,2403.0
VikingVillageAttack,212,VV_SootstainedArsonist,Ashen Arsonist,Enemy,3.0,16745.0,12815.0,2892.0
