name,definitions_ordinal,calculation_modifiers_ordinal,ordinal,aggregator_kind,captured_attribute,captured_source_or_target,captured_snapshot,transient_identifier,operation,magnitude_kind,magnitude_backing_attribute,magnitude_backing_source_or_target,magnitude_backing_snapshot,magnitude_attribute_curve_table,magnitude_attribute_curve_row,magnitude_attribute_calculation_type,magnitude_final_channel,magnitude_calculation_class,magnitude_final_lookup_curve_table,magnitude_final_lookup_curve_row,magnitude_data_name,magnitude_data_tag,evaluation_channel,source_query_token_stream_version,source_query_token_stream,source_query_user_description,source_query_auto_description,target_query_token_stream_version,target_query_token_stream,target_query_user_description,target_query_auto_description
CRAgilityDamageCalculation,0,0,0,captured_attribute,Agility,Source,true,,Multiplicitive,scalable_float,,,,,,,,,,,,,Channel0,0,,,,0,,,
CRAgilityDamageCalculation,0,1,1,captured_attribute,DamageScale,Source,true,,MultiplyCompound,set_by_caller,,,,,,,,,,,,SetByCaller.DamageScale,Channel0,0,,,,0,,,
CRAgilityDamageCalculation,0,2,2,captured_attribute,DamageScale,Source,true,,MultiplyCompound,set_by_caller,,,,,,,,,,,,SetByCaller.DamageScale2,Channel0,0,,,,0,,,
CRAgilityDamageCalculation,0,3,3,captured_attribute,DamageScale,Source,true,,MultiplyCompound,custom_calculation,,,,,,,,GMMC_Bowguy_Talent_ChanneledMultiProjectileDebuff_IncomingDamage_Scale,,,,,Channel0,0,,,,0,,,
CRAgilityDamageCalculation,1,0,0,captured_attribute,Agility,Source,true,,Multiplicitive,scalable_float,,,,,,,,,,,,,Channel0,0,,,,0,,,
CRAgilityDamageCalculation,1,1,1,captured_attribute,DamageScale,Source,true,,MultiplyCompound,set_by_caller,,,,,,,,,,,,SetByCaller.DamageScale,Channel0,0,,,,0,,,
CRAgilityDamageCalculation,1,2,2,captured_attribute,DamageScale,Source,true,,MultiplyCompound,set_by_caller,,,,,,,,,,,,SetByCaller.DamageScale2,Channel0,0,,,,0,,,
CRAgilityDamageCalculation,1,3,3,captured_attribute,DamageScale,Source,true,,MultiplyCompound,custom_calculation,,,,,,,,GMMC_Bowguy_Talent_ChanneledMultiProjectileDebuff_IncomingDamage_Scale,,,,,Channel0,0,,,,0,,,
CRAgilityDamageCalculation,1,4,4,captured_attribute,DamageScale,Source,true,,MultiplyCompound,scalable_float,,,,,,,,,,,,,Channel0,0,,,,0,,,
CRAgilityDamageCalculation,1,5,5,captured_attribute,DamageScale,Source,true,,MultiplyCompound,scalable_float,,,,,,,,,,,,,Channel0,0,,,,0,,,
CRAgilityDamageCalculation,2,0,0,captured_attribute,Agility,Source,true,,Multiplicitive,scalable_float,,,,,,,,,,,,,Channel0,0,,,,0,,,
CRAgilityDamageCalculation,2,1,1,captured_attribute,DamageScale,Source,true,,Multiplicitive,set_by_caller,,,,,,,,,,,,SetByCaller.DamageScale,Channel0,0,,,,0,,,
CRAgilityDamageCalculation,3,0,0,captured_attribute,Agility,Source,true,,Multiplicitive,scalable_float,,,,,,,,,,,,,Channel0,0,,,,0,,,
CRAgilityDamageCalculation,3,1,1,captured_attribute,DamageScale,Source,true,,MultiplyCompound,scalable_float,,,,,,,,,,,,,Channel0,0,,,,0,,,
CRAgilityDamageCalculation,4,0,0,captured_attribute,Agility,Source,true,,Multiplicitive,scalable_float,,,,,,,,,,,,,Channel0,0,,,,0,,,
CRAgilityDamageCalculation,4,1,1,captured_attribute,DamageScale,Source,true,,MultiplyCompound,set_by_caller,,,,,,,,,,,,SetByCaller.DamageScale,Channel0,0,,,,0,,,
CRAgilityDamageCalculation,4,2,2,captured_attribute,DamageScale,Source,true,,Multiplicitive,scalable_float,,,,,,,,,,,,,Channel0,0,,,,0,,,
CRAgilityDamageCalculation,4,3,3,captured_attribute,DamageScale,Source,true,,MultiplyCompound,set_by_caller,,,,,,,,,,,,SetByCaller.Talent.DamageScale,Channel0,0,,,,0,,,
CRAgilityDamageCalculation,4,4,4,captured_attribute,CritChance,Source,true,,Additive,set_by_caller,,,,,,,,,,,,SetByCaller.CritChance,Channel0,0,,,,0,,,
CRAgilityDamageCalculation,5,0,0,captured_attribute,Agility,Source,true,,Multiplicitive,scalable_float,,,,,,,,,,,,,Channel0,0,,,,0,,,
CRAgilityDamageCalculation,5,1,1,captured_attribute,DamageScale,Source,true,,MultiplyCompound,set_by_caller,,,,,,,,,,,,SetByCaller.DamageScale,Channel0,0,,,,0,,,
CRAgilityDamageCalculation,5,2,2,captured_attribute,DamageScale,Source,true,,MultiplyCompound,set_by_caller,,,,,,,,,,,,SetByCaller.DamageScale3,Channel0,0,,,,0,,,
CRAgilityDamageCalculation,5,3,3,captured_attribute,CritChance,Source,true,,Additive,scalable_float,,,,,,,,,,,,,Channel0,0,,,,0,,,
CRAgilityDamageCalculation,6,0,0,captured_attribute,Agility,Source,true,,Multiplicitive,scalable_float,,,,,,,,,,,,,Channel0,0,,,,0,,,
CRAgilityDamageCalculation,6,1,1,captured_attribute,DamageScale,Source,true,,MultiplyCompound,set_by_caller,,,,,,,,,,,,SetByCaller.DamageScaleTargetCount,Channel0,0,,,,0,,,
CRAgilityDamageCalculation,6,2,2,captured_attribute,DamageScale,Source,true,,MultiplyCompound,scalable_float,,,,,,,,,,,,,Channel0,0,,,,0,,,
CRAgilityDamageCalculation,6,3,3,captured_attribute,CritChance,Source,true,,Additive,set_by_caller,,,,,,,,,,,,SetByCaller.CritChance,Channel0,0,,,,0,,,
CRAgilityDamageCalculation,7,0,0,captured_attribute,Agility,Source,true,,Multiplicitive,scalable_float,,,,,,,,,,,,,Channel0,0,,,,0,,,
CRAgilityDamageCalculation,7,1,1,captured_attribute,DamageScale,Source,true,,Multiplicitive,scalable_float,,,,,,,,,,,,,Channel0,0,,,,0,,,
CRAgilityDamageCalculation,7,2,2,captured_attribute,CritChance,Source,true,,Additive,set_by_caller,,,,,,,,,,,,SetByCaller.CritChance,Channel0,0,,,,0,,,
CRAgilityDamageCalculation,8,0,0,captured_attribute,Agility,Source,true,,Multiplicitive,scalable_float,,,,,,,,,,,,,Channel0,0,,,,0,,,
CRAgilityDamageCalculation,9,0,0,captured_attribute,Agility,Source,true,,Multiplicitive,scalable_float,,,,,,,,,,,,,Channel0,0,,,,0,,,
CRAgilityDamageCalculation,9,1,1,captured_attribute,DamageScale,Source,true,,MultiplyCompound,scalable_float,,,,,,,,,,,,,Channel0,0,,,,0,,,
CRAgilityDamageCalculation,9,2,2,captured_attribute,CritChance,Source,true,,Additive,scalable_float,,,,,,,,,,,,,Channel0,0,,,,0,,,
CRAgilityDamageCalculation,9,3,3,captured_attribute,DamageScale,Source,true,,MultiplyCompound,custom_calculation,,,,,,,,GMMC_Bowguy_Talent_ChanneledMultiProjectileDebuff_IncomingDamage_Scale,,,,,Channel0,0,,,,0,,,
CRAgilityDamageCalculation,9,4,4,captured_attribute,DamageScale,Source,true,,MultiplyCompound,scalable_float,,,,,,,,,,,,,Channel0,0,,,,0,,,
CRAgilityDamageCalculation,10,0,0,captured_attribute,Agility,Source,true,,Multiplicitive,scalable_float,,,,,,,,,,,,,Channel0,0,,,,0,,,
CRAgilityDamageCalculation,10,1,1,captured_attribute,DamageScale,Source,true,,Multiplicitive,set_by_caller,,,,,,,,,,,,SetByCaller.DamageScale,Channel0,0,,,,0,,,
CRAgilityDamageCalculation,10,2,2,captured_attribute,DamageScale,Source,true,,MultiplyCompound,scalable_float,,,,,,,,,,,,,Channel0,0,,,,0,,,
CRAgilityDamageCalculation,10,3,3,captured_attribute,DamageScale,Source,true,,MultiplyCompound,scalable_float,,,,,,,,,,,,,Channel0,0,,,,0,,,
CRAgilityDamageCalculation,11,0,0,captured_attribute,Agility,Source,true,,Multiplicitive,scalable_float,,,,,,,,,,,,,Channel0,0,,,,0,,,
CRAgilityDamageCalculation,12,0,0,captured_attribute,Agility,Source,true,,Multiplicitive,scalable_float,,,,,,,,,,,,,Channel0,0,,,,0,,,
CRAgilityDamageCalculation,13,0,0,captured_attribute,Agility,Source,true,,Multiplicitive,scalable_float,,,,,,,,,,,,,Channel0,0,,,,0,,,
CRAgilityDamageCalculation,13,1,1,captured_attribute,DamageScale,Source,true,,MultiplyCompound,set_by_caller,,,,,,,,,,,,SetByCaller.DamageScale,Channel0,0,,,,0,,,
CRAgilityDamageCalculation,14,0,0,captured_attribute,Agility,Source,true,,Multiplicitive,scalable_float,,,,,,,,,,,,,Channel0,0,,,,0,,,
CRAgilityDamageCalculation,14,1,1,captured_attribute,DamageScale,Source,true,,MultiplyCompound,attribute_based,Haste,Source,false,,,AttributeMagnitude,Channel0,,,,,,Channel0,0,,,,0,,,
CRAgilityDamageCalculation,15,0,0,captured_attribute,Agility,Source,true,,Multiplicitive,scalable_float,,,,,,,,,,,,,Channel0,0,,,,0,,,
CRAgilityDamageCalculation,15,1,1,captured_attribute,DamageScale,Source,true,,MultiplyCompound,set_by_caller,,,,,,,,,,,,SetByCaller.DamageScale,Channel0,0,,,,0,,,
CRAgilityDamageCalculation,15,2,2,captured_attribute,DamageScale,Source,true,,MultiplyCompound,attribute_based,Haste,Source,false,,,AttributeMagnitude,Channel0,,,,,,Channel0,0,,,,0,,,
CRAgilityDamageCalculation,16,0,0,captured_attribute,Agility,Source,true,,Multiplicitive,scalable_float,,,,,,,,,,,,,Channel0,0,,,,0,,,
CRAgilityDamageCalculation,16,1,1,captured_attribute,DamageScale,Source,true,,MultiplyCompound,set_by_caller,,,,,,,,,,,,SetByCaller.DamageScaleTargetCount,Channel0,0,,,,0,,,
CRAgilityDamageCalculation,16,2,2,captured_attribute,DamageScale,Source,true,,Multiplicitive,set_by_caller,,,,,,,,,,,,SetByCaller.DamageScale2,Channel0,0,,,,0,,,
CRAgilityDamageCalculation,16,3,3,captured_attribute,DamageScale,Source,true,,MultiplyCompound,scalable_float,,,,,,,,,,,,,Channel0,0,,,,0,,,
CRAgilityDamageCalculation,16,4,4,captured_attribute,CritChance,Source,true,,Additive,scalable_float,,,,,,,,,,,,,Channel0,0,,,,0,,,
CRAgilityDamageCalculation,16,5,5,captured_attribute,DamageScale,Source,true,,MultiplyCompound,custom_calculation,,,,,,,,GMMC_Mara_Talent_AoeAttackSpender_IncreasedDamageWhenBleed_DamageCalculation,,,,,Channel0,0,,,,0,,,
CRAgilityDamageCalculation,16,6,6,captured_attribute,DamageScale,Source,true,,MultiplyCompound,scalable_float,,,,,,,,,,,,,Channel0,0,,,,0,,,
CRAgilityDamageCalculation,16,7,7,captured_attribute,DamageScale,Source,true,,MultiplyCompound,scalable_float,,,,,,,,,,,,,Channel0,0,,,,0,,,
CRAgilityDamageCalculation,17,0,0,captured_attribute,Agility,Source,true,,Multiplicitive,scalable_float,,,,,,,,,,,,,Channel0,0,,,,0,,,
CRAgilityDamageCalculation,18,0,0,captured_attribute,Agility,Source,true,,Multiplicitive,scalable_float,,,,,,,,,,,,,Channel0,0,,,,0,,,
CRAgilityDamageCalculation,19,0,0,captured_attribute,Agility,Source,true,,Multiplicitive,scalable_float,,,,,,,,,,,,,Channel0,0,,,,0,,,
CRAgilityDamageCalculation,19,1,1,captured_attribute,DamageScale,Source,true,,MultiplyCompound,set_by_caller,,,,,,,,,,,,SetByCaller.DamageScale2,Channel0,0,,,,0,,,
CRAgilityDamageCalculation,19,2,2,captured_attribute,CritChance,Source,true,,Additive,scalable_float,,,,,,,,,,,,,Channel0,0,,,,0,,,
CRAgilityDamageCalculation,19,3,3,captured_attribute,DamageScale,Source,true,,MultiplyCompound,set_by_caller,,,,,,,,,,,,SetByCaller.Talent.DamageScale,Channel0,0,,,,0,,,
CRAgilityDamageCalculation,19,4,4,captured_attribute,DamageScale,Source,true,,MultiplyCompound,attribute_based,Haste,Source,false,,,AttributeMagnitude,Channel0,,,,,,Channel0,0,,,,0,,,
CRAgilityDamageCalculation,19,5,5,captured_attribute,DamageScale,Source,true,,MultiplyCompound,scalable_float,,,,,,,,,,,,,Channel0,0,,,,0,,,
CRAgilityDamageCalculation,20,0,0,captured_attribute,Agility,Source,true,,Multiplicitive,scalable_float,,,,,,,,,,,,,Channel0,0,,,,0,,,
CRAgilityDamageCalculation,20,1,1,captured_attribute,DamageScale,Source,true,,MultiplyCompound,set_by_caller,,,,,,,,,,,,SetByCaller.DamageScale,Channel0,0,,,,0,,,
CRAgilityDamageCalculation,20,2,2,captured_attribute,DamageScale,Source,true,,MultiplyCompound,set_by_caller,,,,,,,,,,,,SetByCaller.DamageScale2,Channel0,0,,,,0,,,
CRAgilityDamageCalculation,20,3,3,captured_attribute,Agility,Source,true,,AddFinal,set_by_caller,,,,,,,,,,,,SetByCaller.Talent.Damage,Channel0,0,,,,0,,,
CRAgilityDamageCalculation,21,0,0,captured_attribute,Agility,Source,true,,Multiplicitive,scalable_float,,,,,,,,,,,,,Channel0,0,,,,0,,,
CRAgilityDamageCalculation,21,1,1,transient,,,,SetByCallerTags.Spread,Override,scalable_float,,,,,,,,,,,,,Channel0,0,,,,0,,,
CRAgilityDamageCalculation,21,2,2,captured_attribute,CritChance,Source,true,,Additive,scalable_float,,,,,,,,,,,,,Channel0,0,,,,0,,,
CRAgilityDamageCalculation,22,0,0,captured_attribute,Agility,Source,true,,Multiplicitive,scalable_float,,,,,,,,,,,,,Channel0,0,,,,0,,,
CRAgilityDamageCalculation,22,1,1,transient,,,,SetByCallerTags.Spread,Override,scalable_float,,,,,,,,,,,,,Channel0,0,,,,0,,,
CRAgilityDamageCalculation,22,2,2,captured_attribute,CritChance,Source,true,,Additive,scalable_float,,,,,,,,,,,,,Channel0,0,,,,0,,,
CRAgilityDamageCalculation,23,0,0,captured_attribute,Agility,Source,true,,Multiplicitive,scalable_float,,,,,,,,,,,,,Channel0,0,,,,0,,,
CRAgilityDamageCalculation,23,1,1,captured_attribute,DamageScale,Source,true,,MultiplyCompound,attribute_based,Haste,Source,false,,,AttributeMagnitude,Channel0,,,,,,Channel0,0,,,,0,,,
CRAgilityDamageCalculation,24,0,0,captured_attribute,Agility,Source,true,,Multiplicitive,scalable_float,,,,,,,,,,,,,Channel0,0,,,,0,,,
CRAgilityDamageCalculation,24,1,1,captured_attribute,DamageScale,Source,true,,MultiplyCompound,set_by_caller,,,,,,,,,,,,SetByCaller.DamageScale,Channel0,0,,,,0,,,
CRAgilityDamageCalculation,24,2,2,captured_attribute,DamageScale,Source,true,,MultiplyCompound,set_by_caller,,,,,,,,,,,,SetByCaller.DamageScale2,Channel0,0,,,,0,,,
CRAgilityDamageCalculation,24,3,3,captured_attribute,DamageScale,Source,true,,MultiplyCompound,scalable_float,,,,,,,,,,,,,Channel0,0,,,,0,,,
CRAgilityDamageCalculation,24,4,4,captured_attribute,CritChance,Source,true,,Additive,scalable_float,,,,,,,,,,,,,Channel0,0,,,,0,,,
CRAgilityDamageCalculation,24,5,5,captured_attribute,DamageScale,Source,true,,MultiplyCompound,set_by_caller,,,,,,,,,,,,SetByCaller.DamageScale3,Channel0,0,,,,0,,,
CRAgilityDamageCalculation,24,6,6,captured_attribute,DamageScale,Source,true,,Multiplicitive,set_by_caller,,,,,,,,,,,,SetByCaller.DamageScale4,Channel0,0,,,,0,,,
CRAgilityDamageCalculation,24,7,7,captured_attribute,DamageScale,Source,true,,MultiplyCompound,scalable_float,,,,,,,,,,,,,Channel0,0,,,,0,,,
CRAgilityDamageCalculation,24,8,8,captured_attribute,DamageScale,Source,true,,MultiplyCompound,scalable_float,,,,,,,,,,,,,Channel0,0,,,,0,,,
CRAgilityDamageCalculation,25,0,0,captured_attribute,Agility,Source,true,,Multiplicitive,scalable_float,,,,,,,,,,,,,Channel0,0,,,,0,,,
CRAgilityDamageCalculation,25,1,1,captured_attribute,DamageScale,Source,true,,MultiplyCompound,scalable_float,,,,,,,,,,,,,Channel0,0,,,,0,,,
CRAgilityDamageCalculation,25,2,2,captured_attribute,DamageScale,Source,true,,Multiplicitive,set_by_caller,,,,,,,,,,,,SetByCaller.DamageScale,Channel0,0,,,,0,,,
CRAgilityDamageCalculation,26,0,0,captured_attribute,Agility,Source,true,,Multiplicitive,scalable_float,,,,,,,,,,,,,Channel0,0,,,,0,,,
CRAgilityDamageCalculation,26,1,1,captured_attribute,DamageScale,Source,true,,MultiplyCompound,scalable_float,,,,,,,,,,,,,Channel0,0,,,,0,,,
CRAgilityDamageCalculation,27,0,0,captured_attribute,Agility,Source,true,,Multiplicitive,scalable_float,,,,,,,,,,,,,Channel0,0,,,,0,,,
CRAgilityDamageCalculation,27,1,1,captured_attribute,CritChance,Source,true,,Additive,scalable_float,,,,,,,,,,,,,Channel0,0,,,,0,,,
CRAgilityDamageCalculation,27,2,2,captured_attribute,DamageScale,Source,true,,MultiplyCompound,attribute_based,Haste,Source,false,,,AttributeMagnitude,Channel0,,,,,,Channel0,0,,,,0,,,
CRAgilityDamageCalculation,28,0,0,captured_attribute,Agility,Source,true,,Multiplicitive,scalable_float,,,,,,,,,,,,,Channel0,0,,,,0,,,
CRAgilityDamageCalculation,29,0,0,captured_attribute,Agility,Source,true,,Multiplicitive,scalable_float,,,,,,,,,,,,,Channel0,0,,,,0,,,
CRAgilityDamageCalculation,29,1,1,captured_attribute,DamageScale,Source,true,,MultiplyCompound,set_by_caller,,,,,,,,,,,,SetByCaller.DamageScaleTargetCount,Channel0,0,,,,0,,,
CRAgilityDamageCalculation,29,2,2,captured_attribute,DamageScale,Source,true,,MultiplyCompound,set_by_caller,,,,,,,,,,,,SetByCaller.DamageScale,Channel0,0,,,,0,,,
CRAgilityDamageCalculation,29,3,3,captured_attribute,DamageScale,Source,true,,MultiplyCompound,attribute_based,Haste,Source,false,,,AttributeMagnitude,Channel0,,,,,,Channel0,0,,,,0,,,
CRAgilityDamageCalculation,30,0,0,captured_attribute,Agility,Source,true,,Multiplicitive,scalable_float,,,,,,,,,,,,,Channel0,0,,,,0,,,
CRAgilityDamageCalculation,30,1,1,captured_attribute,DamageScale,Source,true,,MultiplyCompound,attribute_based,Haste,Source,false,,,AttributeMagnitude,Channel0,,,,,,Channel0,0,,,,0,,,
CRAgilityDamageCalculation,31,0,0,captured_attribute,Agility,Source,true,,Multiplicitive,scalable_float,,,,,,,,,,,,,Channel0,0,,,,0,,,
CRAgilityDamageCalculation,31,1,1,captured_attribute,DamageScale,Source,true,,Multiplicitive,set_by_caller,,,,,,,,,,,,SetByCaller.DamageScale,Channel0,0,,,,0,,,
CRAgilityDamageCalculation,31,2,2,captured_attribute,DamageScale,Source,true,,Multiplicitive,scalable_float,,,,,,,,,,,,,Channel0,0,,,,0,,,
CRAgilityDamageCalculation,31,3,3,captured_attribute,DamageScale,Source,true,,Multiplicitive,custom_calculation,,,,,,,,GMMC_Meiko_Talent_ChanneledHeavyDamage_IncreasedDamageHealthThreshold,,,,,Channel0,0,,,,0,,,
CRAgilityDamageCalculation,31,4,4,captured_attribute,CritChance,Source,true,,Additive,set_by_caller,,,,,,,,,,,,SetByCaller.CritChance,Channel0,0,,,,0,,,
CRAgilityDamageCalculation,31,5,5,captured_attribute,DamageScale,Source,true,,Multiplicitive,scalable_float,,,,,,,,,,,,,Channel0,0,,,,0,,,
CRAgilityDamageCalculation,31,6,6,captured_attribute,DamageScale,Source,true,,MultiplyCompound,scalable_float,,,,,,,,,,,,,Channel0,0,,,,0,,,
CRAgilityDamageCalculation,31,7,7,captured_attribute,CritChance,Source,true,,MultiplyCompound,scalable_float,,,,,,,,,,,,,Channel0,0,,,,0,,,
CRAgilityDamageCalculation,32,0,0,captured_attribute,Agility,Source,true,,Multiplicitive,scalable_float,,,,,,,,,,,,,Channel0,0,,,,0,,,
CRAgilityDamageCalculation,32,1,1,captured_attribute,DamageScale,Source,true,,Multiplicitive,set_by_caller,,,,,,,,,,,,SetByCaller.DamageScale,Channel0,0,,,,0,,,
CRAgilityDamageCalculation,32,2,2,captured_attribute,DamageScale,Source,true,,Multiplicitive,scalable_float,,,,,,,,,,,,,Channel0,0,,,,0,,,
CRAgilityDamageCalculation,32,3,3,captured_attribute,DamageScale,Source,true,,Multiplicitive,custom_calculation,,,,,,,,GMMC_Meiko_Talent_ChanneledHeavyDamage_IncreasedDamageHealthThreshold,,,,,Channel0,0,,,,0,,,
CRAgilityDamageCalculation,32,4,4,captured_attribute,CritChance,Source,true,,Additive,set_by_caller,,,,,,,,,,,,SetByCaller.CritChance,Channel0,0,,,,0,,,
CRAgilityDamageCalculation,32,5,5,captured_attribute,DamageScale,Source,true,,Multiplicitive,scalable_float,,,,,,,,,,,,,Channel0,0,,,,0,,,
CRAgilityDamageCalculation,32,6,6,captured_attribute,DamageScale,Source,true,,MultiplyCompound,scalable_float,,,,,,,,,,,,,Channel0,0,,,,0,,,
CRAgilityDamageCalculation,32,7,7,captured_attribute,DamageScale,Source,true,,MultiplyCompound,scalable_float,,,,,,,,,,,,,Channel0,0,,,,0,,,
CRAgilityDamageCalculation,32,8,8,captured_attribute,DamageScale,Source,true,,MultiplyCompound,set_by_caller,,,,,,,,,,,,SetByCaller.DamageScaleTargetCount,Channel0,0,,,,0,,,
CRAgilityDamageCalculation,33,0,0,captured_attribute,Agility,Source,true,,Multiplicitive,scalable_float,,,,,,,,,,,,,Channel0,0,,,,0,,,
CRAgilityDamageCalculation,33,1,1,transient,,,,SetByCallerTags.Spread,Override,scalable_float,,,,,,,,,,,,,Channel0,0,,,,0,,,
CRAgilityDamageCalculation,33,2,2,captured_attribute,DamageScale,Source,true,,MultiplyCompound,set_by_caller,,,,,,,,,,,,SetByCaller.DamageScale2,Channel0,0,,,,0,,,
CRAgilityDamageCalculation,33,3,3,captured_attribute,DamageScale,Source,true,,MultiplyCompound,scalable_float,,,,,,,,,,,,,Channel0,0,,,,0,,,
CRAgilityDamageCalculation,33,4,4,captured_attribute,DamageScale,Source,true,,MultiplyCompound,scalable_float,,,,,,,,,,,,,Channel0,0,,,,0,,,
CRAgilityDamageCalculation,33,5,5,captured_attribute,DamageScale,Source,true,,MultiplyCompound,scalable_float,,,,,,,,,,,,,Channel0,0,,,,0,,,
CRAgilityDamageCalculation,34,0,0,captured_attribute,Agility,Source,true,,Multiplicitive,scalable_float,,,,,,,,,,,,,Channel0,0,,,,0,,,
CRAgilityDamageCalculation,34,1,1,transient,,,,SetByCallerTags.Spread,Override,scalable_float,,,,,,,,,,,,,Channel0,0,,,,0,,,
CRAgilityDamageCalculation,34,2,2,captured_attribute,DamageScale,Source,true,,Multiplicitive,scalable_float,,,,,,,,,,,,,Channel0,0,,,,0,,,
CRAgilityDamageCalculation,34,3,3,captured_attribute,DamageScale,Source,true,,MultiplyCompound,scalable_float,,,,,,,,,,,,,Channel0,0,,,,0,,,
CRAgilityDamageCalculation,34,4,4,captured_attribute,DamageScale,Source,true,,MultiplyCompound,scalable_float,,,,,,,,,,,,,Channel0,0,,,,0,,,
CRAgilityDamageCalculation,34,5,5,captured_attribute,DamageScale,Source,true,,MultiplyCompound,set_by_caller,,,,,,,,,,,,SetByCaller.DamageScale,Channel0,0,,,,0,,,
CRAgilityDamageCalculation,34,6,6,captured_attribute,DamageScale,Source,true,,MultiplyCompound,set_by_caller,,,,,,,,,,,,SetByCaller.DamageScale2,Channel0,0,,,,0,,,
CRAgilityDamageCalculation,34,7,7,captured_attribute,DamageScale,Source,true,,MultiplyCompound,scalable_float,,,,,,,,,,,,,Channel0,0,,,,0,,,
CRAgilityDamageCalculation,35,0,0,captured_attribute,Agility,Source,true,,Multiplicitive,scalable_float,,,,,,,,,,,,,Channel0,0,,,,0,,,
CRAgilityDamageCalculation,35,1,1,captured_attribute,DamageScale,Source,true,,Multiplicitive,scalable_float,,,,,,,,,,,,,Channel0,0,,,,0,,,
CRAgilityDamageCalculation,35,2,2,captured_attribute,DamageScale,Source,true,,Multiplicitive,scalable_float,,,,,,,,,,,,,Channel0,0,,,,0,,,
CRAgilityDamageCalculation,35,3,3,captured_attribute,DamageScale,Source,true,,MultiplyCompound,scalable_float,,,,,,,,,,,,,Channel0,0,,,,0,,,
CRAgilityDamageCalculation,36,0,0,captured_attribute,Agility,Source,true,,Multiplicitive,scalable_float,,,,,,,,,,,,,Channel0,0,,,,0,,,
CRAgilityDamageCalculation,36,1,1,transient,,,,SetByCallerTags.Spread,Override,scalable_float,,,,,,,,,,,,,Channel0,0,,,,0,,,
CRAgilityDamageCalculation,36,2,2,captured_attribute,DamageScale,Source,true,,Multiplicitive,scalable_float,,,,,,,,,,,,,Channel0,0,,,,0,,,
CRAgilityDamageCalculation,36,3,3,captured_attribute,DamageScale,Source,true,,MultiplyCompound,scalable_float,,,,,,,,,,,,,Channel0,0,,,,0,,,
CRAgilityDamageCalculation,37,0,0,captured_attribute,Agility,Source,true,,Multiplicitive,scalable_float,,,,,,,,,,,,,Channel0,0,,,,0,,,
CRAgilityDamageCalculation,37,1,1,transient,,,,SetByCallerTags.Spread,Override,scalable_float,,,,,,,,,,,,,Channel0,0,,,,0,,,
CRAgilityDamageCalculation,37,2,2,captured_attribute,DamageScale,Source,true,,Multiplicitive,set_by_caller,,,,,,,,,,,,SetByCaller.Damage,Channel0,0,,,,0,,,
CRAgilityDamageCalculation,37,3,3,captured_attribute,DamageScale,Source,true,,Multiplicitive,scalable_float,,,,,,,,,,,,,Channel0,0,,,,0,,,
CRAgilityDamageCalculation,37,4,4,captured_attribute,DamageScale,Source,true,,MultiplyCompound,set_by_caller,,,,,,,,,,,,SetByCaller.DamageScale,Channel0,0,,,,0,,,
CRAgilityDamageCalculation,37,5,5,captured_attribute,DamageScale,Source,true,,MultiplyCompound,set_by_caller,,,,,,,,,,,,SetByCaller.DamageScale2,Channel0,0,,,,0,,,
CRAgilityDamageCalculation,37,6,6,captured_attribute,CritChance,Source,true,,Additive,scalable_float,,,,,,,,,,,,,Channel0,0,,,,0,,,
CRAgilityDamageCalculation,37,7,7,captured_attribute,DamageScale,Source,true,,MultiplyCompound,scalable_float,,,,,,,,,,,,,Channel0,0,,,,0,,,
CRAgilityDamageCalculation,37,8,8,captured_attribute,DamageScale,Source,true,,MultiplyCompound,scalable_float,,,,,,,,,,,,,Channel0,0,,,,0,,,
CRAgilityDamageCalculation,38,0,0,captured_attribute,Agility,Source,true,,Multiplicitive,scalable_float,,,,,,,,,,,,,Channel0,0,,,,0,,,
CRAgilityDamageCalculation,38,1,1,transient,,,,SetByCallerTags.Spread,Override,scalable_float,,,,,,,,,,,,,Channel0,0,,,,0,,,
CRAgilityDamageCalculation,39,0,0,captured_attribute,Agility,Source,true,,Multiplicitive,scalable_float,,,,,,,,,,,,,Channel0,0,,,,0,,,
CRAgilityDamageCalculation,39,1,1,transient,,,,SetByCallerTags.Spread,Override,scalable_float,,,,,,,,,,,,,Channel0,0,,,,0,,,
CRAgilityDamageCalculation,39,2,2,captured_attribute,DamageScale,Source,true,,Multiplicitive,scalable_float,,,,,,,,,,,,,Channel0,0,,,,0,,,
CRAgilityDamageCalculation,39,3,3,captured_attribute,DamageScale,Source,true,,MultiplyCompound,scalable_float,,,,,,,,,,,,,Channel0,0,,,,0,,,
CRAgilityDamageCalculation,39,4,4,captured_attribute,DamageScale,Source,true,,MultiplyCompound,scalable_float,,,,,,,,,,,,,Channel0,0,,,,0,,,
CRAgilityDamageCalculation,40,0,0,captured_attribute,Agility,Source,true,,Multiplicitive,scalable_float,,,,,,,,,,,,,Channel0,0,,,,0,,,
CRAgilityDamageCalculation,40,1,1,transient,,,,SetByCallerTags.Spread,Override,scalable_float,,,,,,,,,,,,,Channel0,0,,,,0,,,
CRAgilityDamageCalculation,40,2,2,captured_attribute,DamageScale,Source,true,,Multiplicitive,scalable_float,,,,,,,,,,,,,Channel0,0,,,,0,,,
CRAgilityDamageCalculation,40,3,3,captured_attribute,DamageScale,Source,true,,MultiplyCompound,scalable_float,,,,,,,,,,,,,Channel0,0,,,,0,,,
CRAgilityDamageCalculation,40,4,4,captured_attribute,DamageScale,Source,true,,MultiplyCompound,scalable_float,,,,,,,,,,,,,Channel0,0,,,,0,,,
CRAgilityDamageCalculation,41,0,0,captured_attribute,Agility,Source,true,,Multiplicitive,scalable_float,,,,,,,,,,,,,Channel0,0,,,,0,,,
CRAgilityDamageCalculation,41,1,1,transient,,,,SetByCallerTags.Spread,Override,scalable_float,,,,,,,,,,,,,Channel0,0,,,,0,,,
CRAgilityDamageCalculation,41,2,2,captured_attribute,DamageScale,Source,true,,MultiplyCompound,set_by_caller,,,,,,,,,,,,SetByCaller.DamageScale,Channel0,0,,,,0,,,
CRAgilityDamageCalculation,41,3,3,captured_attribute,DamageScale,Source,true,,Multiplicitive,scalable_float,,,,,,,,,,,,,Channel0,0,,,,0,,,
CRAgilityDamageCalculation,41,4,4,captured_attribute,DamageScale,Source,true,,MultiplyCompound,scalable_float,,,,,,,,,,,,,Channel0,0,,,,0,,,
CRAgilityDamageCalculation,41,5,5,captured_attribute,DamageScale,Source,true,,MultiplyCompound,scalable_float,,,,,,,,,,,,,Channel0,0,,,,0,,,
CRAgilityDamageCalculation,42,0,0,captured_attribute,Agility,Source,true,,Multiplicitive,scalable_float,,,,,,,,,,,,,Channel0,0,,,,0,,,
CRAgilityDamageCalculation,42,1,1,transient,,,,SetByCallerTags.Spread,Override,scalable_float,,,,,,,,,,,,,Channel0,0,,,,0,,,
CRAgilityDamageCalculation,42,2,2,captured_attribute,DamageScale,Source,true,,MultiplyCompound,set_by_caller,,,,,,,,,,,,SetByCaller.DamageScale,Channel0,0,,,,0,,,
CRAgilityDamageCalculation,42,3,3,captured_attribute,DamageScale,Source,true,,Multiplicitive,scalable_float,,,,,,,,,,,,,Channel0,0,,,,0,,,
CRAgilityDamageCalculation,42,4,4,captured_attribute,DamageScale,Source,true,,MultiplyCompound,scalable_float,,,,,,,,,,,,,Channel0,0,,,,0,,,
CRAgilityDamageCalculation,43,0,0,captured_attribute,Agility,Source,true,,Multiplicitive,scalable_float,,,,,,,,,,,,,Channel0,0,,,,0,,,
CRAgilityDamageCalculation,43,1,1,transient,,,,SetByCallerTags.Spread,Override,scalable_float,,,,,,,,,,,,,Channel0,0,,,,0,,,
CRAgilityDamageCalculation,43,2,2,captured_attribute,DamageScale,Source,true,,Multiplicitive,scalable_float,,,,,,,,,,,,,Channel0,0,,,,0,,,
CRAgilityDamageCalculation,44,0,0,captured_attribute,Agility,Source,true,,Multiplicitive,scalable_float,,,,,,,,,,,,,Channel0,0,,,,0,,,
CRAgilityDamageCalculation,44,1,1,transient,,,,SetByCallerTags.Spread,Override,scalable_float,,,,,,,,,,,,,Channel0,0,,,,0,,,
CRAgilityDamageCalculation,44,2,2,captured_attribute,DamageScale,Source,true,,Multiplicitive,scalable_float,,,,,,,,,,,,,Channel0,0,,,,0,,,
CRAgilityDamageCalculation,44,3,3,captured_attribute,DamageScale,Source,true,,MultiplyCompound,scalable_float,,,,,,,,,,,,,Channel0,0,,,,0,,,
CRAgilityDamageCalculation,45,0,0,captured_attribute,Agility,Source,true,,Multiplicitive,scalable_float,,,,,,,,,,,,,Channel0,0,,,,0,,,
CRAgilityDamageCalculation,45,1,1,transient,,,,SetByCallerTags.Spread,Override,scalable_float,,,,,,,,,,,,,Channel0,0,,,,0,,,
CRAgilityDamageCalculation,45,2,2,captured_attribute,DamageScale,Source,true,,MultiplyCompound,set_by_caller,,,,,,,,,,,,SetByCaller.DamageScale2,Channel0,0,,,,0,,,
CRAgilityDamageCalculation,45,3,3,captured_attribute,DamageScale,Source,true,,MultiplyCompound,scalable_float,,,,,,,,,,,,,Channel0,0,,,,0,,,
CRAgilityDamageCalculation,45,4,4,captured_attribute,DamageScale,Source,true,,MultiplyCompound,scalable_float,,,,,,,,,,,,,Channel0,0,,,,0,,,
CRAgilityDamageCalculation,46,0,0,captured_attribute,Agility,Source,true,,Multiplicitive,scalable_float,,,,,,,,,,,,,Channel0,0,,,,0,,,
CRAgilityDamageCalculation,46,1,1,captured_attribute,DamageScale,Source,true,,MultiplyCompound,scalable_float,,,,,,,,,,,,,Channel0,0,,,,0,,,
CRAgilityDamageCalculation,47,0,0,captured_attribute,Agility,Source,true,,Multiplicitive,scalable_float,,,,,,,,,,,,,Channel0,0,,,,0,,,
CRAgilityDamageCalculation,47,1,1,captured_attribute,DamageScale,Source,true,,MultiplyCompound,set_by_caller,,,,,,,,,,,,SetByCaller.DamageScale,Channel0,0,,,,0,,,
CRAgilityDamageCalculation,47,2,2,captured_attribute,DamageScale,Source,true,,MultiplyCompound,set_by_caller,,,,,,,,,,,,SetByCaller.DamageScaleTargetCount,Channel0,0,,,,0,,,
CRAgilityDamageCalculation,48,0,0,captured_attribute,Agility,Source,true,,Multiplicitive,scalable_float,,,,,,,,,,,,,Channel0,0,,,,0,,,
CRAgilityDamageCalculation,49,0,0,captured_attribute,Agility,Source,true,,Multiplicitive,scalable_float,,,,,,,,,,,,,Channel0,0,,,,0,,,
CRAgilityDamageCalculation,50,0,0,captured_attribute,Agility,Source,true,,Multiplicitive,scalable_float,,,,,,,,,,,,,Channel0,0,,,,0,,,
CRAgilityDamageCalculation,50,1,1,transient,,,,SetByCallerTags.Spread,Override,scalable_float,,,,,,,,,,,,,Channel0,0,,,,0,,,
CRAgilityDamageCalculation,51,0,0,captured_attribute,Agility,Source,true,,Multiplicitive,scalable_float,,,,,,,,,,,,,Channel0,0,,,,0,,,
CRAgilityDamageCalculation,51,1,1,transient,,,,SetByCallerTags.Spread,Override,scalable_float,,,,,,,,,,,,,Channel0,0,,,,0,,,
CRAgilityDamageCalculation,52,0,0,captured_attribute,Agility,Source,true,,Multiplicitive,scalable_float,,,,,,,,,,,,,Channel0,0,,,,0,,,
CRAgilityDamageCalculation,53,0,0,captured_attribute,Agility,Source,true,,Multiplicitive,scalable_float,,,,,,,,,,,,,Channel0,0,,,,0,,,
CRAgilityDamageCalculation,53,1,1,transient,,,,SetByCallerTags.Spread,Override,scalable_float,,,,,,,,,,,,,Channel0,0,,,,0,,,
CRAgilityDamageCalculation,54,0,0,transient,,,,SetByCallerTags.Spread,Override,scalable_float,,,,,,,,,,,,,Channel0,0,,,,0,,,
CRAgilityDamageCalculation,54,1,1,captured_attribute,Agility,Source,true,,Multiplicitive,scalable_float,,,,,,,,,,,,,Channel0,0,,,,0,,,
CRIntellectDamageCalculation,0,0,0,captured_attribute,Intellect,Source,true,,Multiplicitive,scalable_float,,,,,,,,,,,,,Channel0,0,,,,0,,,
CRIntellectDamageCalculation,1,0,0,captured_attribute,Intellect,Source,true,,MultiplyCompound,scalable_float,,,,,,,,,,,,,Channel0,0,,,,0,,,
CRIntellectDamageCalculation,2,0,0,captured_attribute,Intellect,Source,true,,Multiplicitive,scalable_float,,,,,,,,,,,,,Channel0,0,,,,0,,,
CRIntellectDamageCalculation,3,0,0,captured_attribute,Intellect,Source,true,,MultiplyCompound,scalable_float,,,,,,,,,,,,,Channel0,0,,,,0,,,
CRIntellectDamageCalculation,4,0,0,captured_attribute,Intellect,Source,true,,Multiplicitive,scalable_float,,,,,,,,,,,,,Channel0,0,,,,0,,,
CRIntellectDamageCalculation,4,1,1,transient,,,,SetByCallerTags.Spread,Override,scalable_float,,,,,,,,,,,,,Channel0,0,,,,0,,,
CRIntellectDamageCalculation,5,0,0,captured_attribute,Intellect,Source,true,,Multiplicitive,scalable_float,,,,,,,,,,,,,Channel0,0,,,,0,,,
CRIntellectDamageCalculation,5,1,1,transient,,,,SetByCallerTags.Spread,Override,scalable_float,,,,,,,,,,,,,Channel0,0,,,,0,,,
CRIntellectDamageCalculation,6,0,0,captured_attribute,Intellect,Source,true,,Multiplicitive,scalable_float,,,,,,,,,,,,,Channel0,0,,,,0,,,
CRIntellectDamageCalculation,6,1,1,captured_attribute,DamageScale,Source,true,,Multiplicitive,set_by_caller,,,,,,,,,,,,SetByCaller.DamageScale,Channel0,0,,,,0,,,
CRIntellectDamageCalculation,7,0,0,captured_attribute,Intellect,Source,true,,Multiplicitive,scalable_float,,,,,,,,,,,,,Channel0,0,,,,0,,,
CRIntellectDamageCalculation,8,0,0,captured_attribute,Intellect,Source,true,,Multiplicitive,scalable_float,,,,,,,,,,,,,Channel0,0,,,,0,,,
CRIntellectDamageCalculation,9,0,0,captured_attribute,Intellect,Source,true,,Multiplicitive,scalable_float,,,,,,,,,,,,,Channel0,0,,,,0,,,
CRIntellectDamageCalculation,9,1,1,transient,,,,SetByCallerTags.Spread,Override,scalable_float,,,,,,,,,,,,,Channel0,0,,,,0,,,
CRIntellectDamageCalculation,10,0,0,captured_attribute,Intellect,Source,true,,Multiplicitive,scalable_float,,,,,,,,,,,,,Channel0,0,,,,0,,,
CRIntellectDamageCalculation,10,1,1,transient,,,,SetByCallerTags.Spread,Override,scalable_float,,,,,,,,,,,,,Channel0,0,,,,0,,,
CRIntellectDamageCalculation,11,0,0,captured_attribute,Intellect,Source,true,,Multiplicitive,scalable_float,,,,,,,,,,,,,Channel0,0,,,,0,,,
CRIntellectDamageCalculation,12,0,0,captured_attribute,Intellect,Source,true,,Multiplicitive,scalable_float,,,,,,,,,,,,,Channel0,0,,,,0,,,
CRIntellectDamageCalculation,12,1,1,transient,,,,SetByCallerTags.Spread,Override,scalable_float,,,,,,,,,,,,,Channel0,0,,,,0,,,
CRIntellectDamageCalculation,12,2,2,captured_attribute,DamageScale,Source,true,,Multiplicitive,set_by_caller,,,,,,,,,,,,SetByCallerTags.DamageScale,Channel0,0,,,,0,,,
CRIntellectDamageCalculation,13,0,0,captured_attribute,Intellect,Source,true,,Multiplicitive,scalable_float,,,,,,,,,,,,,Channel0,0,,,,0,,,
CRIntellectDamageCalculation,13,1,1,transient,,,,SetByCallerTags.Spread,Override,scalable_float,,,,,,,,,,,,,Channel0,0,,,,0,,,
CRIntellectDamageCalculation,14,0,0,captured_attribute,Intellect,Source,true,,Multiplicitive,scalable_float,,,,,,,,,,,,,Channel0,0,,,,0,,,
CRIntellectDamageCalculation,14,1,1,transient,,,,SetByCallerTags.Spread,Override,scalable_float,,,,,,,,,,,,,Channel0,0,,,,0,,,
CRIntellectDamageCalculation,15,0,0,captured_attribute,Intellect,Source,true,,MultiplyCompound,scalable_float,,,,,,,,,,,,,Channel0,0,,,,0,,,
CRIntellectDamageCalculation,16,0,0,captured_attribute,Intellect,Source,true,,Multiplicitive,scalable_float,,,,,,,,,,,,,Channel0,0,,,,0,,,
CRIntellectDamageCalculation,16,1,1,captured_attribute,DamageScale,Source,true,,Override,set_by_caller,,,,,,,,,,,,SetByCallerTags.DamageScale,Channel0,0,,,,0,,,
CRIntellectDamageCalculation,17,0,0,captured_attribute,Intellect,Source,true,,MultiplyCompound,scalable_float,,,,,,,,,,,,,Channel0,0,,,,0,,,
CRIntellectDamageCalculation,18,0,0,captured_attribute,Intellect,Source,true,,Multiplicitive,scalable_float,,,,,,,,,,,,,Channel0,0,,,,0,,,
CRIntellectDamageCalculation,18,1,1,transient,,,,SetByCallerTags.Spread,Override,scalable_float,,,,,,,,,,,,,Channel0,0,,,,0,,,
CRIntellectDamageCalculation,19,0,0,captured_attribute,Intellect,Source,true,,Multiplicitive,scalable_float,,,,,,,,,,,,,Channel0,0,,,,0,,,
CRIntellectDamageCalculation,19,1,1,transient,,,,SetByCallerTags.Spread,Override,scalable_float,,,,,,,,,,,,,Channel0,0,,,,0,,,
CRIntellectDamageCalculation,20,0,0,transient,,,,SetByCallerTags.Spread,Override,scalable_float,,,,,,,,,,,,,Channel0,0,,,,0,,,
CRIntellectDamageCalculation,20,1,1,captured_attribute,Intellect,Source,true,,Multiplicitive,scalable_float,,,,,,,,,,,,,Channel0,0,,,,0,,,
CRIntellectDamageCalculation,21,0,0,captured_attribute,Intellect,Source,true,,Multiplicitive,scalable_float,,,,,,,,,,,,,Channel0,0,,,,0,,,
CRIntellectDamageCalculation,22,0,0,captured_attribute,Intellect,Source,true,,Multiplicitive,scalable_float,,,,,,,,,,,,,Channel0,0,,,,0,,,
CRIntellectDamageCalculation,22,1,1,transient,,,,SetByCallerTags.Spread,Override,scalable_float,,,,,,,,,,,,,Channel0,0,,,,0,,,
CRIntellectDamageCalculation,23,0,0,captured_attribute,Intellect,Source,true,,Multiplicitive,scalable_float,,,,,,,,,,,,,Channel0,0,,,,0,,,
CRIntellectDamageCalculation,24,0,0,captured_attribute,Intellect,Source,true,,Multiplicitive,scalable_float,,,,,,,,,,,,,Channel0,0,,,,0,,,
CRIntellectDamageCalculation,24,1,1,captured_attribute,DamageScale,Source,true,,MultiplyCompound,custom_calculation,,,,,,,,GMMC_AscensionScaling_NoDispelNoInterrupt_Default,,,,,Channel0,0,,,,0,,,
CRIntellectDamageCalculation,25,0,0,captured_attribute,Intellect,Source,true,,Multiplicitive,scalable_float,,,,,,,,,,,,,Channel0,0,,,,0,,,
CRIntellectDamageCalculation,25,1,1,captured_attribute,DamageScale,Source,true,,Multiplicitive,custom_calculation,,,,,,,,GMMC_AscensionScaling_NoDispelNoInterrupt_Default,,,,,Channel0,0,,,,0,,,
CRIntellectDamageCalculation,26,0,0,captured_attribute,Intellect,Source,true,,Multiplicitive,set_by_caller,,,,,,,,,,,,SetByCaller.IntellectCoefficient,Channel0,0,,,,0,,,
CRIntellectDamageCalculation,27,0,0,captured_attribute,Intellect,Source,true,,Multiplicitive,scalable_float,,,,,,,,,,,,,Channel0,0,,,,0,,,
CRIntellectDamageCalculation,27,1,1,captured_attribute,DamageScale,Source,true,,Multiplicitive,custom_calculation,,,,,,,,GMMC_AscensionScaling_NoDispelNoInterrupt_Default,,,,,Channel0,0,,,,0,,,
CRIntellectDamageCalculation,28,0,0,captured_attribute,Intellect,Source,true,,Multiplicitive,scalable_float,,,,,,,,,,,,,Channel0,0,,,,0,,,
CRIntellectDamageCalculation,28,1,1,captured_attribute,DamageScale,Source,true,,Multiplicitive,custom_calculation,,,,,,,,GMMC_AscensionScaling_NoDispelNoInterrupt_Default,,,,,Channel0,0,,,,0,,,
CRIntellectDamageCalculation,29,0,0,captured_attribute,Intellect,Source,true,,Multiplicitive,scalable_float,,,,,,,,,,,,,Channel0,0,,,,0,,,
CRIntellectDamageCalculation,30,0,0,captured_attribute,Intellect,Source,true,,Multiplicitive,scalable_float,,,,,,,,,,,,,Channel0,0,,,,0,,,
CRIntellectDamageCalculation,31,0,0,captured_attribute,Intellect,Source,true,,Multiplicitive,scalable_float,,,,,,,,,,,,,Channel0,0,,,,0,,,
CRIntellectDamageCalculation,32,0,0,captured_attribute,Intellect,Source,true,,MultiplyCompound,scalable_float,,,,,,,,,,,,,Channel0,0,,,,0,,,
CRIntellectDamageCalculation,32,1,1,captured_attribute,DamageScale,Source,true,,MultiplyCompound,custom_calculation,,,,,,,,GMMC_AscensionScaling_NoDispelNoInterrupt_Default,,,,,Channel0,0,,,,0,,,
CRIntellectDamageCalculation,33,0,0,captured_attribute,Intellect,Source,true,,Multiplicitive,scalable_float,,,,,,,,,,,,,Channel0,0,,,,0,,,
CRIntellectDamageCalculation,34,0,0,captured_attribute,Intellect,Source,true,,Multiplicitive,scalable_float,,,,,,,,,,,,,Channel0,0,,,,0,,,
CRIntellectDamageCalculation,34,1,1,captured_attribute,DamageScale,Source,true,,Multiplicitive,set_by_caller,,,,,,,,,,,,SetByCaller.DamageScale,Channel0,0,,,,0,,,
CRIntellectDamageCalculation,34,2,2,transient,,,,SetByCallerTags.Spread,Override,scalable_float,,,,,,,,,,,,,Channel0,0,,,,0,,,
CRIntellectDamageCalculation,35,0,0,captured_attribute,Intellect,Source,true,,Multiplicitive,scalable_float,,,,,,,,,,,,,Channel0,0,,,,0,,,
CRIntellectDamageCalculation,36,0,0,captured_attribute,Intellect,Source,true,,Multiplicitive,scalable_float,,,,,,,,,,,,,Channel0,0,,,,0,,,
CRIntellectDamageCalculation,36,1,1,transient,,,,SetByCallerTags.Spread,Override,scalable_float,,,,,,,,,,,,,Channel0,0,,,,0,,,
CRIntellectDamageCalculation,37,0,0,captured_attribute,Intellect,Source,true,,Multiplicitive,scalable_float,,,,,,,,,,,,,Channel0,0,,,,0,,,
CRIntellectDamageCalculation,38,0,0,captured_attribute,Intellect,Source,true,,Multiplicitive,scalable_float,,,,,,,,,,,,,Channel0,0,,,,0,,,
CRIntellectDamageCalculation,39,0,0,captured_attribute,Intellect,Source,true,,Multiplicitive,scalable_float,,,,,,,,,,,,,Channel0,0,,,,0,,,
CRIntellectDamageCalculation,39,1,1,transient,,,,SetByCallerTags.Spread,Override,scalable_float,,,,,,,,,,,,,Channel0,0,,,,0,,,
CRIntellectDamageCalculation,40,0,0,captured_attribute,Intellect,Source,true,,Multiplicitive,scalable_float,,,,,,,,,,,,,Channel0,0,,,,0,,,
CRIntellectDamageCalculation,40,1,1,transient,,,,SetByCallerTags.Spread,Override,scalable_float,,,,,,,,,,,,,Channel0,0,,,,0,,,
CRIntellectDamageCalculation,40,2,2,captured_attribute,DamageScale,Source,true,,Multiplicitive,custom_calculation,,,,,,,,GMMC_AscensionScaling_NoDispelNoInterrupt_Default,,,,,Channel0,0,,,,0,,,
CRIntellectDamageCalculation,41,0,0,captured_attribute,Intellect,Source,true,,Multiplicitive,scalable_float,,,,,,,,,,,,,Channel0,0,,,,0,,,
CRIntellectDamageCalculation,41,1,1,captured_attribute,DamageScale,Source,true,,MultiplyCompound,custom_calculation,,,,,,,,GMMC_AscensionScaling_NoDispelNoInterrupt_Default,,,,,Channel0,0,,,,0,,,
CRIntellectDamageCalculation,42,0,0,captured_attribute,Intellect,Source,true,,Multiplicitive,scalable_float,,,,,,,,,,,,,Channel0,0,,,,0,,,
CRIntellectDamageCalculation,42,1,1,captured_attribute,DamageScale,Source,true,,MultiplyCompound,custom_calculation,,,,,,,,GMMC_AscensionScaling_NoDispelNoInterrupt_Default,,,,,Channel0,0,,,,0,,,
CRIntellectDamageCalculation,43,0,0,captured_attribute,Intellect,Source,true,,Multiplicitive,scalable_float,,,,,,,,,,,,,Channel0,0,,,,0,,,
CRIntellectDamageCalculation,43,1,1,captured_attribute,DamageScale,Source,true,,MultiplyCompound,custom_calculation,,,,,,,,GMMC_AscensionScaling_NoDispelNoInterrupt_Default,,,,,Channel0,0,,,,0,,,
CRIntellectDamageCalculation,44,0,0,captured_attribute,Intellect,Source,true,,Multiplicitive,scalable_float,,,,,,,,,,,,,Channel0,0,,,,0,,,
CRIntellectDamageCalculation,44,1,1,captured_attribute,DamageScale,Source,true,,MultiplyCompound,custom_calculation,,,,,,,,GMMC_AscensionScaling_NoDispelNoInterrupt_Default,,,,,Channel0,0,,,,0,,,
CRIntellectDamageCalculation,45,0,0,captured_attribute,Intellect,Source,true,,Multiplicitive,scalable_float,,,,,,,,,,,,,Channel0,0,,,,0,,,
CRIntellectDamageCalculation,46,0,0,captured_attribute,Intellect,Source,true,,Multiplicitive,scalable_float,,,,,,,,,,,,,Channel0,0,,,,0,,,
CRIntellectDamageCalculation,47,0,0,captured_attribute,Intellect,Source,true,,Multiplicitive,scalable_float,,,,,,,,,,,,,Channel0,0,,,,0,,,
CRIntellectDamageCalculation,47,1,1,captured_attribute,DamageScale,Source,true,,MultiplyCompound,set_by_caller,,,,,,,,,,,,SetByCaller.DamageScale,Channel0,0,,,,0,,,
CRIntellectDamageCalculation,48,0,0,captured_attribute,Intellect,Source,true,,MultiplyCompound,scalable_float,,,,,,,,,,,,,Channel0,0,,,,0,,,
CRIntellectDamageCalculation,49,0,0,captured_attribute,Intellect,Source,true,,Multiplicitive,scalable_float,,,,,,,,,,,,,Channel0,0,,,,0,,,
CRIntellectDamageCalculation,50,0,0,captured_attribute,Intellect,Source,true,,Multiplicitive,scalable_float,,,,,,,,,,,,,Channel0,0,,,,0,,,
CRIntellectDamageCalculation,50,1,1,transient,,,,SetByCallerTags.Spread,Override,scalable_float,,,,,,,,,,,,,Channel0,0,,,,0,,,
CRIntellectDamageCalculation,51,0,0,captured_attribute,Intellect,Source,true,,Multiplicitive,scalable_float,,,,,,,,,,,,,Channel0,0,,,,0,,,
CRIntellectDamageCalculation,51,1,1,captured_attribute,DamageScale,Source,true,,Division,set_by_caller,,,,,,,,,,,,SetByCaller.DamageScale,Channel0,0,,,,0,,,
CRIntellectDamageCalculation,51,2,2,transient,,,,SetByCallerTags.Spread,Override,scalable_float,,,,,,,,,,,,,Channel0,0,,,,0,,,
CRIntellectDamageCalculation,52,0,0,captured_attribute,Intellect,Source,true,,Multiplicitive,scalable_float,,,,,,,,,,,,,Channel0,0,,,,0,,,
CRIntellectDamageCalculation,52,1,1,transient,,,,SetByCallerTags.Spread,Override,scalable_float,,,,,,,,,,,,,Channel0,0,,,,0,,,
CRIntellectDamageCalculation,53,0,0,captured_attribute,Intellect,Source,true,,Multiplicitive,scalable_float,,,,,,,,,,,,,Channel0,0,,,,0,,,
CRIntellectDamageCalculation,53,1,1,transient,,,,SetByCallerTags.Spread,Override,scalable_float,,,,,,,,,,,,,Channel0,0,,,,0,,,
CRIntellectDamageCalculation,54,0,0,captured_attribute,Intellect,Source,true,,Multiplicitive,scalable_float,,,,,,,,,,,,,Channel0,0,,,,0,,,
CRIntellectDamageCalculation,55,0,0,captured_attribute,Intellect,Source,true,,Multiplicitive,scalable_float,,,,,,,,,,,,,Channel0,0,,,,0,,,
CRIntellectDamageCalculation,56,0,0,captured_attribute,Intellect,Source,true,,Multiplicitive,scalable_float,,,,,,,,,,,,,Channel0,0,,,,0,,,
CRIntellectDamageCalculation,57,0,0,captured_attribute,Intellect,Source,true,,Multiplicitive,scalable_float,,,,,,,,,,,,,Channel0,0,,,,0,,,
CRIntellectDamageCalculation,58,0,0,captured_attribute,Intellect,Source,true,,Multiplicitive,scalable_float,,,,,,,,,,,,,Channel0,0,,,,0,,,
CRIntellectDamageCalculation,58,1,1,captured_attribute,DamageScale,Source,true,,Multiplicitive,scalable_float,,,,,,,,,,,,,Channel0,0,,,,0,,,
CRIntellectDamageCalculation,59,0,0,captured_attribute,Intellect,Source,true,,Multiplicitive,scalable_float,,,,,,,,,,,,,Channel0,0,,,,0,,,
CRIntellectDamageCalculation,59,1,1,captured_attribute,DamageScale,Source,true,,Multiplicitive,custom_calculation,,,,,,,,GMMC_AscensionScaling_NoDispelNoInterrupt_Default,,,,,Channel0,0,,,,0,,,
CRIntellectDamageCalculation,60,0,0,captured_attribute,Intellect,Source,true,,Multiplicitive,scalable_float,,,,,,,,,,,,,Channel0,0,,,,0,,,
CRIntellectDamageCalculation,61,0,0,captured_attribute,Intellect,Source,true,,Multiplicitive,scalable_float,,,,,,,,,,,,,Channel0,0,,,,0,,,
CRIntellectDamageCalculation,61,1,1,captured_attribute,DamageScale,Source,true,,Multiplicitive,set_by_caller,,,,,,,,,,,,SetByCallerTags.DamageScale,Channel0,0,,,,0,,,
CRIntellectDamageCalculation,61,2,2,transient,,,,SetByCallerTags.Spread,Override,scalable_float,,,,,,,,,,,,,Channel0,0,,,,0,,,
CRIntellectDamageCalculation,62,0,0,captured_attribute,Intellect,Source,true,,Multiplicitive,scalable_float,,,,,,,,,,,,,Channel0,0,,,,0,,,
CRIntellectDamageCalculation,63,0,0,captured_attribute,Intellect,Source,true,,Multiplicitive,scalable_float,,,,,,,,,,,,,Channel0,0,,,,0,,,
CRIntellectDamageCalculation,63,1,1,transient,,,,SetByCallerTags.Spread,Override,scalable_float,,,,,,,,,,,,,Channel0,0,,,,0,,,
CRIntellectDamageCalculation,64,0,0,captured_attribute,Intellect,Source,true,,Multiplicitive,scalable_float,,,,,,,,,,,,,Channel0,0,,,,0,,,
CRIntellectDamageCalculation,65,0,0,captured_attribute,Intellect,Source,true,,Multiplicitive,scalable_float,,,,,,,,,,,,,Channel0,0,,,,0,,,
CRIntellectDamageCalculation,65,1,1,captured_attribute,DamageScale,Source,true,,MultiplyCompound,custom_calculation,,,,,,,,GMMC_AscensionScaling_NoDispelNoInterrupt_Default,,,,,Channel0,0,,,,0,,,
CRIntellectDamageCalculation,66,0,0,captured_attribute,Intellect,Source,true,,Multiplicitive,scalable_float,,,,,,,,,,,,,Channel0,0,,,,0,,,
CRIntellectDamageCalculation,67,0,0,captured_attribute,LifeSteal,Source,true,,Additive,scalable_float,,,,,,,,,,,,,Channel0,0,,,,0,,,
CRIntellectDamageCalculation,67,1,1,captured_attribute,Intellect,Source,true,,Multiplicitive,scalable_float,,,,,,,,,,,,,Channel0,0,,,,0,,,
CRIntellectDamageCalculation,67,2,2,captured_attribute,DamageScale,Source,true,,Multiplicitive,custom_calculation,,,,,,,,GMMC_AscensionScaling_NoDispelNoInterrupt_Default,,,,,Channel0,0,,,,0,,,
CRIntellectDamageCalculation,68,0,0,captured_attribute,Intellect,Source,true,,Multiplicitive,scalable_float,,,,,,,,,,,,,Channel0,0,,,,0,,,
CRIntellectDamageCalculation,68,1,1,captured_attribute,DamageScale,Source,true,,Multiplicitive,custom_calculation,,,,,,,,GMMC_AscensionScaling_NoDispelNoInterrupt_Default,,,,,Channel0,0,,,,0,,,
CRIntellectDamageCalculation,69,0,0,captured_attribute,Intellect,Source,true,,Multiplicitive,scalable_float,,,,,,,,,,,,,Channel0,0,,,,0,,,
CRIntellectDamageCalculation,69,1,1,captured_attribute,DamageScale,Source,true,,Multiplicitive,custom_calculation,,,,,,,,GMMC_AscensionScaling_NoDispelNoInterrupt_Default,,,,,Channel0,0,,,,0,,,
CRIntellectDamageCalculation,70,0,0,captured_attribute,Intellect,Source,true,,Multiplicitive,scalable_float,,,,,,,,,,,,,Channel0,0,,,,0,,,
CRIntellectDamageCalculation,70,1,1,captured_attribute,DamageScale,Source,true,,Multiplicitive,custom_calculation,,,,,,,,GMMC_AscensionScaling_NoDispelNoInterrupt_Default,,,,,Channel0,0,,,,0,,,
CRIntellectDamageCalculation,71,0,0,captured_attribute,Intellect,Source,true,,Multiplicitive,scalable_float,,,,,,,,,,,,,Channel0,0,,,,0,,,
CRIntellectDamageCalculation,71,1,1,transient,,,,SetByCallerTags.Spread,Override,scalable_float,,,,,,,,,,,,,Channel0,0,,,,0,,,
CRIntellectDamageCalculation,72,0,0,captured_attribute,Intellect,Source,true,,Multiplicitive,scalable_float,,,,,,,,,,,,,Channel0,0,,,,0,,,
CRIntellectDamageCalculation,72,1,1,captured_attribute,DamageScale,Source,true,,MultiplyCompound,custom_calculation,,,,,,,,GMMC_AscensionScaling_NoDispelNoInterrupt_Default,,,,,Channel0,0,,,,0,,,
CRIntellectDamageCalculation,73,0,0,captured_attribute,Intellect,Source,true,,Multiplicitive,scalable_float,,,,,,,,,,,,,Channel0,0,,,,0,,,
CRIntellectDamageCalculation,73,1,1,captured_attribute,DamageScale,Source,true,,Multiplicitive,custom_calculation,,,,,,,,GMMC_AscensionScaling_NoDispelNoInterrupt_Default,,,,,Channel0,0,,,,0,,,
CRIntellectDamageCalculation,74,0,0,captured_attribute,Intellect,Source,true,,Multiplicitive,scalable_float,,,,,,,,,,,,,Channel0,0,,,,0,,,
CRIntellectDamageCalculation,74,1,1,captured_attribute,DamageScale,Source,true,,Multiplicitive,custom_calculation,,,,,,,,GMMC_AscensionScaling_NoDispelNoInterrupt_Default,,,,,Channel0,0,,,,0,,,
CRIntellectDamageCalculation,75,0,0,captured_attribute,Intellect,Source,true,,Multiplicitive,scalable_float,,,,,,,,,,,,,Channel0,0,,,,0,,,
CRIntellectDamageCalculation,76,0,0,captured_attribute,Intellect,Source,true,,Multiplicitive,scalable_float,,,,,,,,,,,,,Channel0,0,,,,0,,,
CRIntellectDamageCalculation,77,0,0,captured_attribute,Intellect,Source,true,,Multiplicitive,scalable_float,,,,,,,,,,,,,Channel0,0,,,,0,,,
CRIntellectDamageCalculation,78,0,0,captured_attribute,Intellect,Source,true,,Multiplicitive,scalable_float,,,,,,,,,,,,,Channel0,0,,,,0,,,
CRIntellectDamageCalculation,79,0,0,captured_attribute,Intellect,Source,true,,Multiplicitive,scalable_float,,,,,,,,,,,,,Channel0,0,,,,0,,,
CRIntellectDamageCalculation,79,1,1,captured_attribute,DamageScale,Source,true,,Multiplicitive,custom_calculation,,,,,,,,GMMC_AscensionScaling_NoDispelNoInterrupt_Default,,,,,Channel0,0,,,,0,,,
CRIntellectDamageCalculation,80,0,0,captured_attribute,Intellect,Source,true,,Multiplicitive,scalable_float,,,,,,,,,,,,,Channel0,0,,,,0,,,
CRIntellectDamageCalculation,80,1,1,captured_attribute,DamageScale,Source,true,,MultiplyCompound,custom_calculation,,,,,,,,GMMC_AscensionScaling_NoDispelNoInterrupt_Default,,,,,Channel0,0,,,,0,,,
CRIntellectDamageCalculation,81,0,0,captured_attribute,Intellect,Source,true,,Multiplicitive,scalable_float,,,,,,,,,,,,,Channel0,0,,,,0,,,
CRIntellectDamageCalculation,81,1,1,transient,,,,SetByCallerTags.Spread,Override,scalable_float,,,,,,,,,,,,,Channel0,0,,,,0,,,
CRIntellectDamageCalculation,82,0,0,captured_attribute,Intellect,Source,true,,Multiplicitive,scalable_float,,,,,,,,,,,,,Channel0,0,,,,0,,,
CRIntellectDamageCalculation,82,1,1,captured_attribute,DamageScale,Source,true,,MultiplyCompound,custom_calculation,,,,,,,,GMMC_AscensionScaling_NoDispelNoInterrupt_Default,,,,,Channel0,0,,,,0,,,
CRIntellectDamageCalculation,83,0,0,captured_attribute,Intellect,Source,true,,Multiplicitive,scalable_float,,,,,,,,,,,,,Channel0,0,,,,0,,,
CRIntellectDamageCalculation,83,1,1,transient,,,,SetByCallerTags.Spread,Override,scalable_float,,,,,,,,,,,,,Channel0,0,,,,0,,,
CRIntellectDamageCalculation,84,0,0,captured_attribute,Intellect,Source,true,,Multiplicitive,scalable_float,,,,,,,,,,,,,Channel0,0,,,,0,,,
CRIntellectDamageCalculation,84,1,1,captured_attribute,DamageScale,Source,true,,Multiplicitive,set_by_caller,,,,,,,,,,,,SetByCaller.DamageScale,Channel0,0,,,,0,,,
CRIntellectDamageCalculation,84,2,2,captured_attribute,CritChance,Source,true,,Additive,scalable_float,,,,,,,,,,,,,Channel0,0,,,,0,,,
CRIntellectDamageCalculation,84,3,3,captured_attribute,CritChance,Source,true,,Additive,scalable_float,,,,,,,,,,,,,Channel0,0,,,,0,,,
CRIntellectDamageCalculation,85,0,0,captured_attribute,Intellect,Source,true,,Multiplicitive,scalable_float,,,,,,,,,,,,,Channel0,0,,,,0,,,
CRIntellectDamageCalculation,85,1,1,captured_attribute,DamageScale,Source,true,,MultiplyCompound,set_by_caller,,,,,,,,,,,,SetByCaller.DamageScale,Channel0,0,,,,0,,,
CRIntellectDamageCalculation,85,2,2,captured_attribute,DamageScale,Source,true,,MultiplyCompound,custom_calculation,,,,,,,,GMMC_Firemage_CastedPlacedAoe_DamageScaling,,,,,Channel0,0,,,,0,,,
CRIntellectDamageCalculation,86,0,0,captured_attribute,Intellect,Source,true,,Multiplicitive,scalable_float,,,,,,,,,,,,,Channel0,0,,,,0,,,
CRIntellectDamageCalculation,86,1,1,captured_attribute,CritChance,Source,true,,Additive,scalable_float,,,,,,,,,,,,,Channel0,0,,,,0,,,
CRIntellectDamageCalculation,86,2,2,captured_attribute,DamageScale,Source,true,,MultiplyCompound,scalable_float,,,,,,,,,,,,,Channel0,0,,,,0,,,
CRIntellectDamageCalculation,86,3,3,captured_attribute,DamageScale,Source,true,,MultiplyCompound,set_by_caller,,,,,,,,,,,,SetByCaller.DamageScale,Channel0,0,,,,0,,,
CRIntellectDamageCalculation,86,4,4,captured_attribute,CritChance,Source,true,,Additive,set_by_caller,,,,,,,,,,,,SetByCaller.CritChance,Channel0,0,,,,0,,,
CRIntellectDamageCalculation,87,0,0,captured_attribute,Intellect,Source,true,,Multiplicitive,scalable_float,,,,,,,,,,,,,Channel0,0,,,,0,,,
CRIntellectDamageCalculation,87,1,1,captured_attribute,CritChance,Source,true,,Additive,scalable_float,,,,,,,,,,,,,Channel0,0,,,,0,,,
CRIntellectDamageCalculation,87,2,2,captured_attribute,DamageScale,Source,true,,MultiplyCompound,scalable_float,,,,,,,,,,,,,Channel0,0,,,,0,,,
CRIntellectDamageCalculation,87,3,3,captured_attribute,DamageScale,Source,true,,MultiplyCompound,set_by_caller,,,,,,,,,,,,SetByCaller.DamageScale,Channel0,0,,,,0,,,
CRIntellectDamageCalculation,87,4,4,captured_attribute,CritChance,Source,true,,Additive,set_by_caller,,,,,,,,,,,,SetByCaller.CritChance,Channel0,0,,,,0,,,
CRIntellectDamageCalculation,88,0,0,captured_attribute,Intellect,Source,true,,Multiplicitive,scalable_float,,,,,,,,,,,,,Channel0,0,,,,0,,,
CRIntellectDamageCalculation,88,1,1,captured_attribute,DamageScale,Source,true,,MultiplyCompound,set_by_caller,,,,,,,,,,,,SetByCaller.DamageScaleTargetCount,Channel0,0,,,,0,,,
CRIntellectDamageCalculation,89,0,0,captured_attribute,Intellect,Source,true,,Multiplicitive,scalable_float,,,,,,,,,,,,,Channel0,0,,,,0,,,
CRIntellectDamageCalculation,89,1,1,captured_attribute,DamageScale,Source,true,,Multiplicitive,custom_calculation,,,,,,,,GMMC_Firemage_ChanneledForwardAoeDamage_DotStackingDamageScale,,,,,Channel0,0,,,,0,,,
CRIntellectDamageCalculation,89,2,2,captured_attribute,CritChance,Source,true,,Additive,scalable_float,,,,,,,,,,,,,Channel0,0,,,,0,,,
CRIntellectDamageCalculation,90,0,0,captured_attribute,Intellect,Source,true,,Multiplicitive,scalable_float,,,,,,,,,,,,,Channel0,0,,,,0,,,
CRIntellectDamageCalculation,90,1,1,captured_attribute,DamageScale,Source,true,,MultiplyCompound,set_by_caller,,,,,,,,,,,,SetByCaller.DamageScale,Channel0,0,,,,0,,,
CRIntellectDamageCalculation,90,2,2,captured_attribute,DamageScale,Source,true,,MultiplyCompound,set_by_caller,,,,,,,,,,,,SetByCaller.DamageScaleTargetCount,Channel0,0,,,,0,,,
CRIntellectDamageCalculation,90,3,3,captured_attribute,DamageScale,Source,true,,MultiplyCompound,scalable_float,,,,,,,,,,,,,Channel0,0,,,,0,,,
CRIntellectDamageCalculation,91,0,0,captured_attribute,Intellect,Source,true,,Multiplicitive,scalable_float,,,,,,,,,,,,,Channel0,0,,,,0,,,
CRIntellectDamageCalculation,91,1,1,captured_attribute,DamageScale,Source,true,,MultiplyCompound,scalable_float,,,,,,,,,,,,,Channel0,0,,,,0,,,
CRIntellectDamageCalculation,92,0,0,captured_attribute,Intellect,Source,true,,Multiplicitive,scalable_float,,,,,,,,,,,,,Channel0,0,,,,0,,,
CRIntellectDamageCalculation,93,0,0,captured_attribute,Intellect,Source,true,,Multiplicitive,scalable_float,,,,,,,,,,,,,Channel0,0,,,,0,,,
CRIntellectDamageCalculation,93,1,1,captured_attribute,DamageScale,Source,true,,MultiplyCompound,custom_calculation,,,,,,,,GMMC_Firemage_InstantSingleTargetDot_DotStackingDamageScale,,,,,Channel0,0,,,,0,,,
CRIntellectDamageCalculation,93,2,2,captured_attribute,CritChance,Source,true,,Additive,scalable_float,,,,,,,,,,,,,Channel0,0,,,,0,,,
CRIntellectDamageCalculation,93,3,3,captured_attribute,DamageScale,Source,true,,MultiplyCompound,set_by_caller,,,,,,,,,,,,SetByCaller.DamageScale,Channel0,0,,,,0,,,
CRIntellectDamageCalculation,93,4,4,captured_attribute,CritChance,Source,true,,Additive,set_by_caller,,,,,,,,,,,,SetByCaller.CritChance,Channel0,0,,,,0,,,
CRIntellectDamageCalculation,94,0,0,captured_attribute,Intellect,Source,true,,Multiplicitive,scalable_float,,,,,,,,,,,,,Channel0,0,,,,0,,,
CRIntellectDamageCalculation,94,1,1,captured_attribute,DamageScale,Source,true,,MultiplyCompound,set_by_caller,,,,,,,,,,,,SetByCaller.DamageScale,Channel0,0,,,,0,,,
CRIntellectDamageCalculation,94,2,2,captured_attribute,CritChance,Source,true,,Additive,scalable_float,,,,,,,,,,,,,Channel0,0,,,,0,,,
CRIntellectDamageCalculation,95,0,0,captured_attribute,Intellect,Source,true,,Multiplicitive,scalable_float,,,,,,,,,,,,,Channel0,0,,,,0,,,
CRIntellectDamageCalculation,95,1,1,captured_attribute,DamageScale,Source,true,,MultiplyCompound,custom_calculation,,,,,,,,GMMC_AscensionScaling_NoDispelNoInterrupt_Default,,,,,Channel0,0,,,,0,,,
CRIntellectDamageCalculation,95,2,2,transient,,,,SetByCallerTags.Spread,Override,scalable_float,,,,,,,,,,,,,Channel0,0,,,,0,,,
CRIntellectDamageCalculation,96,0,0,captured_attribute,Intellect,Source,true,,Multiplicitive,scalable_float,,,,,,,,,,,,,Channel0,0,,,,0,,,
CRIntellectDamageCalculation,96,1,1,captured_attribute,DamageScale,Source,true,,MultiplyCompound,custom_calculation,,,,,,,,GMMC_AscensionScaling_NoDispelNoInterrupt_Default,,,,,Channel0,0,,,,0,,,
CRIntellectDamageCalculation,96,2,2,transient,,,,SetByCallerTags.Spread,Override,scalable_float,,,,,,,,,,,,,Channel0,0,,,,0,,,
CRIntellectDamageCalculation,97,0,0,captured_attribute,Intellect,Source,true,,Multiplicitive,scalable_float,,,,,,,,,,,,,Channel0,0,,,,0,,,
CRIntellectDamageCalculation,98,0,0,captured_attribute,Intellect,Source,true,,Multiplicitive,scalable_float,,,,,,,,,,,,,Channel0,0,,,,0,,,
CRIntellectDamageCalculation,99,0,0,captured_attribute,Intellect,Source,true,,Multiplicitive,scalable_float,,,,,,,,,,,,,Channel0,0,,,,0,,,
CRIntellectDamageCalculation,99,1,1,captured_attribute,DamageScale,Source,true,,MultiplyCompound,custom_calculation,,,,,,,,GMMC_AscensionScaling_NoDispelNoInterrupt_Default,,,,,Channel0,0,,,,0,,,
CRIntellectDamageCalculation,100,0,0,captured_attribute,Intellect,Source,true,,Multiplicitive,scalable_float,,,,,,,,,,,,,Channel0,0,,,,0,,,
CRIntellectDamageCalculation,101,0,0,captured_attribute,Intellect,Source,true,,Multiplicitive,scalable_float,,,,,,,,,,,,,Channel0,0,,,,0,,,
CRIntellectDamageCalculation,102,0,0,captured_attribute,Intellect,Source,true,,Multiplicitive,scalable_float,,,,,,,,,,,,,Channel0,0,,,,0,,,
CRIntellectDamageCalculation,102,1,1,captured_attribute,DamageScale,Source,true,,MultiplyCompound,custom_calculation,,,,,,,,GMMC_AscensionScaling_NoDispelNoInterrupt_Default,,,,,Channel0,0,,,,0,,,
CRIntellectDamageCalculation,103,0,0,captured_attribute,Intellect,Source,true,,Multiplicitive,scalable_float,,,,,,,,,,,,,Channel0,0,,,,0,,,
CRIntellectDamageCalculation,103,1,1,captured_attribute,DamageScale,Source,true,,MultiplyCompound,custom_calculation,,,,,,,,GMMC_AscensionScaling_NoDispelNoInterrupt_Default,,,,,Channel0,0,,,,0,,,
CRIntellectDamageCalculation,104,0,0,captured_attribute,Intellect,Source,true,,Multiplicitive,scalable_float,,,,,,,,,,,,,Channel0,0,,,,0,,,
CRIntellectDamageCalculation,104,1,1,transient,,,,SetByCallerTags.Spread,Override,scalable_float,,,,,,,,,,,,,Channel0,0,,,,0,,,
CRIntellectDamageCalculation,104,2,2,captured_attribute,DamageThreatMultiplier,Source,true,,Multiplicitive,scalable_float,,,,,,,,,,,,,Channel0,0,,,,0,,,
CRIntellectDamageCalculation,105,0,0,captured_attribute,Intellect,Source,true,,Multiplicitive,scalable_float,,,,,,,,,,,,,Channel0,0,,,,0,,,
CRIntellectDamageCalculation,105,1,1,transient,,,,SetByCallerTags.Spread,Override,scalable_float,,,,,,,,,,,,,Channel0,0,,,,0,,,
CRIntellectDamageCalculation,105,2,2,captured_attribute,DamageThreatMultiplier,Source,true,,Multiplicitive,scalable_float,,,,,,,,,,,,,Channel0,0,,,,0,,,
CRIntellectDamageCalculation,106,0,0,captured_attribute,Intellect,Source,true,,Multiplicitive,scalable_float,,,,,,,,,,,,,Channel0,0,,,,0,,,
CRIntellectDamageCalculation,106,1,1,captured_attribute,DamageThreatMultiplier,Source,true,,Multiplicitive,scalable_float,,,,,,,,,,,,,Channel0,0,,,,0,,,
CRIntellectDamageCalculation,107,0,0,captured_attribute,Intellect,Source,true,,Multiplicitive,scalable_float,,,,,,,,,,,,,Channel0,0,,,,0,,,
CRIntellectDamageCalculation,107,1,1,transient,,,,SetByCallerTags.Spread,Override,scalable_float,,,,,,,,,,,,,Channel0,0,,,,0,,,
CRIntellectDamageCalculation,108,0,0,captured_attribute,Intellect,Source,true,,Multiplicitive,scalable_float,,,,,,,,,,,,,Channel0,0,,,,0,,,
CRIntellectDamageCalculation,108,1,1,transient,,,,SetByCallerTags.Spread,Override,scalable_float,,,,,,,,,,,,,Channel0,0,,,,0,,,
CRIntellectDamageCalculation,109,0,0,captured_attribute,Intellect,Source,true,,Multiplicitive,scalable_float,,,,,,,,,,,,,Channel0,0,,,,0,,,
CRIntellectDamageCalculation,109,1,1,transient,,,,SetByCallerTags.Spread,Override,scalable_float,,,,,,,,,,,,,Channel0,0,,,,0,,,
CRIntellectDamageCalculation,110,0,0,captured_attribute,Intellect,Source,true,,Multiplicitive,scalable_float,,,,,,,,,,,,,Channel0,0,,,,0,,,
CRIntellectDamageCalculation,110,1,1,captured_attribute,CritChance,Source,true,,Additive,scalable_float,,,,,,,,,,,,,Channel0,0,,,,0,,,
CRIntellectDamageCalculation,111,0,0,captured_attribute,Intellect,Source,true,,Multiplicitive,scalable_float,,,,,,,,,,,,,Channel0,0,,,,0,,,
CRIntellectDamageCalculation,111,1,1,captured_attribute,DamageScale,Source,true,,Multiplicitive,set_by_caller,,,,,,,,,,,,SetByCaller.Talent.DamageScale,Channel0,0,,,,0,,,
CRIntellectDamageCalculation,111,2,2,captured_attribute,CritChance,Source,true,,Additive,scalable_float,,,,,,,,,,,,,Channel0,0,,,,0,,,
CRIntellectDamageCalculation,112,0,0,captured_attribute,Intellect,Source,true,,Multiplicitive,scalable_float,,,,,,,,,,,,,Channel0,0,,,,0,,,
CRIntellectDamageCalculation,112,1,1,captured_attribute,CritMultiplier,Source,true,,Multiplicitive,scalable_float,,,,,,,,,,,,,Channel0,0,,,,0,,,
CRIntellectDamageCalculation,113,0,0,captured_attribute,Intellect,Source,true,,Multiplicitive,scalable_float,,,,,,,,,,,,,Channel0,0,,,,0,,,
CRIntellectDamageCalculation,114,0,0,captured_attribute,Intellect,Source,true,,Multiplicitive,scalable_float,,,,,,,,,,,,,Channel0,0,,,,0,,,
CRIntellectDamageCalculation,115,0,0,captured_attribute,Intellect,Source,true,,Multiplicitive,scalable_float,,,,,,,,,,,,,Channel0,0,,,,0,,,
CRIntellectDamageCalculation,115,1,1,captured_attribute,DamageScale,Source,true,,MultiplyCompound,scalable_float,,,,,,,,,,,,,Channel0,0,,,,0,,,
CRIntellectDamageCalculation,116,0,0,captured_attribute,Intellect,Source,true,,Multiplicitive,set_by_caller,,,,,,,,,,,,SetByCaller.Damage,Channel0,0,,,,0,,,
CRIntellectDamageCalculation,116,1,1,captured_attribute,DamageScale,Source,true,,MultiplyCompound,set_by_caller,,,,,,,,,,,,SetByCaller.DamageScaleTargetCount,Channel0,0,,,,0,,,
CRIntellectDamageCalculation,117,0,0,captured_attribute,Intellect,Source,true,,Multiplicitive,scalable_float,,,,,,,,,,,,,Channel0,0,,,,0,,,
CRIntellectDamageCalculation,117,1,1,captured_attribute,DamageScale,Source,true,,MultiplyCompound,set_by_caller,,,,,,,,,,,,SetByCaller.DamageScaleTargetCount,Channel0,0,,,,0,,,
CRIntellectDamageCalculation,118,0,0,captured_attribute,Intellect,Source,true,,Multiplicitive,scalable_float,,,,,,,,,,,,,Channel0,0,,,,0,,,
CRIntellectDamageCalculation,118,1,1,captured_attribute,DamageScale,Source,true,,MultiplyCompound,set_by_caller,,,,,,,,,,,,SetByCaller.DamageScaleTargetCount,Channel0,0,,,,0,,,
CRIntellectDamageCalculation,119,0,0,captured_attribute,Intellect,Source,true,,MultiplyCompound,scalable_float,,,,,,,,,,,,,Channel0,0,,,,0,,,
CRIntellectDamageCalculation,120,0,0,captured_attribute,Intellect,Source,true,,MultiplyCompound,scalable_float,,,,,,,,,,,,,Channel0,0,,,,0,,,
CRIntellectDamageCalculation,120,1,1,transient,,,,SetByCallerTags.Spread,Override,scalable_float,,,,,,,,,,,,,Channel0,0,,,,0,,,
CRIntellectDamageCalculation,121,0,0,captured_attribute,Intellect,Source,true,,MultiplyCompound,scalable_float,,,,,,,,,,,,,Channel0,0,,,,0,,,
CRIntellectDamageCalculation,122,0,0,captured_attribute,Intellect,Source,true,,MultiplyCompound,scalable_float,,,,,,,,,,,,,Channel0,0,,,,0,,,
CRIntellectDamageCalculation,122,1,1,transient,,,,SetByCallerTags.Spread,Override,scalable_float,,,,,,,,,,,,,Channel0,0,,,,0,,,
CRIntellectDamageCalculation,123,0,0,captured_attribute,Intellect,Source,true,,Multiplicitive,scalable_float,,,,,,,,,,,,,Channel0,0,,,,0,,,
CRIntellectDamageCalculation,123,1,1,captured_attribute,DamageScale,Source,true,,Multiplicitive,custom_calculation,,,,,,,,GMMC_AscensionScaling_NoDispelNoInterrupt_Default,,,,,Channel0,0,,,,0,,,
CRIntellectDamageCalculation,124,0,0,captured_attribute,Intellect,Source,true,,MultiplyCompound,scalable_float,,,,,,,,,,,,,Channel0,0,,,,0,,,
CRIntellectDamageCalculation,125,0,0,captured_attribute,Intellect,Source,true,,Multiplicitive,scalable_float,,,,,,,,,,,,,Channel0,0,,,,0,,,
CRIntellectDamageCalculation,126,0,0,captured_attribute,Intellect,Source,true,,Multiplicitive,scalable_float,,,,,,,,,,,,,Channel0,0,,,,0,,,
CRIntellectDamageCalculation,127,0,0,captured_attribute,Intellect,Source,true,,Multiplicitive,scalable_float,,,,,,,,,,,,,Channel0,0,,,,0,,,
CRIntellectDamageCalculation,127,1,1,captured_attribute,DamageScale,Source,true,,MultiplyCompound,set_by_caller,,,,,,,,,,,,SetByCaller.DamageScale2,Channel0,0,,,,0,,,
CRIntellectDamageCalculation,127,2,2,captured_attribute,DamageScale,Source,true,,MultiplyCompound,scalable_float,,,,,,,,,,,,,Channel0,0,,,,0,,,
CRIntellectDamageCalculation,128,0,0,captured_attribute,Intellect,Source,true,,Multiplicitive,scalable_float,,,,,,,,,,,,,Channel0,0,,,,0,,,
CRIntellectDamageCalculation,128,1,1,captured_attribute,DamageScale,Source,true,,MultiplyCompound,custom_calculation,,,,,,,,GMMC_Meiko_Talent_ProjectileTurret_DamageIncreasePerPinkButterfly_Calculator,,,,,Channel0,0,,,,0,,,
CRIntellectDamageCalculation,128,2,2,captured_attribute,DamageScale,Source,true,,MultiplyCompound,set_by_caller,,,,,,,,,,,,SetByCaller.DamageScale,Channel0,0,,,,0,,,
CRIntellectDamageCalculation,129,0,0,captured_attribute,Intellect,Source,true,,Multiplicitive,scalable_float,,,,,,,,,,,,,Channel0,0,,,,0,,,
CRIntellectDamageCalculation,129,1,1,captured_attribute,DamageScale,Source,true,,MultiplyCompound,custom_calculation,,,,,,,,GMMC_AscensionScaling_NoDispelNoInterrupt_Default,,,,,Channel0,0,,,,0,,,
CRIntellectDamageCalculation,130,0,0,captured_attribute,Intellect,Source,true,,Multiplicitive,scalable_float,,,,,,,,,,,,,Channel0,0,,,,0,,,
CRIntellectDamageCalculation,130,1,1,captured_attribute,DamageScale,Source,true,,MultiplyCompound,custom_calculation,,,,,,,,GMMC_AscensionScaling_NoDispelNoInterrupt_Default,,,,,Channel0,0,,,,0,,,
CRIntellectDamageCalculation,131,0,0,captured_attribute,Intellect,Source,true,,Multiplicitive,scalable_float,,,,,,,,,,,,,Channel0,0,,,,0,,,
CRIntellectDamageCalculation,132,0,0,captured_attribute,Intellect,Source,true,,Multiplicitive,set_by_caller,,,,,,,,,,,,SetByCaller.IntellectCoefficient,Channel0,0,,,,0,,,
CRIntellectDamageCalculation,133,0,0,captured_attribute,Intellect,Source,true,,Multiplicitive,scalable_float,,,,,,,,,,,,,Channel0,0,,,,0,,,
CRIntellectDamageCalculation,134,0,0,captured_attribute,Intellect,Source,true,,Multiplicitive,scalable_float,,,,,,,,,,,,,Channel0,0,,,,0,,,
CRIntellectDamageCalculation,135,0,0,captured_attribute,Intellect,Source,true,,Multiplicitive,scalable_float,,,,,,,,,,,,,Channel0,0,,,,0,,,
CRIntellectDamageCalculation,136,0,0,captured_attribute,Intellect,Source,true,,MultiplyCompound,scalable_float,,,,,,,,,,,,,Channel0,0,,,,0,,,
CRIntellectDamageCalculation,137,0,0,captured_attribute,Intellect,Source,true,,Multiplicitive,scalable_float,,,,,,,,,,,,,Channel0,0,,,,0,,,
CRIntellectDamageCalculation,138,0,0,captured_attribute,Intellect,Source,true,,Multiplicitive,scalable_float,,,,,,,,,,,,,Channel0,0,,,,0,,,
CRIntellectDamageCalculation,138,1,1,transient,,,,SetByCallerTags.Spread,Override,scalable_float,,,,,,,,,,,,,Channel0,0,,,,0,,,
CRIntellectDamageCalculation,139,0,0,captured_attribute,Intellect,Source,true,,Multiplicitive,scalable_float,,,,,,,,,,,,,Channel0,0,,,,0,,,
CRIntellectDamageCalculation,140,0,0,captured_attribute,Intellect,Source,true,,Multiplicitive,scalable_float,,,,,,,,,,,,,Channel0,0,,,,0,,,
CRIntellectDamageCalculation,140,1,1,captured_attribute,DamageScale,Source,true,,MultiplyCompound,custom_calculation,,,,,,,,GMMC_AscensionScaling_NoDispelNoInterrupt_Default,,,,,Channel0,0,,,,0,,,
CRIntellectDamageCalculation,141,0,0,captured_attribute,Intellect,Source,true,,Multiplicitive,scalable_float,,,,,,,,,,,,,Channel0,0,,,,0,,,
CRIntellectDamageCalculation,141,1,1,captured_attribute,DamageScale,Source,true,,MultiplyCompound,custom_calculation,,,,,,,,GMMC_AscensionScaling_NoDispelNoInterrupt_Default,,,,,Channel0,0,,,,0,,,
CRIntellectDamageCalculation,142,0,0,captured_attribute,Intellect,Source,true,,Multiplicitive,scalable_float,,,,,,,,,,,,,Channel0,0,,,,0,,,
CRIntellectDamageCalculation,143,0,0,captured_attribute,Intellect,Source,true,,Multiplicitive,scalable_float,,,,,,,,,,,,,Channel0,0,,,,0,,,
CRIntellectDamageCalculation,143,1,1,captured_attribute,DamageScale,Source,true,,MultiplyCompound,custom_calculation,,,,,,,,GMMC_AscensionScaling_NoDispelNoInterrupt_Default,,,,,Channel0,0,,,,0,,,
CRIntellectDamageCalculation,144,0,0,captured_attribute,Intellect,Source,true,,Multiplicitive,scalable_float,,,,,,,,,,,,,Channel0,0,,,,0,,,
CRIntellectDamageCalculation,144,1,1,captured_attribute,DamageScale,Source,true,,MultiplyCompound,custom_calculation,,,,,,,,GMMC_AscensionScaling_NoDispelNoInterrupt_Default,,,,,Channel0,0,,,,0,,,
CRIntellectDamageCalculation,145,0,0,captured_attribute,Intellect,Source,true,,Multiplicitive,scalable_float,,,,,,,,,,,,,Channel0,0,,,,0,,,
CRIntellectDamageCalculation,145,1,1,captured_attribute,DamageScale,Source,true,,MultiplyCompound,custom_calculation,,,,,,,,GMMC_AscensionScaling_NoDispelNoInterrupt_Default,,,,,Channel0,0,,,,0,,,
CRIntellectDamageCalculation,146,0,0,captured_attribute,Intellect,Source,true,,Multiplicitive,scalable_float,,,,,,,,,,,,,Channel0,0,,,,0,,,
CRIntellectDamageCalculation,146,1,1,captured_attribute,DamageScale,Source,true,,MultiplyCompound,custom_calculation,,,,,,,,GMMC_AscensionScaling_NoDispelNoInterrupt_Default,,,,,Channel0,0,,,,0,,,
CRIntellectDamageCalculation,147,0,0,captured_attribute,Intellect,Source,true,,Multiplicitive,scalable_float,,,,,,,,,,,,,Channel0,0,,,,0,,,
CRIntellectDamageCalculation,147,1,1,captured_attribute,DamageScale,Source,true,,Multiplicitive,set_by_caller,,,,,,,,,,,,SetByCaller.DamageScale,Channel0,0,,,,0,,,
CRIntellectDamageCalculation,147,2,2,captured_attribute,DamageScale,Source,true,,MultiplyCompound,custom_calculation,,,,,,,,GMMC_Rime_DamageBonusApplication,,,,,Channel0,0,,,,0,,,
CRIntellectDamageCalculation,147,3,3,captured_attribute,CritChance,Source,true,,Additive,scalable_float,,,,,,,,,,,,,Channel0,0,,,,0,,,
CRIntellectDamageCalculation,147,4,4,captured_attribute,DamageScale,Source,true,,MultiplyCompound,attribute_based,Spirit,Source,false,,,AttributeMagnitude,Channel0,,,,,,Channel0,0,,,,0,,,
CRIntellectDamageCalculation,148,0,0,captured_attribute,Intellect,Source,true,,Multiplicitive,scalable_float,,,,,,,,,,,,,Channel0,0,,,,0,,,
CRIntellectDamageCalculation,148,1,1,captured_attribute,DamageScale,Source,true,,MultiplyCompound,set_by_caller,,,,,,,,,,,,SetByCaller.DamageScale,Channel0,0,,,,0,,,
CRIntellectDamageCalculation,148,2,2,captured_attribute,DamageScale,Source,true,,Multiplicitive,scalable_float,,,,,,,,,,,,,Channel0,0,,,,0,,,
CRIntellectDamageCalculation,148,3,3,captured_attribute,DamageScale,Source,true,,MultiplyCompound,set_by_caller,,,,,,,,,,,,SetByCaller.DamageScale2,Channel0,0,,,,0,,,
CRIntellectDamageCalculation,148,4,4,captured_attribute,DamageScale,Source,true,,MultiplyCompound,set_by_caller,,,,,,,,,,,,SetByCaller.DamageScale3,Channel0,0,,,,0,,,
CRIntellectDamageCalculation,148,5,5,captured_attribute,DamageScale,Source,true,,MultiplyCompound,set_by_caller,,,,,,,,,,,,SetByCaller.DamageScale4,Channel0,0,,,,0,,,
CRIntellectDamageCalculation,149,0,0,captured_attribute,Intellect,Source,true,,Multiplicitive,scalable_float,,,,,,,,,,,,,Channel0,0,,,,0,,,
CRIntellectDamageCalculation,150,0,0,captured_attribute,Intellect,Source,true,,Multiplicitive,scalable_float,,,,,,,,,,,,,Channel0,0,,,,0,,,
CRIntellectDamageCalculation,150,1,1,captured_attribute,DamageScale,Source,true,,MultiplyCompound,set_by_caller,,,,,,,,,,,,SetByCaller.DamageScale,Channel0,0,,,,0,,,
CRIntellectDamageCalculation,150,2,2,captured_attribute,CritChance,Source,true,,Additive,scalable_float,,,,,,,,,,,,,Channel0,0,,,,0,,,
CRIntellectDamageCalculation,150,3,3,captured_attribute,DamageScale,Source,true,,MultiplyCompound,scalable_float,,,,,,,,,,,,,Channel0,0,,,,0,,,
CRIntellectDamageCalculation,150,4,4,captured_attribute,CritChance,Source,true,,Additive,set_by_caller,,,,,,,,,,,,SetByCaller.CritChance,Channel0,0,,,,0,,,
CRIntellectDamageCalculation,151,0,0,captured_attribute,Intellect,Source,true,,Multiplicitive,scalable_float,,,,,,,,,,,,,Channel0,0,,,,0,,,
CRIntellectDamageCalculation,151,1,1,captured_attribute,DamageScale,Source,true,,MultiplyCompound,set_by_caller,,,,,,,,,,,,SetByCaller.DamageScale,Channel0,0,,,,0,,,
CRIntellectDamageCalculation,151,2,2,captured_attribute,DamageScale,Source,true,,MultiplyCompound,set_by_caller,,,,,,,,,,,,SetByCaller.DamageScale2,Channel0,0,,,,0,,,
CRIntellectDamageCalculation,152,0,0,captured_attribute,Intellect,Source,true,,Multiplicitive,scalable_float,,,,,,,,,,,,,Channel0,0,,,,0,,,
CRIntellectDamageCalculation,152,1,1,captured_attribute,DamageScale,Source,true,,Multiplicitive,set_by_caller,,,,,,,,,,,,SetByCaller.DamageScale,Channel0,0,,,,0,,,
CRIntellectDamageCalculation,152,2,2,captured_attribute,DamageScale,Source,true,,Multiplicitive,scalable_float,,,,,,,,,,,,,Channel0,0,,,,0,,,
CRIntellectDamageCalculation,152,3,3,captured_attribute,DamageScale,Source,true,,MultiplyCompound,set_by_caller,,,,,,,,,,,,SetByCaller.DamageScale2,Channel0,0,,,,0,,,
CRIntellectDamageCalculation,152,4,4,captured_attribute,CritChance,Source,true,,Additive,set_by_caller,,,,,,,,,,,,SetByCaller.CritChance,Channel0,0,,,,0,,,
CRIntellectDamageCalculation,153,0,0,captured_attribute,Intellect,Source,true,,Multiplicitive,scalable_float,,,,,,,,,,,,,Channel0,0,,,,0,,,
CRIntellectDamageCalculation,153,1,1,captured_attribute,DamageScale,Source,true,,MultiplyCompound,set_by_caller,,,,,,,,,,,,SetByCaller.DamageScale,Channel0,0,,,,0,,,
CRIntellectDamageCalculation,154,0,0,captured_attribute,Intellect,Source,true,,Multiplicitive,scalable_float,,,,,,,,,,,,,Channel0,0,,,,0,,,
CRIntellectDamageCalculation,154,1,1,captured_attribute,DamageScale,Source,true,,MultiplyCompound,set_by_caller,,,,,,,,,,,,SetByCaller.DamageScale2,Channel0,0,,,,0,,,
CRIntellectDamageCalculation,154,2,2,captured_attribute,CritChance,Source,true,,Additive,set_by_caller,,,,,,,,,,,,SetByCaller.CritChance,Channel0,0,,,,0,,,
CRIntellectDamageCalculation,155,0,0,captured_attribute,Intellect,Source,true,,Multiplicitive,scalable_float,,,,,,,,,,,,,Channel0,0,,,,0,,,
CRIntellectDamageCalculation,155,1,1,captured_attribute,DamageScale,Source,true,,MultiplyCompound,set_by_caller,,,,,,,,,,,,SetByCaller.DamageScale,Channel0,0,,,,0,,,
CRIntellectDamageCalculation,155,2,2,captured_attribute,DamageScale,Source,true,,MultiplyCompound,set_by_caller,,,,,,,,,,,,SetByCaller.DamageScale2,Channel0,0,,,,0,,,
CRIntellectDamageCalculation,156,0,0,captured_attribute,Intellect,Source,true,,Multiplicitive,scalable_float,,,,,,,,,,,,,Channel0,0,,,,0,,,
CRIntellectDamageCalculation,156,1,1,captured_attribute,DamageScale,Source,true,,MultiplyCompound,custom_calculation,,,,,,,,GMMC_Rime_DamageBonusApplication,,,,,Channel0,0,,,,0,,,
CRIntellectDamageCalculation,156,2,2,captured_attribute,DamageScale,Source,true,,MultiplyCompound,set_by_caller,,,,,,,,,,,,SetByCaller.DamageScale2,Channel0,0,,,,0,,,
CRIntellectDamageCalculation,156,3,3,captured_attribute,CritChance,Source,true,,Additive,scalable_float,,,,,,,,,,,,,Channel0,0,,,,0,,,
CRIntellectDamageCalculation,156,4,4,captured_attribute,DamageScale,Source,true,,MultiplyCompound,attribute_based,Spirit,Source,false,,,AttributeMagnitude,Channel0,,,,,,Channel0,0,,,,0,,,
CRIntellectDamageCalculation,157,0,0,captured_attribute,Intellect,Source,true,,Multiplicitive,scalable_float,,,,,,,,,,,,,Channel0,0,,,,0,,,
CRIntellectDamageCalculation,158,0,0,captured_attribute,Intellect,Source,true,,Multiplicitive,scalable_float,,,,,,,,,,,,,Channel0,0,,,,0,,,
CRIntellectDamageCalculation,158,1,1,captured_attribute,DamageScale,Source,true,,Multiplicitive,custom_calculation,,,,,,,,GMMC_AscensionScaling_NoDispelNoInterrupt_Default,,,,,Channel0,0,,,,0,,,
CRIntellectDamageCalculation,159,0,0,captured_attribute,Intellect,Source,true,,Multiplicitive,set_by_caller,,,,,,,,,,,,SetByCaller.IntellectCoefficient,Channel0,0,,,,0,,,
CRIntellectDamageCalculation,160,0,0,captured_attribute,Intellect,Source,true,,Multiplicitive,scalable_float,,,,,,,,,,,,,Channel0,0,,,,0,,,
CRIntellectDamageCalculation,160,1,1,transient,,,,SetByCallerTags.Spread,Override,scalable_float,,,,,,,,,,,,,Channel0,0,,,,0,,,
CRIntellectDamageCalculation,160,2,2,captured_attribute,DamageScale,Source,true,,Multiplicitive,custom_calculation,,,,,,,,GMMC_AscensionScaling_NoDispelNoInterrupt_Default,,,,,Channel0,0,,,,0,,,
CRIntellectDamageCalculation,161,0,0,captured_attribute,Intellect,Source,true,,Multiplicitive,scalable_float,,,,,,,,,,,,,Channel0,0,,,,0,,,
CRIntellectDamageCalculation,161,1,1,transient,,,,SetByCallerTags.Spread,Override,scalable_float,,,,,,,,,,,,,Channel0,0,,,,0,,,
CRIntellectDamageCalculation,162,0,0,captured_attribute,Intellect,Source,true,,Multiplicitive,scalable_float,,,,,,,,,,,,,Channel0,0,,,,0,,,
CRIntellectDamageCalculation,162,1,1,captured_attribute,DamageScale,Source,true,,MultiplyCompound,custom_calculation,,,,,,,,GMMC_AscensionScaling_NoDispelNoInterrupt_Default,,,,,Channel0,0,,,,0,,,
CRIntellectDamageCalculation,163,0,0,captured_attribute,Intellect,Source,true,,Multiplicitive,scalable_float,,,,,,,,,,,,,Channel0,0,,,,0,,,
CRIntellectDamageCalculation,164,0,0,transient,,,,SetByCallerTags.Spread,Override,scalable_float,,,,,,,,,,,,,Channel0,0,,,,0,,,
CRIntellectDamageCalculation,164,1,1,captured_attribute,Intellect,Source,true,,Multiplicitive,scalable_float,,,,,,,,,,,,,Channel0,0,,,,0,,,
CRIntellectDamageCalculation,165,0,0,captured_attribute,Intellect,Source,true,,MultiplyCompound,scalable_float,,,,,,,,,,,,,Channel0,0,,,,0,,,
CRIntellectDamageCalculation,166,0,0,captured_attribute,Intellect,Source,true,,MultiplyCompound,scalable_float,,,,,,,,,,,,,Channel0,0,,,,0,,,
CRIntellectDamageCalculation,167,0,0,captured_attribute,Intellect,Source,true,,Multiplicitive,scalable_float,,,,,,,,,,,,,Channel0,0,,,,0,,,
CRIntellectDamageCalculation,168,0,0,captured_attribute,Intellect,Source,true,,Multiplicitive,scalable_float,,,,,,,,,,,,,Channel0,0,,,,0,,,
CRIntellectDamageCalculation,169,0,0,captured_attribute,Intellect,Source,true,,Multiplicitive,scalable_float,,,,,,,,,,,,,Channel0,0,,,,0,,,
CRIntellectDamageCalculation,169,1,1,transient,,,,SetByCallerTags.Spread,Override,scalable_float,,,,,,,,,,,,,Channel0,0,,,,0,,,
CRIntellectDamageCalculation,169,2,2,captured_attribute,DamageScale,Source,true,,MultiplyCompound,set_by_caller,,,,,,,,,,,,SetByCaller.DamageScale,Channel0,0,,,,0,,,
CRIntellectDamageCalculation,170,0,0,captured_attribute,Intellect,Source,true,,Multiplicitive,scalable_float,,,,,,,,,,,,,Channel0,0,,,,0,,,
CRIntellectDamageCalculation,170,1,1,transient,,,,SetByCallerTags.Spread,Override,scalable_float,,,,,,,,,,,,,Channel0,0,,,,0,,,
CRIntellectDamageCalculation,171,0,0,captured_attribute,Intellect,Source,true,,Multiplicitive,scalable_float,,,,,,,,,,,,,Channel0,0,,,,0,,,
CRIntellectDamageCalculation,171,1,1,transient,,,,SetByCallerTags.Spread,Override,scalable_float,,,,,,,,,,,,,Channel0,0,,,,0,,,
CRIntellectDamageCalculation,172,0,0,captured_attribute,Intellect,Source,true,,Multiplicitive,scalable_float,,,,,,,,,,,,,Channel0,0,,,,0,,,
CRIntellectDamageCalculation,172,1,1,transient,,,,SetByCallerTags.Spread,Override,scalable_float,,,,,,,,,,,,,Channel0,0,,,,0,,,
CRIntellectDamageCalculation,173,0,0,transient,,,,SetByCallerTags.Spread,Override,scalable_float,,,,,,,,,,,,,Channel0,0,,,,0,,,
CRIntellectDamageCalculation,173,1,1,captured_attribute,Intellect,Source,true,,Multiplicitive,scalable_float,,,,,,,,,,,,,Channel0,0,,,,0,,,
CRIntellectDamageCalculation,174,0,0,captured_attribute,Intellect,Source,true,,Multiplicitive,scalable_float,,,,,,,,,,,,,Channel0,0,,,,0,,,
CRIntellectDamageCalculation,175,0,0,captured_attribute,Intellect,Source,true,,Multiplicitive,scalable_float,,,,,,,,,,,,,Channel0,0,,,,0,,,
CRIntellectDamageCalculation,175,1,1,transient,,,,SetByCallerTags.Spread,Override,scalable_float,,,,,,,,,,,,,Channel0,0,,,,0,,,
CRIntellectDamageCalculation,176,0,0,captured_attribute,Intellect,Source,true,,Multiplicitive,scalable_float,,,,,,,,,,,,,Channel0,0,,,,0,,,
CRIntellectDamageCalculation,177,0,0,captured_attribute,Intellect,Source,true,,Multiplicitive,scalable_float,,,,,,,,,,,,,Channel0,0,,,,0,,,
CRIntellectDamageCalculation,177,1,1,transient,,,,SetByCallerTags.Spread,Override,scalable_float,,,,,,,,,,,,,Channel0,0,,,,0,,,
CRIntellectDamageCalculation,178,0,0,captured_attribute,Intellect,Source,true,,Multiplicitive,scalable_float,,,,,,,,,,,,,Channel0,0,,,,0,,,
CRIntellectDamageCalculation,179,0,0,captured_attribute,Intellect,Source,true,,Multiplicitive,scalable_float,,,,,,,,,,,,,Channel0,0,,,,0,,,
CRIntellectDamageCalculation,179,1,1,transient,,,,SetByCallerTags.Spread,Override,scalable_float,,,,,,,,,,,,,Channel0,0,,,,0,,,
CRIntellectDamageCalculation,180,0,0,captured_attribute,Intellect,Source,true,,Multiplicitive,scalable_float,,,,,,,,,,,,,Channel0,0,,,,0,,,
CRIntellectDamageCalculation,180,1,1,transient,,,,SetByCallerTags.Spread,Override,scalable_float,,,,,,,,,,,,,Channel0,0,,,,0,,,
CRIntellectDamageCalculation,181,0,0,captured_attribute,Intellect,Source,true,,Multiplicitive,scalable_float,,,,,,,,,,,,,Channel0,0,,,,0,,,
CRIntellectDamageCalculation,182,0,0,captured_attribute,Intellect,Source,true,,Multiplicitive,scalable_float,,,,,,,,,,,,,Channel0,0,,,,0,,,
CRIntellectDamageCalculation,182,1,1,transient,,,,SetByCallerTags.Spread,Override,scalable_float,,,,,,,,,,,,,Channel0,0,,,,0,,,
CRIntellectDamageCalculation,182,2,2,captured_attribute,DamageScale,Source,true,,Override,set_by_caller,,,,,,,,,,,,SetByCaller.DamageScale,Channel0,0,,,,0,,,
CRIntellectDamageCalculation,183,0,0,captured_attribute,Intellect,Source,true,,Multiplicitive,scalable_float,,,,,,,,,,,,,Channel0,0,,,,0,,,
CRIntellectDamageCalculation,184,0,0,captured_attribute,Intellect,Source,true,,Multiplicitive,scalable_float,,,,,,,,,,,,,Channel0,0,,,,0,,,
CRIntellectDamageCalculation,184,1,1,transient,,,,SetByCallerTags.Spread,Override,scalable_float,,,,,,,,,,,,,Channel0,0,,,,0,,,
CRIntellectDamageCalculation,185,0,0,captured_attribute,Intellect,Source,true,,Multiplicitive,scalable_float,,,,,,,,,,,,,Channel0,0,,,,0,,,
CRIntellectDamageCalculation,186,0,0,captured_attribute,Intellect,Source,true,,Additive,scalable_float,,,,,,,,,,,,,Channel0,0,,,,0,,,
CRIntellectDamageCalculation,187,0,0,captured_attribute,Intellect,Source,true,,Multiplicitive,scalable_float,,,,,,,,,,,,,Channel0,0,,,,0,,,
CRIntellectDamageCalculation,187,1,1,transient,,,,SetByCallerTags.Spread,Override,scalable_float,,,,,,,,,,,,,Channel0,0,,,,0,,,
CRIntellectDamageCalculation,188,0,0,captured_attribute,Intellect,Source,true,,Multiplicitive,scalable_float,,,,,,,,,,,,,Channel0,0,,,,0,,,
CRIntellectDamageCalculation,189,0,0,captured_attribute,Intellect,Source,true,,Multiplicitive,scalable_float,,,,,,,,,,,,,Channel0,0,,,,0,,,
CRIntellectDamageCalculation,190,0,0,captured_attribute,Intellect,Source,true,,Multiplicitive,scalable_float,,,,,,,,,,,,,Channel0,0,,,,0,,,
CRIntellectDamageCalculation,190,1,1,transient,,,,SetByCallerTags.Spread,Override,scalable_float,,,,,,,,,,,,,Channel0,0,,,,0,,,
CRIntellectDamageCalculation,190,2,2,captured_attribute,DamageScale,Source,true,,Override,set_by_caller,,,,,,,,,,,,SetByCaller.DamageScale,Channel0,0,,,,0,,,
CRIntellectDamageCalculation,191,0,0,captured_attribute,Intellect,Source,true,,Multiplicitive,scalable_float,,,,,,,,,,,,,Channel0,0,,,,0,,,
CRIntellectDamageCalculation,191,1,1,transient,,,,SetByCallerTags.Spread,Override,scalable_float,,,,,,,,,,,,,Channel0,0,,,,0,,,
CRIntellectDamageCalculation,192,0,0,captured_attribute,Intellect,Source,true,,Multiplicitive,scalable_float,,,,,,,,,,,,,Channel0,0,,,,0,,,
CRIntellectDamageCalculation,193,0,0,captured_attribute,Intellect,Source,true,,Multiplicitive,scalable_float,,,,,,,,,,,,,Channel0,0,,,,0,,,
CRIntellectDamageCalculation,194,0,0,captured_attribute,Intellect,Source,true,,Multiplicitive,scalable_float,,,,,,,,,,,,,Channel0,0,,,,0,,,
CRIntellectDamageCalculation,195,0,0,captured_attribute,Intellect,Source,true,,MultiplyCompound,scalable_float,,,,,,,,,,,,,Channel0,0,,,,0,,,
CRIntellectDamageCalculation,196,0,0,captured_attribute,Intellect,Source,true,,Multiplicitive,scalable_float,,,,,,,,,,,,,Channel0,0,,,,0,,,
CRIntellectDamageCalculation,197,0,0,captured_attribute,Intellect,Source,true,,Multiplicitive,scalable_float,,,,,,,,,,,,,Channel0,0,,,,0,,,
CRIntellectDamageCalculation,198,0,0,captured_attribute,Intellect,Source,true,,Multiplicitive,scalable_float,,,,,,,,,,,,,Channel0,0,,,,0,,,
CRIntellectDamageCalculation,199,0,0,captured_attribute,Intellect,Source,true,,Multiplicitive,scalable_float,,,,,,,,,,,,,Channel0,0,,,,0,,,
CRIntellectDamageCalculation,199,1,1,transient,,,,SetByCallerTags.Spread,Override,scalable_float,,,,,,,,,,,,,Channel0,0,,,,0,,,
CRIntellectDamageCalculation,200,0,0,captured_attribute,Intellect,Source,true,,Multiplicitive,scalable_float,,,,,,,,,,,,,Channel0,0,,,,0,,,
CRIntellectDamageCalculation,200,1,1,transient,,,,SetByCallerTags.Spread,Override,scalable_float,,,,,,,,,,,,,Channel0,0,,,,0,,,
CRIntellectDamageCalculation,201,0,0,captured_attribute,Intellect,Source,true,,Multiplicitive,scalable_float,,,,,,,,,,,,,Channel0,0,,,,0,,,
CRIntellectDamageCalculation,202,0,0,captured_attribute,Intellect,Source,true,,Multiplicitive,scalable_float,,,,,,,,,,,,,Channel0,0,,,,0,,,
CRIntellectDamageCalculation,202,1,1,transient,,,,SetByCallerTags.Spread,Override,scalable_float,,,,,,,,,,,,,Channel0,0,,,,0,,,
CRIntellectDamageCalculation,203,0,0,captured_attribute,Intellect,Source,true,,Multiplicitive,scalable_float,,,,,,,,,,,,,Channel0,0,,,,0,,,
CRIntellectDamageCalculation,203,1,1,transient,,,,SetByCallerTags.Spread,Override,scalable_float,,,,,,,,,,,,,Channel0,0,,,,0,,,
CRIntellectDamageCalculation,204,0,0,captured_attribute,Intellect,Source,true,,Multiplicitive,scalable_float,,,,,,,,,,,,,Channel0,0,,,,0,,,
CRIntellectDamageCalculation,204,1,1,transient,,,,SetByCallerTags.Spread,Override,scalable_float,,,,,,,,,,,,,Channel0,0,,,,0,,,
CRIntellectDamageCalculation,205,0,0,captured_attribute,Intellect,Source,true,,Multiplicitive,scalable_float,,,,,,,,,,,,,Channel0,0,,,,0,,,
CRIntellectDamageCalculation,206,0,0,captured_attribute,Intellect,Source,true,,Multiplicitive,scalable_float,,,,,,,,,,,,,Channel0,0,,,,0,,,
CRIntellectDamageCalculation,206,1,1,captured_attribute,DamageScale,Source,true,,MultiplyCompound,set_by_caller,,,,,,,,,,,,SetByCaller.DamageScale,Channel0,0,,,,0,,,
CRIntellectDamageCalculation,207,0,0,captured_attribute,Intellect,Source,true,,Multiplicitive,scalable_float,,,,,,,,,,,,,Channel0,0,,,,0,,,
CRIntellectDamageCalculation,207,1,1,captured_attribute,DamageScale,Source,true,,Multiplicitive,scalable_float,,,,,,,,,,,,,Channel0,0,,,,0,,,
CRIntellectDamageCalculation,208,0,0,captured_attribute,Intellect,Source,true,,Multiplicitive,scalable_float,,,,,,,,,,,,,Channel0,0,,,,0,,,
CRIntellectDamageCalculation,208,1,1,captured_attribute,DamageScale,Source,true,,Multiplicitive,scalable_float,,,,,,,,,,,,,Channel0,0,,,,0,,,
CRIntellectDamageCalculation,209,0,0,captured_attribute,Intellect,Source,true,,Multiplicitive,scalable_float,,,,,,,,,,,,,Channel0,0,,,,0,,,
CRIntellectDamageCalculation,209,1,1,captured_attribute,DamageScale,Source,true,,Multiplicitive,scalable_float,,,,,,,,,,,,,Channel0,0,,,,0,,,
CRIntellectDamageCalculation,210,0,0,captured_attribute,Intellect,Source,true,,MultiplyCompound,scalable_float,,,,,,,,,,,,,Channel0,0,,,,0,,,
CRIntellectDamageCalculation,211,0,0,captured_attribute,Intellect,Source,true,,MultiplyCompound,scalable_float,,,,,,,,,,,,,Channel0,0,,,,0,,,
CRIntellectDamageCalculation,212,0,0,captured_attribute,Intellect,Source,true,,Multiplicitive,scalable_float,,,,,,,,,,,,,Channel0,0,,,,0,,,
CRIntellectDamageCalculation,212,1,1,captured_attribute,DamageScale,Source,true,,MultiplyCompound,set_by_caller,,,,,,,,,,,,SetByCaller.DamageScale,Channel0,0,,,,0,,,
CRIntellectDamageCalculation,212,2,2,transient,,,,SetByCallerTags.Spread,Override,scalable_float,,,,,,,,,,,,,Channel0,0,,,,0,,,
CRIntellectDamageCalculation,213,0,0,captured_attribute,Intellect,Source,true,,MultiplyCompound,scalable_float,,,,,,,,,,,,,Channel0,0,,,,0,,,
CRIntellectDamageCalculation,213,1,1,transient,,,,SetByCallerTags.Spread,Override,scalable_float,,,,,,,,,,,,,Channel0,0,,,,0,,,
CRIntellectDamageCalculation,214,0,0,captured_attribute,Intellect,Source,true,,Multiplicitive,scalable_float,,,,,,,,,,,,,Channel0,0,,,,0,,,
CRIntellectDamageCalculation,215,0,0,captured_attribute,Intellect,Source,true,,Multiplicitive,scalable_float,,,,,,,,,,,,,Channel0,0,,,,0,,,
CRIntellectDamageCalculation,215,1,1,transient,,,,SetByCallerTags.Spread,Override,scalable_float,,,,,,,,,,,,,Channel0,0,,,,0,,,
CRIntellectDamageCalculation,216,0,0,captured_attribute,Intellect,Source,true,,Multiplicitive,scalable_float,,,,,,,,,,,,,Channel0,0,,,,0,,,
CRIntellectDamageCalculation,217,0,0,captured_attribute,Intellect,Source,true,,Multiplicitive,scalable_float,,,,,,,,,,,,,Channel0,0,,,,0,,,
CRIntellectDamageCalculation,217,1,1,captured_attribute,DamageScale,Source,true,,MultiplyCompound,custom_calculation,,,,,,,,GMMC_AscensionScaling_NoDispelNoInterrupt_Default,,,,,Channel0,0,,,,0,,,
CRIntellectDamageCalculation,218,0,0,captured_attribute,Intellect,Source,true,,Multiplicitive,scalable_float,,,,,,,,,,,,,Channel0,0,,,,0,,,
CRIntellectDamageCalculation,218,1,1,captured_attribute,DamageScale,Source,true,,MultiplyCompound,custom_calculation,,,,,,,,GMMC_AscensionScaling_NoDispelNoInterrupt_Default,,,,,Channel0,0,,,,0,,,
CRIntellectDamageCalculation,219,0,0,captured_attribute,Intellect,Source,true,,Multiplicitive,scalable_float,,,,,,,,,,,,,Channel0,0,,,,0,,,
CRIntellectDamageCalculation,219,1,1,captured_attribute,DamageScale,Source,true,,MultiplyCompound,custom_calculation,,,,,,,,GMMC_AscensionScaling_NoDispelNoInterrupt_Default,,,,,Channel0,0,,,,0,,,
CRIntellectDamageCalculation,220,0,0,captured_attribute,Intellect,Source,true,,Multiplicitive,scalable_float,,,,,,,,,,,,,Channel0,0,,,,0,,,
CRIntellectDamageCalculation,220,1,1,captured_attribute,DamageScale,Source,true,,MultiplyCompound,scalable_float,,,,,,,,,,,,,Channel0,0,,,,0,,,
CRIntellectDamageCalculation,221,0,0,captured_attribute,Intellect,Source,true,,Multiplicitive,scalable_float,,,,,,,,,,,,,Channel0,0,,,,0,,,
CRIntellectDamageCalculation,221,1,1,captured_attribute,DamageScale,Source,true,,MultiplyCompound,set_by_caller,,,,,,,,,,,,SetByCaller.DamageScale,Channel0,0,,,,0,,,
CRIntellectDamageCalculation,221,2,2,captured_attribute,DamageScale,Source,true,,MultiplyCompound,set_by_caller,,,,,,,,,,,,SetByCaller.DamageScale2,Channel0,0,,,,0,,,
CRIntellectDamageCalculation,221,3,3,captured_attribute,DamageScale,Source,true,,MultiplyCompound,scalable_float,,,,,,,,,,,,,Channel0,0,,,,0,,,
CRIntellectDamageCalculation,221,4,4,captured_attribute,CritChance,Source,true,,Additive,scalable_float,,,,,,,,,,,,,Channel0,0,,,,0,,,
CRIntellectDamageCalculation,221,5,5,captured_attribute,DamageScale,Source,true,,MultiplyCompound,scalable_float,,,,,,,,,,,,,Channel0,0,,,,0,,,
CRIntellectDamageCalculation,222,0,0,captured_attribute,Intellect,Source,true,,Multiplicitive,scalable_float,,,,,,,,,,,,,Channel0,0,,,,0,,,
CRIntellectDamageCalculation,222,1,1,captured_attribute,DamageScale,Source,true,,MultiplyCompound,scalable_float,,,,,,,,,,,,,Channel0,0,,,,0,,,
CRIntellectDamageCalculation,222,2,2,captured_attribute,DamageScale,Source,true,,MultiplyCompound,scalable_float,,,,,,,,,,,,,Channel0,0,,,,0,,,
CRIntellectDamageCalculation,222,3,3,captured_attribute,DamageScale,Source,true,,MultiplyCompound,scalable_float,,,,,,,,,,,,,Channel0,0,,,,0,,,
CRIntellectDamageCalculation,222,4,4,captured_attribute,DamageScale,Source,true,,MultiplyCompound,scalable_float,,,,,,,,,,,,,Channel0,0,,,,0,,,
CRIntellectDamageCalculation,222,5,5,captured_attribute,DamageScale,Source,true,,MultiplyCompound,scalable_float,,,,,,,,,,,,,Channel0,0,,,,0,,,
CRIntellectDamageCalculation,223,0,0,captured_attribute,Intellect,Source,true,,Multiplicitive,scalable_float,,,,,,,,,,,,,Channel0,0,,,,0,,,
CRIntellectDamageCalculation,223,1,1,captured_attribute,DamageScale,Source,true,,MultiplyCompound,scalable_float,,,,,,,,,,,,,Channel0,0,,,,0,,,
CRIntellectDamageCalculation,223,2,2,captured_attribute,DamageScale,Source,true,,MultiplyCompound,scalable_float,,,,,,,,,,,,,Channel0,0,,,,0,,,
CRIntellectDamageCalculation,223,3,3,captured_attribute,DamageScale,Source,true,,MultiplyCompound,scalable_float,,,,,,,,,,,,,Channel0,0,,,,0,,,
CRIntellectDamageCalculation,223,4,4,captured_attribute,DamageScale,Source,true,,MultiplyCompound,scalable_float,,,,,,,,,,,,,Channel0,0,,,,0,,,
CRIntellectDamageCalculation,224,0,0,captured_attribute,Intellect,Source,true,,Multiplicitive,scalable_float,,,,,,,,,,,,,Channel0,0,,,,0,,,
CRIntellectDamageCalculation,224,1,1,captured_attribute,DamageScale,Source,true,,MultiplyCompound,scalable_float,,,,,,,,,,,,,Channel0,0,,,,0,,,
CRIntellectDamageCalculation,224,2,2,captured_attribute,CritChance,Source,true,,Additive,scalable_float,,,,,,,,,,,,,Channel0,0,,,,0,,,
CRIntellectDamageCalculation,224,3,3,captured_attribute,DamageScale,Source,true,,MultiplyCompound,scalable_float,,,,,,,,,,,,,Channel0,0,,,,0,,,
CRIntellectDamageCalculation,224,4,4,captured_attribute,DamageScale,Source,true,,MultiplyCompound,custom_calculation,,,,,,,,GMMC_Vigor_SkillshotAoeProjectile_DamageScaling,,,,,Channel0,0,,,,0,,,
CRIntellectDamageCalculation,224,5,5,captured_attribute,DamageScale,Source,true,,MultiplyCompound,scalable_float,,,,,,,,,,,,,Channel0,0,,,,0,,,
CRIntellectHealCalculation,0,0,0,captured_attribute,Intellect,Source,true,,Multiplicitive,scalable_float,,,,,,,,,,,,,Channel0,0,,,,0,,,
CRIntellectHealCalculation,1,0,0,captured_attribute,Intellect,Source,true,,Multiplicitive,scalable_float,,,,,,,,,,,,,Channel0,0,,,,0,,,
CRIntellectHealCalculation,1,1,1,captured_attribute,HealScale,Source,true,,MultiplyCompound,custom_calculation,,,,,,,,GMMC_AscensionScaling_NoDispelNoInterrupt_Default,,,,,Channel0,0,,,,0,,,
CRIntellectHealCalculation,2,0,0,captured_attribute,Intellect,Source,true,,Multiplicitive,scalable_float,,,,,,,,,,,,,Channel0,0,,,,0,,,
CRIntellectHealCalculation,2,1,1,captured_attribute,HealScale,Source,true,,MultiplyCompound,custom_calculation,,,,,,,,GMMC_AscensionScaling_NoDispelNoInterrupt_Default,,,,,Channel0,0,,,,0,,,
CRIntellectHealCalculation,3,0,0,captured_attribute,Intellect,Source,true,,Multiplicitive,scalable_float,,,,,,,,,,,,,Channel0,0,,,,0,,,
CRIntellectHealCalculation,4,0,0,captured_attribute,Intellect,Source,true,,Multiplicitive,scalable_float,,,,,,,,,,,,,Channel0,0,,,,0,,,
CRIntellectHealCalculation,4,1,1,captured_attribute,HealScale,Source,true,,Multiplicitive,custom_calculation,,,,,,,,GMMC_Mosse_HotHealScale,,,,,Channel0,0,,,,0,,,
CRIntellectHealCalculation,5,0,0,captured_attribute,Intellect,Source,true,,Multiplicitive,scalable_float,,,,,,,,,,,,,Channel0,0,,,,0,,,
CRIntellectHealCalculation,6,0,0,captured_attribute,Intellect,Source,true,,Multiplicitive,scalable_float,,,,,,,,,,,,,Channel0,0,,,,0,,,
CRIntellectHealCalculation,7,0,0,captured_attribute,Intellect,Source,true,,Multiplicitive,scalable_float,,,,,,,,,,,,,Channel0,0,,,,0,,,
CRIntellectHealCalculation,8,0,0,captured_attribute,Intellect,Source,true,,Multiplicitive,scalable_float,,,,,,,,,,,,,Channel0,0,,,,0,,,
CRIntellectHealCalculation,9,0,0,captured_attribute,Intellect,Source,true,,Multiplicitive,scalable_float,,,,,,,,,,,,,Channel0,0,,,,0,,,
CRIntellectHealCalculation,9,1,1,captured_attribute,HealScale,Source,true,,MultiplyCompound,set_by_caller,,,,,,,,,,,,SetByCaller.HealScale,Channel0,0,,,,0,,,
CRIntellectHealCalculation,9,2,2,captured_attribute,HealScale,Source,true,,MultiplyCompound,scalable_float,,,,,,,,,,,,,Channel0,0,,,,0,,,
CRIntellectHealCalculation,9,3,3,captured_attribute,CritChance,Source,true,,Additive,scalable_float,,,,,,,,,,,,,Channel0,0,,,,0,,,
CRIntellectHealCalculation,10,0,0,captured_attribute,Intellect,Source,true,,Multiplicitive,scalable_float,,,,,,,,,,,,,Channel0,0,,,,0,,,
CRIntellectHealCalculation,10,1,1,captured_attribute,HealScale,Source,true,,MultiplyCompound,custom_calculation,,,,,,,,GMMC_Mosse_HotHealScale,,,,,Channel0,0,,,,0,,,
CRIntellectHealCalculation,10,2,2,captured_attribute,CritChance,Source,true,,Additive,scalable_float,,,,,,,,,,,,,Channel0,0,,,,0,,,
CRIntellectHealCalculation,10,3,3,captured_attribute,HealScale,Source,true,,MultiplyCompound,scalable_float,,,,,,,,,,,,,Channel0,0,,,,0,,,
CRIntellectHealCalculation,10,4,4,captured_attribute,HealScale,Source,true,,MultiplyCompound,custom_calculation,,,,,,,,GMMC_Mosse_PinkButterfly_IncreasedHealPerVine,,,,,Channel0,0,,,,0,,,
CRIntellectHealCalculation,11,0,0,captured_attribute,Intellect,Source,true,,Multiplicitive,scalable_float,,,,,,,,,,,,,Channel0,0,,,,0,,,
CRIntellectHealCalculation,11,1,1,captured_attribute,HealScale,Source,true,,MultiplyCompound,custom_calculation,,,,,,,,GMMC_Mosse_HotHealScale,,,,,Channel0,0,,,,0,,,
CRIntellectHealCalculation,11,2,2,transient,,,,SetByCallerTags.Spread,Override,scalable_float,,,,,,,,,,,,,Channel0,0,,,,0,,,
CRIntellectHealCalculation,11,3,3,captured_attribute,CritChance,Source,true,,Additive,scalable_float,,,,,,,,,,,,,Channel0,0,,,,0,,,
CRIntellectHealCalculation,11,4,4,captured_attribute,HealScale,Source,true,,MultiplyCompound,scalable_float,,,,,,,,,,,,,Channel0,0,,,,0,,,
CRIntellectHealCalculation,11,5,5,captured_attribute,HealScale,Source,true,,MultiplyCompound,custom_calculation,,,,,,,,GMMC_Mosse_PinkButterfly_IncreasedHealPerVine,,,,,Channel0,0,,,,0,,,
CRIntellectHealCalculation,11,6,6,captured_attribute,HealScale,Source,true,,MultiplyCompound,scalable_float,,,,,,,,,,,,,Channel0,0,,,,0,,,
CRIntellectHealCalculation,12,0,0,captured_attribute,Intellect,Source,true,,Multiplicitive,scalable_float,,,,,,,,,,,,,Channel0,0,,,,0,,,
CRIntellectHealCalculation,12,1,1,captured_attribute,HealScale,Source,true,,MultiplyCompound,custom_calculation,,,,,,,,GMMC_Mosse_HotHealScale,,,,,Channel0,0,,,,0,,,
CRIntellectHealCalculation,12,2,2,captured_attribute,CritChance,Source,true,,Additive,scalable_float,,,,,,,,,,,,,Channel0,0,,,,0,,,
CRIntellectHealCalculation,12,3,3,captured_attribute,HealScale,Source,true,,MultiplyCompound,scalable_float,,,,,,,,,,,,,Channel0,0,,,,0,,,
CRIntellectHealCalculation,12,4,4,captured_attribute,HealScale,Source,true,,MultiplyCompound,custom_calculation,,,,,,,,GMMC_Mosse_PinkButterfly_IncreasedHealPerVine,,,,,Channel0,0,,,,0,,,
CRIntellectHealCalculation,12,5,5,captured_attribute,HealScale,Source,true,,MultiplyCompound,scalable_float,,,,,,,,,,,,,Channel0,0,,,,0,,,
CRIntellectHealCalculation,12,6,6,captured_attribute,HealScale,Source,true,,MultiplyCompound,scalable_float,,,,,,,,,,,,,Channel0,0,,,,0,,,
CRIntellectHealCalculation,13,0,0,captured_attribute,Intellect,Source,true,,Multiplicitive,scalable_float,,,,,,,,,,,,,Channel0,0,,,,0,,,
CRIntellectHealCalculation,13,1,1,captured_attribute,HealScale,Source,true,,MultiplyCompound,scalable_float,,,,,,,,,,,,,Channel0,0,,,,0,,,
CRIntellectHealCalculation,14,0,0,captured_attribute,Intellect,Source,true,,Multiplicitive,scalable_float,,,,,,,,,,,,,Channel0,0,,,,0,,,
CRIntellectHealCalculation,14,1,1,captured_attribute,HealScale,Source,true,,MultiplyCompound,custom_calculation,,,,,,,,GMMC_AscensionScaling_NoDispelNoInterrupt_Default,,,,,Channel0,0,,,,0,,,
CRIntellectHealCalculation,15,0,0,captured_attribute,Intellect,Source,true,,Multiplicitive,scalable_float,,,,,,,,,,,,,Channel0,0,,,,0,,,
CRIntellectHealCalculation,16,0,0,captured_attribute,Intellect,Source,true,,Multiplicitive,scalable_float,,,,,,,,,,,,,Channel0,0,,,,0,,,
CRIntellectHealCalculation,17,0,0,captured_attribute,Intellect,Source,true,,Multiplicitive,scalable_float,,,,,,,,,,,,,Channel0,0,,,,0,,,
CRIntellectHealCalculation,18,0,0,captured_attribute,Intellect,Source,true,,Multiplicitive,scalable_float,,,,,,,,,,,,,Channel0,0,,,,0,,,
CRIntellectHealCalculation,18,1,1,captured_attribute,CritChance,Source,true,,Additive,scalable_float,,,,,,,,,,,,,Channel0,0,,,,0,,,
CRIntellectHealCalculation,18,2,2,captured_attribute,HealScale,Source,true,,MultiplyCompound,set_by_caller,,,,,,,,,,,,SetByCaller.Talent.HealScale,Channel0,0,,,,0,,,
CRIntellectHealCalculation,19,0,0,captured_attribute,Intellect,Source,true,,Multiplicitive,scalable_float,,,,,,,,,,,,,Channel0,0,,,,0,,,
CRIntellectHealCalculation,19,1,1,captured_attribute,CritChance,Source,true,,Additive,set_by_caller,,,,,,,,,,,,SetByCaller.CritChance,Channel0,0,,,,0,,,
CRIntellectHealCalculation,19,2,2,captured_attribute,HealScale,Source,true,,Multiplicitive,custom_calculation,,,,,,,,GMMC_Vigor_Talent_InstantAoeHeal_IncreasedHealDependentOnHealth,,,,,Channel0,0,,,,0,,,
CRIntellectHealCalculation,19,3,3,captured_attribute,HealScale,Source,true,,MultiplyCompound,set_by_caller,,,,,,,,,,,,SetByCaller.HealScale,Channel0,0,,,,0,,,
CRIntellectHealCalculation,19,4,4,captured_attribute,HealScale,Source,true,,MultiplyCompound,set_by_caller,,,,,,,,,,,,SetByCaller.Talent.HealScale,Channel0,0,,,,0,,,
CRIntellectHealCalculation,20,0,0,captured_attribute,Intellect,Source,true,,Multiplicitive,scalable_float,,,,,,,,,,,,,Channel0,0,,,,0,,,
CRIntellectHealCalculation,20,1,1,captured_attribute,HealScale,Source,true,,Multiplicitive,set_by_caller,,,,,,,,,,,,SetByCaller.HealScale,Channel0,0,,,,0,,,
CRIntellectHealCalculation,20,2,2,captured_attribute,CritChance,Source,true,,Additive,scalable_float,,,,,,,,,,,,,Channel0,0,,,,0,,,
CRIntellectHealCalculation,20,3,3,captured_attribute,HealScale,Source,true,,MultiplyCompound,scalable_float,,,,,,,,,,,,,Channel0,0,,,,0,,,
CRIntellectHealCalculation,21,0,0,captured_attribute,Intellect,Source,true,,Multiplicitive,scalable_float,,,,,,,,,,,,,Channel0,0,,,,0,,,
CRIntellectHealCalculation,22,0,0,captured_attribute,Intellect,Source,true,,Multiplicitive,scalable_float,,,,,,,,,,,,,Channel0,0,,,,0,,,
CRIntellectHealCalculation,22,1,1,captured_attribute,HealScale,Source,true,,MultiplyCompound,scalable_float,,,,,,,,,,,,,Channel0,0,,,,0,,,
CRIntellectHealCalculation,22,2,2,captured_attribute,HealScale,Source,true,,MultiplyCompound,scalable_float,,,,,,,,,,,,,Channel0,0,,,,0,,,
CRIntellectHealCalculation,22,3,3,captured_attribute,HealScale,Source,true,,MultiplyCompound,scalable_float,,,,,,,,,,,,,Channel0,0,,,,0,,,
CRIntellectHealCalculation,22,4,4,captured_attribute,HealScale,Source,true,,MultiplyCompound,scalable_float,,,,,,,,,,,,,Channel0,0,,,,0,,,
CRIntellectHealCalculation,22,5,5,captured_attribute,HealScale,Source,true,,MultiplyCompound,scalable_float,,,,,,,,,,,,,Channel0,0,,,,0,,,
CRIntellectHealCalculation,23,0,0,captured_attribute,Intellect,Source,true,,Multiplicitive,scalable_float,,,,,,,,,,,,,Channel0,0,,,,0,,,
CRIntellectHealCalculation,23,1,1,captured_attribute,HealScale,Source,true,,MultiplyCompound,scalable_float,,,,,,,,,,,,,Channel0,0,,,,0,,,
CRIntellectHealCalculation,23,2,2,captured_attribute,CritChance,Source,true,,Additive,scalable_float,,,,,,,,,,,,,Channel0,0,,,,0,,,
CRIntellectHealCalculation,23,3,3,captured_attribute,HealScale,Source,true,,MultiplyCompound,scalable_float,,,,,,,,,,,,,Channel0,0,,,,0,,,
CRIntellectHealCalculation,23,4,4,captured_attribute,HealScale,Source,true,,MultiplyCompound,custom_calculation,,,,,,,,GMMC_Vigor_SkillshotAoeProjectile_HealScaling,,,,,Channel0,0,,,,0,,,
CRIntellectHealCalculation,23,5,5,captured_attribute,HealScale,Source,true,,MultiplyCompound,scalable_float,,,,,,,,,,,,,Channel0,0,,,,0,,,
CRManaGainCalculation,0,0,0,transient,,,,SetByCallerTags.Mana,Additive,attribute_based,MaxMana,Target,false,,,AttributeMagnitude,Channel0,,,,,,Channel0,0,,,,0,,,
CRManaGainCalculation,1,0,0,transient,,,,SetByCallerTags.Mana,Override,attribute_based,MaxMana,Source,false,,,AttributeMagnitude,Channel0,,,,,,Channel0,0,,,,0,,,
CRModifyStaggerExecution,0,0,0,transient,,,,SetByCaller.Stagger,Override,set_by_caller,,,,,,,,,,,,SetByCaller.Stagger,Channel0,0,,,,0,,,
CRModifyStaggerExecution,1,0,0,transient,,,,SetByCaller.Stagger,Override,set_by_caller,,,,,,,,,,,,SetByCaller.Stagger,Channel0,0,,,,0,,,
CRModifyStaggerExecution,2,0,0,transient,,,,SetByCaller.Stagger,Additive,attribute_based,MaxHealth,Source,false,,,AttributeMagnitude,Channel0,,,,,,Channel0,0,,,,0,,,
CRModifyStaggerExecution,3,0,0,transient,,,,SetByCaller.Stagger,Override,set_by_caller,,,,,,,,,,,,SetByCaller.Stagger,Channel0,0,,,,0,,,
CRPrimaryAttributeDamageCalculation,0,0,0,captured_attribute,CritChance,Source,true,,Multiplicitive,scalable_float,,,,,,,,,,,,,Channel0,0,,,,0,,,
CRPrimaryAttributeDamageCalculation,1,0,0,captured_attribute,DamageScale,Source,true,,Multiplicitive,scalable_float,,,,,,,,,,,,,Channel0,0,,,,0,,,
CRPrimaryAttributeDamageCalculation,2,0,0,captured_attribute,PrimaryAttribute,Source,true,,Multiplicitive,scalable_float,,,,,,,,,,,,,Channel0,0,,,,0,,,
CRPrimaryAttributeDamageCalculation,3,0,0,captured_attribute,PrimaryAttribute,Source,true,,Multiplicitive,scalable_float,,,,,,,,,,,,,Channel0,0,,,,0,,,
CRPrimaryAttributeDamageCalculation,4,0,0,captured_attribute,PrimaryAttribute,Source,true,,Multiplicitive,scalable_float,,,,,,,,,,,,,Channel0,0,,,,0,,,
CRPrimaryAttributeDamageCalculation,4,1,1,captured_attribute,DamageScale,Source,true,,MultiplyCompound,set_by_caller,,,,,,,,,,,,SetByCaller.DamageScale,Channel0,0,,,,0,,,
CRPrimaryAttributeDamageCalculation,5,0,0,captured_attribute,PrimaryAttribute,Source,true,,Multiplicitive,scalable_float,,,,,,,,,,,,,Channel0,0,,,,0,,,
CRPrimaryAttributeDamageCalculation,6,0,0,captured_attribute,PrimaryAttribute,Source,true,,Multiplicitive,scalable_float,,,,,,,,,,,,,Channel0,0,,,,0,,,
CRPrimaryAttributeDamageCalculation,7,0,0,captured_attribute,PrimaryAttribute,Source,true,,Multiplicitive,scalable_float,,,,,,,,,,,,,Channel0,0,,,,0,,,
CRPrimaryAttributeDamageCalculation,8,0,0,captured_attribute,PrimaryAttribute,Source,true,,Multiplicitive,scalable_float,,,,,,,,,,,,,Channel0,0,,,,0,,,
CRPrimaryAttributeDamageCalculation,9,0,0,captured_attribute,PrimaryAttribute,Source,true,,Multiplicitive,scalable_float,,,,,,,,,,,,,Channel0,0,,,,0,,,
CRPrimaryAttributeDamageCalculation,10,0,0,captured_attribute,PrimaryAttribute,Source,true,,Multiplicitive,scalable_float,,,,,,,,,,,,,Channel0,0,,,,0,,,
CRPrimaryAttributeDamageCalculation,11,0,0,captured_attribute,PrimaryAttribute,Source,true,,Multiplicitive,scalable_float,,,,,,,,,,,,,Channel0,0,,,,0,,,
CRPrimaryAttributeDamageCalculation,12,0,0,captured_attribute,PrimaryAttribute,Source,true,,Multiplicitive,scalable_float,,,,,,,,,,,,,Channel0,0,,,,0,,,
CRPrimaryAttributeDamageCalculation,12,1,1,captured_attribute,DamageScale,Source,true,,MultiplyCompound,set_by_caller,,,,,,,,,,,,SetByCaller.DamageScale,Channel0,0,,,,0,,,
CRPrimaryAttributeDamageCalculation,13,0,0,captured_attribute,PrimaryAttribute,Source,true,,Multiplicitive,scalable_float,,,,,,,,,,,,,Channel0,0,,,,0,,,
CRPrimaryAttributeDamageCalculation,14,0,0,captured_attribute,PrimaryAttribute,Source,true,,Multiplicitive,scalable_float,,,,,,,,,,,,,Channel0,0,,,,0,,,
CRPrimaryAttributeDamageCalculation,15,0,0,captured_attribute,PrimaryAttribute,Source,true,,Additive,scalable_float,,,,,,,,,,,,,Channel0,0,,,,0,,,
CRPrimaryAttributeDamageCalculation,16,0,0,captured_attribute,PrimaryAttribute,Source,true,,MultiplyCompound,scalable_float,,,,,,,,,,,,,Channel0,0,,,,0,,,
CRPrimaryAttributeDamageCalculation,17,0,0,captured_attribute,PrimaryAttribute,Source,true,,Multiplicitive,scalable_float,,,,,,,,,,,,,Channel0,0,,,,0,,,
CRPrimaryAttributeDamageCalculation,18,0,0,captured_attribute,PrimaryAttribute,Source,true,,Multiplicitive,scalable_float,,,,,,,,,,,,,Channel0,0,,,,0,,,
CRPrimaryAttributeDamageCalculation,19,0,0,captured_attribute,PrimaryAttribute,Source,true,,Multiplicitive,scalable_float,,,,,,,,,,,,,Channel0,0,,,,0,,,
CRPrimaryAttributeDamageCalculation,20,0,0,captured_attribute,PrimaryAttribute,Source,true,,Multiplicitive,scalable_float,,,,,,,,,,,,,Channel0,0,,,,0,,,
CRPrimaryAttributeDamageCalculation,21,0,0,captured_attribute,PrimaryAttribute,Source,true,,MultiplyCompound,scalable_float,,,,,,,,,,,,,Channel0,0,,,,0,,,
CRPrimaryAttributeDamageCalculation,22,0,0,captured_attribute,PrimaryAttribute,Source,true,,Multiplicitive,scalable_float,,,,,,,,,,,,,Channel0,0,,,,0,,,
CRPrimaryAttributeDamageCalculation,23,0,0,captured_attribute,PrimaryAttribute,Source,true,,MultiplyCompound,scalable_float,,,,,,,,,,,,,Channel0,0,,,,0,,,
CRPrimaryAttributeDamageCalculation,24,0,0,captured_attribute,PrimaryAttribute,Source,true,,Multiplicitive,scalable_float,,,,,,,,,,,,,Channel0,0,,,,0,,,
CRPrimaryAttributeDamageCalculation,25,0,0,captured_attribute,PrimaryAttribute,Source,true,,MultiplyCompound,scalable_float,,,,,,,,,,,,,Channel0,0,,,,0,,,
CRPrimaryAttributeDamageCalculation,26,0,0,captured_attribute,PrimaryAttribute,Source,true,,Multiplicitive,scalable_float,,,,,,,,,,,,,Channel0,0,,,,0,,,
CRPrimaryAttributeDamageCalculation,27,0,0,captured_attribute,PrimaryAttribute,Source,true,,Multiplicitive,scalable_float,,,,,,,,,,,,,Channel0,0,,,,0,,,
CRPrimaryAttributeDamageCalculation,28,0,0,captured_attribute,PrimaryAttribute,Source,true,,MultiplyCompound,scalable_float,,,,,,,,,,,,,Channel0,0,,,,0,,,
CRPrimaryAttributeDamageCalculation,29,0,0,captured_attribute,PrimaryAttribute,Source,true,,Multiplicitive,scalable_float,,,,,,,,,,,,,Channel0,0,,,,0,,,
CRPrimaryAttributeDamageCalculation,30,0,0,captured_attribute,PrimaryAttribute,Source,true,,MultiplyCompound,scalable_float,,,,,,,,,,,,,Channel0,0,,,,0,,,
CRPrimaryAttributeDamageCalculation,31,0,0,captured_attribute,PrimaryAttribute,Source,true,,MultiplyCompound,scalable_float,,,,,,,,,,,,,Channel0,0,,,,0,,,
CRPrimaryAttributeDamageCalculation,31,1,1,captured_attribute,DamageScale,Source,true,,MultiplyCompound,set_by_caller,,,,,,,,,,,,SetByCaller.DamageScale,Channel0,0,,,,0,,,
CRPrimaryAttributeDamageCalculation,32,0,0,captured_attribute,PrimaryAttribute,Source,true,,MultiplyCompound,set_by_caller,,,,,,,,,,,,SetByCaller.DamageScale,Channel0,0,,,,0,,,
CRPrimaryAttributeDamageCalculation,33,0,0,captured_attribute,PrimaryAttribute,Source,true,,MultiplyCompound,scalable_float,,,,,,,,,,,,,Channel0,0,,,,0,,,
CRPrimaryAttributeDamageCalculation,34,0,0,captured_attribute,PrimaryAttribute,Source,true,,MultiplyCompound,set_by_caller,,,,,,,,,,,,SetByCaller.DamageScale,Channel0,0,,,,0,,,
CRPrimaryAttributeDamageCalculation,35,0,0,captured_attribute,PrimaryAttribute,Source,true,,MultiplyCompound,scalable_float,,,,,,,,,,,,,Channel0,0,,,,0,,,
CRPrimaryAttributeDamageCalculation,36,0,0,captured_attribute,PrimaryAttribute,Source,true,,MultiplyCompound,set_by_caller,,,,,,,,,,,,SetByCaller.PrimaryAttributeCoefficient,Channel0,0,,,,0,,,
CRPrimaryAttributeDamageCalculation,36,1,1,transient,,,,SetByCallerTags.Spread,Override,scalable_float,,,,,,,,,,,,,Channel0,0,,,,0,,,
CRPrimaryAttributeDamageCalculation,37,0,0,captured_attribute,PrimaryAttribute,Source,true,,Multiplicitive,scalable_float,,,,,,,,,,,,,Channel0,0,,,,0,,,
CRPrimaryAttributeDamageCalculation,38,0,0,captured_attribute,PrimaryAttribute,Source,true,,MultiplyCompound,scalable_float,,,,,,,,,,,,,Channel0,0,,,,0,,,
CRPrimaryAttributeDamageCalculation,38,1,1,transient,,,,SetByCallerTags.Spread,Override,scalable_float,,,,,,,,,,,,,Channel0,0,,,,0,,,
CRPrimaryAttributeDamageCalculation,39,0,0,captured_attribute,PrimaryAttribute,Source,true,,MultiplyCompound,scalable_float,,,,,,,,,,,,,Channel0,0,,,,0,,,
CRPrimaryAttributeDamageCalculation,39,1,1,transient,,,,SetByCallerTags.Spread,Override,scalable_float,,,,,,,,,,,,,Channel0,0,,,,0,,,
CRPrimaryAttributeDamageCalculation,40,0,0,captured_attribute,PrimaryAttribute,Source,true,,MultiplyCompound,scalable_float,,,,,,,,,,,,,Channel0,0,,,,0,,,
CRPrimaryAttributeDamageCalculation,41,0,0,captured_attribute,PrimaryAttribute,Source,true,,Multiplicitive,scalable_float,,,,,,,,,,,,,Channel0,0,,,,0,,,
CRPrimaryAttributeDamageCalculation,42,0,0,captured_attribute,PrimaryAttribute,Source,true,,Multiplicitive,scalable_float,,,,,,,,,,,,,Channel0,0,,,,0,,,
CRPrimaryAttributeDamageCalculation,43,0,0,captured_attribute,PrimaryAttribute,Source,true,,Multiplicitive,scalable_float,,,,,,,,,,,,,Channel0,0,,,,0,,,
CRPrimaryAttributeDamageCalculation,44,0,0,captured_attribute,PrimaryAttribute,Source,true,,Multiplicitive,scalable_float,,,,,,,,,,,,,Channel0,0,,,,0,,,
CRPrimaryAttributeDamageCalculation,44,1,1,captured_attribute,DamageScale,Source,true,,MultiplyCompound,set_by_caller,,,,,,,,,,,,SetByCaller.DamageScale,Channel0,0,,,,0,,,
CRPrimaryAttributeDamageCalculation,45,0,0,captured_attribute,PrimaryAttribute,Source,true,,Multiplicitive,scalable_float,,,,,,,,,,,,,Channel0,0,,,,0,,,
CRPrimaryAttributeDamageCalculation,46,0,0,captured_attribute,PrimaryAttribute,Source,true,,Multiplicitive,scalable_float,,,,,,,,,,,,,Channel0,0,,,,0,,,
CRPrimaryAttributeDamageCalculation,47,0,0,captured_attribute,PrimaryAttribute,Source,true,,Multiplicitive,scalable_float,,,,,,,,,,,,,Channel0,0,,,,0,,,
CRPrimaryAttributeDamageCalculation,48,0,0,captured_attribute,CritChance,Source,true,,Multiplicitive,scalable_float,,,,,,,,,,,,,Channel0,0,,,,0,,,
CRPrimaryAttributeDamageCalculation,49,0,0,captured_attribute,PrimaryAttribute,Source,true,,MultiplyCompound,scalable_float,,,,,,,,,,,,,Channel0,0,,,,0,,,
CRPrimaryAttributeDamageCalculation,49,1,1,captured_attribute,DamageScale,Source,true,,MultiplyCompound,set_by_caller,,,,,,,,,,,,SetByCaller.DamageScale,Channel0,0,,,,0,,,
CRPrimaryAttributeDamageCalculation,50,0,0,captured_attribute,PrimaryAttribute,Source,true,,MultiplyCompound,scalable_float,,,,,,,,,,,,,Channel0,0,,,,0,,,
CRPrimaryAttributeDamageCalculation,51,0,0,captured_attribute,PrimaryAttribute,Source,true,,MultiplyCompound,scalable_float,,,,,,,,,,,,,Channel0,0,,,,0,,,
CRPrimaryAttributeDamageCalculation,52,0,0,captured_attribute,PrimaryAttribute,Source,true,,MultiplyCompound,scalable_float,,,,,,,,,,,,,Channel0,0,,,,0,,,
CRPrimaryAttributeDamageCalculation,53,0,0,captured_attribute,PrimaryAttribute,Source,true,,MultiplyCompound,scalable_float,,,,,,,,,,,,,Channel0,0,,,,0,,,
CRPrimaryAttributeDamageCalculation,54,0,0,captured_attribute,PrimaryAttribute,Source,true,,MultiplyCompound,scalable_float,,,,,,,,,,,,,Channel0,0,,,,0,,,
CRPrimaryAttributeDamageCalculation,55,0,0,captured_attribute,CritChance,Source,true,,MultiplyCompound,scalable_float,,,,,,,,,,,,,Channel0,0,,,,0,,,
CRPrimaryAttributeDamageCalculation,56,0,0,captured_attribute,PrimaryAttribute,Source,true,,Multiplicitive,scalable_float,,,,,,,,,,,,,Channel0,0,,,,0,,,
CRPrimaryAttributeDamageCalculation,57,0,0,captured_attribute,PrimaryAttribute,Source,true,,MultiplyCompound,scalable_float,,,,,,,,,,,,,Channel0,0,,,,0,,,
CRPrimaryAttributeDamageCalculation,58,0,0,captured_attribute,PrimaryAttribute,Source,true,,MultiplyCompound,scalable_float,,,,,,,,,,,,,Channel0,0,,,,0,,,
CRPrimaryAttributeDamageCalculation,59,0,0,captured_attribute,PrimaryAttribute,Source,true,,MultiplyCompound,scalable_float,,,,,,,,,,,,,Channel0,0,,,,0,,,
CRPrimaryAttributeDamageCalculation,60,0,0,captured_attribute,PrimaryAttribute,Source,true,,MultiplyCompound,scalable_float,,,,,,,,,,,,,Channel0,0,,,,0,,,
CRPrimaryAttributeDamageCalculation,61,0,0,captured_attribute,PrimaryAttribute,Source,true,,MultiplyCompound,scalable_float,,,,,,,,,,,,,Channel0,0,,,,0,,,
CRPrimaryAttributeDamageCalculation,62,0,0,captured_attribute,PrimaryAttribute,Source,true,,MultiplyCompound,scalable_float,,,,,,,,,,,,,Channel0,0,,,,0,,,
CRPrimaryAttributeDamageCalculation,63,0,0,captured_attribute,PrimaryAttribute,Source,true,,Multiplicitive,scalable_float,,,,,,,,,,,,,Channel0,0,,,,0,,,
CRPrimaryAttributeDamageCalculation,63,1,1,captured_attribute,PrimaryAttribute,Source,true,,MultiplyCompound,set_by_caller,,,,,,,,,,,,SetByCaller.DamageScale,Channel0,0,,,,0,,,
CRPrimaryAttributeDamageCalculation,63,2,2,transient,,,,SetByCallerTags.Spread,Override,scalable_float,,,,,,,,,,,,,Channel0,0,,,,0,,,
CRPrimaryAttributeDamageCalculation,64,0,0,captured_attribute,PrimaryAttribute,Source,true,,MultiplyCompound,scalable_float,,,,,,,,,,,,,Channel0,0,,,,0,,,
CRPrimaryAttributeDamageCalculation,65,0,0,captured_attribute,PrimaryAttribute,Source,true,,MultiplyCompound,scalable_float,,,,,,,,,,,,,Channel0,0,,,,0,,,
CRPrimaryAttributeDamageCalculation,66,0,0,captured_attribute,PrimaryAttribute,Source,true,,Additive,scalable_float,,,,,,,,,,,,,Channel0,0,,,,0,,,
CRPrimaryAttributeDamageCalculation,67,0,0,captured_attribute,PrimaryAttribute,Source,true,,MultiplyCompound,scalable_float,,,,,,,,,,,,,Channel0,0,,,,0,,,
CRPrimaryAttributeDamageCalculation,68,0,0,captured_attribute,PrimaryAttribute,Source,true,,MultiplyCompound,scalable_float,,,,,,,,,,,,,Channel0,0,,,,0,,,
CRPrimaryAttributeDamageCalculation,69,0,0,captured_attribute,PrimaryAttribute,Source,true,,MultiplyCompound,set_by_caller,,,,,,,,,,,,SetByCaller.PrimaryAttributeCoefficient,Channel0,0,,,,0,,,
CRPrimaryAttributeDamageCalculation,69,1,1,transient,,,,SetByCallerTags.Spread,Override,scalable_float,,,,,,,,,,,,,Channel0,0,,,,0,,,
CRPrimaryAttributeDamageCalculation,70,0,0,captured_attribute,PrimaryAttribute,Source,true,,MultiplyCompound,scalable_float,,,,,,,,,,,,,Channel0,0,,,,0,,,
CRPrimaryAttributeDamageCalculation,71,0,0,captured_attribute,PrimaryAttribute,Source,true,,MultiplyCompound,scalable_float,,,,,,,,,,,,,Channel0,0,,,,0,,,
CRPrimaryAttributeDamageCalculation,72,0,0,captured_attribute,PrimaryAttribute,Source,true,,MultiplyCompound,scalable_float,,,,,,,,,,,,,Channel0,0,,,,0,,,
CRPrimaryAttributeDamageCalculation,73,0,0,captured_attribute,PrimaryAttribute,Source,true,,MultiplyCompound,scalable_float,,,,,,,,,,,,,Channel0,0,,,,0,,,
CRPrimaryAttributeDamageCalculation,74,0,0,captured_attribute,PrimaryAttribute,Source,true,,MultiplyCompound,scalable_float,,,,,,,,,,,,,Channel0,0,,,,0,,,
CRPrimaryAttributeDamageCalculation,75,0,0,captured_attribute,PrimaryAttribute,Source,true,,MultiplyCompound,scalable_float,,,,,,,,,,,,,Channel0,0,,,,0,,,
CRPrimaryAttributeDamageCalculation,76,0,0,captured_attribute,PrimaryAttribute,Source,true,,MultiplyCompound,scalable_float,,,,,,,,,,,,,Channel0,0,,,,0,,,
CRPrimaryAttributeDamageCalculation,77,0,0,captured_attribute,DamageScale,Source,true,,Multiplicitive,scalable_float,,,,,,,,,,,,,Channel0,0,,,,0,,,
CRPrimaryAttributeDamageCalculation,78,0,0,captured_attribute,PrimaryAttribute,Source,true,,Multiplicitive,scalable_float,,,,,,,,,,,,,Channel0,0,,,,0,,,
CRPrimaryAttributeDamageCalculation,78,1,1,captured_attribute,DamageScale,Source,true,,MultiplyCompound,set_by_caller,,,,,,,,,,,,SetByCaller.DamageScale,Channel0,0,,,,0,,,
CRPrimaryAttributeDamageCalculation,79,0,0,captured_attribute,PrimaryAttribute,Source,true,,Multiplicitive,scalable_float,,,,,,,,,,,,,Channel0,0,,,,0,,,
CRPrimaryAttributeDamageCalculation,79,1,1,captured_attribute,DamageScale,Source,true,,MultiplyCompound,set_by_caller,,,,,,,,,,,,SetByCaller.DamageScale,Channel0,0,,,,0,,,
CRPrimaryAttributeDamageCalculation,80,0,0,captured_attribute,DamageScale,Source,true,,Multiplicitive,scalable_float,,,,,,,,,,,,,Channel0,0,,,,0,,,
CRPrimaryAttributeDamageCalculation,81,0,0,captured_attribute,PrimaryAttribute,Source,true,,Multiplicitive,scalable_float,,,,,,,,,,,,,Channel0,0,,,,0,,,
CRPrimaryAttributeDamageCalculation,82,0,0,captured_attribute,PrimaryAttribute,Source,true,,MultiplyCompound,scalable_float,,,,,,,,,,,,,Channel0,0,,,,0,,,
CRPrimaryAttributeDamageCalculation,83,0,0,captured_attribute,PrimaryAttribute,Source,true,,Multiplicitive,scalable_float,,,,,,,,,,,,,Channel0,0,,,,0,,,
CRPrimaryAttributeDamageCalculation,83,1,1,captured_attribute,DamageScale,Source,true,,MultiplyCompound,set_by_caller,,,,,,,,,,,,SetByCaller.DamageScale,Channel0,0,,,,0,,,
CRPrimaryAttributeDamageCalculation,84,0,0,captured_attribute,PrimaryAttribute,Source,true,,Multiplicitive,scalable_float,,,,,,,,,,,,,Channel0,0,,,,0,,,
CRPrimaryAttributeDamageCalculation,84,1,1,captured_attribute,CritChance,Source,true,,Additive,scalable_float,,,,,,,,,,,,,Channel0,0,,,,0,,,
CRPrimaryAttributeDamageCalculation,84,2,2,captured_attribute,DamageScale,Source,true,,MultiplyCompound,set_by_caller,,,,,,,,,,,,SetByCaller.PowerScaler,Channel0,0,,,,0,,,
CRPrimaryAttributeDamageCalculation,85,0,0,captured_attribute,PrimaryAttribute,Source,true,,Multiplicitive,scalable_float,,,,,,,,,,,,,Channel0,0,,,,0,,,
CRPrimaryAttributeDamageCalculation,86,0,0,captured_attribute,PrimaryAttribute,Source,true,,Multiplicitive,scalable_float,,,,,,,,,,,,,Channel0,0,,,,0,,,
CRPrimaryAttributeDamageCalculation,86,1,1,captured_attribute,DamageScale,Source,true,,MultiplyCompound,set_by_caller,,,,,,,,,,,,SetByCaller.DamageScaleTargetCount,Channel0,0,,,,0,,,
CRPrimaryAttributeDamageCalculation,87,0,0,captured_attribute,PrimaryAttribute,Source,true,,Multiplicitive,scalable_float,,,,,,,,,,,,,Channel0,0,,,,0,,,
CRPrimaryAttributeDamageCalculation,88,0,0,captured_attribute,PrimaryAttribute,Source,true,,Multiplicitive,scalable_float,,,,,,,,,,,,,Channel0,0,,,,0,,,
CRPrimaryAttributeDamageCalculation,88,1,1,captured_attribute,DamageScale,Source,true,,MultiplyCompound,set_by_caller,,,,,,,,,,,,SetByCaller.DamageScalePartialTick,Channel0,0,,,,0,,,
CRPrimaryAttributeDamageCalculation,88,2,2,captured_attribute,DamageScale,Source,true,,MultiplyCompound,set_by_caller,,,,,,,,,,,,SetByCaller.DamageScaleTargetCount,Channel0,0,,,,0,,,
CRPrimaryAttributeDamageCalculation,89,0,0,captured_attribute,PrimaryAttribute,Source,true,,Multiplicitive,scalable_float,,,,,,,,,,,,,Channel0,0,,,,0,,,
CRPrimaryAttributeDamageCalculation,89,1,1,captured_attribute,DamageScale,Source,true,,MultiplyCompound,set_by_caller,,,,,,,,,,,,SetByCaller.DamageScale,Channel0,0,,,,0,,,
CRPrimaryAttributeDamageCalculation,90,0,0,captured_attribute,PrimaryAttribute,Source,true,,Multiplicitive,scalable_float,,,,,,,,,,,,,Channel0,0,,,,0,,,
CRPrimaryAttributeDamageCalculation,91,0,0,captured_attribute,PrimaryAttribute,Source,true,,Multiplicitive,scalable_float,,,,,,,,,,,,,Channel0,0,,,,0,,,
CRPrimaryAttributeDamageCalculation,91,1,1,captured_attribute,DamageScale,Source,true,,MultiplyCompound,set_by_caller,,,,,,,,,,,,SetByCaller.DamageScaleTargetCount,Channel0,0,,,,0,,,
CRPrimaryAttributeDamageCalculation,92,0,0,captured_attribute,PrimaryAttribute,Source,true,,Multiplicitive,scalable_float,,,,,,,,,,,,,Channel0,0,,,,0,,,
CRPrimaryAttributeDamageCalculation,92,1,1,captured_attribute,DamageScale,Source,true,,MultiplyCompound,set_by_caller,,,,,,,,,,,,SetByCaller.DamageScaleTargetCount,Channel0,0,,,,0,,,
CRPrimaryAttributeDamageCalculation,93,0,0,captured_attribute,PrimaryAttribute,Source,true,,Multiplicitive,scalable_float,,,,,,,,,,,,,Channel0,0,,,,0,,,
CRPrimaryAttributeDamageCalculation,93,1,1,captured_attribute,DamageScale,Source,true,,MultiplyCompound,set_by_caller,,,,,,,,,,,,SetByCaller.DamageScaleTargetCount,Channel0,0,,,,0,,,
CRPrimaryAttributeDamageCalculation,94,0,0,captured_attribute,PrimaryAttribute,Source,true,,Multiplicitive,scalable_float,,,,,,,,,,,,,Channel0,0,,,,0,,,
CRPrimaryAttributeDamageCalculation,94,1,1,captured_attribute,DamageScale,Source,true,,MultiplyCompound,set_by_caller,,,,,,,,,,,,SetByCaller.DamageScale2,Channel0,0,,,,0,,,
CRPrimaryAttributeDamageCalculation,95,0,0,captured_attribute,PrimaryAttribute,Source,true,,Multiplicitive,scalable_float,,,,,,,,,,,,,Channel0,0,,,,0,,,
CRPrimaryAttributeDamageCalculation,95,1,1,captured_attribute,DamageScale,Source,true,,MultiplyCompound,set_by_caller,,,,,,,,,,,,SetByCaller.DamageScale,Channel0,0,,,,0,,,
CRPrimaryAttributeDamageCalculation,96,0,0,captured_attribute,PrimaryAttribute,Source,true,,Multiplicitive,scalable_float,,,,,,,,,,,,,Channel0,0,,,,0,,,
CRPrimaryAttributeDamageCalculation,96,1,1,captured_attribute,DamageScale,Source,true,,MultiplyCompound,set_by_caller,,,,,,,,,,,,SetByCaller.DamageScale,Channel0,0,,,,0,,,
CRPrimaryAttributeDamageCalculation,97,0,0,captured_attribute,PrimaryAttribute,Source,true,,Multiplicitive,scalable_float,,,,,,,,,,,,,Channel0,0,,,,0,,,
CRPrimaryAttributeDamageCalculation,98,0,0,captured_attribute,PrimaryAttribute,Source,true,,Multiplicitive,scalable_float,,,,,,,,,,,,,Channel0,0,,,,0,,,
CRPrimaryAttributeHealCalculation,0,0,0,captured_attribute,PrimaryAttribute,Source,true,,Multiplicitive,scalable_float,,,,,,,,,,,,,Channel0,0,,,,0,,,
CRPrimaryAttributeHealCalculation,1,0,0,captured_attribute,HealScale,Source,true,,Multiplicitive,scalable_float,,,,,,,,,,,,,Channel0,0,,,,0,,,
CRPrimaryAttributeHealCalculation,2,0,0,captured_attribute,HealScale,Source,true,,Multiplicitive,scalable_float,,,,,,,,,,,,,Channel0,0,,,,0,,,
CRPrimaryAttributeHealCalculation,3,0,0,captured_attribute,PrimaryAttribute,Source,true,,Multiplicitive,scalable_float,,,,,,,,,,,,,Channel0,0,,,,0,,,
CRPrimaryAttributeHealCalculation,3,1,1,captured_attribute,HealScale,Source,true,,MultiplyCompound,set_by_caller,,,,,,,,,,,,SetByCaller.HealScale,Channel0,0,,,,0,,,
CRPrimaryAttributeHealCalculation,4,0,0,captured_attribute,HealScale,Source,true,,Multiplicitive,scalable_float,,,,,,,,,,,,,Channel0,0,,,,0,,,
CRPrimaryAttributeHealCalculation,5,0,0,captured_attribute,HealScale,Source,true,,Multiplicitive,scalable_float,,,,,,,,,,,,,Channel0,0,,,,0,,,
CRPrimaryAttributeHealCalculation,5,1,1,captured_attribute,CritChance,Source,true,,Override,scalable_float,,,,,,,,,,,,,Channel0,0,,,,0,,,
CRPrimaryAttributeHealCalculation,5,2,2,captured_attribute,HealScale,Source,true,,MultiplyCompound,attribute_based,CritChance,Source,false,,,AttributeMagnitude,Channel0,,,,,,Channel0,0,,,,0,,,
CRPrimaryAttributeHealCalculation,6,0,0,captured_attribute,HealScale,Source,true,,Multiplicitive,scalable_float,,,,,,,,,,,,,Channel0,0,,,,0,,,
CRPrimaryAttributeHealCalculation,7,0,0,captured_attribute,PrimaryAttribute,Source,true,,Multiplicitive,scalable_float,,,,,,,,,,,,,Channel0,0,,,,0,,,
CRPrimaryAttributeHealCalculation,8,0,0,captured_attribute,PrimaryAttribute,Source,true,,Multiplicitive,scalable_float,,,,,,,,,,,,,Channel0,0,,,,0,,,
CRPrimaryAttributeHealCalculation,8,1,1,captured_attribute,CritChance,Source,true,,Additive,scalable_float,,,,,,,,,,,,,Channel0,0,,,,0,,,
CRPrimaryAttributeHealCalculation,8,2,2,captured_attribute,HealScale,Source,true,,MultiplyCompound,set_by_caller,,,,,,,,,,,,SetByCaller.PowerScaler,Channel0,0,,,,0,,,
CRPrimaryAttributeHealCalculation,9,0,0,captured_attribute,PrimaryAttribute,Source,true,,Multiplicitive,scalable_float,,,,,,,,,,,,,Channel0,0,,,,0,,,
CRPrimaryAttributeHealCalculation,9,1,1,captured_attribute,HealScale,Source,true,,MultiplyCompound,set_by_caller,,,,,,,,,,,,SetByCaller.DamageScale,Channel0,0,,,,0,,,
CRScaleAllThreatExecution,0,0,0,transient,,,,SetByCaller.ThreatMultiplier,Override,scalable_float,,,,,,,,,,,,,Channel0,0,,,,0,,,
CRScaleAllThreatExecution,1,0,0,transient,,,,SetByCaller.ThreatMultiplier,Override,set_by_caller,,,,,,,,,,,,SetByCaller.ThreatMultiplier,Channel0,0,,,,0,,,
CRStrengthDamageCalculation,0,0,0,captured_attribute,Strength,Source,true,,Multiplicitive,scalable_float,,,,,,,,,,,,,Channel0,0,,,,0,,,
CRStrengthDamageCalculation,1,0,0,captured_attribute,Strength,Source,true,,Multiplicitive,scalable_float,,,,,,,,,,,,,Channel0,0,,,,0,,,
CRStrengthDamageCalculation,1,1,1,transient,,,,SetByCallerTags.Spread,Override,scalable_float,,,,,,,,,,,,,Channel0,0,,,,0,,,
CRStrengthDamageCalculation,2,0,0,captured_attribute,Strength,Source,true,,Multiplicitive,scalable_float,,,,,,,,,,,,,Channel0,0,,,,0,,,
CRStrengthDamageCalculation,3,0,0,captured_attribute,Strength,Source,true,,Multiplicitive,scalable_float,,,,,,,,,,,,,Channel0,0,,,,0,,,
CRStrengthDamageCalculation,3,1,1,transient,,,,SetByCallerTags.Spread,Override,scalable_float,,,,,,,,,,,,,Channel0,0,,,,0,,,
CRStrengthDamageCalculation,4,0,0,captured_attribute,Strength,Source,true,,Multiplicitive,scalable_float,,,,,,,,,,,,,Channel0,0,,,,0,,,
CRStrengthDamageCalculation,4,1,1,transient,,,,SetByCallerTags.Spread,Override,scalable_float,,,,,,,,,,,,,Channel0,0,,,,0,,,
CRStrengthDamageCalculation,5,0,0,captured_attribute,Strength,Source,true,,Multiplicitive,scalable_float,,,,,,,,,,,,,Channel0,0,,,,0,,,
CRStrengthDamageCalculation,5,1,1,transient,,,,SetByCallerTags.Spread,Override,scalable_float,,,,,,,,,,,,,Channel0,0,,,,0,,,
CRStrengthDamageCalculation,5,2,2,captured_attribute,DamageScale,Source,true,,Multiplicitive,set_by_caller,,,,,,,,,,,,SetByCaller.DamageScale,Channel0,0,,,,0,,,
CRStrengthDamageCalculation,6,0,0,captured_attribute,Strength,Source,true,,Multiplicitive,scalable_float,,,,,,,,,,,,,Channel0,0,,,,0,,,
CRStrengthDamageCalculation,6,1,1,transient,,,,SetByCallerTags.Spread,Override,scalable_float,,,,,,,,,,,,,Channel0,0,,,,0,,,
CRStrengthDamageCalculation,7,0,0,captured_attribute,Strength,Source,true,,Multiplicitive,scalable_float,,,,,,,,,,,,,Channel0,0,,,,0,,,
CRStrengthDamageCalculation,8,0,0,transient,,,,SetByCallerTags.Spread,Override,scalable_float,,,,,,,,,,,,,Channel0,0,,,,0,,,
CRStrengthDamageCalculation,8,1,1,captured_attribute,Strength,Source,true,,Multiplicitive,scalable_float,,,,,,,,,,,,,Channel0,0,,,,0,,,
CRStrengthDamageCalculation,9,0,0,captured_attribute,Strength,Source,true,,Multiplicitive,scalable_float,,,,,,,,,,,,,Channel0,0,,,,0,,,
CRStrengthDamageCalculation,9,1,1,transient,,,,SetByCallerTags.Spread,Override,scalable_float,,,,,,,,,,,,,Channel0,0,,,,0,,,
CRStrengthDamageCalculation,10,0,0,captured_attribute,Strength,Source,true,,Multiplicitive,scalable_float,,,,,,,,,,,,,Channel0,0,,,,0,,,
CRStrengthDamageCalculation,11,0,0,captured_attribute,Strength,Source,true,,Multiplicitive,scalable_float,,,,,,,,,,,,,Channel0,0,,,,0,,,
CRStrengthDamageCalculation,11,1,1,transient,,,,SetByCallerTags.Spread,Override,scalable_float,,,,,,,,,,,,,Channel0,0,,,,0,,,
CRStrengthDamageCalculation,12,0,0,captured_attribute,Strength,Source,true,,Multiplicitive,scalable_float,,,,,,,,,,,,,Channel0,0,,,,0,,,
CRStrengthDamageCalculation,12,1,1,transient,,,,SetByCallerTags.Spread,Override,scalable_float,,,,,,,,,,,,,Channel0,0,,,,0,,,
CRStrengthDamageCalculation,13,0,0,captured_attribute,Strength,Source,true,,Multiplicitive,scalable_float,,,,,,,,,,,,,Channel0,0,,,,0,,,
CRStrengthDamageCalculation,13,1,1,transient,,,,SetByCallerTags.Spread,Override,scalable_float,,,,,,,,,,,,,Channel0,0,,,,0,,,
CRStrengthDamageCalculation,14,0,0,captured_attribute,Strength,Source,true,,Multiplicitive,scalable_float,,,,,,,,,,,,,Channel0,0,,,,0,,,
CRStrengthDamageCalculation,14,1,1,transient,,,,SetByCallerTags.Spread,Override,scalable_float,,,,,,,,,,,,,Channel0,0,,,,0,,,
CRStrengthDamageCalculation,15,0,0,captured_attribute,Strength,Source,true,,Override,attribute_based,MaxHealth,Source,false,,,AttributeMagnitude,Channel0,,,,,,Channel0,0,,,,0,,,
CRStrengthDamageCalculation,16,0,0,captured_attribute,Strength,Source,true,,Multiplicitive,scalable_float,,,,,,,,,,,,,Channel0,0,,,,0,,,
CRStrengthDamageCalculation,16,1,1,transient,,,,SetByCallerTags.Spread,Multiplicitive,scalable_float,,,,,,,,,,,,,Channel0,0,,,,0,,,
CRStrengthDamageCalculation,17,0,0,captured_attribute,Strength,Source,true,,Multiplicitive,scalable_float,,,,,,,,,,,,,Channel0,0,,,,0,,,
CRStrengthDamageCalculation,17,1,1,transient,,,,SetByCallerTags.Spread,Multiplicitive,scalable_float,,,,,,,,,,,,,Channel0,0,,,,0,,,
CRStrengthDamageCalculation,18,0,0,captured_attribute,Strength,Source,true,,Multiplicitive,scalable_float,,,,,,,,,,,,,Channel0,0,,,,0,,,
CRStrengthDamageCalculation,19,0,0,captured_attribute,Strength,Source,true,,Multiplicitive,scalable_float,,,,,,,,,,,,,Channel0,0,,,,0,,,
CRStrengthDamageCalculation,19,1,1,transient,,,,SetByCallerTags.Spread,Override,scalable_float,,,,,,,,,,,,,Channel0,0,,,,0,,,
CRStrengthDamageCalculation,20,0,0,captured_attribute,Strength,Source,true,,Multiplicitive,scalable_float,,,,,,,,,,,,,Channel0,0,,,,0,,,
CRStrengthDamageCalculation,20,1,1,transient,,,,SetByCallerTags.Spread,Multiplicitive,scalable_float,,,,,,,,,,,,,Channel0,0,,,,0,,,
CRStrengthDamageCalculation,21,0,0,captured_attribute,Strength,Source,true,,MultiplyCompound,scalable_float,,,,,,,,,,,,,Channel0,0,,,,0,,,
CRStrengthDamageCalculation,21,1,1,transient,,,,SetByCallerTags.Spread,Override,scalable_float,,,,,,,,,,,,,Channel0,0,,,,0,,,
CRStrengthDamageCalculation,22,0,0,captured_attribute,Strength,Source,true,,Multiplicitive,scalable_float,,,,,,,,,,,,,Channel0,0,,,,0,,,
CRStrengthDamageCalculation,22,1,1,transient,,,,SetByCallerTags.Spread,Multiplicitive,scalable_float,,,,,,,,,,,,,Channel0,0,,,,0,,,
CRStrengthDamageCalculation,23,0,0,captured_attribute,Strength,Source,true,,Multiplicitive,scalable_float,,,,,,,,,,,,,Channel0,0,,,,0,,,
CRStrengthDamageCalculation,23,1,1,transient,,,,SetByCallerTags.Spread,Multiplicitive,scalable_float,,,,,,,,,,,,,Channel0,0,,,,0,,,
CRStrengthDamageCalculation,24,0,0,captured_attribute,Strength,Source,true,,Multiplicitive,scalable_float,,,,,,,,,,,,,Channel0,0,,,,0,,,
CRStrengthDamageCalculation,24,1,1,transient,,,,SetByCallerTags.Spread,Multiplicitive,scalable_float,,,,,,,,,,,,,Channel0,0,,,,0,,,
CRStrengthDamageCalculation,24,2,2,captured_attribute,DamageScale,Source,true,,Division,set_by_caller,,,,,,,,,,,,SetByCallerTags.DamageScale,Channel0,0,,,,0,,,
CRStrengthDamageCalculation,25,0,0,captured_attribute,Strength,Source,true,,Multiplicitive,scalable_float,,,,,,,,,,,,,Channel0,0,,,,0,,,
CRStrengthDamageCalculation,25,1,1,transient,,,,SetByCallerTags.Spread,Override,scalable_float,,,,,,,,,,,,,Channel0,0,,,,0,,,
CRStrengthDamageCalculation,26,0,0,captured_attribute,Strength,Source,true,,MultiplyCompound,scalable_float,,,,,,,,,,,,,Channel0,0,,,,0,,,
CRStrengthDamageCalculation,27,0,0,captured_attribute,Strength,Source,true,,MultiplyCompound,scalable_float,,,,,,,,,,,,,Channel0,0,,,,0,,,
CRStrengthDamageCalculation,28,0,0,captured_attribute,Strength,Source,true,,Multiplicitive,scalable_float,,,,,,,,,,,,,Channel0,0,,,,0,,,
CRStrengthDamageCalculation,28,1,1,transient,,,,SetByCallerTags.Spread,Override,scalable_float,,,,,,,,,,,,,Channel0,0,,,,0,,,
CRStrengthDamageCalculation,29,0,0,captured_attribute,Strength,Source,true,,Multiplicitive,scalable_float,,,,,,,,,,,,,Channel0,0,,,,0,,,
CRStrengthDamageCalculation,29,1,1,transient,,,,SetByCallerTags.Spread,Override,scalable_float,,,,,,,,,,,,,Channel0,0,,,,0,,,
CRStrengthDamageCalculation,30,0,0,captured_attribute,Strength,Source,true,,MultiplyCompound,scalable_float,,,,,,,,,,,,,Channel0,0,,,,0,,,
CRStrengthDamageCalculation,31,0,0,captured_attribute,Strength,Source,true,,MultiplyCompound,scalable_float,,,,,,,,,,,,,Channel0,0,,,,0,,,
CRStrengthDamageCalculation,32,0,0,captured_attribute,Strength,Source,true,,Multiplicitive,scalable_float,,,,,,,,,,,,,Channel0,0,,,,0,,,
CRStrengthDamageCalculation,32,1,1,transient,,,,SetByCallerTags.Spread,Override,scalable_float,,,,,,,,,,,,,Channel0,0,,,,0,,,
CRStrengthDamageCalculation,33,0,0,captured_attribute,Strength,Source,true,,Multiplicitive,scalable_float,,,,,,,,,,,,,Channel0,0,,,,0,,,
CRStrengthDamageCalculation,34,0,0,captured_attribute,Strength,Source,true,,Multiplicitive,scalable_float,,,,,,,,,,,,,Channel0,0,,,,0,,,
CRStrengthDamageCalculation,35,0,0,captured_attribute,Strength,Source,true,,Multiplicitive,scalable_float,,,,,,,,,,,,,Channel0,0,,,,0,,,
CRStrengthDamageCalculation,36,0,0,captured_attribute,Strength,Source,true,,Multiplicitive,scalable_float,,,,,,,,,,,,,Channel0,0,,,,0,,,
CRStrengthDamageCalculation,37,0,0,captured_attribute,Strength,Source,true,,Multiplicitive,scalable_float,,,,,,,,,,,,,Channel0,0,,,,0,,,
CRStrengthDamageCalculation,37,1,1,transient,,,,SetByCallerTags.Spread,Override,scalable_float,,,,,,,,,,,,,Channel0,0,,,,0,,,
CRStrengthDamageCalculation,38,0,0,captured_attribute,Strength,Source,true,,Multiplicitive,scalable_float,,,,,,,,,,,,,Channel0,0,,,,0,,,
CRStrengthDamageCalculation,39,0,0,captured_attribute,Strength,Source,true,,Multiplicitive,scalable_float,,,,,,,,,,,,,Channel0,0,,,,0,,,
CRStrengthDamageCalculation,39,1,1,transient,,,,SetByCallerTags.Spread,Override,scalable_float,,,,,,,,,,,,,Channel0,0,,,,0,,,
CRStrengthDamageCalculation,40,0,0,captured_attribute,Strength,Source,true,,Multiplicitive,scalable_float,,,,,,,,,,,,,Channel0,0,,,,0,,,
CRStrengthDamageCalculation,41,0,0,captured_attribute,Strength,Source,true,,Multiplicitive,scalable_float,,,,,,,,,,,,,Channel0,0,,,,0,,,
CRStrengthDamageCalculation,41,1,1,transient,,,,SetByCallerTags.Spread,Override,scalable_float,,,,,,,,,,,,,Channel0,0,,,,0,,,
CRStrengthDamageCalculation,42,0,0,captured_attribute,Strength,Source,true,,Multiplicitive,scalable_float,,,,,,,,,,,,,Channel0,0,,,,0,,,
CRStrengthDamageCalculation,42,1,1,transient,,,,SetByCallerTags.Spread,Override,scalable_float,,,,,,,,,,,,,Channel0,0,,,,0,,,
CRStrengthDamageCalculation,43,0,0,captured_attribute,Strength,Source,true,,Multiplicitive,scalable_float,,,,,,,,,,,,,Channel0,0,,,,0,,,
CRStrengthDamageCalculation,44,0,0,captured_attribute,Strength,Source,true,,Multiplicitive,scalable_float,,,,,,,,,,,,,Channel0,0,,,,0,,,
CRStrengthDamageCalculation,44,1,1,transient,,,,SetByCallerTags.Spread,Multiplicitive,scalable_float,,,,,,,,,,,,,Channel0,0,,,,0,,,
CRStrengthDamageCalculation,45,0,0,captured_attribute,Strength,Source,true,,Multiplicitive,scalable_float,,,,,,,,,,,,,Channel0,0,,,,0,,,
CRStrengthDamageCalculation,46,0,0,captured_attribute,Strength,Source,true,,Multiplicitive,scalable_float,,,,,,,,,,,,,Channel0,0,,,,0,,,
CRStrengthDamageCalculation,47,0,0,captured_attribute,Strength,Source,true,,MultiplyCompound,scalable_float,,,,,,,,,,,,,Channel0,0,,,,0,,,
CRStrengthDamageCalculation,48,0,0,captured_attribute,Strength,Source,true,,Multiplicitive,scalable_float,,,,,,,,,,,,,Channel0,0,,,,0,,,
CRStrengthDamageCalculation,48,1,1,transient,,,,SetByCallerTags.Spread,Override,scalable_float,,,,,,,,,,,,,Channel0,0,,,,0,,,
CRStrengthDamageCalculation,49,0,0,captured_attribute,Strength,Source,true,,Multiplicitive,scalable_float,,,,,,,,,,,,,Channel0,0,,,,0,,,
CRStrengthDamageCalculation,49,1,1,transient,,,,SetByCallerTags.Spread,Override,scalable_float,,,,,,,,,,,,,Channel0,0,,,,0,,,
CRStrengthDamageCalculation,50,0,0,captured_attribute,Strength,Source,true,,Multiplicitive,scalable_float,,,,,,,,,,,,,Channel0,0,,,,0,,,
CRStrengthDamageCalculation,51,0,0,captured_attribute,Strength,Source,true,,Multiplicitive,scalable_float,,,,,,,,,,,,,Channel0,0,,,,0,,,
CRStrengthDamageCalculation,52,0,0,captured_attribute,Strength,Source,true,,Multiplicitive,scalable_float,,,,,,,,,,,,,Channel0,0,,,,0,,,
CRStrengthDamageCalculation,53,0,0,captured_attribute,Strength,Source,true,,Multiplicitive,scalable_float,,,,,,,,,,,,,Channel0,0,,,,0,,,
CRStrengthDamageCalculation,54,0,0,captured_attribute,Strength,Source,true,,Multiplicitive,scalable_float,,,,,,,,,,,,,Channel0,0,,,,0,,,
CRStrengthDamageCalculation,55,0,0,captured_attribute,Strength,Source,true,,Multiplicitive,scalable_float,,,,,,,,,,,,,Channel0,0,,,,0,,,
CRStrengthDamageCalculation,56,0,0,captured_attribute,Strength,Source,true,,Multiplicitive,scalable_float,,,,,,,,,,,,,Channel0,0,,,,0,,,
CRStrengthDamageCalculation,57,0,0,captured_attribute,Strength,Source,true,,Multiplicitive,scalable_float,,,,,,,,,,,,,Channel0,0,,,,0,,,
CRStrengthDamageCalculation,58,0,0,captured_attribute,Strength,Source,true,,Multiplicitive,scalable_float,,,,,,,,,,,,,Channel0,0,,,,0,,,
CRStrengthDamageCalculation,59,0,0,captured_attribute,Strength,Source,true,,Multiplicitive,scalable_float,,,,,,,,,,,,,Channel0,0,,,,0,,,
CRStrengthDamageCalculation,60,0,0,captured_attribute,Strength,Source,true,,Multiplicitive,scalable_float,,,,,,,,,,,,,Channel0,0,,,,0,,,
CRStrengthDamageCalculation,61,0,0,captured_attribute,Strength,Source,true,,Multiplicitive,scalable_float,,,,,,,,,,,,,Channel0,0,,,,0,,,
CRStrengthDamageCalculation,61,1,1,transient,,,,SetByCallerTags.Spread,Override,scalable_float,,,,,,,,,,,,,Channel0,0,,,,0,,,
CRStrengthDamageCalculation,62,0,0,captured_attribute,Strength,Source,true,,Multiplicitive,scalable_float,,,,,,,,,,,,,Channel0,0,,,,0,,,
CRStrengthDamageCalculation,62,1,1,transient,,,,SetByCallerTags.Spread,Override,scalable_float,,,,,,,,,,,,,Channel0,0,,,,0,,,
CRStrengthDamageCalculation,63,0,0,captured_attribute,Strength,Source,true,,MultiplyCompound,scalable_float,,,,,,,,,,,,,Channel0,0,,,,0,,,
CRStrengthDamageCalculation,64,0,0,captured_attribute,Strength,Source,true,,Multiplicitive,scalable_float,,,,,,,,,,,,,Channel0,0,,,,0,,,
CRStrengthDamageCalculation,65,0,0,captured_attribute,Strength,Source,true,,Multiplicitive,scalable_float,,,,,,,,,,,,,Channel0,0,,,,0,,,
CRStrengthDamageCalculation,65,1,1,captured_attribute,DamageScale,Source,true,,Multiplicitive,set_by_caller,,,,,,,,,,,,SetByCaller.DamageScale,Channel0,0,,,,0,,,
CRStrengthDamageCalculation,65,2,2,captured_attribute,DamageScale,Source,true,,MultiplyCompound,custom_calculation,,,,,,,,GMMC_AscensionScaling_NoDispelNoInterrupt_Default,,,,,Channel0,0,,,,0,,,
CRStrengthDamageCalculation,66,0,0,captured_attribute,Strength,Source,true,,Multiplicitive,scalable_float,,,,,,,,,,,,,Channel0,0,,,,0,,,
CRStrengthDamageCalculation,66,1,1,captured_attribute,DamageScale,Source,true,,Multiplicitive,set_by_caller,,,,,,,,,,,,SetByCaller.DamageScale,Channel0,0,,,,0,,,
CRStrengthDamageCalculation,66,2,2,captured_attribute,DamageScale,Source,true,,MultiplyCompound,custom_calculation,,,,,,,,GMMC_AscensionScaling_NoDispelNoInterrupt_Default,,,,,Channel0,0,,,,0,,,
CRStrengthDamageCalculation,67,0,0,captured_attribute,Strength,Source,true,,Multiplicitive,scalable_float,,,,,,,,,,,,,Channel0,0,,,,0,,,
CRStrengthDamageCalculation,68,0,0,captured_attribute,Strength,Source,true,,Multiplicitive,scalable_float,,,,,,,,,,,,,Channel0,0,,,,0,,,
CRStrengthDamageCalculation,69,0,0,captured_attribute,Strength,Source,true,,Multiplicitive,scalable_float,,,,,,,,,,,,,Channel0,0,,,,0,,,
CRStrengthDamageCalculation,69,1,1,transient,,,,SetByCallerTags.Spread,Override,scalable_float,,,,,,,,,,,,,Channel0,0,,,,0,,,
CRStrengthDamageCalculation,70,0,0,captured_attribute,Strength,Source,true,,Multiplicitive,scalable_float,,,,,,,,,,,,,Channel0,0,,,,0,,,
CRStrengthDamageCalculation,71,0,0,captured_attribute,Strength,Source,true,,Multiplicitive,scalable_float,,,,,,,,,,,,,Channel0,0,,,,0,,,
CRStrengthDamageCalculation,72,0,0,captured_attribute,Strength,Source,true,,Multiplicitive,scalable_float,,,,,,,,,,,,,Channel0,0,,,,0,,,
CRStrengthDamageCalculation,73,0,0,captured_attribute,Strength,Source,true,,Multiplicitive,scalable_float,,,,,,,,,,,,,Channel0,0,,,,0,,,
CRStrengthDamageCalculation,73,1,1,transient,,,,SetByCallerTags.Spread,Override,scalable_float,,,,,,,,,,,,,Channel0,0,,,,0,,,
CRStrengthDamageCalculation,74,0,0,captured_attribute,Strength,Source,true,,Multiplicitive,scalable_float,,,,,,,,,,,,,Channel0,0,,,,0,,,
CRStrengthDamageCalculation,75,0,0,captured_attribute,Strength,Source,true,,Multiplicitive,scalable_float,,,,,,,,,,,,,Channel0,0,,,,0,,,
CRStrengthDamageCalculation,75,1,1,transient,,,,SetByCallerTags.Spread,Override,scalable_float,,,,,,,,,,,,,Channel0,0,,,,0,,,
CRStrengthDamageCalculation,76,0,0,captured_attribute,Strength,Source,true,,Multiplicitive,scalable_float,,,,,,,,,,,,,Channel0,0,,,,0,,,
CRStrengthDamageCalculation,76,1,1,transient,,,,SetByCallerTags.Spread,Override,scalable_float,,,,,,,,,,,,,Channel0,0,,,,0,,,
CRStrengthDamageCalculation,77,0,0,captured_attribute,Strength,Source,true,,Multiplicitive,scalable_float,,,,,,,,,,,,,Channel0,0,,,,0,,,
CRStrengthDamageCalculation,78,0,0,captured_attribute,Strength,Source,true,,MultiplyCompound,scalable_float,,,,,,,,,,,,,Channel0,0,,,,0,,,
CRStrengthDamageCalculation,78,1,1,transient,,,,SetByCallerTags.Spread,Override,scalable_float,,,,,,,,,,,,,Channel0,0,,,,0,,,
CRStrengthDamageCalculation,79,0,0,captured_attribute,Strength,Source,true,,Multiplicitive,scalable_float,,,,,,,,,,,,,Channel0,0,,,,0,,,
CRStrengthDamageCalculation,80,0,0,captured_attribute,Strength,Source,true,,Multiplicitive,scalable_float,,,,,,,,,,,,,Channel0,0,,,,0,,,
CRStrengthDamageCalculation,80,1,1,transient,,,,SetByCallerTags.Spread,Override,scalable_float,,,,,,,,,,,,,Channel0,0,,,,0,,,
CRStrengthDamageCalculation,81,0,0,captured_attribute,Strength,Source,true,,Multiplicitive,scalable_float,,,,,,,,,,,,,Channel0,0,,,,0,,,
CRStrengthDamageCalculation,81,1,1,transient,,,,SetByCallerTags.Spread,Override,scalable_float,,,,,,,,,,,,,Channel0,0,,,,0,,,
CRStrengthDamageCalculation,82,0,0,captured_attribute,Strength,Source,true,,Multiplicitive,scalable_float,,,,,,,,,,,,,Channel0,0,,,,0,,,
CRStrengthDamageCalculation,83,0,0,captured_attribute,Strength,Source,true,,Multiplicitive,scalable_float,,,,,,,,,,,,,Channel0,0,,,,0,,,
CRStrengthDamageCalculation,84,0,0,captured_attribute,Strength,Source,true,,Multiplicitive,scalable_float,,,,,,,,,,,,,Channel0,0,,,,0,,,
CRStrengthDamageCalculation,84,1,1,transient,,,,SetByCallerTags.Spread,Override,scalable_float,,,,,,,,,,,,,Channel0,0,,,,0,,,
CRStrengthDamageCalculation,84,2,2,captured_attribute,DamageScale,Source,true,,Multiplicitive,custom_calculation,,,,,,,,GMMC_AscensionScaling_NoDispelNoInterrupt_Default,,,,,Channel0,0,,,,0,,,
CRStrengthDamageCalculation,85,0,0,captured_attribute,Strength,Source,true,,Multiplicitive,scalable_float,,,,,,,,,,,,,Channel0,0,,,,0,,,
CRStrengthDamageCalculation,85,1,1,transient,,,,SetByCallerTags.Spread,Override,scalable_float,,,,,,,,,,,,,Channel0,0,,,,0,,,
CRStrengthDamageCalculation,86,0,0,captured_attribute,Strength,Source,true,,Multiplicitive,scalable_float,,,,,,,,,,,,,Channel0,0,,,,0,,,
CRStrengthDamageCalculation,86,1,1,transient,,,,SetByCallerTags.Spread,Override,scalable_float,,,,,,,,,,,,,Channel0,0,,,,0,,,
CRStrengthDamageCalculation,87,0,0,captured_attribute,Strength,Source,true,,Multiplicitive,scalable_float,,,,,,,,,,,,,Channel0,0,,,,0,,,
CRStrengthDamageCalculation,87,1,1,transient,,,,SetByCallerTags.Spread,Override,scalable_float,,,,,,,,,,,,,Channel0,0,,,,0,,,
CRStrengthDamageCalculation,88,0,0,captured_attribute,Strength,Source,true,,Multiplicitive,scalable_float,,,,,,,,,,,,,Channel0,0,,,,0,,,
CRStrengthDamageCalculation,89,0,0,captured_attribute,Strength,Source,true,,Multiplicitive,scalable_float,,,,,,,,,,,,,Channel0,0,,,,0,,,
CRStrengthDamageCalculation,90,0,0,captured_attribute,Strength,Source,true,,Multiplicitive,scalable_float,,,,,,,,,,,,,Channel0,0,,,,0,,,
CRStrengthDamageCalculation,91,0,0,captured_attribute,Strength,Source,true,,Multiplicitive,scalable_float,,,,,,,,,,,,,Channel0,0,,,,0,,,
CRStrengthDamageCalculation,91,1,1,transient,,,,SetByCallerTags.Spread,Override,scalable_float,,,,,,,,,,,,,Channel0,0,,,,0,,,
CRStrengthDamageCalculation,92,0,0,captured_attribute,Strength,Source,true,,Multiplicitive,scalable_float,,,,,,,,,,,,,Channel0,0,,,,0,,,
CRStrengthDamageCalculation,92,1,1,transient,,,,SetByCallerTags.Spread,Override,scalable_float,,,,,,,,,,,,,Channel0,0,,,,0,,,
CRStrengthDamageCalculation,93,0,0,captured_attribute,Strength,Source,true,,Multiplicitive,scalable_float,,,,,,,,,,,,,Channel0,0,,,,0,,,
CRStrengthDamageCalculation,94,0,0,captured_attribute,Strength,Source,true,,Multiplicitive,scalable_float,,,,,,,,,,,,,Channel0,0,,,,0,,,
CRStrengthDamageCalculation,95,0,0,captured_attribute,Strength,Source,true,,Multiplicitive,scalable_float,,,,,,,,,,,,,Channel0,0,,,,0,,,
CRStrengthDamageCalculation,96,0,0,captured_attribute,Strength,Source,true,,Multiplicitive,scalable_float,,,,,,,,,,,,,Channel0,0,,,,0,,,
CRStrengthDamageCalculation,97,0,0,captured_attribute,Strength,Source,true,,Multiplicitive,scalable_float,,,,,,,,,,,,,Channel0,0,,,,0,,,
CRStrengthDamageCalculation,98,0,0,captured_attribute,Strength,Source,true,,Multiplicitive,scalable_float,,,,,,,,,,,,,Channel0,0,,,,0,,,
CRStrengthDamageCalculation,99,0,0,captured_attribute,Strength,Source,true,,Multiplicitive,scalable_float,,,,,,,,,,,,,Channel0,0,,,,0,,,
CRStrengthDamageCalculation,100,0,0,captured_attribute,Strength,Source,true,,Multiplicitive,scalable_float,,,,,,,,,,,,,Channel0,0,,,,0,,,
CRStrengthDamageCalculation,101,0,0,captured_attribute,Strength,Source,true,,Multiplicitive,scalable_float,,,,,,,,,,,,,Channel0,0,,,,0,,,
CRStrengthDamageCalculation,102,0,0,captured_attribute,Strength,Source,true,,Multiplicitive,scalable_float,,,,,,,,,,,,,Channel0,0,,,,0,,,
CRStrengthDamageCalculation,102,1,1,transient,,,,SetByCallerTags.Spread,Override,scalable_float,,,,,,,,,,,,,Channel0,0,,,,0,,,
CRStrengthDamageCalculation,103,0,0,captured_attribute,Strength,Source,true,,Multiplicitive,scalable_float,,,,,,,,,,,,,Channel0,0,,,,0,,,
CRStrengthDamageCalculation,104,0,0,captured_attribute,Strength,Source,true,,Multiplicitive,scalable_float,,,,,,,,,,,,,Channel0,0,,,,0,,,
CRStrengthDamageCalculation,105,0,0,captured_attribute,Strength,Source,true,,Multiplicitive,scalable_float,,,,,,,,,,,,,Channel0,0,,,,0,,,
CRStrengthDamageCalculation,106,0,0,captured_attribute,Strength,Source,true,,Multiplicitive,scalable_float,,,,,,,,,,,,,Channel0,0,,,,0,,,
CRStrengthDamageCalculation,106,1,1,transient,,,,SetByCallerTags.Spread,Override,scalable_float,,,,,,,,,,,,,Channel0,0,,,,0,,,
CRStrengthDamageCalculation,107,0,0,captured_attribute,Strength,Source,true,,Multiplicitive,scalable_float,,,,,,,,,,,,,Channel0,0,,,,0,,,
CRStrengthDamageCalculation,108,0,0,captured_attribute,Strength,Source,true,,Multiplicitive,scalable_float,,,,,,,,,,,,,Channel0,0,,,,0,,,
CRStrengthDamageCalculation,109,0,0,captured_attribute,Strength,Source,true,,Multiplicitive,scalable_float,,,,,,,,,,,,,Channel0,0,,,,0,,,
CRStrengthDamageCalculation,109,1,1,transient,,,,SetByCallerTags.Spread,Override,scalable_float,,,,,,,,,,,,,Channel0,0,,,,0,,,
CRStrengthDamageCalculation,110,0,0,captured_attribute,Strength,Source,true,,Multiplicitive,scalable_float,,,,,,,,,,,,,Channel0,0,,,,0,,,
CRStrengthDamageCalculation,110,1,1,transient,,,,SetByCallerTags.Spread,Override,scalable_float,,,,,,,,,,,,,Channel0,0,,,,0,,,
CRStrengthDamageCalculation,111,0,0,captured_attribute,Strength,Source,true,,Multiplicitive,scalable_float,,,,,,,,,,,,,Channel0,0,,,,0,,,
CRStrengthDamageCalculation,112,0,0,captured_attribute,Strength,Source,true,,Multiplicitive,scalable_float,,,,,,,,,,,,,Channel0,0,,,,0,,,
CRStrengthDamageCalculation,113,0,0,captured_attribute,Strength,Source,true,,MultiplyCompound,scalable_float,,,,,,,,,,,,,Channel0,0,,,,0,,,
CRStrengthDamageCalculation,114,0,0,captured_attribute,Strength,Source,true,,MultiplyCompound,scalable_float,,,,,,,,,,,,,Channel0,0,,,,0,,,
CRStrengthDamageCalculation,115,0,0,captured_attribute,Strength,Source,true,,MultiplyCompound,scalable_float,,,,,,,,,,,,,Channel0,0,,,,0,,,
CRStrengthDamageCalculation,115,1,1,captured_attribute,DamageScale,Source,true,,MultiplyCompound,set_by_caller,,,,,,,,,,,,SetByCaller.DamageScale,Channel0,0,,,,0,,,
CRStrengthDamageCalculation,116,0,0,captured_attribute,Strength,Source,true,,MultiplyCompound,scalable_float,,,,,,,,,,,,,Channel0,0,,,,0,,,
CRStrengthDamageCalculation,117,0,0,captured_attribute,Strength,Source,true,,MultiplyCompound,scalable_float,,,,,,,,,,,,,Channel0,0,,,,0,,,
CRStrengthDamageCalculation,117,1,1,captured_attribute,DamageScale,Source,true,,MultiplyCompound,set_by_caller,,,,,,,,,,,,SetByCaller.DamageScale,Channel0,0,,,,0,,,
CRStrengthDamageCalculation,117,2,2,transient,,,,SetByCallerTags.Spread,Override,scalable_float,,,,,,,,,,,,,Channel0,0,,,,0,,,
CRStrengthDamageCalculation,118,0,0,captured_attribute,Strength,Source,true,,MultiplyCompound,scalable_float,,,,,,,,,,,,,Channel0,0,,,,0,,,
CRStrengthDamageCalculation,119,0,0,captured_attribute,Strength,Source,true,,Multiplicitive,scalable_float,,,,,,,,,,,,,Channel0,0,,,,0,,,
CRStrengthDamageCalculation,120,0,0,captured_attribute,Strength,Source,true,,Multiplicitive,scalable_float,,,,,,,,,,,,,Channel0,0,,,,0,,,
CRStrengthDamageCalculation,121,0,0,captured_attribute,Strength,Source,true,,Multiplicitive,scalable_float,,,,,,,,,,,,,Channel0,0,,,,0,,,
CRStrengthDamageCalculation,122,0,0,captured_attribute,Strength,Source,true,,MultiplyCompound,scalable_float,,,,,,,,,,,,,Channel0,0,,,,0,,,
CRStrengthDamageCalculation,122,1,1,captured_attribute,DamageScale,Source,true,,MultiplyCompound,set_by_caller,,,,,,,,,,,,SetByCaller.DamageScale,Channel0,0,,,,0,,,
CRStrengthDamageCalculation,122,2,2,transient,,,,SetByCallerTags.Spread,Override,scalable_float,,,,,,,,,,,,,Channel0,0,,,,0,,,
CRStrengthDamageCalculation,123,0,0,captured_attribute,Strength,Source,true,,Multiplicitive,scalable_float,,,,,,,,,,,,,Channel0,0,,,,0,,,
CRStrengthDamageCalculation,124,0,0,captured_attribute,Strength,Source,true,,Multiplicitive,scalable_float,,,,,,,,,,,,,Channel0,0,,,,0,,,
CRStrengthDamageCalculation,125,0,0,captured_attribute,Strength,Source,true,,Multiplicitive,scalable_float,,,,,,,,,,,,,Channel0,0,,,,0,,,
CRStrengthDamageCalculation,126,0,0,captured_attribute,Strength,Source,true,,Multiplicitive,scalable_float,,,,,,,,,,,,,Channel0,0,,,,0,,,
CRStrengthDamageCalculation,127,0,0,captured_attribute,Strength,Source,true,,Multiplicitive,scalable_float,,,,,,,,,,,,,Channel0,0,,,,0,,,
CRStrengthDamageCalculation,128,0,0,captured_attribute,Strength,Source,true,,Multiplicitive,scalable_float,,,,,,,,,,,,,Channel0,0,,,,0,,,
CRStrengthDamageCalculation,129,0,0,captured_attribute,Strength,Source,true,,Multiplicitive,scalable_float,,,,,,,,,,,,,Channel0,0,,,,0,,,
CRStrengthDamageCalculation,130,0,0,captured_attribute,Strength,Source,true,,Multiplicitive,scalable_float,,,,,,,,,,,,,Channel0,0,,,,0,,,
CRStrengthDamageCalculation,131,0,0,captured_attribute,Strength,Source,true,,Multiplicitive,scalable_float,,,,,,,,,,,,,Channel0,0,,,,0,,,
CRStrengthDamageCalculation,132,0,0,captured_attribute,Strength,Source,true,,Multiplicitive,scalable_float,,,,,,,,,,,,,Channel0,0,,,,0,,,
CRStrengthDamageCalculation,133,0,0,captured_attribute,Strength,Source,true,,Multiplicitive,scalable_float,,,,,,,,,,,,,Channel0,0,,,,0,,,
CRStrengthDamageCalculation,134,0,0,captured_attribute,Strength,Source,true,,Multiplicitive,scalable_float,,,,,,,,,,,,,Channel0,0,,,,0,,,
CRStrengthDamageCalculation,135,0,0,captured_attribute,Strength,Source,true,,Multiplicitive,scalable_float,,,,,,,,,,,,,Channel0,0,,,,0,,,
CRStrengthDamageCalculation,136,0,0,captured_attribute,Strength,Source,true,,Multiplicitive,scalable_float,,,,,,,,,,,,,Channel0,0,,,,0,,,
CRStrengthDamageCalculation,137,0,0,captured_attribute,Strength,Source,true,,Multiplicitive,scalable_float,,,,,,,,,,,,,Channel0,0,,,,0,,,
CRStrengthDamageCalculation,138,0,0,captured_attribute,Strength,Source,true,,Multiplicitive,scalable_float,,,,,,,,,,,,,Channel0,0,,,,0,,,
CRStrengthDamageCalculation,139,0,0,captured_attribute,Strength,Source,true,,Multiplicitive,scalable_float,,,,,,,,,,,,,Channel0,0,,,,0,,,
CRStrengthDamageCalculation,139,1,1,transient,,,,SetByCallerTags.Spread,Override,scalable_float,,,,,,,,,,,,,Channel0,0,,,,0,,,
CRStrengthDamageCalculation,140,0,0,captured_attribute,Strength,Source,true,,Multiplicitive,scalable_float,,,,,,,,,,,,,Channel0,0,,,,0,,,
CRStrengthDamageCalculation,141,0,0,captured_attribute,Strength,Source,true,,Multiplicitive,scalable_float,,,,,,,,,,,,,Channel0,0,,,,0,,,
CRStrengthDamageCalculation,142,0,0,captured_attribute,Strength,Source,true,,MultiplyCompound,scalable_float,,,,,,,,,,,,,Channel0,0,,,,0,,,
CRStrengthDamageCalculation,142,1,1,transient,,,,SetByCallerTags.Spread,Override,scalable_float,,,,,,,,,,,,,Channel0,0,,,,0,,,
CRStrengthDamageCalculation,143,0,0,captured_attribute,Strength,Source,true,,Multiplicitive,scalable_float,,,,,,,,,,,,,Channel0,0,,,,0,,,
CRStrengthDamageCalculation,144,0,0,captured_attribute,Strength,Source,true,,Multiplicitive,scalable_float,,,,,,,,,,,,,Channel0,0,,,,0,,,
CRStrengthDamageCalculation,145,0,0,captured_attribute,Strength,Source,true,,Multiplicitive,scalable_float,,,,,,,,,,,,,Channel0,0,,,,0,,,
CRStrengthDamageCalculation,146,0,0,captured_attribute,Strength,Source,true,,Multiplicitive,scalable_float,,,,,,,,,,,,,Channel0,0,,,,0,,,
CRStrengthDamageCalculation,147,0,0,captured_attribute,Strength,Source,true,,Multiplicitive,scalable_float,,,,,,,,,,,,,Channel0,0,,,,0,,,
CRStrengthDamageCalculation,148,0,0,captured_attribute,Strength,Source,true,,Multiplicitive,scalable_float,,,,,,,,,,,,,Channel0,0,,,,0,,,
CRStrengthDamageCalculation,149,0,0,captured_attribute,Strength,Source,true,,MultiplyCompound,scalable_float,,,,,,,,,,,,,Channel0,0,,,,0,,,
CRStrengthDamageCalculation,150,0,0,captured_attribute,Strength,Source,true,,Multiplicitive,scalable_float,,,,,,,,,,,,,Channel0,0,,,,0,,,
CRStrengthDamageCalculation,151,0,0,captured_attribute,Strength,Source,true,,Multiplicitive,scalable_float,,,,,,,,,,,,,Channel0,0,,,,0,,,
CRStrengthDamageCalculation,152,0,0,captured_attribute,Strength,Source,true,,Multiplicitive,scalable_float,,,,,,,,,,,,,Channel0,0,,,,0,,,
CRStrengthDamageCalculation,153,0,0,captured_attribute,Strength,Source,true,,MultiplyCompound,scalable_float,,,,,,,,,,,,,Channel0,0,,,,0,,,
CRStrengthDamageCalculation,154,0,0,captured_attribute,Strength,Source,true,,MultiplyCompound,scalable_float,,,,,,,,,,,,,Channel0,0,,,,0,,,
CRStrengthDamageCalculation,155,0,0,captured_attribute,Strength,Source,true,,MultiplyCompound,scalable_float,,,,,,,,,,,,,Channel0,0,,,,0,,,
CRStrengthDamageCalculation,156,0,0,captured_attribute,Strength,Source,true,,MultiplyCompound,scalable_float,,,,,,,,,,,,,Channel0,0,,,,0,,,
CRStrengthDamageCalculation,157,0,0,captured_attribute,Strength,Source,true,,Multiplicitive,scalable_float,,,,,,,,,,,,,Channel0,0,,,,0,,,
CRStrengthDamageCalculation,158,0,0,captured_attribute,Strength,Source,true,,Multiplicitive,scalable_float,,,,,,,,,,,,,Channel0,0,,,,0,,,
CRStrengthDamageCalculation,159,0,0,captured_attribute,Strength,Source,true,,Multiplicitive,scalable_float,,,,,,,,,,,,,Channel0,0,,,,0,,,
CRStrengthDamageCalculation,160,0,0,captured_attribute,Strength,Source,true,,Multiplicitive,scalable_float,,,,,,,,,,,,,Channel0,0,,,,0,,,
CRStrengthDamageCalculation,161,0,0,captured_attribute,Strength,Source,true,,Multiplicitive,scalable_float,,,,,,,,,,,,,Channel0,0,,,,0,,,
CRStrengthDamageCalculation,162,0,0,captured_attribute,Strength,Source,true,,Multiplicitive,scalable_float,,,,,,,,,,,,,Channel0,0,,,,0,,,
CRStrengthDamageCalculation,163,0,0,captured_attribute,Strength,Source,true,,Multiplicitive,scalable_float,,,,,,,,,,,,,Channel0,0,,,,0,,,
CRStrengthDamageCalculation,164,0,0,captured_attribute,Strength,Source,true,,Multiplicitive,scalable_float,,,,,,,,,,,,,Channel0,0,,,,0,,,
CRStrengthDamageCalculation,164,1,1,transient,,,,SetByCallerTags.Spread,Override,scalable_float,,,,,,,,,,,,,Channel0,0,,,,0,,,
CRStrengthDamageCalculation,165,0,0,captured_attribute,Strength,Source,true,,Multiplicitive,scalable_float,,,,,,,,,,,,,Channel0,0,,,,0,,,
CRStrengthDamageCalculation,165,1,1,captured_attribute,DamageScale,Source,true,,Multiplicitive,set_by_caller,,,,,,,,,,,,SetByCaller.DamageScale,Channel0,0,,,,0,,,
CRStrengthDamageCalculation,166,0,0,captured_attribute,Strength,Source,true,,Multiplicitive,scalable_float,,,,,,,,,,,,,Channel0,0,,,,0,,,
CRStrengthDamageCalculation,167,0,0,captured_attribute,Strength,Source,true,,Multiplicitive,scalable_float,,,,,,,,,,,,,Channel0,0,,,,0,,,
CRStrengthDamageCalculation,168,0,0,captured_attribute,Strength,Source,true,,Multiplicitive,scalable_float,,,,,,,,,,,,,Channel0,0,,,,0,,,
CRStrengthDamageCalculation,169,0,0,captured_attribute,Strength,Source,true,,Multiplicitive,scalable_float,,,,,,,,,,,,,Channel0,0,,,,0,,,
CRStrengthDamageCalculation,169,1,1,captured_attribute,DamageScale,Source,true,,MultiplyCompound,set_by_caller,,,,,,,,,,,,SetByCaller.DamageScale,Channel0,0,,,,0,,,
CRStrengthDamageCalculation,170,0,0,captured_attribute,Strength,Source,true,,Multiplicitive,scalable_float,,,,,,,,,,,,,Channel0,0,,,,0,,,
CRStrengthDamageCalculation,170,1,1,captured_attribute,DamageScale,Source,true,,Multiplicitive,scalable_float,,,,,,,,,,,,,Channel0,0,,,,0,,,
CRStrengthDamageCalculation,171,0,0,captured_attribute,Strength,Source,true,,Multiplicitive,scalable_float,,,,,,,,,,,,,Channel0,0,,,,0,,,
CRStrengthDamageCalculation,172,0,0,captured_attribute,Strength,Source,true,,Multiplicitive,scalable_float,,,,,,,,,,,,,Channel0,0,,,,0,,,
CRStrengthDamageCalculation,172,1,1,captured_attribute,DamageScale,Source,true,,MultiplyCompound,scalable_float,,,,,,,,,,,,,Channel0,0,,,,0,,,
CRStrengthDamageCalculation,172,2,2,captured_attribute,CritChance,Source,true,,Additive,scalable_float,,,,,,,,,,,,,Channel0,0,,,,0,,,
CRStrengthDamageCalculation,173,0,0,captured_attribute,Strength,Source,true,,MultiplyCompound,scalable_float,,,,,,,,,,,,,Channel0,0,,,,0,,,
CRStrengthDamageCalculation,174,0,0,captured_attribute,Strength,Source,true,,Multiplicitive,scalable_float,,,,,,,,,,,,,Channel0,0,,,,0,,,
CRStrengthDamageCalculation,175,0,0,captured_attribute,Strength,Source,true,,Multiplicitive,scalable_float,,,,,,,,,,,,,Channel0,0,,,,0,,,
CRStrengthDamageCalculation,176,0,0,captured_attribute,Strength,Source,true,,MultiplyCompound,scalable_float,,,,,,,,,,,,,Channel0,0,,,,0,,,
CRStrengthDamageCalculation,176,1,1,captured_attribute,DamageScale,Source,true,,MultiplyCompound,set_by_caller,,,,,,,,,,,,SetByCaller.DamageScaleTargetCount,Channel0,0,,,,0,,,
CRStrengthDamageCalculation,176,2,2,captured_attribute,CritChance,Source,true,,Additive,set_by_caller,,,,,,,,,,,,SetByCaller.CritChance,Channel0,0,,,,0,,,
CRStrengthDamageCalculation,176,3,3,captured_attribute,DamageScale,Source,true,,MultiplyCompound,set_by_caller,,,,,,,,,,,,SetByCaller.Talent.DamageScale,Channel0,0,,,,0,,,
CRStrengthDamageCalculation,177,0,0,captured_attribute,Strength,Source,true,,Multiplicitive,scalable_float,,,,,,,,,,,,,Channel0,0,,,,0,,,
CRStrengthDamageCalculation,177,1,1,captured_attribute,DamageScale,Source,true,,Multiplicitive,set_by_caller,,,,,,,,,,,,SetByCaller.DamageScale,Channel0,0,,,,0,,,
CRStrengthDamageCalculation,177,2,2,captured_attribute,CritChance,Source,true,,Multiplicitive,set_by_caller,,,,,,,,,,,,SetByCaller.CritChance,Channel0,0,,,,0,,,
CRStrengthDamageCalculation,178,0,0,captured_attribute,Strength,Source,true,,MultiplyCompound,scalable_float,,,,,,,,,,,,,Channel0,0,,,,0,,,
CRStrengthDamageCalculation,178,1,1,captured_attribute,DamageScale,Source,true,,MultiplyCompound,set_by_caller,,,,,,,,,,,,SetByCaller.DamageScaleTargetCount,Channel0,0,,,,0,,,
CRStrengthDamageCalculation,179,0,0,captured_attribute,Strength,Source,true,,MultiplyCompound,scalable_float,,,,,,,,,,,,,Channel0,0,,,,0,,,
CRStrengthDamageCalculation,180,0,0,captured_attribute,Strength,Source,true,,Multiplicitive,scalable_float,,,,,,,,,,,,,Channel0,0,,,,0,,,
CRStrengthDamageCalculation,181,0,0,captured_attribute,Strength,Source,true,,Multiplicitive,scalable_float,,,,,,,,,,,,,Channel0,0,,,,0,,,
CRStrengthDamageCalculation,181,1,1,captured_attribute,DamageScale,Source,true,,Multiplicitive,scalable_float,,,,,,,,,,,,,Channel0,0,,,,0,,,
CRStrengthDamageCalculation,182,0,0,captured_attribute,Strength,Source,true,,Multiplicitive,scalable_float,,,,,,,,,,,,,Channel0,0,,,,0,,,
CRStrengthDamageCalculation,183,0,0,captured_attribute,Strength,Source,true,,MultiplyCompound,scalable_float,,,,,,,,,,,,,Channel0,0,,,,0,,,
CRStrengthDamageCalculation,184,0,0,captured_attribute,Strength,Source,true,,Multiplicitive,scalable_float,,,,,,,,,,,,,Channel0,0,,,,0,,,
CRStrengthDamageCalculation,184,1,1,captured_attribute,DamageScale,Source,true,,Multiplicitive,scalable_float,,,,,,,,,,,,,Channel0,0,,,,0,,,
CRStrengthDamageCalculation,185,0,0,captured_attribute,Strength,Source,true,,Multiplicitive,set_by_caller,,,,,,,,,,,,SetByCaller.Damage,Channel0,0,,,,0,,,
CRStrengthDamageCalculation,185,1,1,captured_attribute,DamageScale,Source,true,,Multiplicitive,set_by_caller,,,,,,,,,,,,SetByCaller.DamageScaleTargetCount,Channel0,0,,,,0,,,
CRStrengthDamageCalculation,186,0,0,captured_attribute,Strength,Source,true,,Multiplicitive,scalable_float,,,,,,,,,,,,,Channel0,0,,,,0,,,
CRStrengthDamageCalculation,186,1,1,captured_attribute,DamageScale,Source,true,,MultiplyCompound,set_by_caller,,,,,,,,,,,,SetByCaller.DamageScaleTargetCount,Channel0,0,,,,0,,,
CRStrengthDamageCalculation,187,0,0,captured_attribute,Strength,Source,true,,Multiplicitive,scalable_float,,,,,,,,,,,,,Channel0,0,,,,0,,,
CRStrengthDamageCalculation,187,1,1,captured_attribute,DamageScale,Source,true,,MultiplyCompound,set_by_caller,,,,,,,,,,,,SetByCaller.DamageScaleTargetCount,Channel0,0,,,,0,,,
CRStrengthDamageCalculation,187,2,2,captured_attribute,CritChance,Source,true,,Additive,set_by_caller,,,,,,,,,,,,SetByCaller.CritChance,Channel0,0,,,,0,,,
CRStrengthDamageCalculation,188,0,0,captured_attribute,Strength,Source,true,,Multiplicitive,scalable_float,,,,,,,,,,,,,Channel0,0,,,,0,,,
CRStrengthDamageCalculation,189,0,0,captured_attribute,Strength,Source,true,,Multiplicitive,scalable_float,,,,,,,,,,,,,Channel0,0,,,,0,,,
CRStrengthDamageCalculation,189,1,1,captured_attribute,DamageScale,Source,true,,MultiplyCompound,custom_calculation,,,,,,,,GMMC_AscensionScaling_NoDispelNoInterrupt_Default,,,,,Channel0,0,,,,0,,,
CRStrengthDamageCalculation,190,0,0,captured_attribute,Strength,Source,true,,Multiplicitive,scalable_float,,,,,,,,,,,,,Channel0,0,,,,0,,,
CRStrengthDamageCalculation,190,1,1,captured_attribute,DamageScale,Source,true,,MultiplyCompound,custom_calculation,,,,,,,,GMMC_AscensionScaling_NoDispelNoInterrupt_Default,,,,,Channel0,0,,,,0,,,
CRStrengthDamageCalculation,191,0,0,captured_attribute,Strength,Source,true,,Multiplicitive,scalable_float,,,,,,,,,,,,,Channel0,0,,,,0,,,
CRStrengthDamageCalculation,192,0,0,captured_attribute,Strength,Source,true,,Multiplicitive,scalable_float,,,,,,,,,,,,,Channel0,0,,,,0,,,
CRStrengthDamageCalculation,193,0,0,captured_attribute,Strength,Source,true,,Multiplicitive,scalable_float,,,,,,,,,,,,,Channel0,0,,,,0,,,
CRStrengthDamageCalculation,194,0,0,captured_attribute,Strength,Source,true,,Multiplicitive,scalable_float,,,,,,,,,,,,,Channel0,0,,,,0,,,
CRStrengthDamageCalculation,195,0,0,captured_attribute,Strength,Source,true,,Multiplicitive,scalable_float,,,,,,,,,,,,,Channel0,0,,,,0,,,
CRStrengthDamageCalculation,195,1,1,transient,,,,SetByCallerTags.Spread,Override,scalable_float,,,,,,,,,,,,,Channel0,0,,,,0,,,
CRStrengthDamageCalculation,196,0,0,captured_attribute,Strength,Source,true,,Multiplicitive,scalable_float,,,,,,,,,,,,,Channel0,0,,,,0,,,
CRStrengthDamageCalculation,196,1,1,captured_attribute,DamageScale,Source,true,,Division,set_by_caller,,,,,,,,,,,,SetByCallerTags.DamageScale,Channel0,0,,,,0,,,
CRStrengthDamageCalculation,197,0,0,captured_attribute,Strength,Source,true,,Multiplicitive,scalable_float,,,,,,,,,,,,,Channel0,0,,,,0,,,
CRStrengthDamageCalculation,198,0,0,captured_attribute,Strength,Source,true,,Multiplicitive,scalable_float,,,,,,,,,,,,,Channel0,0,,,,0,,,
CRStrengthDamageCalculation,199,0,0,captured_attribute,Strength,Source,true,,Multiplicitive,scalable_float,,,,,,,,,,,,,Channel0,0,,,,0,,,
CRStrengthDamageCalculation,200,0,0,captured_attribute,Strength,Source,true,,Multiplicitive,scalable_float,,,,,,,,,,,,,Channel0,0,,,,0,,,
CRStrengthDamageCalculation,200,1,1,captured_attribute,DamageScale,Source,true,,MultiplyCompound,set_by_caller,,,,,,,,,,,,SetByCaller.DamageScale3,Channel0,0,,,,0,,,
CRStrengthDamageCalculation,200,2,2,captured_attribute,DamageScale,Source,true,,MultiplyCompound,set_by_caller,,,,,,,,,,,,SetByCaller.DamageScale2,Channel0,0,,,,0,,,
CRStrengthDamageCalculation,200,3,3,captured_attribute,DamageScale,Source,true,,MultiplyCompound,set_by_caller,,,,,,,,,,,,SetByCaller.DamageScale4,Channel0,0,,,,0,,,
CRStrengthDamageCalculation,200,4,4,captured_attribute,DamageScale,Source,true,,MultiplyCompound,set_by_caller,,,,,,,,,,,,SetByCaller.DamageScale,Channel0,0,,,,0,,,
CRStrengthDamageCalculation,201,0,0,captured_attribute,Strength,Source,true,,Multiplicitive,scalable_float,,,,,,,,,,,,,Channel0,0,,,,0,,,
CRStrengthDamageCalculation,201,1,1,captured_attribute,DamageScale,Source,true,,MultiplyCompound,set_by_caller,,,,,,,,,,,,SetByCaller.DamageScale2,Channel0,0,,,,0,,,
CRStrengthDamageCalculation,201,2,2,captured_attribute,DamageScale,Source,true,,MultiplyCompound,set_by_caller,,,,,,,,,,,,SetByCaller.DamageScale3,Channel0,0,,,,0,,,
CRStrengthDamageCalculation,201,3,3,captured_attribute,CritChance,Source,true,,Additive,scalable_float,,,,,,,,,,,,,Channel0,0,,,,0,,,
CRStrengthDamageCalculation,201,4,4,captured_attribute,DamageScale,Source,true,,MultiplyCompound,set_by_caller,,,,,,,,,,,,SetByCaller.DamageScale4,Channel0,0,,,,0,,,
CRStrengthDamageCalculation,201,5,5,captured_attribute,DamageScale,Source,true,,MultiplyCompound,set_by_caller,,,,,,,,,,,,SetByCaller.DamageScale,Channel0,0,,,,0,,,
CRStrengthDamageCalculation,202,0,0,captured_attribute,Strength,Source,true,,Multiplicitive,scalable_float,,,,,,,,,,,,,Channel0,0,,,,0,,,
CRStrengthDamageCalculation,202,1,1,captured_attribute,DamageScale,Source,true,,MultiplyCompound,set_by_caller,,,,,,,,,,,,SetByCaller.DamageScaleTargetCount,Channel0,0,,,,0,,,
CRStrengthDamageCalculation,202,2,2,captured_attribute,DamageScale,Source,true,,MultiplyCompound,custom_calculation,,,,,,,,GMMC_Ink_Talent_AutoAttackBuff_GainToIncreasedDamage_DamageCalc,,,,,Channel0,0,,,,0,,,
CRStrengthDamageCalculation,202,3,3,captured_attribute,DamageScale,Source,true,,MultiplyCompound,scalable_float,,,,,,,,,,,,,Channel0,0,,,,0,,,
CRStrengthDamageCalculation,202,4,4,captured_attribute,DamageScale,Source,true,,MultiplyCompound,scalable_float,,,,,,,,,,,,,Channel0,0,,,,0,,,
CRStrengthDamageCalculation,203,0,0,captured_attribute,Strength,Source,true,,Multiplicitive,scalable_float,,,,,,,,,,,,,Channel0,0,,,,0,,,
CRStrengthDamageCalculation,203,1,1,captured_attribute,DamageScale,Source,true,,MultiplyCompound,scalable_float,,,,,,,,,,,,,Channel0,0,,,,0,,,
CRStrengthDamageCalculation,203,2,2,captured_attribute,DamageScale,Source,true,,MultiplyCompound,set_by_caller,,,,,,,,,,,,SetByCaller.DamageScaleTargetCount,Channel0,0,,,,0,,,
CRStrengthDamageCalculation,203,3,3,captured_attribute,DamageScale,Source,true,,MultiplyCompound,custom_calculation,,,,,,,,GMMC_Ink_Talent_AutoAttackBuff_GainToIncreasedDamage_DamageCalc,,,,,Channel0,0,,,,0,,,
CRStrengthDamageCalculation,203,4,4,captured_attribute,DamageScale,Source,true,,MultiplyCompound,scalable_float,,,,,,,,,,,,,Channel0,0,,,,0,,,
CRStrengthDamageCalculation,203,5,5,captured_attribute,DamageScale,Source,true,,MultiplyCompound,scalable_float,,,,,,,,,,,,,Channel0,0,,,,0,,,
CRStrengthDamageCalculation,204,0,0,captured_attribute,Strength,Source,true,,Multiplicitive,scalable_float,,,,,,,,,,,,,Channel0,0,,,,0,,,
CRStrengthDamageCalculation,204,1,1,captured_attribute,DamageScale,Source,true,,MultiplyCompound,custom_calculation,,,,,,,,GMMC_Ink_Talent_AutoAttackBuff_GainToIncreasedDamage_DamageCalc,,,,,Channel0,0,,,,0,,,
CRStrengthDamageCalculation,204,2,2,captured_attribute,DamageScale,Source,true,,MultiplyCompound,scalable_float,,,,,,,,,,,,,Channel0,0,,,,0,,,
CRStrengthDamageCalculation,204,3,3,captured_attribute,DamageScale,Source,true,,MultiplyCompound,scalable_float,,,,,,,,,,,,,Channel0,0,,,,0,,,
CRStrengthDamageCalculation,205,0,0,captured_attribute,Strength,Source,true,,Multiplicitive,scalable_float,,,,,,,,,,,,,Channel0,0,,,,0,,,
CRStrengthDamageCalculation,205,1,1,captured_attribute,CritChance,Source,true,,Additive,scalable_float,,,,,,,,,,,,,Channel0,0,,,,0,,,
CRStrengthDamageCalculation,205,2,2,captured_attribute,DamageScale,Source,true,,MultiplyCompound,scalable_float,,,,,,,,,,,,,Channel0,0,,,,0,,,
CRStrengthDamageCalculation,205,3,3,captured_attribute,DamageScale,Source,true,,MultiplyCompound,set_by_caller,,,,,,,,,,,,SetByCaller.DamageScale4,Channel0,0,,,,0,,,
CRStrengthDamageCalculation,205,4,4,captured_attribute,DamageScale,Source,true,,MultiplyCompound,set_by_caller,,,,,,,,,,,,SetByCaller.DamageScale3,Channel0,0,,,,0,,,
CRStrengthDamageCalculation,206,0,0,captured_attribute,Strength,Source,true,,Multiplicitive,scalable_float,,,,,,,,,,,,,Channel0,0,,,,0,,,
CRStrengthDamageCalculation,206,1,1,transient,,,,SetByCallerTags.Spread,Override,scalable_float,,,,,,,,,,,,,Channel0,0,,,,0,,,
CRStrengthDamageCalculation,206,2,2,captured_attribute,DodgeChance,Target,false,,Additive,scalable_float,,,,,,,,,,,,,Channel0,0,,,,0,,,
CRStrengthDamageCalculation,206,3,3,captured_attribute,DamageScale,Source,true,,MultiplyCompound,set_by_caller,,,,,,,,,,,,SetByCaller.DamageScale,Channel0,0,,,,0,,,
CRStrengthDamageCalculation,206,4,4,captured_attribute,DodgeChance,Target,false,,Additive,set_by_caller,,,,,,,,,,,,SetByCaller.DodgeChance,Channel0,0,,,,0,,,
CRStrengthDamageCalculation,206,5,5,captured_attribute,DamageScale,Source,true,,MultiplyCompound,attribute_based,CritChance,Source,false,,,AttributeMagnitude,Channel0,,,,,,Channel0,0,,,,0,,,
CRStrengthDamageCalculation,207,0,0,captured_attribute,Strength,Source,true,,Multiplicitive,scalable_float,,,,,,,,,,,,,Channel0,0,,,,0,,,
CRStrengthDamageCalculation,207,1,1,captured_attribute,DamageScale,Source,true,,MultiplyCompound,set_by_caller,,,,,,,,,,,,SetByCaller.DamageScale2,Channel0,0,,,,0,,,
CRStrengthDamageCalculation,208,0,0,captured_attribute,Strength,Source,true,,Multiplicitive,scalable_float,,,,,,,,,,,,,Channel0,0,,,,0,,,
CRStrengthDamageCalculation,208,1,1,transient,,,,SetByCallerTags.Spread,Override,scalable_float,,,,,,,,,,,,,Channel0,0,,,,0,,,
CRStrengthDamageCalculation,208,2,2,captured_attribute,CritChance,Source,true,,Additive,scalable_float,,,,,,,,,,,,,Channel0,0,,,,0,,,
CRStrengthDamageCalculation,209,0,0,captured_attribute,Strength,Source,true,,Multiplicitive,scalable_float,,,,,,,,,,,,,Channel0,0,,,,0,,,
CRStrengthDamageCalculation,209,1,1,captured_attribute,DamageScale,Source,true,,MultiplyCompound,set_by_caller,,,,,,,,,,,,SetByCaller.DamageScale,Channel0,0,,,,0,,,
CRStrengthDamageCalculation,209,2,2,captured_attribute,DamageScale,Source,true,,MultiplyCompound,set_by_caller,,,,,,,,,,,,SetByCaller.DamageScale4,Channel0,0,,,,0,,,
CRStrengthDamageCalculation,209,3,3,captured_attribute,DamageScale,Source,true,,MultiplyCompound,scalable_float,,,,,,,,,,,,,Channel0,0,,,,0,,,
CRStrengthDamageCalculation,209,4,4,captured_attribute,CritChance,Source,true,,Additive,set_by_caller,,,,,,,,,,,,SetByCaller.CritChance,Channel0,0,,,,0,,,
CRStrengthDamageCalculation,210,0,0,captured_attribute,Strength,Source,true,,Multiplicitive,scalable_float,,,,,,,,,,,,,Channel0,0,,,,0,,,
CRStrengthDamageCalculation,210,1,1,captured_attribute,DamageScale,Source,true,,MultiplyCompound,set_by_caller,,,,,,,,,,,,SetByCaller.DamageScale,Channel0,0,,,,0,,,
CRStrengthDamageCalculation,210,2,2,captured_attribute,CritChance,Source,true,,Additive,scalable_float,,,,,,,,,,,,,Channel0,0,,,,0,,,
CRStrengthDamageCalculation,210,3,3,captured_attribute,DamageScale,Source,true,,MultiplyCompound,set_by_caller,,,,,,,,,,,,SetByCaller.DamageScale4,Channel0,0,,,,0,,,
CRStrengthDamageCalculation,210,4,4,captured_attribute,DamageScale,Source,true,,MultiplyCompound,scalable_float,,,,,,,,,,,,,Channel0,0,,,,0,,,
CRStrengthDamageCalculation,210,5,5,captured_attribute,CritChance,Source,true,,Additive,set_by_caller,,,,,,,,,,,,SetByCaller.CritChance,Channel0,0,,,,0,,,
CRStrengthDamageCalculation,211,0,0,captured_attribute,Strength,Source,true,,Multiplicitive,scalable_float,,,,,,,,,,,,,Channel0,0,,,,0,,,
CRStrengthDamageCalculation,211,1,1,transient,,,,SetByCallerTags.Spread,Override,scalable_float,,,,,,,,,,,,,Channel0,0,,,,0,,,
CRStrengthDamageCalculation,211,2,2,captured_attribute,DodgeChance,Target,false,,Additive,scalable_float,,,,,,,,,,,,,Channel0,0,,,,0,,,
CRStrengthDamageCalculation,211,3,3,captured_attribute,DamageScale,Source,true,,Multiplicitive,set_by_caller,,,,,,,,,,,,SetByCaller.DamageScale,Channel0,0,,,,0,,,
CRStrengthDamageCalculation,211,4,4,captured_attribute,DamageScale,Source,true,,Multiplicitive,scalable_float,,,,,,,,,,,,,Channel0,0,,,,0,,,
CRStrengthDamageCalculation,211,5,5,captured_attribute,CritChance,Source,true,,Additive,scalable_float,,,,,,,,,,,,,Channel0,0,,,,0,,,
CRStrengthDamageCalculation,212,0,0,captured_attribute,Strength,Source,true,,Multiplicitive,scalable_float,,,,,,,,,,,,,Channel0,0,,,,0,,,
CRStrengthDamageCalculation,212,1,1,transient,,,,SetByCallerTags.Spread,Override,scalable_float,,,,,,,,,,,,,Channel0,0,,,,0,,,
CRStrengthDamageCalculation,212,2,2,captured_attribute,DodgeChance,Target,false,,Additive,scalable_float,,,,,,,,,,,,,Channel0,0,,,,0,,,
CRStrengthDamageCalculation,213,0,0,captured_attribute,Strength,Source,true,,Multiplicitive,scalable_float,,,,,,,,,,,,,Channel0,0,,,,0,,,
CRStrengthDamageCalculation,213,1,1,transient,,,,SetByCallerTags.Spread,Override,scalable_float,,,,,,,,,,,,,Channel0,0,,,,0,,,
CRStrengthDamageCalculation,213,2,2,captured_attribute,DamageScale,Source,true,,MultiplyCompound,set_by_caller,,,,,,,,,,,,SetByCaller.DamageScale2,Channel0,0,,,,0,,,
CRStrengthDamageCalculation,213,3,3,captured_attribute,CritChance,Source,true,,Additive,scalable_float,,,,,,,,,,,,,Channel0,0,,,,0,,,
CRStrengthDamageCalculation,214,0,0,captured_attribute,Strength,Source,true,,Multiplicitive,scalable_float,,,,,,,,,,,,,Channel0,0,,,,0,,,
CRStrengthDamageCalculation,214,1,1,captured_attribute,CritChance,Source,true,,Additive,scalable_float,,,,,,,,,,,,,Channel0,0,,,,0,,,
CRStrengthDamageCalculation,214,2,2,captured_attribute,DamageScale,Source,true,,MultiplyCompound,scalable_float,,,,,,,,,,,,,Channel0,0,,,,0,,,
CRStrengthDamageCalculation,214,3,3,captured_attribute,DamageScale,Source,true,,MultiplyCompound,scalable_float,,,,,,,,,,,,,Channel0,0,,,,0,,,
CRStrengthDamageCalculation,215,0,0,captured_attribute,Strength,Source,true,,Multiplicitive,scalable_float,,,,,,,,,,,,,Channel0,0,,,,0,,,
CRStrengthDamageCalculation,215,1,1,captured_attribute,CritChance,Source,true,,Additive,scalable_float,,,,,,,,,,,,,Channel0,0,,,,0,,,
CRStrengthDamageCalculation,216,0,0,captured_attribute,Strength,Source,true,,Multiplicitive,scalable_float,,,,,,,,,,,,,Channel0,0,,,,0,,,
CRStrengthDamageCalculation,217,0,0,captured_attribute,Strength,Source,true,,Multiplicitive,scalable_float,,,,,,,,,,,,,Channel0,0,,,,0,,,
CRStrengthDamageCalculation,218,0,0,captured_attribute,Strength,Source,true,,Multiplicitive,scalable_float,,,,,,,,,,,,,Channel0,0,,,,0,,,
CRStrengthDamageCalculation,219,0,0,captured_attribute,Strength,Source,true,,Multiplicitive,scalable_float,,,,,,,,,,,,,Channel0,0,,,,0,,,
CRStrengthDamageCalculation,220,0,0,captured_attribute,Strength,Source,true,,Multiplicitive,scalable_float,,,,,,,,,,,,,Channel0,0,,,,0,,,
CRStrengthDamageCalculation,221,0,0,captured_attribute,Strength,Source,true,,Multiplicitive,scalable_float,,,,,,,,,,,,,Channel0,0,,,,0,,,
CRStrengthDamageCalculation,222,0,0,captured_attribute,Strength,Source,true,,Multiplicitive,scalable_float,,,,,,,,,,,,,Channel0,0,,,,0,,,
CRStrengthDamageCalculation,223,0,0,captured_attribute,Strength,Source,true,,Multiplicitive,scalable_float,,,,,,,,,,,,,Channel0,0,,,,0,,,
CRStrengthDamageCalculation,223,1,1,transient,,,,SetByCallerTags.Spread,Override,scalable_float,,,,,,,,,,,,,Channel0,0,,,,0,,,
CRStrengthDamageCalculation,224,0,0,captured_attribute,Strength,Source,true,,Multiplicitive,scalable_float,,,,,,,,,,,,,Channel0,0,,,,0,,,
CRStrengthDamageCalculation,224,1,1,transient,,,,SetByCallerTags.Spread,Override,scalable_float,,,,,,,,,,,,,Channel0,0,,,,0,,,
CRStrengthDamageCalculation,225,0,0,captured_attribute,Strength,Source,true,,Multiplicitive,scalable_float,,,,,,,,,,,,,Channel0,0,,,,0,,,
CRStrengthDamageCalculation,226,0,0,captured_attribute,Strength,Source,true,,Multiplicitive,scalable_float,,,,,,,,,,,,,Channel0,0,,,,0,,,
CRStrengthDamageCalculation,227,0,0,captured_attribute,Strength,Source,true,,Multiplicitive,scalable_float,,,,,,,,,,,,,Channel0,0,,,,0,,,
CRStrengthDamageCalculation,228,0,0,captured_attribute,Strength,Source,true,,Multiplicitive,scalable_float,,,,,,,,,,,,,Channel0,0,,,,0,,,
CRStrengthDamageCalculation,229,0,0,captured_attribute,Strength,Source,true,,Multiplicitive,scalable_float,,,,,,,,,,,,,Channel0,0,,,,0,,,
CRStrengthDamageCalculation,229,1,1,transient,,,,SetByCallerTags.Spread,Override,scalable_float,,,,,,,,,,,,,Channel0,0,,,,0,,,
CRStrengthDamageCalculation,230,0,0,captured_attribute,Strength,Source,true,,Multiplicitive,scalable_float,,,,,,,,,,,,,Channel0,0,,,,0,,,
CRStrengthDamageCalculation,231,0,0,captured_attribute,Strength,Source,true,,MultiplyCompound,scalable_float,,,,,,,,,,,,,Channel0,0,,,,0,,,
CRStrengthDamageCalculation,232,0,0,captured_attribute,Strength,Source,true,,Multiplicitive,scalable_float,,,,,,,,,,,,,Channel0,0,,,,0,,,
CRStrengthDamageCalculation,233,0,0,captured_attribute,Strength,Source,true,,Multiplicitive,scalable_float,,,,,,,,,,,,,Channel0,0,,,,0,,,
CRStrengthDamageCalculation,234,0,0,captured_attribute,Strength,Source,true,,Multiplicitive,scalable_float,,,,,,,,,,,,,Channel0,0,,,,0,,,
CRStrengthDamageCalculation,235,0,0,captured_attribute,Strength,Source,true,,Multiplicitive,scalable_float,,,,,,,,,,,,,Channel0,0,,,,0,,,
CRStrengthDamageCalculation,236,0,0,captured_attribute,Strength,Source,true,,Multiplicitive,scalable_float,,,,,,,,,,,,,Channel0,0,,,,0,,,
CRStrengthDamageCalculation,237,0,0,captured_attribute,Strength,Source,true,,Multiplicitive,scalable_float,,,,,,,,,,,,,Channel0,0,,,,0,,,
CRStrengthDamageCalculation,238,0,0,captured_attribute,Strength,Source,true,,MultiplyCompound,scalable_float,,,,,,,,,,,,,Channel0,0,,,,0,,,
CRStrengthDamageCalculation,238,1,1,captured_attribute,DamageScale,Source,true,,MultiplyCompound,set_by_caller,,,,,,,,,,,,SetByCaller.DamageScale,Channel0,0,,,,0,,,
CRStrengthDamageCalculation,239,0,0,captured_attribute,Strength,Source,true,,MultiplyCompound,scalable_float,,,,,,,,,,,,,Channel0,0,,,,0,,,
CRStrengthDamageCalculation,239,1,1,captured_attribute,DamageScale,Source,true,,MultiplyCompound,set_by_caller,,,,,,,,,,,,SetByCaller.DamageScale,Channel0,0,,,,0,,,
CRStrengthDamageCalculation,240,0,0,captured_attribute,DamageScale,Source,true,,MultiplyCompound,set_by_caller,,,,,,,,,,,,SetByCaller.DamageScale,Channel0,0,,,,0,,,
CRStrengthDamageCalculation,240,1,1,captured_attribute,Strength,Source,true,,MultiplyCompound,scalable_float,,,,,,,,,,,,,Channel0,0,,,,0,,,
CRStrengthDamageCalculation,241,0,0,captured_attribute,Strength,Source,true,,MultiplyCompound,scalable_float,,,,,,,,,,,,,Channel0,0,,,,0,,,
CRStrengthDamageCalculation,242,0,0,captured_attribute,Strength,Source,true,,MultiplyCompound,scalable_float,,,,,,,,,,,,,Channel0,0,,,,0,,,
CRStrengthDamageCalculation,243,0,0,captured_attribute,Strength,Source,true,,MultiplyCompound,scalable_float,,,,,,,,,,,,,Channel0,0,,,,0,,,
CRStrengthDamageCalculation,244,0,0,captured_attribute,Strength,Source,true,,Multiplicitive,scalable_float,,,,,,,,,,,,,Channel0,0,,,,0,,,
CRStrengthDamageCalculation,245,0,0,captured_attribute,Strength,Source,true,,MultiplyCompound,scalable_float,,,,,,,,,,,,,Channel0,0,,,,0,,,
CRStrengthDamageCalculation,246,0,0,captured_attribute,Strength,Source,true,,Multiplicitive,scalable_float,,,,,,,,,,,,,Channel0,0,,,,0,,,
CRStrengthDamageCalculation,247,0,0,captured_attribute,CritChance,Source,true,,MultiplyCompound,scalable_float,,,,,,,,,,,,,Channel0,0,,,,0,,,
CRStrengthDamageCalculation,248,0,0,captured_attribute,Strength,Source,true,,Multiplicitive,scalable_float,,,,,,,,,,,,,Channel0,0,,,,0,,,
CRStrengthDamageCalculation,249,0,0,captured_attribute,Strength,Source,true,,Multiplicitive,scalable_float,,,,,,,,,,,,,Channel0,0,,,,0,,,
CRStrengthDamageCalculation,249,1,1,transient,,,,SetByCallerTags.Spread,Override,scalable_float,,,,,,,,,,,,,Channel0,0,,,,0,,,
CRStrengthDamageCalculation,250,0,0,captured_attribute,Strength,Source,true,,Multiplicitive,scalable_float,,,,,,,,,,,,,Channel0,0,,,,0,,,
CRStrengthDamageCalculation,250,1,1,transient,,,,SetByCallerTags.Spread,Override,scalable_float,,,,,,,,,,,,,Channel0,0,,,,0,,,
CRStrengthDamageCalculation,251,0,0,captured_attribute,Strength,Source,true,,MultiplyCompound,scalable_float,,,,,,,,,,,,,Channel0,0,,,,0,,,
CRStrengthDamageCalculation,251,1,1,captured_attribute,DamageThreatMultiplier,Source,true,,Override,scalable_float,,,,,,,,,,,,,Channel0,0,,,,0,,,
CRStrengthDamageCalculation,251,2,2,captured_attribute,DamageScale,Source,true,,MultiplyCompound,scalable_float,,,,,,,,,,,,,Channel0,0,,,,0,,,
CRStrengthDamageCalculation,252,0,0,captured_attribute,Strength,Source,true,,Multiplicitive,scalable_float,,,,,,,,,,,,,Channel0,0,,,,0,,,
CRStrengthDamageCalculation,252,1,1,transient,,,,SetByCallerTags.Spread,Override,scalable_float,,,,,,,,,,,,,Channel0,0,,,,0,,,
CRStrengthDamageCalculation,253,0,0,captured_attribute,Strength,Source,true,,MultiplyCompound,set_by_caller,,,,,,,,,,,,SetByCaller.Damage,Channel0,0,,,,0,,,
CRStrengthDamageCalculation,253,1,1,transient,,,,SetByCallerTags.Spread,Override,scalable_float,,,,,,,,,,,,,Channel0,0,,,,0,,,
CRStrengthDamageCalculation,254,0,0,captured_attribute,Strength,Source,true,,Multiplicitive,scalable_float,,,,,,,,,,,,,Channel0,0,,,,0,,,
CRStrengthDamageCalculation,255,0,0,captured_attribute,Strength,Source,true,,Multiplicitive,scalable_float,,,,,,,,,,,,,Channel0,0,,,,0,,,
CRStrengthDamageCalculation,256,0,0,captured_attribute,Strength,Source,true,,Multiplicitive,scalable_float,,,,,,,,,,,,,Channel0,0,,,,0,,,
CRStrengthDamageCalculation,257,0,0,captured_attribute,Strength,Source,true,,Multiplicitive,scalable_float,,,,,,,,,,,,,Channel0,0,,,,0,,,
CRStrengthDamageCalculation,258,0,0,captured_attribute,Strength,Source,true,,MultiplyCompound,scalable_float,,,,,,,,,,,,,Channel0,0,,,,0,,,
CRStrengthDamageCalculation,259,0,0,captured_attribute,Strength,Source,true,,Multiplicitive,scalable_float,,,,,,,,,,,,,Channel0,0,,,,0,,,
CRStrengthDamageCalculation,260,0,0,captured_attribute,Strength,Source,true,,MultiplyCompound,scalable_float,,,,,,,,,,,,,Channel0,0,,,,0,,,
CRStrengthDamageCalculation,261,0,0,captured_attribute,Strength,Source,true,,MultiplyCompound,scalable_float,,,,,,,,,,,,,Channel0,0,,,,0,,,
CRStrengthDamageCalculation,262,0,0,captured_attribute,Strength,Source,true,,Multiplicitive,scalable_float,,,,,,,,,,,,,Channel0,0,,,,0,,,
CRStrengthDamageCalculation,263,0,0,captured_attribute,Strength,Source,true,,MultiplyCompound,scalable_float,,,,,,,,,,,,,Channel0,0,,,,0,,,
CRStrengthDamageCalculation,263,1,1,transient,,,,SetByCallerTags.Spread,Override,scalable_float,,,,,,,,,,,,,Channel0,0,,,,0,,,
CRStrengthDamageCalculation,264,0,0,captured_attribute,Strength,Source,true,,Multiplicitive,scalable_float,,,,,,,,,,,,,Channel0,0,,,,0,,,
CRStrengthDamageCalculation,265,0,0,captured_attribute,Strength,Source,true,,MultiplyCompound,scalable_float,,,,,,,,,,,,,Channel0,0,,,,0,,,
CRStrengthDamageCalculation,266,0,0,captured_attribute,Strength,Source,true,,Multiplicitive,scalable_float,,,,,,,,,,,,,Channel0,0,,,,0,,,
CRStrengthDamageCalculation,267,0,0,captured_attribute,Strength,Source,true,,Multiplicitive,scalable_float,,,,,,,,,,,,,Channel0,0,,,,0,,,
CRStrengthDamageCalculation,268,0,0,captured_attribute,Strength,Source,true,,Multiplicitive,scalable_float,,,,,,,,,,,,,Channel0,0,,,,0,,,
CRStrengthDamageCalculation,269,0,0,captured_attribute,Strength,Source,true,,Multiplicitive,scalable_float,,,,,,,,,,,,,Channel0,0,,,,0,,,
CRStrengthDamageCalculation,270,0,0,captured_attribute,Strength,Source,true,,Multiplicitive,scalable_float,,,,,,,,,,,,,Channel0,0,,,,0,,,
CRStrengthDamageCalculation,271,0,0,captured_attribute,Strength,Source,true,,MultiplyCompound,scalable_float,,,,,,,,,,,,,Channel0,0,,,,0,,,
CRStrengthDamageCalculation,272,0,0,captured_attribute,Strength,Source,true,,Multiplicitive,scalable_float,,,,,,,,,,,,,Channel0,0,,,,0,,,
CRStrengthDamageCalculation,273,0,0,captured_attribute,Strength,Source,true,,Multiplicitive,scalable_float,,,,,,,,,,,,,Channel0,0,,,,0,,,
CRStrengthDamageCalculation,273,1,1,transient,,,,SetByCallerTags.Spread,Override,scalable_float,,,,,,,,,,,,,Channel0,0,,,,0,,,
CRStrengthDamageCalculation,274,0,0,captured_attribute,Strength,Source,true,,Multiplicitive,scalable_float,,,,,,,,,,,,,Channel0,0,,,,0,,,
CRStrengthDamageCalculation,275,0,0,captured_attribute,Strength,Source,true,,MultiplyCompound,scalable_float,,,,,,,,,,,,,Channel0,0,,,,0,,,
CRStrengthDamageCalculation,276,0,0,captured_attribute,Strength,Source,true,,Multiplicitive,scalable_float,,,,,,,,,,,,,Channel0,0,,,,0,,,
CRStrengthDamageCalculation,276,1,1,captured_attribute,DamageScale,Source,true,,MultiplyCompound,custom_calculation,,,,,,,,GMMC_AscensionScaling_NoDispelNoInterrupt_Default,,,,,Channel0,0,,,,0,,,
CRStrengthDamageCalculation,277,0,0,captured_attribute,Strength,Source,true,,Multiplicitive,scalable_float,,,,,,,,,,,,,Channel0,0,,,,0,,,
CRStrengthDamageCalculation,278,0,0,captured_attribute,Strength,Source,true,,Multiplicitive,scalable_float,,,,,,,,,,,,,Channel0,0,,,,0,,,
CRStrengthDamageCalculation,278,1,1,captured_attribute,DamageScale,Source,true,,MultiplyCompound,custom_calculation,,,,,,,,GMMC_AscensionScaling_NoDispelNoInterrupt_Default,,,,,Channel0,0,,,,0,,,
CRStrengthDamageCalculation,279,0,0,captured_attribute,Strength,Source,true,,Multiplicitive,scalable_float,,,,,,,,,,,,,Channel0,0,,,,0,,,
CRStrengthDamageCalculation,280,0,0,captured_attribute,Strength,Source,true,,Multiplicitive,scalable_float,,,,,,,,,,,,,Channel0,0,,,,0,,,
CRStrengthDamageCalculation,281,0,0,captured_attribute,Strength,Source,true,,Multiplicitive,scalable_float,,,,,,,,,,,,,Channel0,0,,,,0,,,
CRStrengthDamageCalculation,281,1,1,transient,,,,SetByCallerTags.Spread,Override,scalable_float,,,,,,,,,,,,,Channel0,0,,,,0,,,
CRStrengthDamageCalculation,282,0,0,captured_attribute,Strength,Source,true,,Multiplicitive,scalable_float,,,,,,,,,,,,,Channel0,0,,,,0,,,
CRStrengthDamageCalculation,283,0,0,captured_attribute,Strength,Source,true,,Multiplicitive,scalable_float,,,,,,,,,,,,,Channel0,0,,,,0,,,
CRStrengthDamageCalculation,283,1,1,transient,,,,SetByCallerTags.Spread,Override,scalable_float,,,,,,,,,,,,,Channel0,0,,,,0,,,
CRStrengthDamageCalculation,284,0,0,captured_attribute,Strength,Source,true,,Multiplicitive,scalable_float,,,,,,,,,,,,,Channel0,0,,,,0,,,
CRStrengthDamageCalculation,285,0,0,captured_attribute,Strength,Source,true,,Multiplicitive,scalable_float,,,,,,,,,,,,,Channel0,0,,,,0,,,
CRStrengthDamageCalculation,286,0,0,captured_attribute,Strength,Source,true,,Multiplicitive,scalable_float,,,,,,,,,,,,,Channel0,0,,,,0,,,
CRStrengthDamageCalculation,287,0,0,captured_attribute,Strength,Source,true,,Multiplicitive,scalable_float,,,,,,,,,,,,,Channel0,0,,,,0,,,
CRStrengthDamageCalculation,288,0,0,captured_attribute,Strength,Source,true,,Multiplicitive,scalable_float,,,,,,,,,,,,,Channel0,0,,,,0,,,
CRStrengthDamageCalculation,288,1,1,transient,,,,SetByCallerTags.Spread,Override,scalable_float,,,,,,,,,,,,,Channel0,0,,,,0,,,
CRStrengthDamageCalculation,289,0,0,captured_attribute,Strength,Source,true,,Multiplicitive,scalable_float,,,,,,,,,,,,,Channel0,0,,,,0,,,
CRStrengthDamageCalculation,290,0,0,captured_attribute,Strength,Source,true,,Multiplicitive,scalable_float,,,,,,,,,,,,,Channel0,0,,,,0,,,
CRStrengthDamageCalculation,291,0,0,captured_attribute,Strength,Source,true,,Multiplicitive,scalable_float,,,,,,,,,,,,,Channel0,0,,,,0,,,
CRStrengthDamageCalculation,292,0,0,captured_attribute,Strength,Source,true,,Multiplicitive,scalable_float,,,,,,,,,,,,,Channel0,0,,,,0,,,
CRStrengthDamageCalculation,293,0,0,captured_attribute,Strength,Source,true,,Multiplicitive,scalable_float,,,,,,,,,,,,,Channel0,0,,,,0,,,
CRStrengthDamageCalculation,294,0,0,captured_attribute,Strength,Source,true,,Multiplicitive,set_by_caller,,,,,,,,,,,,SetByCaller.Strength,Channel0,0,,,,0,,,
CRStrengthDamageCalculation,295,0,0,captured_attribute,Strength,Source,true,,Multiplicitive,scalable_float,,,,,,,,,,,,,Channel0,0,,,,0,,,
CRStrengthDamageCalculation,295,1,1,transient,,,,SetByCallerTags.Spread,Override,scalable_float,,,,,,,,,,,,,Channel0,0,,,,0,,,
CRStrengthDamageCalculation,296,0,0,captured_attribute,Strength,Source,true,,Multiplicitive,scalable_float,,,,,,,,,,,,,Channel0,0,,,,0,,,
CRStrengthDamageCalculation,296,1,1,transient,,,,SetByCallerTags.Spread,Override,scalable_float,,,,,,,,,,,,,Channel0,0,,,,0,,,
CRStrengthDamageCalculation,297,0,0,captured_attribute,Strength,Source,true,,Multiplicitive,scalable_float,,,,,,,,,,,,,Channel0,0,,,,0,,,
CRStrengthDamageCalculation,298,0,0,captured_attribute,Strength,Source,true,,Multiplicitive,scalable_float,,,,,,,,,,,,,Channel0,0,,,,0,,,
CRStrengthDamageCalculation,299,0,0,captured_attribute,Strength,Source,true,,Multiplicitive,scalable_float,,,,,,,,,,,,,Channel0,0,,,,0,,,
CRStrengthDamageCalculation,300,0,0,captured_attribute,Strength,Source,true,,MultiplyCompound,scalable_float,,,,,,,,,,,,,Channel0,0,,,,0,,,
CRStrengthDamageCalculation,301,0,0,captured_attribute,Strength,Source,true,,Multiplicitive,scalable_float,,,,,,,,,,,,,Channel0,0,,,,0,,,
CRStrengthDamageCalculation,301,1,1,transient,,,,SetByCallerTags.Spread,Multiplicitive,scalable_float,,,,,,,,,,,,,Channel0,0,,,,0,,,
CRStrengthDamageCalculation,302,0,0,captured_attribute,Strength,Source,true,,Multiplicitive,scalable_float,,,,,,,,,,,,,Channel0,0,,,,0,,,
CRStrengthDamageCalculation,303,0,0,captured_attribute,Strength,Source,true,,Multiplicitive,scalable_float,,,,,,,,,,,,,Channel0,0,,,,0,,,
CRStrengthDamageCalculation,303,1,1,captured_attribute,DamageScale,Source,true,,MultiplyCompound,custom_calculation,,,,,,,,GMMC_AscensionScaling_NoDispelNoInterrupt_Default,,,,,Channel0,0,,,,0,,,
CRStrengthDamageCalculation,304,0,0,captured_attribute,Strength,Source,true,,MultiplyCompound,scalable_float,,,,,,,,,,,,,Channel0,0,,,,0,,,
CRStrengthDamageCalculation,305,0,0,captured_attribute,Strength,Source,true,,Multiplicitive,scalable_float,,,,,,,,,,,,,Channel0,0,,,,0,,,
CRStrengthDamageCalculation,306,0,0,captured_attribute,Strength,Source,true,,MultiplyCompound,scalable_float,,,,,,,,,,,,,Channel0,0,,,,0,,,
CRStrengthDamageCalculation,307,0,0,captured_attribute,Strength,Source,true,,Multiplicitive,scalable_float,,,,,,,,,,,,,Channel0,0,,,,0,,,
CRStrengthDamageCalculation,308,0,0,captured_attribute,Strength,Source,true,,Multiplicitive,scalable_float,,,,,,,,,,,,,Channel0,0,,,,0,,,
CRStrengthDamageCalculation,308,1,1,transient,,,,SetByCallerTags.Spread,Override,scalable_float,,,,,,,,,,,,,Channel0,0,,,,0,,,
CRStrengthDamageCalculation,309,0,0,captured_attribute,Strength,Source,true,,Multiplicitive,scalable_float,,,,,,,,,,,,,Channel0,0,,,,0,,,
CRStrengthDamageCalculation,310,0,0,captured_attribute,Strength,Source,true,,Multiplicitive,scalable_float,,,,,,,,,,,,,Channel0,0,,,,0,,,
CRStrengthDamageCalculation,311,0,0,captured_attribute,Strength,Source,true,,Multiplicitive,scalable_float,,,,,,,,,,,,,Channel0,0,,,,0,,,
CRStrengthDamageCalculation,312,0,0,captured_attribute,DamageScale,Source,true,,Multiplicitive,scalable_float,,,,,,,,,,,,,Channel0,0,,,,0,,,
CRStrengthDamageCalculation,312,1,1,captured_attribute,DamageScale,Source,true,,MultiplyCompound,set_by_caller,,,,,,,,,,,,SetByCaller.DamageScale,Channel0,0,,,,0,,,
CRStrengthDamageCalculation,313,0,0,captured_attribute,Strength,Source,true,,Multiplicitive,scalable_float,,,,,,,,,,,,,Channel0,0,,,,0,,,
CRStrengthDamageCalculation,313,1,1,transient,,,,SetByCallerTags.Spread,Override,scalable_float,,,,,,,,,,,,,Channel0,0,,,,0,,,
CRStrengthDamageCalculation,314,0,0,captured_attribute,Strength,Source,true,,Multiplicitive,scalable_float,,,,,,,,,,,,,Channel0,0,,,,0,,,
CRStrengthDamageCalculation,315,0,0,captured_attribute,Strength,Source,true,,Multiplicitive,scalable_float,,,,,,,,,,,,,Channel0,0,,,,0,,,
CRStrengthDamageCalculation,315,1,1,captured_attribute,DamageScale,Source,true,,Multiplicitive,set_by_caller,,,,,,,,,,,,SetByCaller.DamageScale,Channel0,0,,,,0,,,
CRStrengthDamageCalculation,315,2,2,captured_attribute,DamageScale,Source,true,,MultiplyCompound,custom_calculation,,,,,,,,GMMC_AscensionScaling_NoDispelNoInterrupt_Default,,,,,Channel0,0,,,,0,,,
CRStrengthDamageCalculation,316,0,0,captured_attribute,Strength,Source,true,,Multiplicitive,scalable_float,,,,,,,,,,,,,Channel0,0,,,,0,,,
CRStrengthDamageCalculation,317,0,0,captured_attribute,Strength,Source,true,,Multiplicitive,scalable_float,,,,,,,,,,,,,Channel0,0,,,,0,,,
CRStrengthDamageCalculation,318,0,0,captured_attribute,Strength,Source,true,,Multiplicitive,scalable_float,,,,,,,,,,,,,Channel0,0,,,,0,,,
CRStrengthDamageCalculation,319,0,0,captured_attribute,Strength,Source,true,,Multiplicitive,scalable_float,,,,,,,,,,,,,Channel0,0,,,,0,,,
CRStrengthDamageCalculation,320,0,0,captured_attribute,Strength,Source,true,,Multiplicitive,scalable_float,,,,,,,,,,,,,Channel0,0,,,,0,,,
CRStrengthDamageCalculation,321,0,0,captured_attribute,Strength,Source,true,,Multiplicitive,scalable_float,,,,,,,,,,,,,Channel0,0,,,,0,,,
CRStrengthDamageCalculation,322,0,0,captured_attribute,Strength,Source,true,,Multiplicitive,scalable_float,,,,,,,,,,,,,Channel0,0,,,,0,,,
CRStrengthDamageCalculation,323,0,0,captured_attribute,Strength,Source,true,,Multiplicitive,scalable_float,,,,,,,,,,,,,Channel0,0,,,,0,,,
CRStrengthDamageCalculation,324,0,0,captured_attribute,Strength,Source,true,,Multiplicitive,scalable_float,,,,,,,,,,,,,Channel0,0,,,,0,,,
CRStrengthDamageCalculation,324,1,1,transient,,,,SetByCallerTags.Spread,Override,scalable_float,,,,,,,,,,,,,Channel0,0,,,,0,,,
CRStrengthDamageCalculation,325,0,0,captured_attribute,Strength,Source,true,,Multiplicitive,scalable_float,,,,,,,,,,,,,Channel0,0,,,,0,,,
CRStrengthDamageCalculation,326,0,0,captured_attribute,Strength,Source,true,,MultiplyCompound,scalable_float,,,,,,,,,,,,,Channel0,0,,,,0,,,
CRStrengthDamageCalculation,326,1,1,captured_attribute,DamageScale,Source,true,,MultiplyCompound,custom_calculation,,,,,,,,GMMC_AscensionScaling_NoDispelNoInterrupt_Default,,,,,Channel0,0,,,,0,,,
CRStrengthDamageCalculation,327,0,0,captured_attribute,Strength,Source,true,,MultiplyCompound,scalable_float,,,,,,,,,,,,,Channel0,0,,,,0,,,
CRStrengthDamageCalculation,328,0,0,captured_attribute,Strength,Source,true,,Multiplicitive,scalable_float,,,,,,,,,,,,,Channel0,0,,,,0,,,
CRStrengthDamageCalculation,329,0,0,captured_attribute,Strength,Source,true,,Multiplicitive,scalable_float,,,,,,,,,,,,,Channel0,0,,,,0,,,
CRStrengthDamageCalculation,330,0,0,captured_attribute,Strength,Source,true,,Multiplicitive,scalable_float,,,,,,,,,,,,,Channel0,0,,,,0,,,
CRStrengthDamageCalculation,330,1,1,captured_attribute,DamageScale,Source,true,,MultiplyCompound,set_by_caller,,,,,,,,,,,,SetByCaller.DamageScale,Channel0,0,,,,0,,,
CRStrengthDamageCalculation,331,0,0,captured_attribute,Strength,Source,true,,MultiplyCompound,scalable_float,,,,,,,,,,,,,Channel0,0,,,,0,,,
CRStrengthDamageCalculation,332,0,0,captured_attribute,Strength,Source,true,,Multiplicitive,scalable_float,,,,,,,,,,,,,Channel0,0,,,,0,,,
CRStrengthDamageCalculation,333,0,0,captured_attribute,Strength,Source,true,,Multiplicitive,scalable_float,,,,,,,,,,,,,Channel0,0,,,,0,,,
CRStrengthDamageCalculation,334,0,0,captured_attribute,Strength,Source,true,,MultiplyCompound,scalable_float,,,,,,,,,,,,,Channel0,0,,,,0,,,
CRStrengthDamageCalculation,334,1,1,captured_attribute,DamageScale,Source,true,,MultiplyCompound,custom_calculation,,,,,,,,GMMC_AscensionScaling_NoDispelNoInterrupt_Default,,,,,Channel0,0,,,,0,,,
CRStrengthDamageCalculation,335,0,0,captured_attribute,Strength,Source,true,,Multiplicitive,scalable_float,,,,,,,,,,,,,Channel0,0,,,,0,,,
CRStrengthDamageCalculation,336,0,0,captured_attribute,Strength,Source,true,,Multiplicitive,scalable_float,,,,,,,,,,,,,Channel0,0,,,,0,,,
CRStrengthDamageCalculation,337,0,0,captured_attribute,Strength,Source,true,,Multiplicitive,scalable_float,,,,,,,,,,,,,Channel0,0,,,,0,,,
CRStrengthDamageCalculation,337,1,1,captured_attribute,DamageScale,Source,true,,MultiplyCompound,custom_calculation,,,,,,,,GMMC_AscensionScaling_NoDispelNoInterrupt_Default,,,,,Channel0,0,,,,0,,,
CRStrengthDamageCalculation,338,0,0,captured_attribute,Strength,Source,true,,Multiplicitive,scalable_float,,,,,,,,,,,,,Channel0,0,,,,0,,,
CRStrengthDamageCalculation,338,1,1,transient,,,,SetByCallerTags.Spread,Multiplicitive,scalable_float,,,,,,,,,,,,,Channel0,0,,,,0,,,
CRStrengthDamageCalculation,339,0,0,captured_attribute,Strength,Source,true,,Multiplicitive,scalable_float,,,,,,,,,,,,,Channel0,0,,,,0,,,
CRStrengthDamageCalculation,339,1,1,captured_attribute,DamageScale,Source,true,,MultiplyCompound,custom_calculation,,,,,,,,GMMC_AscensionScaling_NoDispelNoInterrupt_Default,,,,,Channel0,0,,,,0,,,
CRStrengthDamageCalculation,340,0,0,captured_attribute,Strength,Source,true,,Multiplicitive,scalable_float,,,,,,,,,,,,,Channel0,0,,,,0,,,
CRStrengthDamageCalculation,341,0,0,captured_attribute,Strength,Source,true,,Multiplicitive,scalable_float,,,,,,,,,,,,,Channel0,0,,,,0,,,
CRStrengthDamageCalculation,342,0,0,captured_attribute,Strength,Source,true,,Override,attribute_based,MaxHealth,Source,false,,,AttributeMagnitude,Channel0,,,,,,Channel0,0,,,,0,,,
CRStrengthDamageCalculation,343,0,0,captured_attribute,Strength,Source,true,,Multiplicitive,scalable_float,,,,,,,,,,,,,Channel0,0,,,,0,,,
CRStrengthDamageCalculation,344,0,0,captured_attribute,Strength,Source,true,,Multiplicitive,scalable_float,,,,,,,,,,,,,Channel0,0,,,,0,,,
CRStrengthDamageCalculation,345,0,0,captured_attribute,Strength,Source,true,,Multiplicitive,scalable_float,,,,,,,,,,,,,Channel0,0,,,,0,,,
CRStrengthDamageCalculation,346,0,0,captured_attribute,Strength,Source,true,,Multiplicitive,scalable_float,,,,,,,,,,,,,Channel0,0,,,,0,,,
CRStrengthDamageCalculation,347,0,0,captured_attribute,Strength,Source,true,,Multiplicitive,scalable_float,,,,,,,,,,,,,Channel0,0,,,,0,,,
CRStrengthDamageCalculation,348,0,0,captured_attribute,Strength,Source,true,,Multiplicitive,scalable_float,,,,,,,,,,,,,Channel0,0,,,,0,,,
CRStrengthDamageCalculation,349,0,0,captured_attribute,Strength,Source,true,,Multiplicitive,scalable_float,,,,,,,,,,,,,Channel0,0,,,,0,,,
CRStrengthDamageCalculation,350,0,0,captured_attribute,Strength,Source,true,,Multiplicitive,scalable_float,,,,,,,,,,,,,Channel0,0,,,,0,,,
CRStrengthDamageCalculation,350,1,1,transient,,,,SetByCallerTags.Spread,Override,scalable_float,,,,,,,,,,,,,Channel0,0,,,,0,,,
CRStrengthDamageCalculation,351,0,0,captured_attribute,Strength,Source,true,,Multiplicitive,scalable_float,,,,,,,,,,,,,Channel0,0,,,,0,,,
CRStrengthDamageCalculation,351,1,1,transient,,,,SetByCallerTags.Spread,Multiplicitive,scalable_float,,,,,,,,,,,,,Channel0,0,,,,0,,,
CRStrengthDamageCalculation,352,0,0,captured_attribute,Strength,Source,true,,Multiplicitive,scalable_float,,,,,,,,,,,,,Channel0,0,,,,0,,,
CRStrengthDamageCalculation,352,1,1,transient,,,,SetByCallerTags.Spread,Multiplicitive,scalable_float,,,,,,,,,,,,,Channel0,0,,,,0,,,
CRStrengthDamageCalculation,353,0,0,captured_attribute,Strength,Source,true,,Multiplicitive,scalable_float,,,,,,,,,,,,,Channel0,0,,,,0,,,
CRStrengthDamageCalculation,353,1,1,transient,,,,SetByCallerTags.Spread,Multiplicitive,scalable_float,,,,,,,,,,,,,Channel0,0,,,,0,,,
CRStrengthDamageCalculation,354,0,0,captured_attribute,Strength,Source,true,,Multiplicitive,scalable_float,,,,,,,,,,,,,Channel0,0,,,,0,,,
CRStrengthDamageCalculation,354,1,1,transient,,,,SetByCallerTags.Spread,Multiplicitive,scalable_float,,,,,,,,,,,,,Channel0,0,,,,0,,,
CRStrengthDamageCalculation,354,2,2,captured_attribute,DamageScale,Source,true,,Division,set_by_caller,,,,,,,,,,,,SetByCallerTags.DamageScale,Channel0,0,,,,0,,,
CRStrengthDamageCalculation,355,0,0,captured_attribute,Strength,Source,true,,Multiplicitive,scalable_float,,,,,,,,,,,,,Channel0,0,,,,0,,,
CRStrengthDamageCalculation,356,0,0,captured_attribute,Strength,Source,true,,Multiplicitive,scalable_float,,,,,,,,,,,,,Channel0,0,,,,0,,,
CRStrengthDamageCalculation,356,1,1,captured_attribute,DamageScale,Source,true,,Multiplicitive,set_by_caller,,,,,,,,,,,,SetByCaller.DamageScale,Channel0,0,,,,0,,,
CRStrengthDamageCalculation,356,2,2,transient,,,,SetByCallerTags.Spread,Override,scalable_float,,,,,,,,,,,,,Channel0,0,,,,0,,,
CRStrengthDamageCalculation,357,0,0,captured_attribute,Strength,Source,true,,Multiplicitive,scalable_float,,,,,,,,,,,,,Channel0,0,,,,0,,,
CRStrengthDamageCalculation,358,0,0,captured_attribute,Strength,Source,true,,Multiplicitive,scalable_float,,,,,,,,,,,,,Channel0,0,,,,0,,,
CRStrengthDamageCalculation,359,0,0,captured_attribute,Strength,Source,true,,Multiplicitive,scalable_float,,,,,,,,,,,,,Channel0,0,,,,0,,,
CRStrengthDamageCalculation,360,0,0,captured_attribute,Strength,Source,true,,Multiplicitive,scalable_float,,,,,,,,,,,,,Channel0,0,,,,0,,,
CRStrengthDamageCalculation,360,1,1,transient,,,,SetByCallerTags.Spread,Override,scalable_float,,,,,,,,,,,,,Channel0,0,,,,0,,,
CRStrengthDamageCalculation,361,0,0,captured_attribute,Strength,Source,true,,MultiplyCompound,scalable_float,,,,,,,,,,,,,Channel0,0,,,,0,,,
CRStrengthDamageCalculation,362,0,0,captured_attribute,Strength,Source,true,,MultiplyCompound,scalable_float,,,,,,,,,,,,,Channel0,0,,,,0,,,
CRStrengthDamageCalculation,363,0,0,captured_attribute,Strength,Source,true,,MultiplyCompound,scalable_float,,,,,,,,,,,,,Channel0,0,,,,0,,,
CRStrengthDamageCalculation,364,0,0,captured_attribute,Strength,Source,true,,MultiplyCompound,scalable_float,,,,,,,,,,,,,Channel0,0,,,,0,,,
CRStrengthDamageCalculation,365,0,0,captured_attribute,Strength,Source,true,,MultiplyCompound,scalable_float,,,,,,,,,,,,,Channel0,0,,,,0,,,
CRStrengthDamageCalculation,365,1,1,transient,,,,SetByCallerTags.Spread,Override,scalable_float,,,,,,,,,,,,,Channel0,0,,,,0,,,
CRStrengthDamageCalculation,366,0,0,captured_attribute,Strength,Source,true,,MultiplyCompound,scalable_float,,,,,,,,,,,,,Channel0,0,,,,0,,,
CRStrengthDamageCalculation,366,1,1,transient,,,,SetByCallerTags.Spread,Override,scalable_float,,,,,,,,,,,,,Channel0,0,,,,0,,,
CRStrengthDamageCalculation,367,0,0,captured_attribute,Strength,Source,true,,Multiplicitive,scalable_float,,,,,,,,,,,,,Channel0,0,,,,0,,,
CRStrengthDamageCalculation,368,0,0,captured_attribute,Strength,Source,true,,MultiplyCompound,scalable_float,,,,,,,,,,,,,Channel0,0,,,,0,,,
CRStrengthDamageCalculation,369,0,0,captured_attribute,Strength,Source,true,,MultiplyCompound,scalable_float,,,,,,,,,,,,,Channel0,0,,,,0,,,
CRStrengthDamageCalculation,370,0,0,captured_attribute,Strength,Source,true,,MultiplyCompound,scalable_float,,,,,,,,,,,,,Channel0,0,,,,0,,,
CRStrengthDamageCalculation,371,0,0,captured_attribute,Strength,Source,true,,Multiplicitive,scalable_float,,,,,,,,,,,,,Channel0,0,,,,0,,,
CRStrengthDamageCalculation,372,0,0,captured_attribute,Strength,Source,true,,MultiplyCompound,scalable_float,,,,,,,,,,,,,Channel0,0,,,,0,,,
CRStrengthDamageCalculation,373,0,0,captured_attribute,Strength,Source,true,,MultiplyCompound,scalable_float,,,,,,,,,,,,,Channel0,0,,,,0,,,
CRStrengthDamageCalculation,374,0,0,captured_attribute,Strength,Source,true,,MultiplyCompound,scalable_float,,,,,,,,,,,,,Channel0,0,,,,0,,,
CRStrengthDamageCalculation,375,0,0,captured_attribute,Strength,Source,true,,MultiplyCompound,scalable_float,,,,,,,,,,,,,Channel0,0,,,,0,,,
CRStrengthDamageCalculation,376,0,0,captured_attribute,Strength,Source,true,,MultiplyCompound,scalable_float,,,,,,,,,,,,,Channel0,0,,,,0,,,
CRStrengthDamageCalculation,377,0,0,captured_attribute,Strength,Source,true,,MultiplyCompound,scalable_float,,,,,,,,,,,,,Channel0,0,,,,0,,,
CRStrengthDamageCalculation,378,0,0,captured_attribute,Strength,Source,true,,MultiplyCompound,scalable_float,,,,,,,,,,,,,Channel0,0,,,,0,,,
CRStrengthDamageCalculation,379,0,0,captured_attribute,Strength,Source,true,,MultiplyCompound,scalable_float,,,,,,,,,,,,,Channel0,0,,,,0,,,
CRStrengthDamageCalculation,380,0,0,captured_attribute,Strength,Source,true,,MultiplyCompound,scalable_float,,,,,,,,,,,,,Channel0,0,,,,0,,,
CRStrengthDamageCalculation,381,0,0,captured_attribute,Strength,Source,true,,MultiplyCompound,scalable_float,,,,,,,,,,,,,Channel0,0,,,,0,,,
CRStrengthDamageCalculation,382,0,0,captured_attribute,Strength,Source,true,,MultiplyCompound,scalable_float,,,,,,,,,,,,,Channel0,0,,,,0,,,
CRStrengthDamageCalculation,383,0,0,captured_attribute,Strength,Source,true,,Multiplicitive,scalable_float,,,,,,,,,,,,,Channel0,0,,,,0,,,
CRStrengthDamageCalculation,384,0,0,captured_attribute,Strength,Source,true,,MultiplyCompound,scalable_float,,,,,,,,,,,,,Channel0,0,,,,0,,,
CRStrengthDamageCalculation,385,0,0,captured_attribute,Strength,Source,true,,MultiplyCompound,scalable_float,,,,,,,,,,,,,Channel0,0,,,,0,,,
CRStrengthDamageCalculation,386,0,0,captured_attribute,Strength,Source,true,,Multiplicitive,scalable_float,,,,,,,,,,,,,Channel0,0,,,,0,,,
CRStrengthDamageCalculation,387,0,0,captured_attribute,Strength,Source,true,,MultiplyCompound,scalable_float,,,,,,,,,,,,,Channel0,0,,,,0,,,
CRStrengthDamageCalculation,388,0,0,captured_attribute,Strength,Source,true,,MultiplyCompound,scalable_float,,,,,,,,,,,,,Channel0,0,,,,0,,,
CRStrengthDamageCalculation,389,0,0,captured_attribute,Strength,Source,true,,MultiplyCompound,scalable_float,,,,,,,,,,,,,Channel0,0,,,,0,,,
CRStrengthDamageCalculation,390,0,0,captured_attribute,Strength,Source,true,,MultiplyCompound,scalable_float,,,,,,,,,,,,,Channel0,0,,,,0,,,
CRStrengthDamageCalculation,391,0,0,captured_attribute,Strength,Source,true,,MultiplyCompound,scalable_float,,,,,,,,,,,,,Channel0,0,,,,0,,,
CRStrengthDamageCalculation,392,0,0,captured_attribute,Strength,Source,true,,MultiplyCompound,scalable_float,,,,,,,,,,,,,Channel0,0,,,,0,,,
CRStrengthDamageCalculation,393,0,0,captured_attribute,Strength,Source,true,,MultiplyCompound,scalable_float,,,,,,,,,,,,,Channel0,0,,,,0,,,
CRStrengthDamageCalculation,394,0,0,captured_attribute,Strength,Source,true,,MultiplyCompound,scalable_float,,,,,,,,,,,,,Channel0,0,,,,0,,,
CRStrengthDamageCalculation,395,0,0,captured_attribute,Strength,Source,true,,MultiplyCompound,scalable_float,,,,,,,,,,,,,Channel0,0,,,,0,,,
CRStrengthDamageCalculation,396,0,0,captured_attribute,Strength,Source,true,,Multiplicitive,scalable_float,,,,,,,,,,,,,Channel0,0,,,,0,,,
CRStrengthDamageCalculation,397,0,0,captured_attribute,Strength,Source,true,,Multiplicitive,scalable_float,,,,,,,,,,,,,Channel0,0,,,,0,,,
CRStrengthDamageCalculation,397,1,1,captured_attribute,Strength,Source,true,,MultiplyCompound,set_by_caller,,,,,,,,,,,,SetByCaller.DamageScale,Channel0,0,,,,0,,,
CRStrengthDamageCalculation,397,2,2,transient,,,,SetByCallerTags.Spread,Override,scalable_float,,,,,,,,,,,,,Channel0,0,,,,0,,,
CRStrengthDamageCalculation,398,0,0,captured_attribute,Strength,Source,true,,Multiplicitive,scalable_float,,,,,,,,,,,,,Channel0,0,,,,0,,,
CRStrengthDamageCalculation,399,0,0,captured_attribute,Strength,Source,true,,Multiplicitive,scalable_float,,,,,,,,,,,,,Channel0,0,,,,0,,,
CRStrengthDamageCalculation,400,0,0,captured_attribute,Strength,Source,true,,Multiplicitive,scalable_float,,,,,,,,,,,,,Channel0,0,,,,0,,,
CRStrengthDamageCalculation,400,1,1,captured_attribute,DamageScale,Source,true,,Multiplicitive,set_by_caller,,,,,,,,,,,,SetByCaller.DamageScale,Channel0,0,,,,0,,,
CRStrengthDamageCalculation,400,2,2,captured_attribute,DamageScale,Source,true,,MultiplyCompound,custom_calculation,,,,,,,,GMMC_AscensionScaling_NoDispelNoInterrupt_Default,,,,,Channel0,0,,,,0,,,
CRStrengthDamageCalculation,401,0,0,captured_attribute,Strength,Source,true,,Multiplicitive,scalable_float,,,,,,,,,,,,,Channel0,0,,,,0,,,
CRStrengthDamageCalculation,402,0,0,captured_attribute,Strength,Source,true,,Multiplicitive,scalable_float,,,,,,,,,,,,,Channel0,0,,,,0,,,
CRStrengthDamageCalculation,402,1,1,captured_attribute,DamageScale,Source,true,,Multiplicitive,set_by_caller,,,,,,,,,,,,SetByCaller.DamageScale,Channel0,0,,,,0,,,
CRStrengthDamageCalculation,402,2,2,captured_attribute,DamageScale,Source,true,,MultiplyCompound,custom_calculation,,,,,,,,GMMC_AscensionScaling_NoDispelNoInterrupt_Default,,,,,Channel0,0,,,,0,,,
CRStrengthDamageCalculation,403,0,0,captured_attribute,Strength,Source,true,,MultiplyCompound,scalable_float,,,,,,,,,,,,,Channel0,0,,,,0,,,
CRStrengthDamageCalculation,404,0,0,captured_attribute,Strength,Source,true,,MultiplyCompound,scalable_float,,,,,,,,,,,,,Channel0,0,,,,0,,,
CRStrengthDamageCalculation,405,0,0,captured_attribute,Strength,Source,true,,MultiplyCompound,scalable_float,,,,,,,,,,,,,Channel0,0,,,,0,,,
CRStrengthDamageCalculation,406,0,0,captured_attribute,Strength,Source,true,,MultiplyCompound,scalable_float,,,,,,,,,,,,,Channel0,0,,,,0,,,
CRStrengthDamageCalculation,407,0,0,captured_attribute,Strength,Source,true,,MultiplyCompound,scalable_float,,,,,,,,,,,,,Channel0,0,,,,0,,,
CRStrengthDamageCalculation,407,1,1,captured_attribute,DamageScale,Source,true,,MultiplyCompound,set_by_caller,,,,,,,,,,,,SetByCaller.DamageScale,Channel0,0,,,,0,,,
CRStrengthDamageCalculation,408,0,0,captured_attribute,Strength,Source,true,,MultiplyCompound,scalable_float,,,,,,,,,,,,,Channel0,0,,,,0,,,
CRStrengthDamageCalculation,409,0,0,captured_attribute,Strength,Source,true,,MultiplyCompound,scalable_float,,,,,,,,,,,,,Channel0,0,,,,0,,,
CRStrengthDamageCalculation,410,0,0,captured_attribute,Strength,Source,true,,MultiplyCompound,scalable_float,,,,,,,,,,,,,Channel0,0,,,,0,,,
CRStrengthDamageCalculation,411,0,0,captured_attribute,Strength,Source,true,,MultiplyCompound,scalable_float,,,,,,,,,,,,,Channel0,0,,,,0,,,
CRStrengthDamageCalculation,412,0,0,captured_attribute,Strength,Source,true,,MultiplyCompound,scalable_float,,,,,,,,,,,,,Channel0,0,,,,0,,,
CRStrengthDamageCalculation,413,0,0,captured_attribute,Strength,Source,true,,MultiplyCompound,scalable_float,,,,,,,,,,,,,Channel0,0,,,,0,,,
CRStrengthDamageCalculation,414,0,0,captured_attribute,Strength,Source,true,,Multiplicitive,scalable_float,,,,,,,,,,,,,Channel0,0,,,,0,,,
CRStrengthDamageCalculation,415,0,0,captured_attribute,Strength,Source,true,,MultiplyCompound,scalable_float,,,,,,,,,,,,,Channel0,0,,,,0,,,
CRStrengthDamageCalculation,416,0,0,captured_attribute,Strength,Source,true,,MultiplyCompound,scalable_float,,,,,,,,,,,,,Channel0,0,,,,0,,,
CRStrengthDamageCalculation,417,0,0,captured_attribute,Strength,Source,true,,MultiplyCompound,scalable_float,,,,,,,,,,,,,Channel0,0,,,,0,,,
CRStrengthDamageCalculation,418,0,0,captured_attribute,Strength,Source,true,,MultiplyCompound,scalable_float,,,,,,,,,,,,,Channel0,0,,,,0,,,
CRStrengthDamageCalculation,419,0,0,captured_attribute,Strength,Source,true,,MultiplyCompound,scalable_float,,,,,,,,,,,,,Channel0,0,,,,0,,,
CRStrengthDamageCalculation,420,0,0,captured_attribute,Strength,Source,true,,MultiplyCompound,scalable_float,,,,,,,,,,,,,Channel0,0,,,,0,,,
CRStrengthDamageCalculation,421,0,0,captured_attribute,Strength,Source,true,,MultiplyCompound,scalable_float,,,,,,,,,,,,,Channel0,0,,,,0,,,
CRStrengthDamageCalculation,422,0,0,captured_attribute,Strength,Source,true,,Multiplicitive,scalable_float,,,,,,,,,,,,,Channel0,0,,,,0,,,
CRStrengthDamageCalculation,423,0,0,captured_attribute,Strength,Source,true,,Multiplicitive,scalable_float,,,,,,,,,,,,,Channel0,0,,,,0,,,
CRStrengthDamageCalculation,423,1,1,captured_attribute,DamageScale,Source,true,,MultiplyCompound,set_by_caller,,,,,,,,,,,,SetByCaller.DamageScaleTargetCount,Channel0,0,,,,0,,,
CRStrengthDamageCalculation,423,2,2,captured_attribute,DamageScale,Source,true,,MultiplyCompound,set_by_caller,,,,,,,,,,,,SetByCaller.DamageScale,Channel0,0,,,,0,,,
CRStrengthDamageCalculation,423,3,3,captured_attribute,CritChance,Source,true,,Additive,scalable_float,,,,,,,,,,,,,Channel0,0,,,,0,,,
CRStrengthDamageCalculation,424,0,0,captured_attribute,Strength,Source,true,,Multiplicitive,scalable_float,,,,,,,,,,,,,Channel0,0,,,,0,,,
CRStrengthDamageCalculation,424,1,1,captured_attribute,DamageScale,Source,true,,MultiplyCompound,set_by_caller,,,,,,,,,,,,SetByCaller.DamageScale,Channel0,0,,,,0,,,
CRStrengthDamageCalculation,424,2,2,captured_attribute,DamageScale,Source,true,,MultiplyCompound,set_by_caller,,,,,,,,,,,,SetByCaller.DamageScale2,Channel0,0,,,,0,,,
CRStrengthDamageCalculation,424,3,3,captured_attribute,CritChance,Source,true,,AddFinal,set_by_caller,,,,,,,,,,,,SetByCaller.CritChance,Channel0,0,,,,0,,,
CRStrengthDamageCalculation,425,0,0,captured_attribute,Strength,Source,true,,Multiplicitive,scalable_float,,,,,,,,,,,,,Channel0,0,,,,0,,,
CRStrengthDamageCalculation,425,1,1,captured_attribute,DamageScale,Source,true,,MultiplyCompound,set_by_caller,,,,,,,,,,,,SetByCaller.DamageScaleTargetCount,Channel0,0,,,,0,,,
CRStrengthDamageCalculation,426,0,0,captured_attribute,Strength,Source,true,,Multiplicitive,scalable_float,,,,,,,,,,,,,Channel0,0,,,,0,,,
CRStrengthDamageCalculation,426,1,1,captured_attribute,DamageScale,Source,true,,MultiplyCompound,set_by_caller,,,,,,,,,,,,SetByCaller.DamageScaleTargetCount,Channel0,0,,,,0,,,
CRStrengthDamageCalculation,426,2,2,captured_attribute,DamageScale,Source,true,,MultiplyCompound,set_by_caller,,,,,,,,,,,,SetByCaller.DamageScale,Channel0,0,,,,0,,,
CRStrengthDamageCalculation,426,3,3,captured_attribute,DamageScale,Source,true,,MultiplyCompound,scalable_float,,,,,,,,,,,,,Channel0,0,,,,0,,,
CRStrengthDamageCalculation,427,0,0,captured_attribute,Strength,Source,true,,Multiplicitive,scalable_float,,,,,,,,,,,,,Channel0,0,,,,0,,,
CRStrengthDamageCalculation,427,1,1,captured_attribute,DamageScale,Source,true,,MultiplyCompound,set_by_caller,,,,,,,,,,,,SetByCaller.DamageScale,Channel0,0,,,,0,,,
CRStrengthDamageCalculation,427,2,2,captured_attribute,DamageScale,Source,true,,MultiplyCompound,scalable_float,,,,,,,,,,,,,Channel0,0,,,,0,,,
CRStrengthDamageCalculation,428,0,0,captured_attribute,Strength,Source,true,,Multiplicitive,scalable_float,,,,,,,,,,,,,Channel0,0,,,,0,,,
CRStrengthDamageCalculation,428,1,1,captured_attribute,DamageScale,Source,true,,MultiplyCompound,set_by_caller,,,,,,,,,,,,SetByCaller.DamageScale,Channel0,0,,,,0,,,
CRStrengthDamageCalculation,429,0,0,captured_attribute,Strength,Source,true,,Multiplicitive,scalable_float,,,,,,,,,,,,,Channel0,0,,,,0,,,
CRStrengthDamageCalculation,429,1,1,captured_attribute,DamageScale,Source,true,,MultiplyCompound,set_by_caller,,,,,,,,,,,,SetByCaller.DamageScale,Channel0,0,,,,0,,,
CRStrengthDamageCalculation,429,2,2,captured_attribute,DamageScale,Source,true,,MultiplyCompound,set_by_caller,,,,,,,,,,,,SetByCaller.PowerScaler,Channel0,0,,,,0,,,
CRStrengthDamageCalculation,429,3,3,captured_attribute,DamageScale,Source,true,,MultiplyCompound,scalable_float,,,,,,,,,,,,,Channel0,0,,,,0,,,
CRStrengthDamageCalculation,430,0,0,captured_attribute,Strength,Source,true,,Multiplicitive,scalable_float,,,,,,,,,,,,,Channel0,0,,,,0,,,
CRStrengthDamageCalculation,431,0,0,captured_attribute,Strength,Source,true,,Multiplicitive,scalable_float,,,,,,,,,,,,,Channel0,0,,,,0,,,
CRStrengthDamageCalculation,431,1,1,captured_attribute,DamageScale,Source,true,,MultiplyCompound,set_by_caller,,,,,,,,,,,,SetByCaller.DamageScale,Channel0,0,,,,0,,,
CRStrengthDamageCalculation,432,0,0,captured_attribute,Strength,Source,true,,Multiplicitive,scalable_float,,,,,,,,,,,,,Channel0,0,,,,0,,,
CRStrengthDamageCalculation,432,1,1,captured_attribute,CritChance,Source,true,,Additive,scalable_float,,,,,,,,,,,,,Channel0,0,,,,0,,,
CRStrengthDamageCalculation,432,2,2,captured_attribute,DamageScale,Source,true,,MultiplyCompound,set_by_caller,,,,,,,,,,,,SetByCaller.DamageScale4,Channel0,0,,,,0,,,
CRStrengthDamageCalculation,432,3,3,captured_attribute,DamageScale,Source,true,,MultiplyCompound,set_by_caller,,,,,,,,,,,,SetByCaller.DamageScaleTargetCount,Channel0,0,,,,0,,,
CRStrengthDamageCalculation,433,0,0,captured_attribute,Strength,Source,true,,Multiplicitive,scalable_float,,,,,,,,,,,,,Channel0,0,,,,0,,,
CRStrengthDamageCalculation,434,0,0,captured_attribute,Strength,Source,true,,MultiplyCompound,scalable_float,,,,,,,,,,,,,Channel0,0,,,,0,,,
CRStrengthDamageCalculation,434,1,1,captured_attribute,DamageScale,Source,true,,MultiplyCompound,set_by_caller,,,,,,,,,,,,SetByCaller.DamageScaleTargetCount,Channel0,0,,,,0,,,
CRStrengthDamageCalculation,434,2,2,captured_attribute,CritChance,Source,true,,Additive,scalable_float,,,,,,,,,,,,,Channel0,0,,,,0,,,
CRStrengthDamageCalculation,435,0,0,captured_attribute,Strength,Source,true,,Multiplicitive,scalable_float,,,,,,,,,,,,,Channel0,0,,,,0,,,
CRStrengthDamageCalculation,435,1,1,captured_attribute,DamageScale,Source,true,,MultiplyCompound,set_by_caller,,,,,,,,,,,,SetByCaller.DamageScale,Channel0,0,,,,0,,,
CRStrengthDamageCalculation,436,0,0,captured_attribute,Strength,Source,true,,Multiplicitive,scalable_float,,,,,,,,,,,,,Channel0,0,,,,0,,,
CRStrengthDamageCalculation,436,1,1,captured_attribute,DamageScale,Source,true,,MultiplyCompound,set_by_caller,,,,,,,,,,,,SetByCaller.DamageScale,Channel0,0,,,,0,,,
CRStrengthDamageCalculation,437,0,0,captured_attribute,Strength,Source,true,,Multiplicitive,scalable_float,,,,,,,,,,,,,Channel0,0,,,,0,,,
CRStrengthDamageCalculation,438,0,0,captured_attribute,Strength,Source,true,,Multiplicitive,scalable_float,,,,,,,,,,,,,Channel0,0,,,,0,,,
CRStrengthDamageCalculation,439,0,0,captured_attribute,Strength,Source,true,,Multiplicitive,scalable_float,,,,,,,,,,,,,Channel0,0,,,,0,,,
CRStrengthDamageCalculation,440,0,0,captured_attribute,Strength,Source,true,,Multiplicitive,scalable_float,,,,,,,,,,,,,Channel0,0,,,,0,,,
CRStrengthDamageCalculation,441,0,0,captured_attribute,Strength,Source,true,,Multiplicitive,scalable_float,,,,,,,,,,,,,Channel0,0,,,,0,,,
CRStrengthDamageCalculation,442,0,0,captured_attribute,Strength,Source,true,,Multiplicitive,scalable_float,,,,,,,,,,,,,Channel0,0,,,,0,,,
CRStrengthDamageCalculation,442,1,1,transient,,,,SetByCallerTags.Spread,Override,scalable_float,,,,,,,,,,,,,Channel0,0,,,,0,,,
CRStrengthDamageCalculation,442,2,2,captured_attribute,DamageScale,Source,true,,Multiplicitive,set_by_caller,,,,,,,,,,,,SetByCaller.DamageScale,Channel0,0,,,,0,,,
CRStrengthDamageCalculation,443,0,0,captured_attribute,Strength,Source,true,,Multiplicitive,scalable_float,,,,,,,,,,,,,Channel0,0,,,,0,,,
CRStrengthDamageCalculation,443,1,1,transient,,,,SetByCallerTags.Spread,Override,scalable_float,,,,,,,,,,,,,Channel0,0,,,,0,,,
CRStrengthDamageCalculation,444,0,0,captured_attribute,Strength,Source,true,,Multiplicitive,scalable_float,,,,,,,,,,,,,Channel0,0,,,,0,,,
CRStrengthDamageCalculation,445,0,0,captured_attribute,Strength,Source,true,,Multiplicitive,scalable_float,,,,,,,,,,,,,Channel0,0,,,,0,,,
CRStrengthDamageCalculation,446,0,0,captured_attribute,Strength,Source,true,,Multiplicitive,scalable_float,,,,,,,,,,,,,Channel0,0,,,,0,,,
CRStrengthDamageCalculation,446,1,1,transient,,,,SetByCallerTags.Spread,Override,scalable_float,,,,,,,,,,,,,Channel0,0,,,,0,,,
CRStrengthDamageCalculation,447,0,0,captured_attribute,Strength,Source,true,,Multiplicitive,scalable_float,,,,,,,,,,,,,Channel0,0,,,,0,,,
CRStrengthDamageCalculation,448,0,0,captured_attribute,Strength,Source,true,,Multiplicitive,scalable_float,,,,,,,,,,,,,Channel0,0,,,,0,,,
CRStrengthDamageCalculation,448,1,1,transient,,,,SetByCallerTags.Spread,Override,scalable_float,,,,,,,,,,,,,Channel0,0,,,,0,,,
CRStrengthDamageCalculation,449,0,0,captured_attribute,Strength,Source,true,,Multiplicitive,scalable_float,,,,,,,,,,,,,Channel0,0,,,,0,,,
CRStrengthDamageCalculation,450,0,0,captured_attribute,Strength,Source,true,,Multiplicitive,scalable_float,,,,,,,,,,,,,Channel0,0,,,,0,,,
CRStrengthDamageCalculation,451,0,0,captured_attribute,Strength,Source,true,,Multiplicitive,scalable_float,,,,,,,,,,,,,Channel0,0,,,,0,,,
CRStrengthDamageCalculation,451,1,1,transient,,,,SetByCallerTags.Spread,Override,scalable_float,,,,,,,,,,,,,Channel0,0,,,,0,,,
CRStrengthDamageCalculation,452,0,0,captured_attribute,Strength,Source,true,,Multiplicitive,scalable_float,,,,,,,,,,,,,Channel0,0,,,,0,,,
CRStrengthDamageCalculation,452,1,1,transient,,,,SetByCallerTags.Spread,Override,scalable_float,,,,,,,,,,,,,Channel0,0,,,,0,,,
CRStrengthDamageCalculation,453,0,0,captured_attribute,Strength,Source,true,,Multiplicitive,scalable_float,,,,,,,,,,,,,Channel0,0,,,,0,,,
CRStrengthDamageCalculation,454,0,0,transient,,,,SetByCallerTags.Spread,Override,scalable_float,,,,,,,,,,,,,Channel0,0,,,,0,,,
CRStrengthDamageCalculation,454,1,1,captured_attribute,Strength,Source,true,,Multiplicitive,scalable_float,,,,,,,,,,,,,Channel0,0,,,,0,,,
CRStrengthDamageCalculation,455,0,0,captured_attribute,Strength,Source,true,,Multiplicitive,scalable_float,,,,,,,,,,,,,Channel0,0,,,,0,,,
CRStrengthDamageCalculation,456,0,0,captured_attribute,Strength,Source,true,,Multiplicitive,scalable_float,,,,,,,,,,,,,Channel0,0,,,,0,,,
CRStrengthDamageCalculation,457,0,0,captured_attribute,Strength,Source,true,,Multiplicitive,scalable_float,,,,,,,,,,,,,Channel0,0,,,,0,,,
CRStrengthDamageCalculation,458,0,0,captured_attribute,Strength,Source,true,,Multiplicitive,scalable_float,,,,,,,,,,,,,Channel0,0,,,,0,,,
CRStrengthDamageCalculation,459,0,0,captured_attribute,Strength,Source,true,,Multiplicitive,scalable_float,,,,,,,,,,,,,Channel0,0,,,,0,,,
CRStrengthDamageCalculation,459,1,1,transient,,,,SetByCallerTags.Spread,Override,scalable_float,,,,,,,,,,,,,Channel0,0,,,,0,,,
CRStrengthDamageCalculation,460,0,0,captured_attribute,Strength,Source,true,,Multiplicitive,scalable_float,,,,,,,,,,,,,Channel0,0,,,,0,,,
CRStrengthDamageCalculation,460,1,1,transient,,,,SetByCallerTags.Spread,Override,scalable_float,,,,,,,,,,,,,Channel0,0,,,,0,,,
CRStrengthDamageCalculation,461,0,0,captured_attribute,Strength,Source,true,,Multiplicitive,scalable_float,,,,,,,,,,,,,Channel0,0,,,,0,,,
CRStrengthDamageCalculation,461,1,1,transient,,,,SetByCallerTags.Spread,Override,scalable_float,,,,,,,,,,,,,Channel0,0,,,,0,,,
CRStrengthDamageCalculation,462,0,0,captured_attribute,Strength,Source,true,,Multiplicitive,scalable_float,,,,,,,,,,,,,Channel0,0,,,,0,,,
CRStrengthDamageCalculation,463,0,0,captured_attribute,Strength,Source,true,,Multiplicitive,scalable_float,,,,,,,,,,,,,Channel0,0,,,,0,,,
CRStrengthDamageCalculation,464,0,0,captured_attribute,Strength,Source,true,,Multiplicitive,scalable_float,,,,,,,,,,,,,Channel0,0,,,,0,,,
CRStrengthDamageCalculation,464,1,1,transient,,,,SetByCallerTags.Spread,Override,scalable_float,,,,,,,,,,,,,Channel0,0,,,,0,,,
CRStrengthDamageCalculation,465,0,0,captured_attribute,Strength,Source,true,,Multiplicitive,scalable_float,,,,,,,,,,,,,Channel0,0,,,,0,,,
CRStrengthDamageCalculation,465,1,1,transient,,,,SetByCallerTags.Spread,Override,scalable_float,,,,,,,,,,,,,Channel0,0,,,,0,,,
CRStrengthDamageCalculation,466,0,0,captured_attribute,Strength,Source,true,,Multiplicitive,scalable_float,,,,,,,,,,,,,Channel0,0,,,,0,,,
CRStrengthDamageCalculation,467,0,0,captured_attribute,Strength,Source,true,,Multiplicitive,scalable_float,,,,,,,,,,,,,Channel0,0,,,,0,,,
CRStrengthDamageCalculation,468,0,0,captured_attribute,Strength,Source,true,,Multiplicitive,scalable_float,,,,,,,,,,,,,Channel0,0,,,,0,,,
CRStrengthDamageCalculation,469,0,0,captured_attribute,Strength,Source,true,,Multiplicitive,scalable_float,,,,,,,,,,,,,Channel0,0,,,,0,,,
CRStrengthDamageCalculation,469,1,1,transient,,,,SetByCallerTags.Spread,Override,scalable_float,,,,,,,,,,,,,Channel0,0,,,,0,,,
CRStrengthDamageCalculation,470,0,0,captured_attribute,Strength,Source,true,,Multiplicitive,scalable_float,,,,,,,,,,,,,Channel0,0,,,,0,,,
CRStrengthDamageCalculation,471,0,0,captured_attribute,Strength,Source,true,,Multiplicitive,scalable_float,,,,,,,,,,,,,Channel0,0,,,,0,,,
CRStrengthDamageCalculation,471,1,1,transient,,,,SetByCallerTags.Spread,Override,scalable_float,,,,,,,,,,,,,Channel0,0,,,,0,,,
CRStrengthDamageCalculation,472,0,0,captured_attribute,Strength,Source,true,,Multiplicitive,scalable_float,,,,,,,,,,,,,Channel0,0,,,,0,,,
CRStrengthDamageCalculation,472,1,1,transient,,,,SetByCallerTags.Spread,Override,scalable_float,,,,,,,,,,,,,Channel0,0,,,,0,,,
CRStrengthDamageCalculation,473,0,0,captured_attribute,Strength,Source,true,,Multiplicitive,scalable_float,,,,,,,,,,,,,Channel0,0,,,,0,,,
CRStrengthDamageCalculation,474,0,0,transient,,,,SetByCallerTags.Spread,Override,scalable_float,,,,,,,,,,,,,Channel0,0,,,,0,,,
CRStrengthDamageCalculation,474,1,1,captured_attribute,Strength,Source,true,,Multiplicitive,scalable_float,,,,,,,,,,,,,Channel0,0,,,,0,,,
CRStrengthDamageCalculation,475,0,0,captured_attribute,Strength,Source,true,,Multiplicitive,scalable_float,,,,,,,,,,,,,Channel0,0,,,,0,,,
CRStrengthDamageCalculation,476,0,0,captured_attribute,Strength,Source,true,,Multiplicitive,scalable_float,,,,,,,,,,,,,Channel0,0,,,,0,,,
CRStrengthDamageCalculation,477,0,0,captured_attribute,Strength,Source,true,,Multiplicitive,scalable_float,,,,,,,,,,,,,Channel0,0,,,,0,,,
CRStrengthDamageCalculation,478,0,0,captured_attribute,Strength,Source,true,,Multiplicitive,scalable_float,,,,,,,,,,,,,Channel0,0,,,,0,,,
CRStrengthDamageCalculation,479,0,0,captured_attribute,Strength,Source,true,,Multiplicitive,scalable_float,,,,,,,,,,,,,Channel0,0,,,,0,,,
CRStrengthDamageCalculation,480,0,0,captured_attribute,Strength,Source,true,,Multiplicitive,scalable_float,,,,,,,,,,,,,Channel0,0,,,,0,,,
CRStrengthDamageCalculation,480,1,1,transient,,,,SetByCallerTags.Spread,Override,scalable_float,,,,,,,,,,,,,Channel0,0,,,,0,,,
CRStrengthDamageCalculation,481,0,0,captured_attribute,Strength,Source,true,,Multiplicitive,scalable_float,,,,,,,,,,,,,Channel0,0,,,,0,,,
CRStrengthDamageCalculation,481,1,1,transient,,,,SetByCallerTags.Spread,Override,scalable_float,,,,,,,,,,,,,Channel0,0,,,,0,,,
CRStrengthDamageCalculation,482,0,0,captured_attribute,Strength,Source,true,,Multiplicitive,scalable_float,,,,,,,,,,,,,Channel0,0,,,,0,,,
CRStrengthDamageCalculation,482,1,1,transient,,,,SetByCallerTags.Spread,Override,scalable_float,,,,,,,,,,,,,Channel0,0,,,,0,,,
CRStrengthDamageCalculation,483,0,0,captured_attribute,Strength,Source,true,,Multiplicitive,scalable_float,,,,,,,,,,,,,Channel0,0,,,,0,,,
CRStrengthDamageCalculation,484,0,0,captured_attribute,Strength,Source,true,,Multiplicitive,scalable_float,,,,,,,,,,,,,Channel0,0,,,,0,,,
CRStrengthDamageCalculation,484,1,1,transient,,,,SetByCallerTags.Spread,Override,scalable_float,,,,,,,,,,,,,Channel0,0,,,,0,,,
CRStrengthDamageCalculation,485,0,0,captured_attribute,Strength,Source,true,,Multiplicitive,scalable_float,,,,,,,,,,,,,Channel0,0,,,,0,,,
CRStrengthDamageCalculation,486,0,0,captured_attribute,Strength,Source,true,,Multiplicitive,scalable_float,,,,,,,,,,,,,Channel0,0,,,,0,,,
CRStrengthDamageCalculation,486,1,1,transient,,,,SetByCallerTags.Spread,Override,scalable_float,,,,,,,,,,,,,Channel0,0,,,,0,,,
CRStrengthDamageCalculation,487,0,0,captured_attribute,Strength,Source,true,,Multiplicitive,scalable_float,,,,,,,,,,,,,Channel0,0,,,,0,,,
CRStrengthDamageCalculation,488,0,0,captured_attribute,Strength,Source,true,,Multiplicitive,scalable_float,,,,,,,,,,,,,Channel0,0,,,,0,,,
CRStrengthDamageCalculation,489,0,0,captured_attribute,Strength,Source,true,,Multiplicitive,scalable_float,,,,,,,,,,,,,Channel0,0,,,,0,,,
CRStrengthDamageCalculation,489,1,1,transient,,,,SetByCallerTags.Spread,Override,scalable_float,,,,,,,,,,,,,Channel0,0,,,,0,,,
CRStrengthDamageCalculation,490,0,0,captured_attribute,Strength,Source,true,,Multiplicitive,scalable_float,,,,,,,,,,,,,Channel0,0,,,,0,,,
CRStrengthDamageCalculation,490,1,1,transient,,,,SetByCallerTags.Spread,Override,scalable_float,,,,,,,,,,,,,Channel0,0,,,,0,,,
CRStrengthDamageCalculation,491,0,0,captured_attribute,Strength,Source,true,,Multiplicitive,scalable_float,,,,,,,,,,,,,Channel0,0,,,,0,,,
CRStrengthDamageCalculation,492,0,0,captured_attribute,Strength,Source,true,,Multiplicitive,scalable_float,,,,,,,,,,,,,Channel0,0,,,,0,,,
CRStrengthDamageCalculation,493,0,0,captured_attribute,Strength,Source,true,,Multiplicitive,scalable_float,,,,,,,,,,,,,Channel0,0,,,,0,,,
CRStrengthDamageCalculation,493,1,1,transient,,,,SetByCallerTags.Spread,Override,scalable_float,,,,,,,,,,,,,Channel0,0,,,,0,,,
CRStrengthDamageCalculation,494,0,0,captured_attribute,Strength,Source,true,,Multiplicitive,scalable_float,,,,,,,,,,,,,Channel0,0,,,,0,,,
CRStrengthDamageCalculation,494,1,1,transient,,,,SetByCallerTags.Spread,Override,scalable_float,,,,,,,,,,,,,Channel0,0,,,,0,,,
CRStrengthDamageCalculation,495,0,0,captured_attribute,Strength,Source,true,,Multiplicitive,scalable_float,,,,,,,,,,,,,Channel0,0,,,,0,,,
CRStrengthDamageCalculation,495,1,1,transient,,,,SetByCallerTags.Spread,Override,scalable_float,,,,,,,,,,,,,Channel0,0,,,,0,,,
CRStrengthDamageCalculation,496,0,0,captured_attribute,Strength,Source,true,,Multiplicitive,scalable_float,,,,,,,,,,,,,Channel0,0,,,,0,,,
CRStrengthDamageCalculation,497,0,0,captured_attribute,Strength,Source,true,,Multiplicitive,scalable_float,,,,,,,,,,,,,Channel0,0,,,,0,,,
CRStrengthDamageCalculation,498,0,0,captured_attribute,Strength,Source,true,,Multiplicitive,scalable_float,,,,,,,,,,,,,Channel0,0,,,,0,,,
CRStrengthDamageCalculation,499,0,0,captured_attribute,Strength,Source,true,,Multiplicitive,scalable_float,,,,,,,,,,,,,Channel0,0,,,,0,,,
CRStrengthDamageCalculation,499,1,1,transient,,,,SetByCallerTags.Spread,Override,scalable_float,,,,,,,,,,,,,Channel0,0,,,,0,,,
CRStrengthDamageCalculation,500,0,0,captured_attribute,Strength,Source,true,,Multiplicitive,scalable_float,,,,,,,,,,,,,Channel0,0,,,,0,,,
CRStrengthDamageCalculation,501,0,0,captured_attribute,Strength,Source,true,,Multiplicitive,scalable_float,,,,,,,,,,,,,Channel0,0,,,,0,,,
CRStrengthDamageCalculation,501,1,1,transient,,,,SetByCallerTags.Spread,Override,scalable_float,,,,,,,,,,,,,Channel0,0,,,,0,,,
CRStrengthDamageCalculation,502,0,0,captured_attribute,Strength,Source,true,,Multiplicitive,scalable_float,,,,,,,,,,,,,Channel0,0,,,,0,,,
CRStrengthDamageCalculation,503,0,0,captured_attribute,Strength,Source,true,,Multiplicitive,scalable_float,,,,,,,,,,,,,Channel0,0,,,,0,,,
CRStrengthDamageCalculation,504,0,0,captured_attribute,Strength,Source,true,,Multiplicitive,scalable_float,,,,,,,,,,,,,Channel0,0,,,,0,,,
CRStrengthDamageCalculation,505,0,0,captured_attribute,Strength,Source,true,,Multiplicitive,scalable_float,,,,,,,,,,,,,Channel0,0,,,,0,,,
CRStrengthDamageCalculation,506,0,0,captured_attribute,Strength,Source,true,,Multiplicitive,scalable_float,,,,,,,,,,,,,Channel0,0,,,,0,,,
CRStrengthDamageCalculation,506,1,1,transient,,,,SetByCallerTags.Spread,Override,scalable_float,,,,,,,,,,,,,Channel0,0,,,,0,,,
CRStrengthDamageCalculation,507,0,0,captured_attribute,Strength,Source,true,,Multiplicitive,scalable_float,,,,,,,,,,,,,Channel0,0,,,,0,,,
CRStrengthDamageCalculation,508,0,0,captured_attribute,Strength,Source,true,,Multiplicitive,scalable_float,,,,,,,,,,,,,Channel0,0,,,,0,,,
CRStrengthDamageCalculation,509,0,0,captured_attribute,Strength,Source,true,,Multiplicitive,scalable_float,,,,,,,,,,,,,Channel0,0,,,,0,,,
CRStrengthDamageCalculation,510,0,0,captured_attribute,Strength,Source,true,,Multiplicitive,scalable_float,,,,,,,,,,,,,Channel0,0,,,,0,,,
CRStrengthDamageCalculation,511,0,0,captured_attribute,Strength,Source,true,,Multiplicitive,scalable_float,,,,,,,,,,,,,Channel0,0,,,,0,,,
CRStrengthDamageCalculation,512,0,0,captured_attribute,Strength,Source,true,,Multiplicitive,scalable_float,,,,,,,,,,,,,Channel0,0,,,,0,,,
CRStrengthDamageCalculation,513,0,0,captured_attribute,Strength,Source,true,,Multiplicitive,scalable_float,,,,,,,,,,,,,Channel0,0,,,,0,,,
CRStrengthDamageCalculation,514,0,0,captured_attribute,Strength,Source,true,,Multiplicitive,scalable_float,,,,,,,,,,,,,Channel0,0,,,,0,,,
CRStrengthDamageCalculation,515,0,0,captured_attribute,Strength,Source,true,,Multiplicitive,scalable_float,,,,,,,,,,,,,Channel0,0,,,,0,,,
CRStrengthDamageCalculation,516,0,0,captured_attribute,Strength,Source,true,,Multiplicitive,scalable_float,,,,,,,,,,,,,Channel0,0,,,,0,,,
CRStrengthDamageCalculation,517,0,0,captured_attribute,Strength,Source,true,,Multiplicitive,scalable_float,,,,,,,,,,,,,Channel0,0,,,,0,,,
CRStrengthDamageCalculation,517,1,1,captured_attribute,DamageScale,Source,true,,Override,set_by_caller,,,,,,,,,,,,SetByCaller.DamageScale,Channel0,0,,,,0,,,
CRStrengthDamageCalculation,518,0,0,captured_attribute,Strength,Source,true,,Multiplicitive,scalable_float,,,,,,,,,,,,,Channel0,0,,,,0,,,
CRStrengthDamageCalculation,518,1,1,transient,,,,SetByCallerTags.Spread,Override,scalable_float,,,,,,,,,,,,,Channel0,0,,,,0,,,
CRStrengthDamageCalculation,519,0,0,captured_attribute,Strength,Source,true,,Multiplicitive,scalable_float,,,,,,,,,,,,,Channel0,0,,,,0,,,
CRStrengthDamageCalculation,520,0,0,captured_attribute,Strength,Source,true,,Multiplicitive,scalable_float,,,,,,,,,,,,,Channel0,0,,,,0,,,
CRStrengthDamageCalculation,521,0,0,captured_attribute,Strength,Source,true,,Multiplicitive,scalable_float,,,,,,,,,,,,,Channel0,0,,,,0,,,
CRStrengthDamageCalculation,522,0,0,captured_attribute,Strength,Source,true,,Multiplicitive,scalable_float,,,,,,,,,,,,,Channel0,0,,,,0,,,
CRStrengthDamageCalculation,523,0,0,captured_attribute,Strength,Source,true,,Multiplicitive,scalable_float,,,,,,,,,,,,,Channel0,0,,,,0,,,
CRStrengthDamageCalculation,524,0,0,captured_attribute,Strength,Source,true,,Multiplicitive,scalable_float,,,,,,,,,,,,,Channel0,0,,,,0,,,
CRStrengthDamageCalculation,524,1,1,transient,,,,SetByCallerTags.Spread,Override,scalable_float,,,,,,,,,,,,,Channel0,0,,,,0,,,
CRStrengthDamageCalculation,525,0,0,captured_attribute,Strength,Source,true,,Multiplicitive,scalable_float,,,,,,,,,,,,,Channel0,0,,,,0,,,
CRStrengthDamageCalculation,525,1,1,transient,,,,SetByCallerTags.Spread,Override,scalable_float,,,,,,,,,,,,,Channel0,0,,,,0,,,
CRStrengthDamageCalculation,526,0,0,captured_attribute,Strength,Source,true,,Multiplicitive,scalable_float,,,,,,,,,,,,,Channel0,0,,,,0,,,
CRStrengthDamageCalculation,526,1,1,transient,,,,SetByCallerTags.Spread,Override,scalable_float,,,,,,,,,,,,,Channel0,0,,,,0,,,
CRStrengthDamageCalculation,527,0,0,captured_attribute,Strength,Source,true,,Multiplicitive,scalable_float,,,,,,,,,,,,,Channel0,0,,,,0,,,
CRStrengthDamageCalculation,528,0,0,captured_attribute,Strength,Source,true,,MultiplyCompound,scalable_float,,,,,,,,,,,,,Channel0,0,,,,0,,,
CRStrengthDamageCalculation,529,0,0,captured_attribute,Strength,Source,true,,MultiplyCompound,scalable_float,,,,,,,,,,,,,Channel0,0,,,,0,,,
CRStrengthDamageCalculation,529,1,1,transient,,,,SetByCallerTags.Spread,Override,scalable_float,,,,,,,,,,,,,Channel0,0,,,,0,,,
CRStrengthDamageCalculation,530,0,0,captured_attribute,Strength,Source,true,,MultiplyCompound,scalable_float,,,,,,,,,,,,,Channel0,0,,,,0,,,
CRStrengthDamageCalculation,530,1,1,transient,,,,SetByCallerTags.Spread,Override,scalable_float,,,,,,,,,,,,,Channel0,0,,,,0,,,
CRStrengthDamageCalculation,531,0,0,captured_attribute,Strength,Source,true,,Multiplicitive,scalable_float,,,,,,,,,,,,,Channel0,0,,,,0,,,
CRStrengthDamageCalculation,532,0,0,captured_attribute,Strength,Source,true,,MultiplyCompound,scalable_float,,,,,,,,,,,,,Channel0,0,,,,0,,,
CRStrengthDamageCalculation,533,0,0,captured_attribute,CritChance,Source,true,,MultiplyCompound,scalable_float,,,,,,,,,,,,,Channel0,0,,,,0,,,
CRStrengthDamageCalculation,534,0,0,captured_attribute,Strength,Source,true,,Multiplicitive,scalable_float,,,,,,,,,,,,,Channel0,0,,,,0,,,
CRStrengthDamageCalculation,534,1,1,transient,,,,SetByCallerTags.Spread,Override,scalable_float,,,,,,,,,,,,,Channel0,0,,,,0,,,
CRStrengthDamageCalculation,535,0,0,captured_attribute,Strength,Source,true,,Multiplicitive,scalable_float,,,,,,,,,,,,,Channel0,0,,,,0,,,
CRStrengthDamageCalculation,535,1,1,transient,,,,SetByCallerTags.Spread,Override,scalable_float,,,,,,,,,,,,,Channel0,0,,,,0,,,
CRStrengthDamageCalculation,536,0,0,captured_attribute,Strength,Source,true,,Multiplicitive,scalable_float,,,,,,,,,,,,,Channel0,0,,,,0,,,
CRStrengthDamageCalculation,536,1,1,transient,,,,SetByCallerTags.Spread,Override,scalable_float,,,,,,,,,,,,,Channel0,0,,,,0,,,
CRStrengthDamageCalculation,537,0,0,captured_attribute,Strength,Source,true,,Multiplicitive,scalable_float,,,,,,,,,,,,,Channel0,0,,,,0,,,
CRStrengthDamageCalculation,537,1,1,transient,,,,SetByCallerTags.Spread,Override,scalable_float,,,,,,,,,,,,,Channel0,0,,,,0,,,
CRStrengthDamageCalculation,538,0,0,captured_attribute,Strength,Source,true,,Multiplicitive,scalable_float,,,,,,,,,,,,,Channel0,0,,,,0,,,
CRStrengthDamageCalculation,538,1,1,transient,,,,SetByCallerTags.Spread,Override,scalable_float,,,,,,,,,,,,,Channel0,0,,,,0,,,
CRStrengthDamageCalculation,539,0,0,captured_attribute,Strength,Source,true,,MultiplyCompound,scalable_float,,,,,,,,,,,,,Channel0,0,,,,0,,,
CRStrengthDamageCalculation,540,0,0,captured_attribute,Strength,Source,true,,MultiplyCompound,scalable_float,,,,,,,,,,,,,Channel0,0,,,,0,,,
CRStrengthDamageCalculation,541,0,0,captured_attribute,Strength,Source,true,,Multiplicitive,scalable_float,,,,,,,,,,,,,Channel0,0,,,,0,,,
CRStrengthDamageCalculation,542,0,0,captured_attribute,Strength,Source,true,,Multiplicitive,scalable_float,,,,,,,,,,,,,Channel0,0,,,,0,,,
CRStrengthDamageCalculation,543,0,0,captured_attribute,Strength,Source,true,,Multiplicitive,scalable_float,,,,,,,,,,,,,Channel0,0,,,,0,,,
CRStrengthDamageCalculation,544,0,0,captured_attribute,Strength,Source,true,,Multiplicitive,scalable_float,,,,,,,,,,,,,Channel0,0,,,,0,,,
CRStrengthDamageCalculation,544,1,1,transient,,,,SetByCallerTags.Spread,Override,scalable_float,,,,,,,,,,,,,Channel0,0,,,,0,,,
CRStrengthDamageCalculation,545,0,0,captured_attribute,Strength,Source,true,,Multiplicitive,scalable_float,,,,,,,,,,,,,Channel0,0,,,,0,,,
CRStrengthDamageCalculation,545,1,1,transient,,,,SetByCallerTags.Spread,Override,scalable_float,,,,,,,,,,,,,Channel0,0,,,,0,,,
CRStrengthDamageCalculation,546,0,0,captured_attribute,Strength,Source,true,,Multiplicitive,scalable_float,,,,,,,,,,,,,Channel0,0,,,,0,,,
CRStrengthDamageCalculation,547,0,0,captured_attribute,Strength,Source,true,,Multiplicitive,scalable_float,,,,,,,,,,,,,Channel0,0,,,,0,,,
CRStrengthDamageCalculation,548,0,0,captured_attribute,Strength,Source,true,,MultiplyCompound,scalable_float,,,,,,,,,,,,,Channel0,0,,,,0,,,
CRStrengthDamageCalculation,548,1,1,transient,,,,SetByCallerTags.Spread,Override,scalable_float,,,,,,,,,,,,,Channel0,0,,,,0,,,
CRStrengthDamageCalculation,549,0,0,captured_attribute,Strength,Source,true,,MultiplyCompound,scalable_float,,,,,,,,,,,,,Channel0,0,,,,0,,,
CRStrengthDamageCalculation,550,0,0,captured_attribute,Strength,Source,true,,MultiplyCompound,scalable_float,,,,,,,,,,,,,Channel0,0,,,,0,,,
CRStrengthDamageCalculation,551,0,0,captured_attribute,Strength,Source,true,,Multiplicitive,scalable_float,,,,,,,,,,,,,Channel0,0,,,,0,,,
CRStrengthDamageCalculation,551,1,1,transient,,,,SetByCallerTags.Spread,Override,scalable_float,,,,,,,,,,,,,Channel0,0,,,,0,,,
CRStrengthDamageCalculation,552,0,0,captured_attribute,Strength,Source,true,,MultiplyCompound,scalable_float,,,,,,,,,,,,,Channel0,0,,,,0,,,
CRStrengthDamageCalculation,553,0,0,captured_attribute,Strength,Source,true,,MultiplyCompound,scalable_float,,,,,,,,,,,,,Channel0,0,,,,0,,,
CRStrengthDamageCalculation,554,0,0,captured_attribute,Strength,Source,true,,Multiplicitive,scalable_float,,,,,,,,,,,,,Channel0,0,,,,0,,,
CRStrengthDamageCalculation,555,0,0,captured_attribute,Strength,Source,true,,Multiplicitive,scalable_float,,,,,,,,,,,,,Channel0,0,,,,0,,,
CRStrengthDamageCalculation,556,0,0,captured_attribute,Strength,Source,true,,Multiplicitive,scalable_float,,,,,,,,,,,,,Channel0,0,,,,0,,,
CRStrengthDamageCalculation,557,0,0,captured_attribute,Strength,Source,true,,Multiplicitive,scalable_float,,,,,,,,,,,,,Channel0,0,,,,0,,,
CRStrengthDamageCalculation,558,0,0,captured_attribute,Strength,Source,true,,Multiplicitive,scalable_float,,,,,,,,,,,,,Channel0,0,,,,0,,,
CRStrengthDamageCalculation,558,1,1,transient,,,,SetByCallerTags.Spread,Override,scalable_float,,,,,,,,,,,,,Channel0,0,,,,0,,,
CRStrengthDamageCalculation,559,0,0,captured_attribute,Strength,Source,true,,Multiplicitive,scalable_float,,,,,,,,,,,,,Channel0,0,,,,0,,,
CRStrengthDamageCalculation,560,0,0,captured_attribute,Strength,Source,true,,Multiplicitive,scalable_float,,,,,,,,,,,,,Channel0,0,,,,0,,,
CRStrengthDamageCalculation,561,0,0,captured_attribute,Strength,Source,true,,Multiplicitive,scalable_float,,,,,,,,,,,,,Channel0,0,,,,0,,,
CRStrengthDamageCalculation,562,0,0,captured_attribute,Strength,Source,true,,Multiplicitive,scalable_float,,,,,,,,,,,,,Channel0,0,,,,0,,,
CRStrengthDamageCalculation,562,1,1,transient,,,,SetByCallerTags.Spread,Override,scalable_float,,,,,,,,,,,,,Channel0,0,,,,0,,,
CRStrengthDamageCalculation,563,0,0,captured_attribute,Strength,Source,true,,Multiplicitive,scalable_float,,,,,,,,,,,,,Channel0,0,,,,0,,,
CRStrengthDamageCalculation,563,1,1,captured_attribute,DamageScale,Source,true,,Multiplicitive,set_by_caller,,,,,,,,,,,,SetByCaller.DamageScale,Channel0,0,,,,0,,,
CRStrengthDamageCalculation,564,0,0,captured_attribute,Strength,Source,true,,Multiplicitive,scalable_float,,,,,,,,,,,,,Channel0,0,,,,0,,,
CRStrengthDamageCalculation,565,0,0,captured_attribute,Strength,Source,true,,MultiplyCompound,scalable_float,,,,,,,,,,,,,Channel0,0,,,,0,,,
CRStrengthDamageCalculation,565,1,1,captured_attribute,DamageScale,Source,true,,MultiplyCompound,set_by_caller,,,,,,,,,,,,SetByCaller.DamageScale,Channel0,0,,,,0,,,
CRStrengthDamageCalculation,566,0,0,captured_attribute,Strength,Source,true,,MultiplyCompound,scalable_float,,,,,,,,,,,,,Channel0,0,,,,0,,,
CRStrengthDamageCalculation,567,0,0,captured_attribute,Strength,Source,true,,Multiplicitive,scalable_float,,,,,,,,,,,,,Channel0,0,,,,0,,,
CRStrengthDamageCalculation,567,1,1,transient,,,,SetByCallerTags.Spread,Override,scalable_float,,,,,,,,,,,,,Channel0,0,,,,0,,,
CRStrengthDamageCalculation,568,0,0,captured_attribute,Strength,Source,true,,Multiplicitive,scalable_float,,,,,,,,,,,,,Channel0,0,,,,0,,,
CRStrengthDamageCalculation,569,0,0,captured_attribute,Strength,Source,true,,Multiplicitive,scalable_float,,,,,,,,,,,,,Channel0,0,,,,0,,,
CRStrengthDamageCalculation,570,0,0,captured_attribute,Strength,Source,true,,Multiplicitive,scalable_float,,,,,,,,,,,,,Channel0,0,,,,0,,,
CRStrengthDamageCalculation,570,1,1,transient,,,,SetByCallerTags.Spread,Override,scalable_float,,,,,,,,,,,,,Channel0,0,,,,0,,,
CRStrengthDamageCalculation,571,0,0,captured_attribute,Strength,Source,true,,MultiplyCompound,scalable_float,,,,,,,,,,,,,Channel0,0,,,,0,,,
CRStrengthDamageCalculation,572,0,0,captured_attribute,Strength,Source,true,,MultiplyCompound,scalable_float,,,,,,,,,,,,,Channel0,0,,,,0,,,
CRStrengthDamageCalculation,573,0,0,captured_attribute,Strength,Source,true,,Multiplicitive,scalable_float,,,,,,,,,,,,,Channel0,0,,,,0,,,
CRStrengthDamageCalculation,573,1,1,transient,,,,SetByCallerTags.Spread,Override,scalable_float,,,,,,,,,,,,,Channel0,0,,,,0,,,
CRStrengthDamageCalculation,574,0,0,captured_attribute,Strength,Source,true,,Multiplicitive,scalable_float,,,,,,,,,,,,,Channel0,0,,,,0,,,
CRStrengthDamageCalculation,575,0,0,captured_attribute,Strength,Source,true,,MultiplyCompound,scalable_float,,,,,,,,,,,,,Channel0,0,,,,0,,,
CRStrengthDamageCalculation,576,0,0,captured_attribute,Strength,Source,true,,MultiplyCompound,scalable_float,,,,,,,,,,,,,Channel0,0,,,,0,,,
CRStrengthDamageCalculation,577,0,0,captured_attribute,Strength,Source,true,,Multiplicitive,scalable_float,,,,,,,,,,,,,Channel0,0,,,,0,,,
CRStrengthDamageCalculation,578,0,0,captured_attribute,Strength,Source,true,,Multiplicitive,scalable_float,,,,,,,,,,,,,Channel0,0,,,,0,,,
CRStrengthDamageCalculation,578,1,1,transient,,,,SetByCallerTags.Spread,Override,scalable_float,,,,,,,,,,,,,Channel0,0,,,,0,,,
CRStrengthDamageCalculation,579,0,0,captured_attribute,Strength,Source,true,,Multiplicitive,scalable_float,,,,,,,,,,,,,Channel0,0,,,,0,,,
CRStrengthDamageCalculation,579,1,1,transient,,,,SetByCallerTags.Spread,Override,scalable_float,,,,,,,,,,,,,Channel0,0,,,,0,,,
CRStrengthDamageCalculation,580,0,0,captured_attribute,Strength,Source,true,,Multiplicitive,scalable_float,,,,,,,,,,,,,Channel0,0,,,,0,,,
CRStrengthDamageCalculation,580,1,1,transient,,,,SetByCallerTags.Spread,Override,scalable_float,,,,,,,,,,,,,Channel0,0,,,,0,,,
CRStrengthDamageCalculation,581,0,0,captured_attribute,Strength,Source,true,,Multiplicitive,scalable_float,,,,,,,,,,,,,Channel0,0,,,,0,,,
CRStrengthDamageCalculation,581,1,1,transient,,,,SetByCallerTags.Spread,Override,scalable_float,,,,,,,,,,,,,Channel0,0,,,,0,,,
CRStrengthDamageCalculation,582,0,0,captured_attribute,Strength,Source,true,,Multiplicitive,scalable_float,,,,,,,,,,,,,Channel0,0,,,,0,,,
CRStrengthDamageCalculation,582,1,1,transient,,,,SetByCallerTags.Spread,Override,scalable_float,,,,,,,,,,,,,Channel0,0,,,,0,,,
CRStrengthDamageCalculation,583,0,0,captured_attribute,Strength,Source,true,,Multiplicitive,scalable_float,,,,,,,,,,,,,Channel0,0,,,,0,,,
CRStrengthDamageCalculation,583,1,1,transient,,,,SetByCallerTags.Spread,Override,scalable_float,,,,,,,,,,,,,Channel0,0,,,,0,,,
CRStrengthDamageCalculation,584,0,0,captured_attribute,Strength,Source,true,,Multiplicitive,scalable_float,,,,,,,,,,,,,Channel0,0,,,,0,,,
CRStrengthDamageCalculation,584,1,1,transient,,,,SetByCallerTags.Spread,Override,scalable_float,,,,,,,,,,,,,Channel0,0,,,,0,,,
CRStrengthDamageCalculation,585,0,0,captured_attribute,Strength,Source,true,,Multiplicitive,scalable_float,,,,,,,,,,,,,Channel0,0,,,,0,,,
CRStrengthDamageCalculation,585,1,1,transient,,,,SetByCallerTags.Spread,Override,scalable_float,,,,,,,,,,,,,Channel0,0,,,,0,,,
CRStrengthDamageCalculation,586,0,0,captured_attribute,Strength,Source,true,,Multiplicitive,scalable_float,,,,,,,,,,,,,Channel0,0,,,,0,,,
CRStrengthDamageCalculation,587,0,0,captured_attribute,Strength,Source,true,,Multiplicitive,scalable_float,,,,,,,,,,,,,Channel0,0,,,,0,,,
CRStrengthDamageCalculation,588,0,0,captured_attribute,Strength,Source,true,,Multiplicitive,scalable_float,,,,,,,,,,,,,Channel0,0,,,,0,,,
CRStrengthDamageCalculation,588,1,1,transient,,,,SetByCallerTags.Spread,Override,scalable_float,,,,,,,,,,,,,Channel0,0,,,,0,,,
CRStrengthDamageCalculation,589,0,0,captured_attribute,Strength,Source,true,,Multiplicitive,scalable_float,,,,,,,,,,,,,Channel0,0,,,,0,,,
CRStrengthDamageCalculation,590,0,0,captured_attribute,Strength,Source,true,,Multiplicitive,scalable_float,,,,,,,,,,,,,Channel0,0,,,,0,,,
CRStrengthDamageCalculation,591,0,0,captured_attribute,Strength,Source,true,,Multiplicitive,scalable_float,,,,,,,,,,,,,Channel0,0,,,,0,,,
CRStrengthDamageCalculation,591,1,1,captured_attribute,CritChance,Source,true,,Additive,scalable_float,,,,,,,,,,,,,Channel0,0,,,,0,,,
CRStrengthDamageCalculation,591,2,2,captured_attribute,DamageScale,Source,true,,MultiplyCompound,set_by_caller,,,,,,,,,,,,SetByCaller.Damage,Channel0,0,,,,0,,,
CRStrengthDamageCalculation,591,3,3,captured_attribute,DamageScale,Source,true,,MultiplyCompound,scalable_float,,,,,,,,,,,,,Channel0,0,,,,0,,,
CRStrengthDamageCalculation,592,0,0,captured_attribute,Strength,Source,true,,Multiplicitive,scalable_float,,,,,,,,,,,,,Channel0,0,,,,0,,,
CRStrengthDamageCalculation,592,1,1,transient,,,,SetByCallerTags.Spread,Override,scalable_float,,,,,,,,,,,,,Channel0,0,,,,0,,,
CRStrengthDamageCalculation,592,2,2,captured_attribute,Strength,Source,true,,Multiplicitive,scalable_float,,,,,,,,,,,,,Channel0,0,,,,0,,,
CRStrengthDamageCalculation,592,3,3,captured_attribute,DamageScale,Source,true,,MultiplyCompound,scalable_float,,,,,,,,,,,,,Channel0,0,,,,0,,,
CRStrengthDamageCalculation,593,0,0,captured_attribute,Strength,Source,true,,Multiplicitive,scalable_float,,,,,,,,,,,,,Channel0,0,,,,0,,,
CRStrengthDamageCalculation,593,1,1,captured_attribute,DamageScale,Source,true,,MultiplyCompound,scalable_float,,,,,,,,,,,,,Channel0,0,,,,0,,,
CRStrengthDamageCalculation,594,0,0,captured_attribute,Strength,Source,true,,Multiplicitive,scalable_float,,,,,,,,,,,,,Channel0,0,,,,0,,,
CRStrengthDamageCalculation,595,0,0,captured_attribute,Strength,Source,true,,Multiplicitive,scalable_float,,,,,,,,,,,,,Channel0,0,,,,0,,,
CRStrengthDamageCalculation,595,1,1,captured_attribute,DamageScale,Source,true,,Multiplicitive,set_by_caller,,,,,,,,,,,,SetByCaller.DamageScale,Channel0,0,,,,0,,,
CRStrengthDamageCalculation,596,0,0,captured_attribute,Strength,Source,true,,Multiplicitive,scalable_float,,,,,,,,,,,,,Channel0,0,,,,0,,,
CRStrengthDamageCalculation,596,1,1,captured_attribute,DamageScale,Source,true,,Multiplicitive,scalable_float,,,,,,,,,,,,,Channel0,0,,,,0,,,
CRStrengthDamageCalculation,596,2,2,captured_attribute,CritChance,Source,true,,Additive,scalable_float,,,,,,,,,,,,,Channel0,0,,,,0,,,
CRStrengthDamageCalculation,596,3,3,captured_attribute,CritChance,Source,true,,Additive,scalable_float,,,,,,,,,,,,,Channel0,0,,,,0,,,
CRStrengthDamageCalculation,596,4,4,captured_attribute,CritChance,Source,true,,Additive,scalable_float,,,,,,,,,,,,,Channel0,0,,,,0,,,
CRStrengthDamageCalculation,596,5,5,captured_attribute,DamageScale,Source,true,,Multiplicitive,set_by_caller,,,,,,,,,,,,SetByCaller.DamageScale,Channel0,0,,,,0,,,
CRStrengthDamageCalculation,596,6,6,captured_attribute,DamageScale,Source,true,,Multiplicitive,set_by_caller,,,,,,,,,,,,SetByCaller.Talent.DamageScale,Channel0,0,,,,0,,,
CRStrengthDamageCalculation,597,0,0,captured_attribute,Strength,Source,true,,Multiplicitive,scalable_float,,,,,,,,,,,,,Channel0,0,,,,0,,,
CRStrengthDamageCalculation,597,1,1,captured_attribute,DamageScale,Source,true,,MultiplyCompound,set_by_caller,,,,,,,,,,,,SetByCaller.DamageScale2,Channel0,0,,,,0,,,
CRStrengthDamageCalculation,597,2,2,captured_attribute,DamageScale,Source,true,,MultiplyCompound,scalable_float,,,,,,,,,,,,,Channel0,0,,,,0,,,
CRStrengthDamageCalculation,597,3,3,captured_attribute,DamageScale,Source,true,,MultiplyCompound,set_by_caller,,,,,,,,,,,,SetByCaller.Talent.DamageScale,Channel0,0,,,,0,,,
CRStrengthDamageCalculation,598,0,0,captured_attribute,Strength,Source,true,,Multiplicitive,scalable_float,,,,,,,,,,,,,Channel0,0,,,,0,,,
CRStrengthDamageCalculation,598,1,1,transient,,,,SetByCallerTags.Spread,Override,scalable_float,,,,,,,,,,,,,Channel0,0,,,,0,,,
CRStrengthDamageCalculation,599,0,0,captured_attribute,Strength,Source,true,,Multiplicitive,scalable_float,,,,,,,,,,,,,Channel0,0,,,,0,,,
CRStrengthDamageCalculation,599,1,1,captured_attribute,DamageScale,Source,true,,MultiplyCompound,set_by_caller,,,,,,,,,,,,SetByCaller.DamageScale,Channel0,0,,,,0,,,
CRStrengthDamageCalculation,599,2,2,captured_attribute,DamageScale,Source,true,,MultiplyCompound,scalable_float,,,,,,,,,,,,,Channel0,0,,,,0,,,
CRStrengthDamageCalculation,599,3,3,captured_attribute,DamageScale,Source,true,,MultiplyCompound,scalable_float,,,,,,,,,,,,,Channel0,0,,,,0,,,
CRStrengthDamageCalculation,599,4,4,captured_attribute,Strength,Source,true,,AddFinal,set_by_caller,,,,,,,,,,,,SetByCaller.Talent.Damage,Channel0,0,,,,0,,,
CRStrengthDamageCalculation,600,0,0,captured_attribute,Strength,Source,true,,Multiplicitive,scalable_float,,,,,,,,,,,,,Channel0,0,,,,0,,,
CRStrengthDamageCalculation,600,1,1,captured_attribute,DamageScale,Source,true,,MultiplyCompound,scalable_float,,,,,,,,,,,,,Channel0,0,,,,0,,,
CRStrengthDamageCalculation,600,2,2,captured_attribute,DamageScale,Source,true,,MultiplyCompound,scalable_float,,,,,,,,,,,,,Channel0,0,,,,0,,,
CRStrengthDamageCalculation,600,3,3,captured_attribute,Strength,Source,true,,AddFinal,set_by_caller,,,,,,,,,,,,SetByCaller.Talent.Damage,Channel0,0,,,,0,,,
CRStrengthDamageCalculation,601,0,0,captured_attribute,Strength,Source,true,,Multiplicitive,scalable_float,,,,,,,,,,,,,Channel0,0,,,,0,,,
CRStrengthDamageCalculation,601,1,1,transient,,,,SetByCallerTags.Spread,Override,scalable_float,,,,,,,,,,,,,Channel0,0,,,,0,,,
CRStrengthHealCalculation,0,0,0,captured_attribute,Strength,Source,true,,Multiplicitive,scalable_float,,,,,,,,,,,,,Channel0,0,,,,0,,,
CRStrengthHealCalculation,0,1,1,captured_attribute,HealScale,Source,true,,MultiplyCompound,set_by_caller,,,,,,,,,,,,SetByCaller.PowerScaler,Channel0,0,,,,0,,,
CRStrengthHealCalculation,1,0,0,captured_attribute,Strength,Source,true,,Multiplicitive,scalable_float,,,,,,,,,,,,,Channel0,0,,,,0,,,
CRStrengthHealCalculation,1,1,1,captured_attribute,HealScale,Source,true,,MultiplyCompound,set_by_caller,,,,,,,,,,,,SetByCaller.HealScale,Channel0,0,,,,0,,,
CRStrengthHealCalculation,1,2,2,captured_attribute,HealScale,Source,true,,MultiplyCompound,set_by_caller,,,,,,,,,,,,SetByCaller.PowerScaler,Channel0,0,,,,0,,,
CRStrengthHealCalculation,2,0,0,captured_attribute,Strength,Source,true,,Multiplicitive,scalable_float,,,,,,,,,,,,,Channel0,0,,,,0,,,
CRStrengthHealCalculation,3,0,0,captured_attribute,Strength,Source,true,,Multiplicitive,scalable_float,,,,,,,,,,,,,Channel0,0,,,,0,,,
CRUserDefinedDamageCalculation,0,0,0,transient,,,,Transient.Damage,Override,attribute_based,MaxHealth,Target,false,,,AttributeMagnitude,Channel0,,,,,,Channel0,0,,,,0,,,
CRUserDefinedDamageCalculation,1,0,0,transient,,,,Transient.Damage,Override,set_by_caller,,,,,,,,,,,,SetByCaller.Damage,Channel0,0,,,,0,,,
CRUserDefinedDamageCalculation,2,0,0,transient,,,,Transient.Damage,Override,attribute_based,MaxHealth,Target,false,,,AttributeMagnitude,Channel0,,,,,,Channel0,0,,,,0,,,
CRUserDefinedDamageCalculation,3,0,0,transient,,,,Transient.Damage,Override,set_by_caller,,,,,,,,,,,,SetByCaller.Damage,Channel0,0,,,,0,,,
CRUserDefinedDamageCalculation,4,0,0,transient,,,,Transient.Damage,Override,attribute_based,MaxHealth,Source,false,,,AttributeMagnitude,Channel0,,,,,,Channel0,0,,,,0,,,
CRUserDefinedDamageCalculation,5,0,0,transient,,,,Transient.Damage,Override,scalable_float,,,,,,,,,,,,,Channel0,0,,,,0,,,
CRUserDefinedDamageCalculation,6,0,0,transient,,,,Transient.Damage,Override,custom_calculation,,,,,,,,GEC_DM_CappedMaxHealth_Source,,,,,Channel0,0,,,,0,,,
CRUserDefinedDamageCalculation,6,1,1,captured_attribute,DifficultyDamageScale,Source,true,,Override,scalable_float,,,,,,,,,,,,,Channel0,0,,,,0,,,
CRUserDefinedDamageCalculation,6,2,2,captured_attribute,DamageScale,Source,true,,Override,scalable_float,,,,,,,,,,,,,Channel0,0,,,,0,,,
CRUserDefinedDamageCalculation,7,0,0,captured_attribute,DifficultyDamageScale,Source,true,,Override,scalable_float,,,,,,,,,,,,,Channel0,0,,,,0,,,
CRUserDefinedDamageCalculation,7,1,1,transient,,,,Transient.Damage,Override,set_by_caller,,,,,,,,,,,,SetByCaller.Damage,Channel0,0,,,,0,,,
CRUserDefinedDamageCalculation,8,0,0,captured_attribute,DamageScale,Source,true,,MultiplyCompound,scalable_float,,,,,,,,,,,,,Channel0,0,,,,0,,,
CRUserDefinedDamageCalculation,8,1,1,captured_attribute,DifficultyDamageScale,Source,true,,Override,custom_calculation,,,,,,,,GEC_DM_CappedDifficultyDamageScale_DamageToHeroOnly,,,,,Channel0,0,,,,0,,,
CRUserDefinedDamageCalculation,8,2,2,transient,,,,Transient.Damage,Override,scalable_float,,,,,,,,,,,,,Channel0,0,,,,0,,,
CRUserDefinedDamageCalculation,9,0,0,captured_attribute,DifficultyDamageScale,Source,true,,Override,custom_calculation,,,,,,,,GEC_DM_CappedDifficultyDamageScale,,,,,Channel0,0,,,,0,,,
CRUserDefinedDamageCalculation,9,1,1,transient,,,,Transient.Damage,Override,scalable_float,,,,,,,,,,,,,Channel0,0,,,,0,,,
CRUserDefinedDamageCalculation,10,0,0,captured_attribute,DifficultyDamageScale,Source,true,,Override,custom_calculation,,,,,,,,GEC_DM_CappedDifficultyDamageScale,,,,,Channel0,0,,,,0,,,
CRUserDefinedDamageCalculation,10,1,1,transient,,,,Transient.Damage,Override,scalable_float,,,,,,,,,,,,,Channel0,0,,,,0,,,
CRUserDefinedDamageCalculation,11,0,0,transient,,,,Transient.Damage,Override,custom_calculation,,,,,,,,GEC_DungeonModifier_StoneSkin_CappedMaxHealth_IncludeMaxHealthBonus,,,,,Channel0,0,,,,0,,,
CRUserDefinedDamageCalculation,11,1,1,captured_attribute,DifficultyDamageScale,Source,true,,Override,scalable_float,,,,,,,,,,,,,Channel0,0,,,,0,,,
CRUserDefinedDamageCalculation,11,2,2,captured_attribute,DamageScale,Source,true,,Override,scalable_float,,,,,,,,,,,,,Channel0,0,,,,0,,,
CRUserDefinedDamageCalculation,12,0,0,transient,,,,Transient.Damage,Override,set_by_caller,,,,,,,,,,,,SetByCaller.Damage,Channel0,0,,,,0,,,
CRUserDefinedDamageCalculation,12,1,1,captured_attribute,DifficultyDamageScale,Source,true,,Override,custom_calculation,,,,,,,,GEC_DM_CappedDifficultyDamageScale,,,,,Channel0,0,,,,0,,,
CRUserDefinedDamageCalculation,13,0,0,transient,,,,Transient.Damage,Override,scalable_float,,,,,,,,,,,,,Channel0,0,,,,0,,,
CRUserDefinedDamageCalculation,14,0,0,transient,,,,Transient.Damage,Override,attribute_based,MaxHealth,Source,false,,,AttributeMagnitude,Channel0,,,,,,Channel0,0,,,,0,,,
CRUserDefinedDamageCalculation,15,0,0,transient,,,,Transient.Damage,Override,scalable_float,,,,,,,,,,,,,Channel0,0,,,,0,,,
CRUserDefinedDamageCalculation,16,0,0,transient,,,,Transient.Damage,Override,scalable_float,,,,,,,,,,,,,Channel0,0,,,,0,,,
CRUserDefinedDamageCalculation,17,0,0,transient,,,,Transient.Damage,Override,scalable_float,,,,,,,,,,,,,Channel0,0,,,,0,,,
CRUserDefinedDamageCalculation,18,0,0,transient,,,,Transient.Damage,Override,scalable_float,,,,,,,,,,,,,Channel0,0,,,,0,,,
CRUserDefinedDamageCalculation,19,0,0,transient,,,,Transient.Damage,Override,scalable_float,,,,,,,,,,,,,Channel0,0,,,,0,,,
CRUserDefinedDamageCalculation,20,0,0,transient,,,,Transient.Damage,Override,set_by_caller,,,,,,,,,,,,SetByCaller.Damage,Channel0,0,,,,0,,,
CRUserDefinedDamageCalculation,21,0,0,transient,,,,Transient.Damage,Override,set_by_caller,,,,,,,,,,,,SetByCaller.Damage,Channel0,0,,,,0,,,
CRUserDefinedDamageCalculation,22,0,0,transient,,,,Transient.Damage,Override,set_by_caller,,,,,,,,,,,,SetByCaller.Damage,Channel0,0,,,,0,,,
CRUserDefinedDamageCalculation,23,0,0,captured_attribute,DamageScale,Source,true,,MultiplyCompound,set_by_caller,,,,,,,,,,,,SetByCaller.DamageScale,Channel0,0,,,,0,,,
CRUserDefinedDamageCalculation,23,1,1,transient,,,,Transient.Damage,Override,set_by_caller,,,,,,,,,,,,SetByCaller.Damage,Channel0,0,,,,0,,,
CRUserDefinedDamageCalculation,23,2,2,captured_attribute,DamageScale,Source,true,,MultiplyCompound,scalable_float,,,,,,,,,,,,,Channel0,0,,,,0,,,
CRUserDefinedDamageCalculation,24,0,0,captured_attribute,DamageScale,Source,true,,MultiplyCompound,scalable_float,,,,,,,,,,,,,Channel0,0,,,,0,,,
CRUserDefinedDamageCalculation,24,1,1,transient,,,,Transient.Damage,Override,set_by_caller,,,,,,,,,,,,SetByCaller.Damage,Channel0,0,,,,0,,,
CRUserDefinedDamageCalculation,24,2,2,captured_attribute,CritChance,Source,true,,Override,scalable_float,,,,,,,,,,,,,Channel0,0,,,,0,,,
CRUserDefinedDamageCalculation,24,3,3,captured_attribute,CritChance,Source,true,,Override,scalable_float,,,,,,,,,,,,,Channel0,0,,,,0,,,
CRUserDefinedDamageCalculation,25,0,0,transient,,,,Transient.Damage,Override,set_by_caller,,,,,,,,,,,,SetByCaller.Damage,Channel0,0,,,,0,,,
CRUserDefinedDamageCalculation,25,1,1,captured_attribute,CritChance,Source,true,,Override,scalable_float,,,,,,,,,,,,,Channel0,0,,,,0,,,
CRUserDefinedDamageCalculation,25,2,2,captured_attribute,CritChance,Source,true,,Override,scalable_float,,,,,,,,,,,,,Channel0,0,,,,0,,,
CRUserDefinedDamageCalculation,26,0,0,transient,,,,Transient.Damage,Override,set_by_caller,,,,,,,,,,,,SetByCaller.Damage,Channel0,0,,,,0,,,
CRUserDefinedDamageCalculation,26,1,1,captured_attribute,CritChance,Source,true,,Override,scalable_float,,,,,,,,,,,,,Channel0,0,,,,0,,,
CRUserDefinedDamageCalculation,26,2,2,captured_attribute,CritChance,Source,true,,Override,scalable_float,,,,,,,,,,,,,Channel0,0,,,,0,,,
CRUserDefinedDamageCalculation,27,0,0,transient,,,,Transient.Damage,Override,set_by_caller,,,,,,,,,,,,SetByCaller.Damage,Channel0,0,,,,0,,,
CRUserDefinedDamageCalculation,27,1,1,captured_attribute,CritChance,Source,true,,Override,scalable_float,,,,,,,,,,,,,Channel0,0,,,,0,,,
CRUserDefinedDamageCalculation,27,2,2,captured_attribute,CritChance,Source,true,,Override,scalable_float,,,,,,,,,,,,,Channel0,0,,,,0,,,
CRUserDefinedDamageCalculation,28,0,0,transient,,,,Transient.Damage,Override,set_by_caller,,,,,,,,,,,,SetByCaller.DotDamagePerTick,Channel0,0,,,,0,,,
CRUserDefinedDamageCalculation,28,1,1,captured_attribute,DamageScale,Source,true,,Multiplicitive,scalable_float,,,,,,,,,,,,,Channel0,0,,,,0,,,
CRUserDefinedDamageCalculation,29,0,0,transient,,,,Transient.Damage,Override,set_by_caller,,,,,,,,,,,,SetByCaller.Damage,Channel0,0,,,,0,,,
CRUserDefinedDamageCalculation,30,0,0,transient,,,,Transient.Damage,Override,set_by_caller,,,,,,,,,,,,SetByCaller.Damage,Channel0,0,,,,0,,,
CRUserDefinedDamageCalculation,30,1,1,captured_attribute,IncomingDamageMultiplier,Target,false,,Override,scalable_float,,,,,,,,,,,,,Channel0,0,,,,0,,,
CRUserDefinedDamageCalculation,31,0,0,transient,,,,Transient.Damage,Override,set_by_caller,,,,,,,,,,,,SetByCaller.Damage,Channel0,0,,,,0,,,
CRUserDefinedDamageCalculation,32,0,0,transient,,,,Transient.Damage,Override,set_by_caller,,,,,,,,,,,,SetByCaller.Damage,Channel0,0,,,,0,,,
CRUserDefinedDamageCalculation,33,0,0,transient,,,,Transient.Damage,Override,set_by_caller,,,,,,,,,,,,SetByCaller.DotDamagePerTick,Channel0,0,,,,0,,,
CRUserDefinedDamageCalculation,34,0,0,transient,,,,Transient.Damage,Override,set_by_caller,,,,,,,,,,,,SetByCaller.Damage,Channel0,0,,,,0,,,
CRUserDefinedDamageCalculation,35,0,0,transient,,,,Transient.Damage,Override,set_by_caller,,,,,,,,,,,,SetByCaller.Damage,Channel0,0,,,,0,,,
CRUserDefinedDamageCalculation,36,0,0,transient,,,,Transient.Damage,Additive,set_by_caller,,,,,,,,,,,,SetByCaller.Damage,Channel0,0,,,,0,,,
CRUserDefinedDamageCalculation,36,1,1,transient,,,,Transient.Damage,MultiplyCompound,set_by_caller,,,,,,,,,,,,SetByCaller.DamageScaleTargetCount,Channel0,0,,,,0,,,
CRUserDefinedDamageCalculation,37,0,0,transient,,,,Transient.Damage,Additive,set_by_caller,,,,,,,,,,,,SetByCaller.Damage,Channel0,0,,,,0,,,
CRUserDefinedDamageCalculation,37,1,1,transient,,,,Transient.Damage,MultiplyCompound,set_by_caller,,,,,,,,,,,,SetByCaller.DamageScaleTargetCount,Channel0,0,,,,0,,,
CRUserDefinedDamageCalculation,38,0,0,transient,,,,Transient.Damage,Override,set_by_caller,,,,,,,,,,,,SetByCaller.Damage,Channel0,0,,,,0,,,
CRUserDefinedDamageCalculation,39,0,0,captured_attribute,DamageScale,Source,true,,Override,scalable_float,,,,,,,,,,,,,Channel0,0,,,,0,,,
CRUserDefinedDamageCalculation,39,1,1,captured_attribute,DifficultyDamageScale,Source,true,,Override,scalable_float,,,,,,,,,,,,,Channel0,0,,,,0,,,
CRUserDefinedDamageCalculation,39,2,2,transient,,,,Transient.Damage,Override,set_by_caller,,,,,,,,,,,,SetByCaller.Health,Channel0,0,,,,0,,,
CRUserDefinedDamageCalculation,40,0,0,transient,,,,Transient.Damage,Override,set_by_caller,,,,,,,,,,,,SetByCaller.Damage,Channel0,0,,,,0,,,
CRUserDefinedDamageCalculation,40,1,1,captured_attribute,DamageScale,Source,true,,Multiplicitive,scalable_float,,,,,,,,,,,,,Channel0,0,,,,0,,,
CRUserDefinedDamageCalculation,41,0,0,transient,,,,Transient.Damage,Override,set_by_caller,,,,,,,,,,,,SetByCaller.Damage,Channel0,0,,,,0,,,
CRUserDefinedDamageCalculation,42,0,0,transient,,,,Transient.Damage,Override,set_by_caller,,,,,,,,,,,,SetByCaller.Damage,Channel0,0,,,,0,,,
CRUserDefinedDamageCalculation,43,0,0,transient,,,,Transient.Damage,Override,attribute_based,MaxHealth,Target,false,,,AttributeMagnitude,Channel0,,,,,,Channel0,0,,,,0,,,
CRUserDefinedDamageCalculation,44,0,0,transient,,,,Transient.Damage,Override,set_by_caller,,,,,,,,,,,,SetByCaller.Damage,Channel0,0,,,,0,,,
CRUserDefinedDamageCalculation,45,0,0,transient,,,,Transient.Damage,Override,attribute_based,MaxHealth,Target,false,,,AttributeMagnitude,Channel0,,,,,,Channel0,0,,,,0,,,
CRUserDefinedDamageCalculation,46,0,0,transient,,,,Transient.Damage,Override,set_by_caller,,,,,,,,,,,,SetByCaller.Damage,Channel0,0,,,,0,,,
CRUserDefinedDamageCalculation,47,0,0,transient,,,,Transient.Damage,Override,set_by_caller,,,,,,,,,,,,SetByCaller.Damage,Channel0,0,,,,0,,,
CRUserDefinedDamageCalculation,48,0,0,transient,,,,Transient.Damage,Override,set_by_caller,,,,,,,,,,,,SetByCaller.Damage,Channel0,0,,,,0,,,
CRUserDefinedDamageCalculation,48,1,1,captured_attribute,DamageScale,Source,true,,MultiplyCompound,set_by_caller,,,,,,,,,,,,SetByCaller.DamageScaleTargetCount,Channel0,0,,,,0,,,
CRUserDefinedDamageCalculation,48,2,2,captured_attribute,DamageScale,Source,true,,MultiplyCompound,set_by_caller,,,,,,,,,,,,SetByCaller.DamageScale2,Channel0,0,,,,0,,,
CRUserDefinedDamageCalculation,48,3,3,captured_attribute,DamageScale,Source,true,,MultiplyCompound,set_by_caller,,,,,,,,,,,,SetByCaller.DamageScale4,Channel0,0,,,,0,,,
CRUserDefinedDamageCalculation,49,0,0,transient,,,,Transient.Damage,Override,set_by_caller,,,,,,,,,,,,SetByCaller.Damage,Channel0,0,,,,0,,,
CRUserDefinedDamageCalculation,50,0,0,transient,,,,Transient.Damage,Override,set_by_caller,,,,,,,,,,,,SetByCaller.Damage,Channel0,0,,,,0,,,
CRUserDefinedDamageCalculation,51,0,0,transient,,,,Transient.Damage,Override,set_by_caller,,,,,,,,,,,,SetByCaller.Damage,Channel0,0,,,,0,,,
CRUserDefinedDamageCalculation,51,1,1,captured_attribute,DamageScale,Source,true,,Override,set_by_caller,,,,,,,,,,,,SetByCaller.DamageScaleTargetCount,Channel0,0,,,,0,,,
CRUserDefinedDamageCalculation,52,0,0,transient,,,,Transient.Damage,Override,set_by_caller,,,,,,,,,,,,SetByCaller.Damage,Channel0,0,,,,0,,,
CRUserDefinedDamageCalculation,53,0,0,captured_attribute,DamageScale,Source,true,,Override,scalable_float,,,,,,,,,,,,,Channel0,0,,,,0,,,
CRUserDefinedDamageCalculation,53,1,1,captured_attribute,DifficultyDamageScale,Source,true,,Override,scalable_float,,,,,,,,,,,,,Channel0,0,,,,0,,,
CRUserDefinedDamageCalculation,53,2,2,transient,,,,Transient.Damage,Override,set_by_caller,,,,,,,,,,,,SetByCaller.Health,Channel0,0,,,,0,,,
CRUserDefinedDamageCalculation,54,0,0,transient,,,,Transient.Damage,Override,set_by_caller,,,,,,,,,,,,SetByCaller.Damage,Channel0,0,,,,0,,,
CRUserDefinedDamageCalculation,55,0,0,transient,,,,Transient.Damage,Override,set_by_caller,,,,,,,,,,,,SetByCaller.Damage,Channel0,0,,,,0,,,
CRUserDefinedDamageCalculation,55,1,1,captured_attribute,CritChance,Source,true,,Override,scalable_float,,,,,,,,,,,,,Channel0,0,,,,0,,,
CRUserDefinedDamageCalculation,55,2,2,captured_attribute,DamageScale,Source,true,,MultiplyCompound,set_by_caller,,,,,,,,,,,,SetByCaller.DamageScaleTargetCount,Channel0,0,,,,0,,,
CRUserDefinedDamageCalculation,56,0,0,transient,,,,Transient.Damage,Additive,set_by_caller,,,,,,,,,,,,SetByCaller.Damage,Channel0,0,,,,0,,,
CRUserDefinedDamageCalculation,57,0,0,transient,,,,Transient.Damage,Override,attribute_based,MaxHealth,Target,false,,,AttributeMagnitude,Channel0,,,,,,Channel0,0,,,,0,,,
CRUserDefinedDamageCalculation,58,0,0,transient,,,,Transient.Damage,Override,set_by_caller,,,,,,,,,,,,SetByCaller.Damage,Channel0,0,,,,0,,,
CRUserDefinedDamageCalculation,59,0,0,transient,,,,Transient.Damage,Override,set_by_caller,,,,,,,,,,,,SetByCaller.DamageScale,Channel0,0,,,,0,,,
CRUserDefinedDamageCalculation,60,0,0,transient,,,,Transient.Damage,Override,set_by_caller,,,,,,,,,,,,SetByCaller.Damage,Channel0,0,,,,0,,,
CRUserDefinedDamageCalculation,61,0,0,transient,,,,Transient.Damage,Override,set_by_caller,,,,,,,,,,,,SetByCaller.Damage,Channel0,0,,,,0,,,
CRUserDefinedDamageCalculation,62,0,0,transient,,,,Transient.Damage,Override,set_by_caller,,,,,,,,,,,,SetByCaller.Damage,Channel0,0,,,,0,,,
CRUserDefinedDamageCalculation,63,0,0,transient,,,,Transient.Damage,Override,set_by_caller,,,,,,,,,,,,SetByCaller.Damage,Channel0,0,,,,0,,,
CRUserDefinedDamageCalculation,64,0,0,transient,,,,Transient.Damage,Override,set_by_caller,,,,,,,,,,,,SetByCaller.Damage,Channel0,0,,,,0,,,
CRUserDefinedDamageCalculation,65,0,0,transient,,,,Transient.Damage,Override,set_by_caller,,,,,,,,,,,,SetByCaller.Damage,Channel0,0,,,,0,,,
CRUserDefinedDamageCalculation,66,0,0,transient,,,,Transient.Damage,Override,set_by_caller,,,,,,,,,,,,SetByCaller.Damage,Channel0,0,,,,0,,,
CRUserDefinedDamageCalculation,66,1,1,captured_attribute,DamageScale,Source,true,,MultiplyCompound,set_by_caller,,,,,,,,,,,,SetByCaller.DamageScale,Channel0,0,,,,0,,,
CRUserDefinedDamageCalculation,67,0,0,transient,,,,Transient.Damage,Override,set_by_caller,,,,,,,,,,,,SetByCaller.Damage,Channel0,0,,,,0,,,
CRUserDefinedDamageCalculation,68,0,0,transient,,,,Transient.Damage,Override,set_by_caller,,,,,,,,,,,,SetByCaller.DotDamagePerTick,Channel0,0,,,,0,,,
CRUserDefinedDamageCalculation,69,0,0,transient,,,,Transient.Damage,Override,set_by_caller,,,,,,,,,,,,SetByCaller.Damage,Channel0,0,,,,0,,,
CRUserDefinedDamageCalculation,70,0,0,transient,,,,Transient.Damage,Additive,set_by_caller,,,,,,,,,,,,SetByCaller.DamageScale,Channel0,0,,,,0,,,
CRUserDefinedDamageCalculation,70,1,1,captured_attribute,DamageScale,Source,true,,MultiplyCompound,set_by_caller,,,,,,,,,,,,SetByCaller.DamageScaleTargetCount,Channel0,0,,,,0,,,
CRUserDefinedDamageCalculation,71,0,0,transient,,,,Transient.Damage,Override,set_by_caller,,,,,,,,,,,,SetByCaller.Damage,Channel0,0,,,,0,,,
CRUserDefinedDamageCalculation,72,0,0,transient,,,,Transient.Damage,Override,set_by_caller,,,,,,,,,,,,SetByCaller.Damage,Channel0,0,,,,0,,,
CRUserDefinedDamageCalculation,73,0,0,transient,,,,Transient.Damage,Override,set_by_caller,,,,,,,,,,,,SetByCaller.Damage,Channel0,0,,,,0,,,
CRUserDefinedDamageCalculation,74,0,0,transient,,,,Transient.Damage,Override,attribute_based,MaxHealth,Target,false,,,AttributeMagnitude,Channel0,,,,,,Channel0,0,,,,0,,,
CRUserDefinedDamageCalculation,75,0,0,captured_attribute,DifficultyDamageScale,Source,true,,Override,scalable_float,,,,,,,,,,,,,Channel0,0,,,,0,,,
CRUserDefinedDamageCalculation,75,1,1,captured_attribute,DamageScale,Source,true,,Override,scalable_float,,,,,,,,,,,,,Channel0,0,,,,0,,,
CRUserDefinedDamageCalculation,75,2,2,transient,,,,Transient.Damage,Override,set_by_caller,,,,,,,,,,,,SetByCaller.Damage,Channel0,0,,,,0,,,
CRUserDefinedDamageCalculation,76,0,0,transient,,,,Transient.Damage,Override,set_by_caller,,,,,,,,,,,,SetByCaller.Damage,Channel0,0,,,,0,,,
CRUserDefinedDamageCalculation,77,0,0,transient,,,,Transient.Damage,Override,set_by_caller,,,,,,,,,,,,SetByCaller.DamageScale,Channel0,0,,,,0,,,
CRUserDefinedDamageCalculation,78,0,0,transient,,,,Transient.Damage,Override,attribute_based,MaxHealth,Target,false,,,AttributeMagnitude,Channel0,,,,,,Channel0,0,,,,0,,,
CRUserDefinedDamageCalculation,79,0,0,transient,,,,Transient.Damage,Override,attribute_based,MaxHealth,Target,false,,,AttributeMagnitude,Channel0,,,,,,Channel0,0,,,,0,,,
CRUserDefinedDamageCalculation,80,0,0,transient,,,,Transient.Damage,Override,attribute_based,MaxHealth,Target,false,,,AttributeMagnitude,Channel0,,,,,,Channel0,0,,,,0,,,
CRUserDefinedDamageCalculation,81,0,0,transient,,,,Transient.Damage,Override,attribute_based,MaxHealth,Target,false,,,AttributeMagnitude,Channel0,,,,,,Channel0,0,,,,0,,,
CRUserDefinedDamageCalculation,82,0,0,transient,,,,Transient.Damage,Override,set_by_caller,,,,,,,,,,,,SetByCaller.Damage,Channel0,0,,,,0,,,
CRUserDefinedDamageCalculation,83,0,0,transient,,,,Transient.Damage,Override,set_by_caller,,,,,,,,,,,,SetByCaller.Damage,Channel0,0,,,,0,,,
CRUserDefinedDamageCalculation,83,1,1,captured_attribute,DamageScale,Source,true,,Multiplicitive,set_by_caller,,,,,,,,,,,,SetByCaller.DamageScaleTargetCount,Channel0,0,,,,0,,,
CRUserDefinedDamageCalculation,84,0,0,transient,,,,Transient.Damage,Override,attribute_based,Strength,Source,false,,,AttributeMagnitude,Channel0,,,,,,Channel0,0,,,,0,,,
CRUserDefinedDamageCalculation,85,0,0,captured_attribute,DamageScale,Source,true,,Override,set_by_caller,,,,,,,,,,,,SetByCaller.DamageScale,Channel0,0,,,,0,,,
CRUserDefinedDamageCalculation,85,1,1,transient,,,,Transient.Damage,Override,set_by_caller,,,,,,,,,,,,SetByCaller.Damage,Channel0,0,,,,0,,,
CRUserDefinedDamageCalculation,86,0,0,captured_attribute,CritChance,Source,true,,Additive,scalable_float,,,,,,,,,,,,,Channel0,0,,,,0,,,
CRUserDefinedDamageCalculation,86,1,1,transient,,,,Transient.Damage,Override,set_by_caller,,,,,,,,,,,,SetByCaller.Damage,Channel0,0,,,,0,,,
CRUserDefinedHealCalculation,0,0,0,transient,,,,Transient.Heal,Override,attribute_based,MaxHealth,Target,false,,,AttributeMagnitude,Channel0,,,,,,Channel0,0,,,,0,,,
CRUserDefinedHealCalculation,1,0,0,transient,,,,Transient.Heal,Override,attribute_based,MaxHealth,Source,false,,,AttributeMagnitude,Channel0,,,,,,Channel0,0,,,,0,,,
CRUserDefinedHealCalculation,2,0,0,captured_attribute,HealThreatMultiplier,Source,true,,Override,scalable_float,,,,,,,,,,,,,Channel0,0,,,,0,,,
CRUserDefinedHealCalculation,2,1,1,transient,,,,Transient.Heal,Override,set_by_caller,,,,,,,,,,,,SetByCaller.Heal,Channel0,0,,,,0,,,
CRUserDefinedHealCalculation,3,0,0,transient,,,,Transient.Heal,Override,attribute_based,MaxHealth,Source,false,,,AttributeMagnitude,Channel0,,,,,,Channel0,0,,,,0,,,
CRUserDefinedHealCalculation,4,0,0,transient,,,,Transient.Heal,Override,set_by_caller,,,,,,,,,,,,SetByCaller.HealingValue,Channel0,0,,,,0,,,
CRUserDefinedHealCalculation,5,0,0,transient,,,,Transient.Heal,Override,set_by_caller,,,,,,,,,,,,SetByCaller.Heal,Channel0,0,,,,0,,,
CRUserDefinedHealCalculation,6,0,0,transient,,,,Transient.Heal,Override,attribute_based,MaxHealth,Target,false,,,AttributeMagnitude,Channel0,,,,,,Channel0,0,,,,0,,,
CRUserDefinedHealCalculation,7,0,0,transient,,,,Transient.Heal,Override,attribute_based,MaxHealth,Target,false,,,AttributeMagnitude,Channel0,,,,,,Channel0,0,,,,0,,,
CRUserDefinedHealCalculation,8,0,0,transient,,,,Transient.Heal,Override,attribute_based,MaxHealth,Target,false,,,AttributeMagnitude,Channel0,,,,,,Channel0,0,,,,0,,,
CRUserDefinedHealCalculation,9,0,0,transient,,,,Transient.Heal,Override,attribute_based,MaxHealth,Target,false,,,AttributeMagnitude,Channel0,,,,,,Channel0,0,,,,0,,,
CRUserDefinedHealCalculation,10,0,0,transient,,,,Transient.Heal,Override,attribute_based,MaxHealth,Source,false,,,AttributeMagnitude,Channel0,,,,,,Channel0,0,,,,0,,,
CRUserDefinedHealCalculation,11,0,0,transient,,,,Transient.Heal,Override,attribute_based,MaxHealth,Source,false,,,AttributeMagnitude,Channel0,,,,,,Channel0,0,,,,0,,,
CRUserDefinedHealCalculation,12,0,0,transient,,,,Transient.Heal,Override,set_by_caller,,,,,,,,,,,,SetByCaller.Heal,Channel0,0,,,,0,,,
CRUserDefinedHealCalculation,13,0,0,transient,,,,Transient.Heal,Override,set_by_caller,,,,,,,,,,,,SetByCaller.Heal,Channel0,0,,,,0,,,
CRUserDefinedHealCalculation,14,0,0,transient,,,,Transient.Heal,Override,attribute_based,MaxHealth,Target,false,,,AttributeMagnitude,Channel0,,,,,,Channel0,0,,,,0,,,
CRUserDefinedHealCalculation,15,0,0,transient,,,,Transient.Heal,Override,set_by_caller,,,,,,,,,,,,SetByCaller.Heal,Channel0,0,,,,0,,,
CRUserDefinedHealCalculation,16,0,0,transient,,,,Transient.Heal,Override,set_by_caller,,,,,,,,,,,,SetByCaller.Damage,Channel0,0,,,,0,,,
CRUserDefinedHealCalculation,16,1,1,captured_attribute,HealScale,Source,true,,Multiplicitive,scalable_float,,,,,,,,,,,,,Channel0,0,,,,0,,,
CRUserDefinedHealCalculation,17,0,0,transient,,,,Transient.Heal,Override,set_by_caller,,,,,,,,,,,,SetByCaller.HealingValue,Channel0,0,,,,0,,,
CRUserDefinedHealCalculation,18,0,0,transient,,,,Transient.Heal,Override,set_by_caller,,,,,,,,,,,,SetByCaller.HealingValue,Channel0,0,,,,0,,,
CRUserDefinedHealCalculation,19,0,0,transient,,,,Transient.Heal,Override,set_by_caller,,,,,,,,,,,,SetByCaller.Heal,Channel0,0,,,,0,,,
CRUserDefinedHealCalculation,20,0,0,transient,,,,Transient.Heal,Override,set_by_caller,,,,,,,,,,,,SetByCaller.Heal,Channel0,0,,,,0,,,
CRUserDefinedHealCalculation,21,0,0,transient,,,,Transient.Heal,Override,attribute_based,MaxHealth,Target,false,,,AttributeMagnitude,Channel0,,,,,,Channel0,0,,,,0,,,
CRUserDefinedHealCalculation,22,0,0,transient,,,,Transient.Heal,Override,attribute_based,MaxHealth,Target,false,,,AttributeMagnitude,Channel0,,,,,,Channel0,0,,,,0,,,
CRUserDefinedHealCalculation,23,0,0,transient,,,,Transient.Heal,Override,attribute_based,MaxHealth,Target,false,,,AttributeMagnitude,Channel0,,,,,,Channel0,0,,,,0,,,
CRUserDefinedHealCalculation,24,0,0,transient,,,,Transient.Heal,Override,set_by_caller,,,,,,,,,,,,SetByCaller.HealingValue,Channel0,0,,,,0,,,
CRUserDefinedHealCalculation,25,0,0,transient,,,,Transient.Heal,Override,set_by_caller,,,,,,,,,,,,SetByCaller.HealingValue,Channel0,0,,,,0,,,
CRUserDefinedHealCalculation,26,0,0,captured_attribute,CritChance,Source,true,,Additive,scalable_float,,,,,,,,,,,,,Channel0,0,,,,0,,,
CRUserDefinedHealCalculation,26,1,1,transient,,,,Transient.Heal,Override,set_by_caller,,,,,,,,,,,,SetByCaller.Heal,Channel0,0,,,,0,,,
CRUserDefinedHealCalculation,27,0,0,transient,,,,Transient.Heal,Override,set_by_caller,,,,,,,,,,,,SetByCaller.HealingValue,Channel0,0,,,,0,,,
CRUserDefinedHealCalculation,28,0,0,transient,,,,Transient.Heal,Override,set_by_caller,,,,,,,,,,,,SetByCaller.Heal,Channel0,0,,,,0,,,
CRUserDefinedHealCalculation,29,0,0,captured_attribute,HealScale,Source,true,,MultiplyCompound,scalable_float,,,,,,,,,,,,,Channel0,0,,,,0,,,
CRUserDefinedHealCalculation,29,1,1,transient,,,,Transient.Heal,Override,set_by_caller,,,,,,,,,,,,SetByCaller.Heal,Channel0,0,,,,0,,,
CRUserDefinedHealCalculation,30,0,0,transient,,,,Transient.Heal,Override,set_by_caller,,,,,,,,,,,,SetByCaller.HealingValue,Channel0,0,,,,0,,,
CRUserDefinedHealCalculation,31,0,0,transient,,,,Transient.Heal,Override,attribute_based,MaxHealth,Target,false,,,AttributeMagnitude,Channel0,,,,,,Channel0,0,,,,0,,,
CRUserDefinedHealCalculation,32,0,0,transient,,,,Transient.Heal,Override,attribute_based,MaxHealth,Target,false,,,AttributeMagnitude,Channel0,,,,,,Channel0,0,,,,0,,,
CRUserDefinedHealCalculation,33,0,0,transient,,,,Transient.Heal,Override,attribute_based,MaxHealth,Target,false,,,AttributeMagnitude,Channel0,,,,,,Channel0,0,,,,0,,,
CRUserDefinedHealCalculation,34,0,0,transient,,,,Transient.Heal,Override,attribute_based,MaxHealth,Target,false,,,AttributeMagnitude,Channel0,,,,,,Channel0,0,,,,0,,,
CRUserDefinedHealCalculation,35,0,0,transient,,,,Transient.Heal,Override,attribute_based,MaxHealth,Target,false,,,AttributeMagnitude,Channel0,,,,,,Channel0,0,,,,0,,,
CRUserDefinedHealCalculation,36,0,0,transient,,,,Transient.Heal,Override,set_by_caller,,,,,,,,,,,,SetByCaller.Heal,Channel0,0,,,,0,,,
CRUserDefinedHealCalculation,37,0,0,transient,,,,Transient.Heal,Override,set_by_caller,,,,,,,,,,,,SetByCaller.Heal,Channel0,0,,,,0,,,
CRUserDefinedHealCalculation,38,0,0,transient,,,,Transient.Heal,Override,attribute_based,MaxHealth,Target,false,,,AttributeMagnitude,Channel0,,,,,,Channel0,0,,,,0,,,
CRUserDefinedHealCalculation,39,0,0,transient,,,,Transient.Heal,Override,set_by_caller,,,,,,,,,,,,SetByCaller.Heal,Channel0,0,,,,0,,,
CRUserDefinedHealCalculation,40,0,0,transient,,,,Transient.Heal,Override,attribute_based,MaxHealth,Source,true,,,AttributeMagnitude,Channel0,,,,,,Channel0,0,,,,0,,,
CRUserDefinedHealCalculation,41,0,0,transient,,,,Transient.Heal,Override,set_by_caller,,,,,,,,,,,,SetByCaller.Heal,Channel0,0,,,,0,,,
CRUserDefinedHealCalculation,42,0,0,transient,,,,Transient.Heal,Override,attribute_based,MaxHealth,Source,false,,,AttributeMagnitude,Channel0,,,,,,Channel0,0,,,,0,,,
CRUserDefinedHealCalculation,43,0,0,transient,,,,Transient.Heal,Override,attribute_based,MaxHealth,Target,false,,,AttributeMagnitude,Channel0,,,,,,Channel0,0,,,,0,,,
CRUserDefinedHealCalculation,44,0,0,transient,,,,Transient.Heal,Override,set_by_caller,,,,,,,,,,,,SetByCaller.HealingValue,Channel0,0,,,,0,,,
CRUserDefinedHealCalculation,45,0,0,transient,,,,Transient.Heal,Override,set_by_caller,,,,,,,,,,,,SetByCaller.HealingValue,Channel0,0,,,,0,,,
CRUserDefinedHealCalculation,46,0,0,transient,,,,Transient.Heal,Override,set_by_caller,,,,,,,,,,,,SetByCaller.Heal,Channel0,0,,,,0,,,
CRUserDefinedHealCalculation,47,0,0,transient,,,,Transient.Heal,Override,set_by_caller,,,,,,,,,,,,SetByCaller.HealingValue,Channel0,0,,,,0,,,
CRUserDefinedHealCalculation,48,0,0,transient,,,,Transient.Heal,Override,set_by_caller,,,,,,,,,,,,SetByCaller.Heal,Channel0,0,,,,0,,,
CRUserDefinedHealCalculation,49,0,0,transient,,,,Transient.Heal,Override,set_by_caller,,,,,,,,,,,,SetByCaller.Health,Channel0,0,,,,0,,,
CRUserDefinedHealCalculation,50,0,0,transient,,,,Transient.Heal,Override,set_by_caller,,,,,,,,,,,,SetByCaller.Heal,Channel0,0,,,,0,,,
CRUserDefinedHealCalculation,51,0,0,transient,,,,Transient.Heal,Override,set_by_caller,,,,,,,,,,,,SetByCaller.Health,Channel0,0,,,,0,,,
CRUserDefinedHealCalculation,52,0,0,transient,,,,Transient.Heal,Override,set_by_caller,,,,,,,,,,,,SetByCaller.HealingValue,Channel0,0,,,,0,,,
CRUserDefinedHealCalculation,53,0,0,transient,,,,Transient.Heal,Override,attribute_based,MaxHealth,Target,false,,,AttributeMagnitude,Channel0,,,,,,Channel0,0,,,,0,,,
CRUserDefinedHealCalculation,54,0,0,transient,,,,Transient.Heal,Override,attribute_based,MaxHealth,Source,false,,,AttributeMagnitude,Channel0,,,,,,Channel0,0,,,,0,,,
CRUserDefinedHealCalculation,55,0,0,transient,,,,Transient.Heal,Override,attribute_based,MaxHealth,Target,false,,,AttributeMagnitude,Channel0,,,,,,Channel0,0,,,,0,,,
CRUserDefinedHealCalculation,56,0,0,captured_attribute,HealScale,Source,true,,MultiplyCompound,scalable_float,,,,,,,,,,,,,Channel0,0,,,,0,,,
CRUserDefinedHealCalculation,56,1,1,transient,,,,Transient.Heal,Override,set_by_caller,,,,,,,,,,,,SetByCaller.HealingValue,Channel0,0,,,,0,,,
CRUserDefinedHealCalculation,57,0,0,transient,,,,Transient.Heal,Override,set_by_caller,,,,,,,,,,,,SetByCaller.Heal,Channel0,0,,,,0,,,
CRUserDefinedHealCalculation,58,0,0,transient,,,,Transient.Heal,Override,set_by_caller,,,,,,,,,,,,SetByCaller.HealingValue,Channel0,0,,,,0,,,
CRUserDefinedHealCalculation,59,0,0,transient,,,,Transient.Heal,Override,set_by_caller,,,,,,,,,,,,SetByCaller.Heal,Channel0,0,,,,0,,,
CRUserDefinedHealCalculation,60,0,0,transient,,,,Transient.Heal,Additive,set_by_caller,,,,,,,,,,,,SetByCaller.Heal,Channel0,0,,,,0,,,
CRUserDefinedHealCalculation,61,0,0,transient,,,,Transient.Heal,Override,set_by_caller,,,,,,,,,,,,SetByCaller.Heal,Channel0,0,,,,0,,,
