name,definitions_ordinal,effect,source_typed_payload_coverage,ordinal,calculation_class
CRAgilityDamageCalculation,0,GE_Bowguy_AoeProjectileDamage_Damage,complete,0,CRAgilityDamageCalculation
CRAgilityDamageCalculation,1,GE_Bowguy_AoeProjectileDamage_Damage_Magical,complete,0,CRAgilityDamageCalculation
CRAgilityDamageCalculation,2,GE_Bowguy_CastedBouncyProjectileDamage_Damage,complete,0,CRAgilityDamageCalculation
CRAgilityDamageCalculation,3,GE_Bowguy_CastedProjectileDamage_Damage,complete,0,CRAgilityDamageCalculation
CRAgilityDamageCalculation,4,GE_Bowguy_CastedProjectileHeavyDamage_Damage,complete,0,CRAgilityDamageCalculation
CRAgilityDamageCalculation,5,GE_Bowguy_ChanneledMultiProjectileDebuff_Damage,complete,0,CRAgilityDamageCalculation
CRAgilityDamageCalculation,6,GE_Bowguy_InstantMarkTarget_AoeDamage,complete,0,CRAgilityDamageCalculation
CRAgilityDamageCalculation,7,GE_Bowguy_InstantMarkTarget_Damage,complete,0,CRAgilityDamageCalculation
CRAgilityDamageCalculation,8,GE_Bowguy_RangedAutoAttack_Damage,complete,0,CRAgilityDamageCalculation
CRAgilityDamageCalculation,9,GE_Bowguy_SingleProjectileDamage_Damage,complete,0,CRAgilityDamageCalculation
CRAgilityDamageCalculation,10,GE_Bowguy_TargetedAoeDamage_Damage,complete,0,CRAgilityDamageCalculation
CRAgilityDamageCalculation,11,GE_DD_Arbalist_LineAttack_Damage,complete,0,CRAgilityDamageCalculation
CRAgilityDamageCalculation,12,GE_DR_BarbedRoot_RangedAutoAttack_Damage,complete,0,CRAgilityDamageCalculation
CRAgilityDamageCalculation,13,GE_Mara_AoeAttackBuilder_Damage,complete,0,CRAgilityDamageCalculation
CRAgilityDamageCalculation,14,GE_Mara_AoeAttackBuilder_Poison,complete,0,CRAgilityDamageCalculation
CRAgilityDamageCalculation,15,GE_Mara_AoeAttackBuilder_Poison_Aoe_Damage,complete,0,CRAgilityDamageCalculation
CRAgilityDamageCalculation,16,GE_Mara_AoeAttackSpender_Damage,complete,0,CRAgilityDamageCalculation
CRAgilityDamageCalculation,17,GE_Mara_AutoAttackProc_Damage,complete,0,CRAgilityDamageCalculation
CRAgilityDamageCalculation,18,GE_Mara_AutoAttack_Damage,complete,0,CRAgilityDamageCalculation
CRAgilityDamageCalculation,19,GE_Mara_BleedAttackSpender_Bleed,complete,0,CRAgilityDamageCalculation
CRAgilityDamageCalculation,20,GE_Mara_BleedAttackSpender_Damage,complete,0,CRAgilityDamageCalculation
CRAgilityDamageCalculation,21,GE_Mara_ChargedDoubleAttackBuilder_DamageFirst,complete,0,CRAgilityDamageCalculation
CRAgilityDamageCalculation,22,GE_Mara_ChargedDoubleAttackBuilder_DamageSecond,complete,0,CRAgilityDamageCalculation
CRAgilityDamageCalculation,23,GE_Mara_ChargedDoubleAttackBuilder_Poison,complete,0,CRAgilityDamageCalculation
CRAgilityDamageCalculation,24,GE_Mara_HeavyAttackSpender_Damage,complete,0,CRAgilityDamageCalculation
CRAgilityDamageCalculation,25,GE_Mara_StrongerBehindAttackBuilder_Damage_Strong,complete,0,CRAgilityDamageCalculation
CRAgilityDamageCalculation,26,GE_Mara_StrongerBehindAttackBuilder_Damage_Weak,complete,0,CRAgilityDamageCalculation
CRAgilityDamageCalculation,27,GE_Mara_StrongerBehindAttackBuilder_Poison_Damage,complete,0,CRAgilityDamageCalculation
CRAgilityDamageCalculation,28,GE_Mara_Talent_BleedAttackSpender_ExplosivePoison_Poison,complete,0,CRAgilityDamageCalculation
CRAgilityDamageCalculation,29,GE_Mara_Talent_ChargedDoubleAttackBuilder_AoeDamage_PoisonDamage,complete,0,CRAgilityDamageCalculation
CRAgilityDamageCalculation,30,GE_Mara_Talent_ComboPointsChanceAoeDamage_Dot,complete,0,CRAgilityDamageCalculation
CRAgilityDamageCalculation,31,GE_Meiko_ChanneledHeavyDamage_Damage,complete,0,CRAgilityDamageCalculation
CRAgilityDamageCalculation,32,GE_Meiko_ChanneledHeavyDamage_FinalDamage,complete,0,CRAgilityDamageCalculation
CRAgilityDamageCalculation,33,GE_Meiko_DamageSoakBuff_Damage,complete,0,CRAgilityDamageCalculation
CRAgilityDamageCalculation,34,GE_Meiko_DurationalAoeDamageBuff_Damage,complete,0,CRAgilityDamageCalculation
CRAgilityDamageCalculation,35,GE_Meiko_DurationalMultipleTeleportDamage_Damage,complete,0,CRAgilityDamageCalculation
CRAgilityDamageCalculation,36,GE_Meiko_FrontalAoeDebuff_Damage,complete,0,CRAgilityDamageCalculation
CRAgilityDamageCalculation,37,GE_Meiko_HighDamageCleave_Damage,complete,0,CRAgilityDamageCalculation
CRAgilityDamageCalculation,38,GE_Meiko_MeleeAutoAttack_Damage,complete,0,CRAgilityDamageCalculation
CRAgilityDamageCalculation,39,GE_Meiko_MeleeDamageImmediateSelfBuff_Damage,complete,0,CRAgilityDamageCalculation
CRAgilityDamageCalculation,40,GE_Meiko_MeleeDamageLowHealthSelfBuff_Damage,complete,0,CRAgilityDamageCalculation
CRAgilityDamageCalculation,41,GE_Meiko_MeleeDamageSelfBuff_Damage,complete,0,CRAgilityDamageCalculation
CRAgilityDamageCalculation,42,GE_Meiko_MeleeDown_Damage,complete,0,CRAgilityDamageCalculation
CRAgilityDamageCalculation,43,GE_Meiko_MeleeLeft_Damage,complete,0,CRAgilityDamageCalculation
CRAgilityDamageCalculation,44,GE_Meiko_MeleeRight_Damage,complete,0,CRAgilityDamageCalculation
CRAgilityDamageCalculation,45,GE_Meiko_MoveToLocationAoeDamage_Damage,complete,0,CRAgilityDamageCalculation
CRAgilityDamageCalculation,46,GE_Meiko_MoveToLocationAoeDamage_Dot,complete,0,CRAgilityDamageCalculation
CRAgilityDamageCalculation,47,GE_Meiko_Talent_InstantSelfDefensive_DamageReductionLessHel_Damage,complete,0,CRAgilityDamageCalculation
CRAgilityDamageCalculation,48,GE_UB_DeadeyeArbalest_LineAttack_Damage,complete,0,CRAgilityDamageCalculation
CRAgilityDamageCalculation,49,GE_UB_DeadeyeArbalest_RangedAutoAttack_Damage,complete,0,CRAgilityDamageCalculation
CRAgilityDamageCalculation,50,GE_UB_DefendingArcher_RangedAutoAttack_Damage,complete,0,CRAgilityDamageCalculation
CRAgilityDamageCalculation,51,GE_UB_DefendingArcher_Volley_Dot,complete,0,CRAgilityDamageCalculation
CRAgilityDamageCalculation,52,GE_UB_ReanimatedArcher_RangedAutoAttack_Damage,complete,0,CRAgilityDamageCalculation
CRAgilityDamageCalculation,53,GE_UB_ReanimatedArcher_Volley_Dot,complete,0,CRAgilityDamageCalculation
CRAgilityDamageCalculation,54,GE_UC_CadavrianArbalist_AutoAttack_Damage,complete,0,CRAgilityDamageCalculation
CRCancelAbilitiesBlockedByIncite,0,GE_Shared_StatusApplication_Incited,complete,0,CRCancelAbilitiesBlockedByIncite
CRCancelAbilitiesBlockedByThisEffectsParentExecution,0,GE_Default_CancelAllAbilitiesBlockedByParentEffect,complete,0,CRCancelAbilitiesBlockedByThisEffectsParentExecution
CRCancelAbilitiesWithTagsExecution,0,GE_Default_CancelAllSkills,complete,0,CRCancelAbilitiesWithTagsExecution
CRDispelActiveEffectsBlockedByThisEffectsParentExecution,0,GE_Default_DispelAllEffectsBlockedByParentEffect,complete,0,CRDispelActiveEffectsBlockedByThisEffectsParentExecution
CRDispelActiveEffectsWithTagsExecution,0,GE_Default_DispelAllDebuffs,complete,0,CRDispelActiveEffectsWithTagsExecution
CRDispelActiveEffectsWithTagsExecution,1,GE_Lisa_SingleAllyDispel_Dispel,complete,0,CRDispelActiveEffectsWithTagsExecution
CRDispelActiveEffectsWithTagsExecution,2,GE_Mosse_SingleTargetDispel_Dispel,complete,0,CRDispelActiveEffectsWithTagsExecution
CRDispelActiveEffectsWithTagsExecution,3,GE_RelicPower_MassDispel,complete,0,CRDispelActiveEffectsWithTagsExecution
CRDispelActiveEffectsWithTagsExecution,4,GE_Vigor_SingleAllyDispel_Dispel,complete,0,CRDispelActiveEffectsWithTagsExecution
CRInstantGuaranteedKillExecution,0,GE_Environmental_InstantKill_Crushed,complete,0,CRInstantGuaranteedKillExecution
CRInstantGuaranteedKillExecution,1,GE_MC_BloodHound_JumpCleave_Bleed_OverflowInstantDeath,complete,0,CRInstantGuaranteedKillExecution
CRIntellectDamageCalculation,0,GE_BlackmistShadowMinion_Cast_Damage,complete,0,CRIntellectDamageCalculation
CRIntellectDamageCalculation,1,GE_BlackmistShadowMinion_OnDeathExplosion_Damage,complete,0,CRIntellectDamageCalculation
CRIntellectDamageCalculation,2,GE_BossVikingMystic_RuneMinion_Cast_Damage,complete,0,CRIntellectDamageCalculation
CRIntellectDamageCalculation,3,GE_BossVikingMystic_RuneMinion_OnDeathExplosion_Damage,complete,0,CRIntellectDamageCalculation
CRIntellectDamageCalculation,4,GE_CM_BlackburnMantrader_CastedRangedProjectile_Damage,complete,0,CRIntellectDamageCalculation
CRIntellectDamageCalculation,5,GE_CM_BlackburnMantrader_LargeRangedProjectile_Damage,complete,0,CRIntellectDamageCalculation
CRIntellectDamageCalculation,6,GE_CM_BossAina_CastDebuffProjectile_Damage,complete,0,CRIntellectDamageCalculation
CRIntellectDamageCalculation,7,GE_CM_BossAina_CastFillerProjectile_Damage,complete,0,CRIntellectDamageCalculation
CRIntellectDamageCalculation,8,GE_CM_BossAina_PlacedSlowAoe_AoeDot,complete,0,CRIntellectDamageCalculation
CRIntellectDamageCalculation,9,GE_CM_BossWhisperingCore_Beam_Damage,complete,0,CRIntellectDamageCalculation
CRIntellectDamageCalculation,10,GE_CM_BossWhisperingCore_PlatformAoEDamage_Dot,complete,0,CRIntellectDamageCalculation
CRIntellectDamageCalculation,11,GE_CM_BossWhisperingCore_PulsingAoEDamage,complete,0,CRIntellectDamageCalculation
CRIntellectDamageCalculation,12,GE_CM_Construct_Charged_ChainLightning_Damage,complete,0,CRIntellectDamageCalculation
CRIntellectDamageCalculation,13,GE_CM_CrystalConstructCharged_RotatingBeam_Dot,complete,0,CRIntellectDamageCalculation
CRIntellectDamageCalculation,14,GE_CM_ElfWarden_CastSingleBlast_Damage,complete,0,CRIntellectDamageCalculation
CRIntellectDamageCalculation,15,GE_CM_ElfWarden_Fear_Damage,complete,0,CRIntellectDamageCalculation
CRIntellectDamageCalculation,16,GE_CM_Elf_Warden_BurstingBarrier_Damage,complete,0,CRIntellectDamageCalculation
CRIntellectDamageCalculation,17,GE_CM_Elf_Warden_DrainMana_Damage,complete,0,CRIntellectDamageCalculation
CRIntellectDamageCalculation,18,GE_CM_RubiliteAurastone_ChasingLaser_Dot,complete,0,CRIntellectDamageCalculation
CRIntellectDamageCalculation,19,GE_CM_RubiliteAurastone_LockOnLaser_Dot,complete,0,CRIntellectDamageCalculation
CRIntellectDamageCalculation,20,GE_CM_RubiliteFocus_Laser_Damage,complete,0,CRIntellectDamageCalculation
CRIntellectDamageCalculation,21,GE_CM_RubiliteTriggerstone_Trap_Dot,complete,0,CRIntellectDamageCalculation
CRIntellectDamageCalculation,22,GE_CM_VolatileConstruct_CastProjectile_Damage,complete,0,CRIntellectDamageCalculation
CRIntellectDamageCalculation,23,GE_DD_Arbalist_Trap_Damage,complete,0,CRIntellectDamageCalculation
CRIntellectDamageCalculation,24,GE_DD_NightboundMagi_CastedPartyAoeDebuff_Damage,complete,0,CRIntellectDamageCalculation
CRIntellectDamageCalculation,25,GE_DD_NightboundMagi_CastedRangedProjectile_Damage,complete,0,CRIntellectDamageCalculation
CRIntellectDamageCalculation,26,GE_DD_NightboundMagi_SoakDebuff_Damage,complete,0,CRIntellectDamageCalculation
CRIntellectDamageCalculation,27,GE_DD_WitheringMagi_CastedRangedInstantProjectile_Damage,complete,0,CRIntellectDamageCalculation
CRIntellectDamageCalculation,28,GE_DD_WitheringMagi_CastedRangedProjectileDot_Damage,complete,0,CRIntellectDamageCalculation
CRIntellectDamageCalculation,29,GE_DM_WinterTrickster_AoEKnockback_Damage,complete,0,CRIntellectDamageCalculation
CRIntellectDamageCalculation,30,GE_DM_WinterTrickster_DropBuffs_Landing_Damage,complete,0,CRIntellectDamageCalculation
CRIntellectDamageCalculation,31,GE_DM_WinterTrickster_DropBuffs_Landing_UnavoidableDamage,complete,0,CRIntellectDamageCalculation
CRIntellectDamageCalculation,32,GE_DR_BarbedRoot_ChanneledAoe_Damage,complete,0,CRIntellectDamageCalculation
CRIntellectDamageCalculation,33,GE_DR_BossCultLeader_BeamHeroDebuff_Dot,complete,0,CRIntellectDamageCalculation
CRIntellectDamageCalculation,34,GE_DR_BossCultLeader_Defile_Damage,complete,0,CRIntellectDamageCalculation
CRIntellectDamageCalculation,35,GE_DR_BossCultLeader_RotatingCross_Damage,complete,0,CRIntellectDamageCalculation
CRIntellectDamageCalculation,36,GE_DR_BossGateWizard_AbsorbDamagePulse_Damage,complete,0,CRIntellectDamageCalculation
CRIntellectDamageCalculation,37,GE_DR_BossGateWizard_DangerZoneDamage,complete,0,CRIntellectDamageCalculation
CRIntellectDamageCalculation,38,GE_DR_BossGateWizard_FirePillar_Dot,complete,0,CRIntellectDamageCalculation
CRIntellectDamageCalculation,39,GE_DR_BossSummonedDemon_Portal_ShootProjectiles_Damage,complete,0,CRIntellectDamageCalculation
CRIntellectDamageCalculation,40,GE_DR_BurningDemon_DemonboltVolley_Damage,complete,0,CRIntellectDamageCalculation
CRIntellectDamageCalculation,41,GE_DR_CultistCaster_CastedRangedInstantProjectile_Damage,complete,0,CRIntellectDamageCalculation
CRIntellectDamageCalculation,42,GE_DR_CultistCaster_CastedRangedProjectileDot_Damage,complete,0,CRIntellectDamageCalculation
CRIntellectDamageCalculation,43,GE_DR_CultistMajorCaster_CastedRangedProjectile_Damage,complete,0,CRIntellectDamageCalculation
CRIntellectDamageCalculation,44,GE_DR_CultistMajorCaster_GrowingCircleCast_Damage,complete,0,CRIntellectDamageCalculation
CRIntellectDamageCalculation,45,GE_DR_Ritualist_SacrificeDot,complete,0,CRIntellectDamageCalculation
CRIntellectDamageCalculation,46,GE_DR_Ritualist_TurretDot,complete,0,CRIntellectDamageCalculation
CRIntellectDamageCalculation,47,GE_DR_RuinsLasher_PassiveAOEPools_Dot,complete,0,CRIntellectDamageCalculation
CRIntellectDamageCalculation,48,GE_Environmental_LightningBolts_Damage,complete,0,CRIntellectDamageCalculation
CRIntellectDamageCalculation,49,GE_FK_BossElfDragon_AutoAttack_Damage,complete,0,CRIntellectDamageCalculation
CRIntellectDamageCalculation,50,GE_FK_BossElfDragon_FierySoak_PoolAOEDamage,complete,0,CRIntellectDamageCalculation
CRIntellectDamageCalculation,51,GE_FK_BossElfDragon_FierySoak_SoakDamage,complete,0,CRIntellectDamageCalculation
CRIntellectDamageCalculation,52,GE_FK_BossElfDragon_KnockbackCone_AoeDamage,complete,0,CRIntellectDamageCalculation
CRIntellectDamageCalculation,53,GE_FK_BossElfDragon_MultiDashArrivalAOEDamage,complete,0,CRIntellectDamageCalculation
CRIntellectDamageCalculation,54,GE_FK_BossElfDragon_ShrinkingArenaDebuff_Dot,complete,0,CRIntellectDamageCalculation
CRIntellectDamageCalculation,55,GE_FK_BossFreezingWaterLord_ExplosiveOrbDamage,complete,0,CRIntellectDamageCalculation
CRIntellectDamageCalculation,56,GE_FK_BossFreezingWaterLord_ExplosiveOrb_PeriodicAoeDamage,complete,0,CRIntellectDamageCalculation
CRIntellectDamageCalculation,57,GE_FK_BossFreezingWaterLord_FreezingCone_NormalDamage,complete,0,CRIntellectDamageCalculation
CRIntellectDamageCalculation,58,GE_FK_BossFreezingWaterLord_FreezingCone_WetDamage,complete,0,CRIntellectDamageCalculation
CRIntellectDamageCalculation,59,GE_FK_BossFreezingWaterLord_GreaterWaterNova_Dot,complete,0,CRIntellectDamageCalculation
CRIntellectDamageCalculation,60,GE_FK_BossFreezingWaterLord_IceSoak_PostEffectDamage,complete,0,CRIntellectDamageCalculation
CRIntellectDamageCalculation,61,GE_FK_BossFreezingWaterLord_IceSoak_SoakDamage,complete,0,CRIntellectDamageCalculation
CRIntellectDamageCalculation,62,GE_FK_BossRangerCaptain_BigCross_Damage,complete,0,CRIntellectDamageCalculation
CRIntellectDamageCalculation,63,GE_FK_BossRangerCaptain_ExplosiveShot_Damage,complete,0,CRIntellectDamageCalculation
CRIntellectDamageCalculation,64,GE_FK_BossRangerCaptain_HailOfArrows_Damage,complete,0,CRIntellectDamageCalculation
CRIntellectDamageCalculation,65,GE_FK_BossRangerCaptain_HailOfArrows_DoT,complete,0,CRIntellectDamageCalculation
CRIntellectDamageCalculation,66,GE_FK_BossRangerCaptain_IceTrap_Damage,complete,0,CRIntellectDamageCalculation
CRIntellectDamageCalculation,67,GE_FK_Elf_Cleric_DrainLife_Damage,complete,0,CRIntellectDamageCalculation
CRIntellectDamageCalculation,68,GE_FK_Elf_Cleric_Redemption_Damage,complete,0,CRIntellectDamageCalculation
CRIntellectDamageCalculation,69,GE_FK_Elf_Cleric_Redemption_DoT,complete,0,CRIntellectDamageCalculation
CRIntellectDamageCalculation,70,GE_FK_Elf_Cleric_SoulBolt_Damage,complete,0,CRIntellectDamageCalculation
CRIntellectDamageCalculation,71,GE_FK_Elf_Duelist_IceBreaker_Damage,complete,0,CRIntellectDamageCalculation
CRIntellectDamageCalculation,72,GE_FK_Elf_Guard_ShatteringBarrier_AoeDamage,complete,0,CRIntellectDamageCalculation
CRIntellectDamageCalculation,73,GE_FK_Elf_Illusionist_CastSingleFrost_Damage,complete,0,CRIntellectDamageCalculation
CRIntellectDamageCalculation,74,GE_FK_Elf_Illusionist_ChanneledDamageAoe_Damage,complete,0,CRIntellectDamageCalculation
CRIntellectDamageCalculation,75,GE_FK_Elf_Illusionist_ExplosiveOrb_Damage,complete,0,CRIntellectDamageCalculation
CRIntellectDamageCalculation,76,GE_FK_Elf_Illusionist_ExplosiveOrb_PeriodicAoeDamage,complete,0,CRIntellectDamageCalculation
CRIntellectDamageCalculation,77,GE_FK_Elf_Ranger_IceTrap_Damage,complete,0,CRIntellectDamageCalculation
CRIntellectDamageCalculation,78,GE_FK_Elf_Ranger_RapidFire_Damage,complete,0,CRIntellectDamageCalculation
CRIntellectDamageCalculation,79,GE_FK_Elf_Shardling_DeathExplosionDotDebuff,complete,0,CRIntellectDamageCalculation
CRIntellectDamageCalculation,80,GE_FM_AshenArsonist_Cone_Damage,complete,0,CRIntellectDamageCalculation
CRIntellectDamageCalculation,81,GE_FM_GoblinCaster_CastProjectile_Damage,complete,0,CRIntellectDamageCalculation
CRIntellectDamageCalculation,82,GE_FM_Invoker_CastedRangedInstantProjectile_Damage,complete,0,CRIntellectDamageCalculation
CRIntellectDamageCalculation,83,GE_FM_OrcCaster_CastProjectile_Damage,complete,0,CRIntellectDamageCalculation
CRIntellectDamageCalculation,84,GE_Firemage_CastedDotBoostProjectile_DamageAndDotBoost,complete,0,CRIntellectDamageCalculation
CRIntellectDamageCalculation,85,GE_Firemage_CastedPlacedAoe_Damage,complete,0,CRIntellectDamageCalculation
CRIntellectDamageCalculation,86,GE_Firemage_CastedSingleDot_Dot,complete,1,CRIntellectDamageCalculation
CRIntellectDamageCalculation,87,GE_Firemage_CastedSingleHeavyDot_Dot,complete,1,CRIntellectDamageCalculation
CRIntellectDamageCalculation,88,GE_Firemage_ChanneledForwardAoeDamage_Damage,complete,0,CRIntellectDamageCalculation
CRIntellectDamageCalculation,89,GE_Firemage_ChanneledForwardAoeDamage_Dot,complete,0,CRIntellectDamageCalculation
CRIntellectDamageCalculation,90,GE_Firemage_FireFrog_DirectDamage,complete,0,CRIntellectDamageCalculation
CRIntellectDamageCalculation,91,GE_Firemage_InstantDoubleDot_MainTargetBonus_Damage,complete,0,CRIntellectDamageCalculation
CRIntellectDamageCalculation,92,GE_Firemage_InstantSingleDisorient_Damage,complete,0,CRIntellectDamageCalculation
CRIntellectDamageCalculation,93,GE_Firemage_InstantSingleTargetDot_Dot,complete,0,CRIntellectDamageCalculation
CRIntellectDamageCalculation,94,GE_Firemage_PlacedProjectileAoe_Damage,complete,0,CRIntellectDamageCalculation
CRIntellectDamageCalculation,95,GE_IC_BossMagistrate_FrigidMist_Damage,complete,0,CRIntellectDamageCalculation
CRIntellectDamageCalculation,96,GE_IC_BossMagistrate_Frostbolt_Damage,complete,0,CRIntellectDamageCalculation
CRIntellectDamageCalculation,97,GE_IC_BossMagistrate_IceSpikes_Damage,complete,0,CRIntellectDamageCalculation
CRIntellectDamageCalculation,98,GE_IC_BossMagistrate_KnockbackCone_AoeDamage,complete,0,CRIntellectDamageCalculation
CRIntellectDamageCalculation,99,GE_IC_BossMagistrate_Redemption_Dot,complete,0,CRIntellectDamageCalculation
CRIntellectDamageCalculation,100,GE_IC_BossMagistrate_Redemption_ShootProjectileOnExpired_Damage,complete,0,CRIntellectDamageCalculation
CRIntellectDamageCalculation,101,GE_IC_GlacialSprite_PassiveAOEPools_Damage,complete,0,CRIntellectDamageCalculation
CRIntellectDamageCalculation,102,GE_IC_Healer_TwoTargetDot_Damage,complete,0,CRIntellectDamageCalculation
CRIntellectDamageCalculation,103,GE_IC_Healer_highThreatChannel_Damage,complete,0,CRIntellectDamageCalculation
CRIntellectDamageCalculation,104,GE_JS_NPCRime_CastProjectile_Damage,complete,0,CRIntellectDamageCalculation
CRIntellectDamageCalculation,105,GE_JS_NPCRime_ChanneledDamageBeam_Damage,complete,0,CRIntellectDamageCalculation
CRIntellectDamageCalculation,106,GE_JS_NPCRime_OnTargetPulsatingAoe_Damage,complete,0,CRIntellectDamageCalculation
CRIntellectDamageCalculation,107,GE_JS_NPCSylvie_CastProjectile_Damage,complete,0,CRIntellectDamageCalculation
CRIntellectDamageCalculation,108,GE_JS_TutorialTroll_Cone_Damage,complete,0,CRIntellectDamageCalculation
CRIntellectDamageCalculation,109,GE_JS_TutorialTroll_PassiveAOEPools_Dot,complete,0,CRIntellectDamageCalculation
CRIntellectDamageCalculation,110,GE_Lisa_CastedProjectileDamageIncreaseDebuff_Damage,complete,0,CRIntellectDamageCalculation
CRIntellectDamageCalculation,111,GE_Lisa_CastedSingleTargetProjectile_Damage,complete,0,CRIntellectDamageCalculation
CRIntellectDamageCalculation,112,GE_Lisa_InstantDamageSpender_Damage,complete,0,CRIntellectDamageCalculation
CRIntellectDamageCalculation,113,GE_Lisa_InstantSingleTargetDamageAndDot_Damage,complete,0,CRIntellectDamageCalculation
CRIntellectDamageCalculation,114,GE_Lisa_InstantSingleTargetDamageAndDot_Dot,complete,0,CRIntellectDamageCalculation
CRIntellectDamageCalculation,115,GE_Lisa_SingleTargetDot_Dot,complete,0,CRIntellectDamageCalculation
CRIntellectDamageCalculation,116,GE_Lisa_Talent_Passive_InstantSelfBuff_DetonateAllActiveDots_Damage,complete,0,CRIntellectDamageCalculation
CRIntellectDamageCalculation,117,GE_Lisa_Talent_SingleTargetDot_DotAoe_Damage,complete,0,CRIntellectDamageCalculation
CRIntellectDamageCalculation,118,GE_Lisa_Talent_SingleTargetDot_DotAoe_Dot,complete,0,CRIntellectDamageCalculation
CRIntellectDamageCalculation,119,GE_MC_WanderingGhostPriest_CastProjectile_Damage,complete,0,CRIntellectDamageCalculation
CRIntellectDamageCalculation,120,GE_MF_BossNecrolord_ChanneledNova_Damage,complete,0,CRIntellectDamageCalculation
CRIntellectDamageCalculation,121,GE_MF_BossNecrolord_DeathCast_Damage,complete,0,CRIntellectDamageCalculation
CRIntellectDamageCalculation,122,GE_MF_BossNecrolord_MultiShot_Damage,complete,0,CRIntellectDamageCalculation
CRIntellectDamageCalculation,123,GE_MF_BossNecrolord_SpreadingDot_Damage,complete,0,CRIntellectDamageCalculation
CRIntellectDamageCalculation,124,GE_MF_BossNecrolord_SummonCrystal_Damage,complete,0,CRIntellectDamageCalculation
CRIntellectDamageCalculation,125,GE_MF_FoulTotemic_CastProjectile_Damage,complete,0,CRIntellectDamageCalculation
CRIntellectDamageCalculation,126,GE_Mosse_CastedSingleTargetProjectile_Damage,complete,0,CRIntellectDamageCalculation
CRIntellectDamageCalculation,127,GE_Mosse_ExplosiveMinion_Damage,complete,0,CRIntellectDamageCalculation
CRIntellectDamageCalculation,128,GE_Mosse_ProjectileTurret_Damage,complete,0,CRIntellectDamageCalculation
CRIntellectDamageCalculation,129,GE_NP_BossHellcaller_CastedRangedProjectile_Damage,complete,0,CRIntellectDamageCalculation
CRIntellectDamageCalculation,130,GE_NP_BossHellcaller_ChainLightning_Damage,complete,0,CRIntellectDamageCalculation
CRIntellectDamageCalculation,131,GE_NP_BossHellcaller_GrowingCircleCast_Damage,complete,0,CRIntellectDamageCalculation
CRIntellectDamageCalculation,132,GE_NP_BossHellcaller_SoakDebuff_Damage,complete,0,CRIntellectDamageCalculation
CRIntellectDamageCalculation,133,GE_NP_BossHellcaller_TankSlamCone_AoeDamage,complete,0,CRIntellectDamageCalculation
CRIntellectDamageCalculation,134,GE_NP_Stormscreamer_CastProjectile_Damage,complete,0,CRIntellectDamageCalculation
CRIntellectDamageCalculation,135,GE_NP_Stormscreamer_CastedAoeProjectile_CollisionEffect,complete,0,CRIntellectDamageCalculation
CRIntellectDamageCalculation,136,GE_NP_Stormscreamer_CastedAoeProjectile_Zap,complete,0,CRIntellectDamageCalculation
CRIntellectDamageCalculation,137,GE_PR_BossPirateCaptain_CannonAoe_Damage,complete,0,CRIntellectDamageCalculation
CRIntellectDamageCalculation,138,GE_PR_BossTreasureDemon_CastedRangedProjectile_Damage,complete,0,CRIntellectDamageCalculation
CRIntellectDamageCalculation,139,GE_PR_BossTreasureDemon_Cone_Damage,complete,0,CRIntellectDamageCalculation
CRIntellectDamageCalculation,140,GE_PR_FoB_CastedStun_Damage,complete,0,CRIntellectDamageCalculation
CRIntellectDamageCalculation,141,GE_PR_FoB_RangedAutoAttack_Damage,complete,0,CRIntellectDamageCalculation
CRIntellectDamageCalculation,142,GE_PR_PossessedArmor_MeleeAutoAttack_Damage,complete,0,CRIntellectDamageCalculation
CRIntellectDamageCalculation,143,GE_PR_PossessedArmor_RampingDamageDebuff_Debuff,complete,0,CRIntellectDamageCalculation
CRIntellectDamageCalculation,144,GE_PR_WaterCaster_CastedAoeProjectile_CollisionEffect,complete,0,CRIntellectDamageCalculation
CRIntellectDamageCalculation,145,GE_PR_WaterCaster_CastedRangedProjectile_AoeDamage,complete,0,CRIntellectDamageCalculation
CRIntellectDamageCalculation,146,GE_PR_WaterCaster_CastedRangedProjectile_Damage,complete,0,CRIntellectDamageCalculation
CRIntellectDamageCalculation,147,GE_Rime_AutoDamageProjectile_Damage,complete,0,CRIntellectDamageCalculation
CRIntellectDamageCalculation,148,GE_Rime_CastedDebuffAoeDamage_Damage,complete,0,CRIntellectDamageCalculation
CRIntellectDamageCalculation,149,GE_Rime_CastedProjectileDamageFiller_Damage,complete,0,CRIntellectDamageCalculation
CRIntellectDamageCalculation,150,GE_Rime_CastedProjectileDamageOrbSpender_Damage,complete,0,CRIntellectDamageCalculation
CRIntellectDamageCalculation,151,GE_Rime_ChanneledBeamSingleDamage_AoeDamage,complete,0,CRIntellectDamageCalculation
CRIntellectDamageCalculation,152,GE_Rime_ChanneledBeamSingleDamage_TickDamage,complete,0,CRIntellectDamageCalculation
CRIntellectDamageCalculation,153,GE_Rime_InstantSingleDamage_Damage,complete,0,CRIntellectDamageCalculation
CRIntellectDamageCalculation,154,GE_Rime_OnTargetPulsatingAoe_Damage,complete,0,CRIntellectDamageCalculation
CRIntellectDamageCalculation,155,GE_Rime_Talent_ChanneledBeamSingleDamage_StackBuffForInstantSingleDamage_CleaveDamage,complete,0,CRIntellectDamageCalculation
CRIntellectDamageCalculation,156,GE_Rime_TargetedPeriodicProjectileAoe_Damage,complete,0,CRIntellectDamageCalculation
CRIntellectDamageCalculation,157,GE_SG_GhostEruptor_CastedPartyAoeDebuff_Damage,complete,0,CRIntellectDamageCalculation
CRIntellectDamageCalculation,158,GE_SG_GhostEruptor_CastedRangedProjectile_Damage,complete,0,CRIntellectDamageCalculation
CRIntellectDamageCalculation,159,GE_SG_GhostEruptor_SoakDebuff_Damage,complete,0,CRIntellectDamageCalculation
CRIntellectDamageCalculation,160,GE_SG_WaterElemental_CastedAoeProjectile_CollisionEffect,complete,0,CRIntellectDamageCalculation
CRIntellectDamageCalculation,161,GE_SG_WaterElemental_CastedRangedProjectile_AoeDamage,complete,0,CRIntellectDamageCalculation
CRIntellectDamageCalculation,162,GE_SG_WaterElemental_CastedRangedProjectile_Damage,complete,0,CRIntellectDamageCalculation
CRIntellectDamageCalculation,163,GE_ST_BloodBrute_BloodSpikes_Damage,complete,0,CRIntellectDamageCalculation
CRIntellectDamageCalculation,164,GE_ST_BossDefenseEye_PlatformAoEDamage_AoeDot,complete,0,CRIntellectDamageCalculation
CRIntellectDamageCalculation,165,GE_ST_BossDefenseEye_RotatingCross_Damage,complete,0,CRIntellectDamageCalculation
CRIntellectDamageCalculation,166,GE_ST_BossDefenseEye_RotatingCross_Hard_DamageOtherPlayers,complete,0,CRIntellectDamageCalculation
CRIntellectDamageCalculation,167,GE_UB_BossArchbishop_AlternatingAOE_Clone_Debuff_Damage,complete,0,CRIntellectDamageCalculation
CRIntellectDamageCalculation,168,GE_UB_BossArchbishop_RandomImpactsAOE_Damage,complete,0,CRIntellectDamageCalculation
CRIntellectDamageCalculation,169,GE_UB_BossArchbishop_SpawnOrbs_Orb_AOEDamage,complete,0,CRIntellectDamageCalculation
CRIntellectDamageCalculation,170,GE_UB_BossCaster_CastedRangedProjectile_Damage,complete,0,CRIntellectDamageCalculation
CRIntellectDamageCalculation,171,GE_UB_BossLunatic_BombProjectile_Damage,complete,0,CRIntellectDamageCalculation
CRIntellectDamageCalculation,172,GE_UB_BossLunatic_ChasePlayer_Damage,complete,0,CRIntellectDamageCalculation
CRIntellectDamageCalculation,173,GE_UB_BossWarband_DotAura_Dot,complete,0,CRIntellectDamageCalculation
CRIntellectDamageCalculation,174,GE_UB_CadavrianBannerman_ChargeFurthestTargetAoe_AoeDamage,complete,0,CRIntellectDamageCalculation
CRIntellectDamageCalculation,175,GE_UB_SoulstainedIncinerator_CastedRangedProjectile_Damage,complete,0,CRIntellectDamageCalculation
CRIntellectDamageCalculation,176,GE_UB_SoulstainedIncinerator_CastedTargetAoeCone_Damage,complete,0,CRIntellectDamageCalculation
CRIntellectDamageCalculation,177,GE_UC_BossBaptist_CastedPushBack_Damage,complete,0,CRIntellectDamageCalculation
CRIntellectDamageCalculation,178,GE_UC_BossBaptist_CircleDebuff,complete,0,CRIntellectDamageCalculation
CRIntellectDamageCalculation,179,GE_UC_BossBaptist_CircleDebuff_WaveDamage,complete,0,CRIntellectDamageCalculation
CRIntellectDamageCalculation,180,GE_UC_BossBaptist_HighestThreatSplitDamageDot_InitialDamage,complete,0,CRIntellectDamageCalculation
CRIntellectDamageCalculation,181,GE_UC_BossSoulKing_LargeSpewAOE_DoT,complete,0,CRIntellectDamageCalculation
CRIntellectDamageCalculation,182,GE_UC_BossSoulKing_PassiveAOEPools_Dot,complete,0,CRIntellectDamageCalculation
CRIntellectDamageCalculation,183,GE_UC_CadavrianDeathPriest_TwoTargetDot_Damage,complete,0,CRIntellectDamageCalculation
CRIntellectDamageCalculation,184,GE_UC_CadavrianDeathPriest_TwoTargetDot_ExpireDamage,complete,0,CRIntellectDamageCalculation
CRIntellectDamageCalculation,185,GE_UC_CadavrianDeathPriest_highThreatChannel_Damage,complete,0,CRIntellectDamageCalculation
CRIntellectDamageCalculation,186,GE_UC_RotBringer_MagicProjectile_Damage,complete,0,CRIntellectDamageCalculation
CRIntellectDamageCalculation,187,GE_UC_RotBringer_SpreadingAoeDot_Debuff_Pool_Dot,complete,0,CRIntellectDamageCalculation
CRIntellectDamageCalculation,188,GE_UC_RotBringer_SpreadingAoeDot_Dot,complete,0,CRIntellectDamageCalculation
CRIntellectDamageCalculation,189,GE_UC_RotBringer_SpreadingAoeDot_Dot_OnExpireInstantDamage,complete,0,CRIntellectDamageCalculation
CRIntellectDamageCalculation,190,GE_UC_RottenWretchHands_PassiveAOEPools_Dot,complete,0,CRIntellectDamageCalculation
CRIntellectDamageCalculation,191,GE_UM_BossSlavetraderBrull_CastDebuffProjectile_Damage,complete,0,CRIntellectDamageCalculation
CRIntellectDamageCalculation,192,GE_UM_BossSlavetraderBrull_CastFillerProjectile_Damage,complete,0,CRIntellectDamageCalculation
CRIntellectDamageCalculation,193,GE_UM_BossSlavetraderBrull_PlacedSlowAoe_AoeDot,complete,0,CRIntellectDamageCalculation
CRIntellectDamageCalculation,194,GE_UM_HornedSeer_CastProjectile_Damage,complete,0,CRIntellectDamageCalculation
CRIntellectDamageCalculation,195,GE_UM_HornedSeer_OrbProjectile_Damage,complete,0,CRIntellectDamageCalculation
CRIntellectDamageCalculation,196,GE_UM_UrrakWitch_CastProjectile_Damage,complete,0,CRIntellectDamageCalculation
CRIntellectDamageCalculation,197,GE_VC_BossBrute_DotAura_Dot,complete,0,CRIntellectDamageCalculation
CRIntellectDamageCalculation,198,GE_VV_BlackburnMystic_CastProjectile_Damage,complete,0,CRIntellectDamageCalculation
CRIntellectDamageCalculation,199,GE_VV_BlackburnMystic_RotatingOrb_Dot,complete,0,CRIntellectDamageCalculation
CRIntellectDamageCalculation,200,GE_VV_BlackmistShadow_MagicSlam_Damage,complete,0,CRIntellectDamageCalculation
CRIntellectDamageCalculation,201,GE_VV_BlackmistWhisperer_CastProjectile_Damage,complete,0,CRIntellectDamageCalculation
CRIntellectDamageCalculation,202,GE_VV_BossChilgar_LinearProjectiles_Damage,complete,0,CRIntellectDamageCalculation
CRIntellectDamageCalculation,203,GE_VV_BossChilgar_Shared_Orb_Explode_Damage,complete,0,CRIntellectDamageCalculation
CRIntellectDamageCalculation,204,GE_VV_BossChilgar_Shared_Orb_PulsingDamage_Damage,complete,0,CRIntellectDamageCalculation
CRIntellectDamageCalculation,205,GE_VV_BossChilgar_SwirlProjectile_Damage,complete,0,CRIntellectDamageCalculation
CRIntellectDamageCalculation,206,GE_VV_BossFrostTroll_DotAura_Dot,complete,0,CRIntellectDamageCalculation
CRIntellectDamageCalculation,207,GE_VV_BossFrostTroll_StationaryDot_Debuff,complete,0,CRIntellectDamageCalculation
CRIntellectDamageCalculation,208,GE_VV_BossKaldursonFire_DotAura_Dot,complete,0,CRIntellectDamageCalculation
CRIntellectDamageCalculation,209,GE_VV_BossKaldursonIce_StationaryDot_Debuff,complete,0,CRIntellectDamageCalculation
CRIntellectDamageCalculation,210,GE_VV_BossVikingMystic_ChanneledAoeDamage_Damage,complete,0,CRIntellectDamageCalculation
CRIntellectDamageCalculation,211,GE_VV_BossVikingMystic_CrossLines_Damage,complete,0,CRIntellectDamageCalculation
CRIntellectDamageCalculation,212,GE_VV_BossVikingMystic_TeleportAttack_Damage,complete,0,CRIntellectDamageCalculation
CRIntellectDamageCalculation,213,GE_VV_BossVikingMystic_TransferableDebuff_Dot,complete,0,CRIntellectDamageCalculation
CRIntellectDamageCalculation,214,GE_VV_ColdbrineElementalist_CastProjectile_Damage,complete,0,CRIntellectDamageCalculation
CRIntellectDamageCalculation,215,GE_VV_ColdbrineFiend_CastBigProjectile_Damage,complete,0,CRIntellectDamageCalculation
CRIntellectDamageCalculation,216,GE_VV_ColdbrineFiend_CastProjectile_Damage,complete,0,CRIntellectDamageCalculation
CRIntellectDamageCalculation,217,GE_VV_SootstainedArsonist_CastedSingleTargetProjectile_Damage,complete,0,CRIntellectDamageCalculation
CRIntellectDamageCalculation,218,GE_VV_SootstainedArsonist_Cone_Damage,complete,0,CRIntellectDamageCalculation
CRIntellectDamageCalculation,219,GE_VV_SootstainedArsonist_Dot,complete,0,CRIntellectDamageCalculation
CRIntellectDamageCalculation,220,GE_Vigor_CastedSingleTargetDamage_Damage,complete,0,CRIntellectDamageCalculation
CRIntellectDamageCalculation,221,GE_Vigor_InstantFrontalConeDamageHeal_Damage,complete,0,CRIntellectDamageCalculation
CRIntellectDamageCalculation,222,GE_Vigor_SingleTargetDot_BuffActiveAdditionalDirectDamage,complete,0,CRIntellectDamageCalculation
CRIntellectDamageCalculation,223,GE_Vigor_SingleTargetDot_Dot,complete,0,CRIntellectDamageCalculation
CRIntellectDamageCalculation,224,GE_Vigor_SkillshotAoeProjectile_Damage,complete,0,CRIntellectDamageCalculation
CRIntellectHealCalculation,0,GE_DR_BossSummonedDemon_ChanneledHellfire_Heal,complete,0,CRIntellectHealCalculation
CRIntellectHealCalculation,1,GE_DR_CultistMajorCaster_CastedSingleTargetHeal_Heal,complete,0,CRIntellectHealCalculation
CRIntellectHealCalculation,2,GE_IC_Healer_ChanneledMultiTargetHeal_HealBuff,complete,0,CRIntellectHealCalculation
CRIntellectHealCalculation,3,GE_JS_NPCSylvie_GroundHeal_Heal,complete,0,CRIntellectHealCalculation
CRIntellectHealCalculation,4,GE_JS_NPCSylvie_GroundHeal_Hot,complete,0,CRIntellectHealCalculation
CRIntellectHealCalculation,5,GE_JS_NPCSylvie_LowHealthHot_FlashHeal,complete,0,CRIntellectHealCalculation
CRIntellectHealCalculation,6,GE_JS_NPCSylvie_LowHealthHot_Hot,complete,0,CRIntellectHealCalculation
CRIntellectHealCalculation,7,GE_JS_NPCSylvie_PinkButterfly_Hot,complete,0,CRIntellectHealCalculation
CRIntellectHealCalculation,8,GE_Lisa_CastedHeal_Heal,complete,0,CRIntellectHealCalculation
CRIntellectHealCalculation,9,GE_Mosse_HealingAoeTotem_Heal,complete,0,CRIntellectHealCalculation
CRIntellectHealCalculation,10,GE_Mosse_PinkButterfly_Double_FlashHeal,complete,0,CRIntellectHealCalculation
CRIntellectHealCalculation,11,GE_Mosse_PinkButterfly_Double_Hot,complete,0,CRIntellectHealCalculation
CRIntellectHealCalculation,12,GE_Mosse_PinkButterfly_Simple_Hot,complete,0,CRIntellectHealCalculation
CRIntellectHealCalculation,13,GE_Mosse_Talent_ExplosiveMinion_AllyTargetHeal_Heal,complete,0,CRIntellectHealCalculation
CRIntellectHealCalculation,14,GE_SG_WaterElemental_CastedSingleTargetHeal_Heal,complete,0,CRIntellectHealCalculation
CRIntellectHealCalculation,15,GE_UB_DefendingCleric_ExitCombatBuff_Hot,complete,0,CRIntellectHealCalculation
CRIntellectHealCalculation,16,GE_UB_DefendingCleric_Heal_Hot,complete,0,CRIntellectHealCalculation
CRIntellectHealCalculation,17,GE_UC_CadavrianDeathPriest_ChanneledMultiTargetHeal_HealBuff,complete,0,CRIntellectHealCalculation
CRIntellectHealCalculation,18,GE_Vigor_CastedSingleTargetHeal_Heal,complete,0,CRIntellectHealCalculation
CRIntellectHealCalculation,19,GE_Vigor_InstantAoeHeal_Heal,complete,0,CRIntellectHealCalculation
CRIntellectHealCalculation,20,GE_Vigor_InstantFrontalConeDamageHeal_Heal,complete,0,CRIntellectHealCalculation
CRIntellectHealCalculation,21,GE_Vigor_PartyHealAndSelfBuff_Heal,complete,0,CRIntellectHealCalculation
CRIntellectHealCalculation,22,GE_Vigor_SingleTargetChargedHot_DirectHeal,complete,0,CRIntellectHealCalculation
CRIntellectHealCalculation,23,GE_Vigor_SkillshotAoeProjectile_Heal,complete,0,CRIntellectHealCalculation
CRManaGainCalculation,0,GE_CM_Elf_Warden_DrainMana,complete,0,CRManaGainCalculation
CRManaGainCalculation,1,GE_Vigor_Talent_CastedSingleTargetDamage_ManaRegenBuff,complete,0,CRManaGainCalculation
CRModifyStaggerExecution,0,GE_Lisa_AoeStaggerRemovalSpender_RemoveStagger,complete,0,CRModifyStaggerExecution
CRModifyStaggerExecution,1,GE_Lisa_SingleTargetStaggerRemovalSpender_RemoveStagger,complete,0,CRModifyStaggerExecution
CRModifyStaggerExecution,2,GE_Lisa_Talent_StaggerRemovalOverTime,complete,0,CRModifyStaggerExecution
CRModifyStaggerExecution,3,GE_Shared_ModifyStagger,complete,0,CRModifyStaggerExecution
CRPrimaryAttributeDamageCalculation,0,GE_CM_ElfLookout_MeleeAutoAttack_Damage,complete,0,CRPrimaryAttributeDamageCalculation
CRPrimaryAttributeDamageCalculation,1,GE_DM_FriendlyClockworkRat_OnHit_Dammage,complete,0,CRPrimaryAttributeDamageCalculation
CRPrimaryAttributeDamageCalculation,2,GE_DM_WInterWitch_CastProjectile_Damage,complete,0,CRPrimaryAttributeDamageCalculation
CRPrimaryAttributeDamageCalculation,3,GE_DM_WinterGiant_AutoAttackCleave_Damage,complete,0,CRPrimaryAttributeDamageCalculation
CRPrimaryAttributeDamageCalculation,4,GE_DM_WinterGiant_CastSoakDebuff_Damage,complete,0,CRPrimaryAttributeDamageCalculation
CRPrimaryAttributeDamageCalculation,5,GE_DM_WinterGiant_ChannelAoePullToSelf_Damage,complete,0,CRPrimaryAttributeDamageCalculation
CRPrimaryAttributeDamageCalculation,6,GE_DM_WinterGiant_CrossAOE_Damage,complete,0,CRPrimaryAttributeDamageCalculation
CRPrimaryAttributeDamageCalculation,7,GE_DM_WinterGiant_MeleeChannelDamage_Damage,complete,0,CRPrimaryAttributeDamageCalculation
CRPrimaryAttributeDamageCalculation,8,GE_DM_WinterWitch_AutoAttackMelee_Damage,complete,0,CRPrimaryAttributeDamageCalculation
CRPrimaryAttributeDamageCalculation,9,GE_DM_WinterWitch_CastAoeImmobalize_Damage,complete,0,CRPrimaryAttributeDamageCalculation
CRPrimaryAttributeDamageCalculation,10,GE_DM_WinterWitch_CastDelayedAoeSequence_DirectDamage,complete,0,CRPrimaryAttributeDamageCalculation
CRPrimaryAttributeDamageCalculation,11,GE_DM_WinterWitch_CastDelayedAoeSequence_NearbyDamage,complete,0,CRPrimaryAttributeDamageCalculation
CRPrimaryAttributeDamageCalculation,12,GE_DM_WinterWitch_ChannelAoeDamage_Damage,complete,0,CRPrimaryAttributeDamageCalculation
CRPrimaryAttributeDamageCalculation,13,GE_DM_WinterWitch_ChannelAoeDamage_SlowDebuffOverflow,complete,0,CRPrimaryAttributeDamageCalculation
CRPrimaryAttributeDamageCalculation,14,GE_DR_BossDemonPlant_TankSlamAoe_Damage,complete,0,CRPrimaryAttributeDamageCalculation
CRPrimaryAttributeDamageCalculation,15,GE_DungeonModifier_ShadowLord_TickingAoE_Damage,complete,0,CRPrimaryAttributeDamageCalculation
CRPrimaryAttributeDamageCalculation,16,GE_EM_BossGiantTroll_MeleeAutoAttack_Damage,complete,0,CRPrimaryAttributeDamageCalculation
CRPrimaryAttributeDamageCalculation,17,GE_EM_BossVaerith_PassiveProjectiles_Damage,complete,0,CRPrimaryAttributeDamageCalculation
CRPrimaryAttributeDamageCalculation,18,GE_FM_GravesnareKidnapper_ConeAoeProjectiles_Damage,complete,0,CRPrimaryAttributeDamageCalculation
CRPrimaryAttributeDamageCalculation,19,GE_FM_GravesnareKidnapper_ConeAoeProjectiles_Dot,complete,0,CRPrimaryAttributeDamageCalculation
CRPrimaryAttributeDamageCalculation,20,GE_Finesse_CritChanceToHealOrDamage_Damage,complete,0,CRPrimaryAttributeDamageCalculation
CRPrimaryAttributeDamageCalculation,21,GE_Finesse_DrainHealthBasedOnPrimaryStat_Damage,complete,0,CRPrimaryAttributeDamageCalculation
CRPrimaryAttributeDamageCalculation,22,GE_MC_BloodAnimation_AutoAttackMelee_Damage,complete,0,CRPrimaryAttributeDamageCalculation
CRPrimaryAttributeDamageCalculation,23,GE_MC_BloodCaster_CastProjectile_Damage,complete,0,CRPrimaryAttributeDamageCalculation
CRPrimaryAttributeDamageCalculation,24,GE_MC_BloodGrunt_Jump_DebuffMovementDealsDamage_Damage,complete,0,CRPrimaryAttributeDamageCalculation
CRPrimaryAttributeDamageCalculation,25,GE_MC_BloodGrunt_Jump_LandDamage,complete,0,CRPrimaryAttributeDamageCalculation
CRPrimaryAttributeDamageCalculation,26,GE_MC_BloodGuard_ChargeHalfHealth_BleedDot,complete,0,CRPrimaryAttributeDamageCalculation
CRPrimaryAttributeDamageCalculation,27,GE_MC_BloodSummoner_AutoAttackMelee_Damage,complete,0,CRPrimaryAttributeDamageCalculation
CRPrimaryAttributeDamageCalculation,28,GE_MC_BloodSummoner_ChannelSpawnBloodAnimation_TickDamage,complete,0,CRPrimaryAttributeDamageCalculation
CRPrimaryAttributeDamageCalculation,29,GE_MC_BossGuardian_AutoAttackMeleeCleave,complete,0,CRPrimaryAttributeDamageCalculation
CRPrimaryAttributeDamageCalculation,30,GE_MC_BossGuardian_Runes_Damage,complete,0,CRPrimaryAttributeDamageCalculation
CRPrimaryAttributeDamageCalculation,31,GE_MC_BossGuardian_Soaks_Damage,complete,0,CRPrimaryAttributeDamageCalculation
CRPrimaryAttributeDamageCalculation,32,GE_MC_BossGuardian_TankSlam_Damage,complete,0,CRPrimaryAttributeDamageCalculation
CRPrimaryAttributeDamageCalculation,33,GE_MC_BossGuardian_TankSlam_ProjectileDamage,complete,0,CRPrimaryAttributeDamageCalculation
CRPrimaryAttributeDamageCalculation,34,GE_MC_BossGuardian_TickingDamageAllPlayers_Damage,complete,0,CRPrimaryAttributeDamageCalculation
CRPrimaryAttributeDamageCalculation,35,GE_MF_BossNecrolord_DispellableSoakDot_Dot,complete,0,CRPrimaryAttributeDamageCalculation
CRPrimaryAttributeDamageCalculation,36,GE_MF_BossNecrolord_DispellableSoakDot_SoakExplodeDamage,complete,0,CRPrimaryAttributeDamageCalculation
CRPrimaryAttributeDamageCalculation,37,GE_MF_BossNecrolord_ShootDeer_Damage,complete,0,CRPrimaryAttributeDamageCalculation
CRPrimaryAttributeDamageCalculation,38,GE_MF_BossTotem_AoePulse_Damage,complete,0,CRPrimaryAttributeDamageCalculation
CRPrimaryAttributeDamageCalculation,39,GE_MF_Totem_AoePulse_Damage,complete,0,CRPrimaryAttributeDamageCalculation
CRPrimaryAttributeDamageCalculation,40,GE_MF_Totem_OnDeathExplosion_Damage,complete,0,CRPrimaryAttributeDamageCalculation
CRPrimaryAttributeDamageCalculation,41,GE_NP_BossHellcaller_MeleeAutoAttack_Damage,complete,0,CRPrimaryAttributeDamageCalculation
CRPrimaryAttributeDamageCalculation,42,GE_PR_BossAnchor_PeriodicMultiSoak_Dot,complete,0,CRPrimaryAttributeDamageCalculation
CRPrimaryAttributeDamageCalculation,43,GE_PR_BossAnchor_PeriodicMultiSoak_InstantAoeDamage,complete,0,CRPrimaryAttributeDamageCalculation
CRPrimaryAttributeDamageCalculation,44,GE_PR_BossPirateCaptain_DebuffAoePool_PlacementAoeDamage,complete,0,CRPrimaryAttributeDamageCalculation
CRPrimaryAttributeDamageCalculation,45,GE_PR_BossPirateCaptain_DebuffAoePool_PoolDamage,complete,0,CRPrimaryAttributeDamageCalculation
CRPrimaryAttributeDamageCalculation,46,GE_SH_GravesnareKidnapper_ConeAoeProjectiles_Damage,complete,0,CRPrimaryAttributeDamageCalculation
CRPrimaryAttributeDamageCalculation,47,GE_SH_GravesnareKidnapper_ConeAoeProjectiles_Dot,complete,0,CRPrimaryAttributeDamageCalculation
CRPrimaryAttributeDamageCalculation,48,GE_SH_Venomdrinker_CastSlowHomingProjectile_Damage,complete,0,CRPrimaryAttributeDamageCalculation
CRPrimaryAttributeDamageCalculation,49,GE_SP_BossMarcass_ChanneledPulsingDamage_Damage,complete,0,CRPrimaryAttributeDamageCalculation
CRPrimaryAttributeDamageCalculation,50,GE_SP_BossMarcass_MultiCone_Damage,complete,0,CRPrimaryAttributeDamageCalculation
CRPrimaryAttributeDamageCalculation,51,GE_SP_BossMarcass_PairUp_BreakDamage,complete,0,CRPrimaryAttributeDamageCalculation
CRPrimaryAttributeDamageCalculation,52,GE_SP_FrostWolf_Bite_Damage,complete,0,CRPrimaryAttributeDamageCalculation
CRPrimaryAttributeDamageCalculation,53,GE_SP_FrostWolf_Pursuit_Damage,complete,0,CRPrimaryAttributeDamageCalculation
CRPrimaryAttributeDamageCalculation,54,GE_SP_PolarBear_Tornadoes_Damage,complete,0,CRPrimaryAttributeDamageCalculation
CRPrimaryAttributeDamageCalculation,55,GE_ST_BigBloodElemental_ChannelBeam_Damage,complete,0,CRPrimaryAttributeDamageCalculation
CRPrimaryAttributeDamageCalculation,56,GE_ST_BloodBrute_TankSlamAoe_Damage,complete,0,CRPrimaryAttributeDamageCalculation
CRPrimaryAttributeDamageCalculation,57,GE_ST_BossArbiterIllusion_CastBeam_AoeDamage,complete,0,CRPrimaryAttributeDamageCalculation
CRPrimaryAttributeDamageCalculation,58,GE_ST_BossArbiterIllusion_CastBeam_TargetDamage,complete,0,CRPrimaryAttributeDamageCalculation
CRPrimaryAttributeDamageCalculation,59,GE_ST_BossArbiterIllusion_Damage,complete,0,CRPrimaryAttributeDamageCalculation
CRPrimaryAttributeDamageCalculation,60,GE_ST_BossArbiterIllusion_Tick,complete,0,CRPrimaryAttributeDamageCalculation
CRPrimaryAttributeDamageCalculation,61,GE_ST_BossDefenseEye_AoePlacementDebuff_Stack_Damage,complete,0,CRPrimaryAttributeDamageCalculation
CRPrimaryAttributeDamageCalculation,62,GE_ST_BossDefenseEye_ApplyDelayedAoePlacementDebuffToAll_ExplosionDamage,complete,0,CRPrimaryAttributeDamageCalculation
CRPrimaryAttributeDamageCalculation,63,GE_ST_BossDefenseEye_Beams_Increasing_Dammage,complete,0,CRPrimaryAttributeDamageCalculation
CRPrimaryAttributeDamageCalculation,64,GE_ST_BossDefenseEye_RotatingCross_Hard_IncreasingStacks_Debuff,complete,0,CRPrimaryAttributeDamageCalculation
CRPrimaryAttributeDamageCalculation,65,GE_ST_BossDefenseEye_SearchLight_Pulse_Damage,complete,0,CRPrimaryAttributeDamageCalculation
CRPrimaryAttributeDamageCalculation,66,GE_ST_BossDefenseEye_SlowDotAoe_Dot,complete,0,CRPrimaryAttributeDamageCalculation
CRPrimaryAttributeDamageCalculation,67,GE_ST_BossGateKeeper_AuraProximityDamage_Damage,complete,0,CRPrimaryAttributeDamageCalculation
CRPrimaryAttributeDamageCalculation,68,GE_ST_BossGatekeeper_Conduit_Circle_ProjectileDamage,complete,0,CRPrimaryAttributeDamageCalculation
CRPrimaryAttributeDamageCalculation,69,GE_ST_BossGatekeeper_Conduit_Square_AttachedSoak_SoakExplodeDamage,complete,0,CRPrimaryAttributeDamageCalculation
CRPrimaryAttributeDamageCalculation,70,GE_ST_BossGatekeeper_Conduit_Triangle_AoeDamage,complete,0,CRPrimaryAttributeDamageCalculation
CRPrimaryAttributeDamageCalculation,71,GE_ST_BossGatekeeper_MeleeAutoAttack_Damage,complete,0,CRPrimaryAttributeDamageCalculation
CRPrimaryAttributeDamageCalculation,72,GE_ST_BossGatekeeper_MultiCastedMeleeStrike_Damage,complete,0,CRPrimaryAttributeDamageCalculation
CRPrimaryAttributeDamageCalculation,73,GE_ST_BossGatekeeper_PullAndCastedAoe_AoeDamage,complete,0,CRPrimaryAttributeDamageCalculation
CRPrimaryAttributeDamageCalculation,74,GE_ST_BossGatekeeper_TankCone_Damage,complete,0,CRPrimaryAttributeDamageCalculation
CRPrimaryAttributeDamageCalculation,75,GE_ST_SmallBloodElemental_CastProjectile_Damage,complete,0,CRPrimaryAttributeDamageCalculation
CRPrimaryAttributeDamageCalculation,76,GE_ST_SmallBloodElemental_SpinProjectiles_Damage,complete,0,CRPrimaryAttributeDamageCalculation
CRPrimaryAttributeDamageCalculation,77,GE_Trait_ExtraDotHotOnEffectApplicationProc_Dot,complete,0,CRPrimaryAttributeDamageCalculation
CRPrimaryAttributeDamageCalculation,78,GE_Trait_GemSingleTargetProcOnDamageHeal_Damage,complete,0,CRPrimaryAttributeDamageCalculation
CRPrimaryAttributeDamageCalculation,79,GE_Trait_GemTargetedSpikeProc_Damage,complete,0,CRPrimaryAttributeDamageCalculation
CRPrimaryAttributeDamageCalculation,80,GE_Trait_IncomingDamageToDefenceAndDamage_Damage,complete,0,CRPrimaryAttributeDamageCalculation
CRPrimaryAttributeDamageCalculation,81,GE_UB_BossArchbishop_ArenaAoeBeam_Damage,complete,0,CRPrimaryAttributeDamageCalculation
CRPrimaryAttributeDamageCalculation,82,GE_VV_BlackmistCutthroat_ChannelCone_Damage,complete,0,CRPrimaryAttributeDamageCalculation
CRPrimaryAttributeDamageCalculation,83,GE_Weapon_AbsorbDelayedAoeDamage_AoeDamage,complete,0,CRPrimaryAttributeDamageCalculation
CRPrimaryAttributeDamageCalculation,84,GE_Weapon_CastedChainHealDamage_Damage,complete,0,CRPrimaryAttributeDamageCalculation
CRPrimaryAttributeDamageCalculation,85,GE_Weapon_CastedHealAndDamageChannel_Damage,complete,0,CRPrimaryAttributeDamageCalculation
CRPrimaryAttributeDamageCalculation,86,GE_Weapon_CastedRepetitivelyAOEDamageDebuff_Damage,complete,0,CRPrimaryAttributeDamageCalculation
CRPrimaryAttributeDamageCalculation,87,GE_Weapon_CastedRepetitivelyAOEDamageDebuff_Dot,complete,0,CRPrimaryAttributeDamageCalculation
CRPrimaryAttributeDamageCalculation,88,GE_Weapon_ChanneledCooldownReducer_AoeDamage,complete,0,CRPrimaryAttributeDamageCalculation
CRPrimaryAttributeDamageCalculation,89,GE_Weapon_CleaveDamageBuffCooldownReduction_CleaveDamage,complete,0,CRPrimaryAttributeDamageCalculation
CRPrimaryAttributeDamageCalculation,90,GE_Weapon_CleaveDamageBuffCooldownReduction_MainDamage,complete,0,CRPrimaryAttributeDamageCalculation
CRPrimaryAttributeDamageCalculation,91,GE_Weapon_FrontalAOEConeRepeatingStunDamage_Damage_Final,complete,0,CRPrimaryAttributeDamageCalculation
CRPrimaryAttributeDamageCalculation,92,GE_Weapon_FrontalAOEConeRepeatingStunDamage_Damage_Initial,complete,0,CRPrimaryAttributeDamageCalculation
CRPrimaryAttributeDamageCalculation,93,GE_Weapon_FrontalAOEConeRepeatingStunDamage_Damage_Repeating,complete,0,CRPrimaryAttributeDamageCalculation
CRPrimaryAttributeDamageCalculation,94,GE_Weapon_InstantAoeDamageBuff_Damage,complete,0,CRPrimaryAttributeDamageCalculation
CRPrimaryAttributeDamageCalculation,95,GE_Weapon_InstantChargedProjectileHealOrDamage_Damage,complete,0,CRPrimaryAttributeDamageCalculation
CRPrimaryAttributeDamageCalculation,96,GE_Weapon_StunDotAoeDamageSlow_AoeDamage,complete,0,CRPrimaryAttributeDamageCalculation
CRPrimaryAttributeDamageCalculation,97,GE_Weapon_StunDotAoeDamageSlow_SlowDot,complete,0,CRPrimaryAttributeDamageCalculation
CRPrimaryAttributeDamageCalculation,98,GE_Weapon_StunDotAoeDamageSlow_StunDot,complete,0,CRPrimaryAttributeDamageCalculation
CRPrimaryAttributeHealCalculation,0,GE_Finesse_CritChanceToHealOrDamage_Heal,complete,0,CRPrimaryAttributeHealCalculation
CRPrimaryAttributeHealCalculation,1,GE_Trait_CritsToIncreasedPrimaryStatBuff_Hot,complete,0,CRPrimaryAttributeHealCalculation
CRPrimaryAttributeHealCalculation,2,GE_Trait_ExtraDotHotOnEffectApplicationProc_Hot,complete,0,CRPrimaryAttributeHealCalculation
CRPrimaryAttributeHealCalculation,3,GE_Trait_GemSingleTargetProcOnDamageHeal_Heal,complete,0,CRPrimaryAttributeHealCalculation
CRPrimaryAttributeHealCalculation,4,GE_Trait_IncomingDamageToHotAndAbsorb_Hot,complete,0,CRPrimaryAttributeHealCalculation
CRPrimaryAttributeHealCalculation,5,GE_Trait_IncomingHealToStackingHealWithThreshold_Heal,complete,0,CRPrimaryAttributeHealCalculation
CRPrimaryAttributeHealCalculation,6,GE_Trait_StandingStillHealStacking_Heal,complete,0,CRPrimaryAttributeHealCalculation
CRPrimaryAttributeHealCalculation,7,GE_Weapon_CastedBuffStacksHealOnDamage_Heal,complete,0,CRPrimaryAttributeHealCalculation
CRPrimaryAttributeHealCalculation,8,GE_Weapon_CastedChainHealDamage_Heal,complete,0,CRPrimaryAttributeHealCalculation
CRPrimaryAttributeHealCalculation,9,GE_Weapon_InstantChargedProjectileHealOrDamage_Heal,complete,0,CRPrimaryAttributeHealCalculation
CRRemoveAllGeneratedThreatExecution,0,GE_Shared_RemoveAllGeneratedThreat,complete,0,CRRemoveAllGeneratedThreatExecution
CRReviveCharacterExecution,0,GE_Shared_InstantlyReviveCharacter,complete,0,CRReviveCharacterExecution
CRReviveCharacterExecution,1,GE_Shared_ZoneAIRespawn_Revive,complete,0,CRReviveCharacterExecution
CRScaleAllThreatExecution,0,GE_Mosse_InstantSelfEscapeBuff_ReduceThreat,complete,0,CRScaleAllThreatExecution
CRScaleAllThreatExecution,1,GE_Shared_ScaleAllThreat,complete,0,CRScaleAllThreatExecution
CRSendSignalToGrantedAbilityExecution,0,GE_Gunde_InstantAoeDot_Dot,complete,1,CRSendSignalToGrantedAbilityExecution
CRSendSignalToGrantedAbilityExecution,1,GE_Gunde_PerTargetAccumulatedBleed,complete,1,CRSendSignalToGrantedAbilityExecution
CRSendSignalToGrantedAbilityExecution,2,GE_Gunde_Talent_DotTransfer_InstantAoeWithBuff_DamageAndOrbs_OrbDropper,complete,0,CRSendSignalToGrantedAbilityExecution
CRSendSignalToSourceAbilityExecution,0,GE_DR_BossGateWizard_FirePillar_Damage,complete,1,CRSendSignalToSourceAbilityExecution
CRSendSignalToSourceAbilityExecution,1,GE_DR_BossGateWizard_FirePillar_Dot,complete,1,CRSendSignalToSourceAbilityExecution
CRSendSignalToSourceAbilityExecution,2,GE_Firemage_CastedSingleDot_Dot,complete,0,CRSendSignalToSourceAbilityExecution
CRSendSignalToSourceAbilityExecution,3,GE_Firemage_CastedSingleHeavyDot_Dot,complete,0,CRSendSignalToSourceAbilityExecution
CRSendSignalToSourceAbilityExecution,4,GE_Firemage_ChanneledForwardAoeDamage_Dot,complete,1,CRSendSignalToSourceAbilityExecution
CRSendSignalToSourceAbilityExecution,5,GE_Firemage_FireFrog_Dot,complete,1,CRSendSignalToSourceAbilityExecution
CRSendSignalToSourceAbilityExecution,6,GE_Firemage_InstantSingleTargetDot_Dot,complete,1,CRSendSignalToSourceAbilityExecution
CRSendSignalToSourceAbilityExecution,7,GE_Firemage_PlacedProjectileAoe_DirectDamageBased_Dot,complete,1,CRSendSignalToSourceAbilityExecution
CRSendSignalToSourceAbilityExecution,8,GE_Firemage__Talent_CastedDotBoostProjectile_DirectDamageBased_Dot,complete,1,CRSendSignalToSourceAbilityExecution
CRSendSignalToSourceAbilityExecution,9,GE_Gunde_PerTargetAccumulatedBleed,complete,0,CRSendSignalToSourceAbilityExecution
CRSendSignalToSourceAbilityExecution,10,GE_Gunde_Talent_DotTransfer_AoeBasedOnStacks_Aoe,complete,0,CRSendSignalToSourceAbilityExecution
CRSendSignalToSourceAbilityExecution,11,GE_Lisa_ChanneledHealOrDamageProjectiles_Heal,complete,1,CRSendSignalToSourceAbilityExecution
CRSendSignalToSourceAbilityExecution,12,GE_Lisa_InstantSingleTargetDamageAndDot_Dot,complete,1,CRSendSignalToSourceAbilityExecution
CRSendSignalToSourceAbilityExecution,13,GE_Lisa_SingleTargetDot_Dot,complete,1,CRSendSignalToSourceAbilityExecution
CRSendSignalToSourceAbilityExecution,14,GE_Mara_BleedAttackSpender_Bleed,complete,1,CRSendSignalToSourceAbilityExecution
CRSendSignalToSourceAbilityExecution,15,GE_Mara_ChargedDoubleAttackBuilder_Poison,complete,1,CRSendSignalToSourceAbilityExecution
CRSendSignalToSourceAbilityExecution,16,GE_Mara_Talent_ChargedDoubleAttackBuilder_ResourceIncreaseOT_Buff,complete,0,CRSendSignalToSourceAbilityExecution
CRSendSignalToSourceAbilityExecution,17,GE_Rime_CastedDebuffAoeDamage_Debuff,complete,0,CRSendSignalToSourceAbilityExecution
CRSendSignalToSourceAbilityExecution,18,GE_Vigor_SingleTargetDot_Dot,complete,1,CRSendSignalToSourceAbilityExecution
CRSendSignalToSourceAbilityExecution,19,GE_Vigor_SkillshotAoeProjectile_Damage,complete,1,CRSendSignalToSourceAbilityExecution
CRSendSignalToSourceAbilityExecution,20,GE_Vigor_SkillshotAoeProjectile_Heal,complete,1,CRSendSignalToSourceAbilityExecution
CRStrengthDamageCalculation,0,GE_CM_BlackburnMantrader_MeleeAutoAttack_Damage,complete,0,CRStrengthDamageCalculation
CRStrengthDamageCalculation,1,GE_CM_BossAina_Charge_Damage,complete,0,CRStrengthDamageCalculation
CRStrengthDamageCalculation,2,GE_CM_BossAina_MeleeAutoAttack_Damage,complete,0,CRStrengthDamageCalculation
CRStrengthDamageCalculation,3,GE_CM_BossTroll_AutoAttack_Damage,complete,0,CRStrengthDamageCalculation
CRStrengthDamageCalculation,4,GE_CM_BossTroll_Charge_BumpDamage,complete,0,CRStrengthDamageCalculation
CRStrengthDamageCalculation,5,GE_CM_BossTroll_Charge_ImpactDamage,complete,0,CRStrengthDamageCalculation
CRStrengthDamageCalculation,6,GE_CM_BossTroll_Enrage_Damage,complete,0,CRStrengthDamageCalculation
CRStrengthDamageCalculation,7,GE_CM_BossTroll_FallingRocks_Damage,complete,0,CRStrengthDamageCalculation
CRStrengthDamageCalculation,8,GE_CM_BossWhisperingCore_RangedAutoAttack_Damage,complete,0,CRStrengthDamageCalculation
CRStrengthDamageCalculation,9,GE_CM_BossWhisperingCore_TankSlam_Damage,complete,0,CRStrengthDamageCalculation
CRStrengthDamageCalculation,10,GE_CM_BossYrsa_AoEDamageSlow_Damage,complete,0,CRStrengthDamageCalculation
CRStrengthDamageCalculation,11,GE_CM_BossYrsa_AoeSoak_SoakedDamage,complete,0,CRStrengthDamageCalculation
CRStrengthDamageCalculation,12,GE_CM_BossYrsa_AoeSoak_UnsoakedDamage,complete,0,CRStrengthDamageCalculation
CRStrengthDamageCalculation,13,GE_CM_BossYrsa_AutoAttack_Damage,complete,0,CRStrengthDamageCalculation
CRStrengthDamageCalculation,14,GE_CM_BossYrsa_ConjureScythe_Damage,complete,0,CRStrengthDamageCalculation
CRStrengthDamageCalculation,15,GE_CM_Charged_Construct_Ghost_SelfDamageDebuff,complete,0,CRStrengthDamageCalculation
CRStrengthDamageCalculation,16,GE_CM_Construct_Charged_AutoAttack,complete,0,CRStrengthDamageCalculation
CRStrengthDamageCalculation,17,GE_CM_Construct_Charged_Ghost_AutoAttack,complete,0,CRStrengthDamageCalculation
CRStrengthDamageCalculation,18,GE_CM_CrystalConstructCharged_MeleeAutoAttack_Damage,complete,0,CRStrengthDamageCalculation
CRStrengthDamageCalculation,19,GE_CM_EarthElemental_AutoAttack_Damage,complete,0,CRStrengthDamageCalculation
CRStrengthDamageCalculation,20,GE_CM_EarthElemental_BurrowedStrike_Damage,complete,0,CRStrengthDamageCalculation
CRStrengthDamageCalculation,21,GE_CM_EarthElemental_CastAoeDamage_Damage,complete,0,CRStrengthDamageCalculation
CRStrengthDamageCalculation,22,GE_CM_EarthElemental_EarthBreaker_Damage,complete,0,CRStrengthDamageCalculation
CRStrengthDamageCalculation,23,GE_CM_EarthElemental_EarthStomp_Damage,complete,0,CRStrengthDamageCalculation
CRStrengthDamageCalculation,24,GE_CM_EarthElemental_Upheaval_Damage,complete,0,CRStrengthDamageCalculation
CRStrengthDamageCalculation,25,GE_CM_ElfEnforcer_AutoAttack_Damage,complete,0,CRStrengthDamageCalculation
CRStrengthDamageCalculation,26,GE_CM_ElfEnforcer_TankSlam_Damage,complete,0,CRStrengthDamageCalculation
CRStrengthDamageCalculation,27,GE_CM_ElfGoon_FirstThreatProjectile_Damage,complete,0,CRStrengthDamageCalculation
CRStrengthDamageCalculation,28,GE_CM_ElfInterrogator_AutoAttack_Damage,complete,0,CRStrengthDamageCalculation
CRStrengthDamageCalculation,29,GE_CM_ElfInterrogator_PoisonDagger_Damage,complete,0,CRStrengthDamageCalculation
CRStrengthDamageCalculation,30,GE_CM_ElfInterrogator_WickedStrike_Damage,complete,0,CRStrengthDamageCalculation
CRStrengthDamageCalculation,31,GE_CM_ElfInterrogator_WickedStrike_Dot,complete,0,CRStrengthDamageCalculation
CRStrengthDamageCalculation,32,GE_CM_ElfLookout_AutoAttack_Damage,complete,0,CRStrengthDamageCalculation
CRStrengthDamageCalculation,33,GE_CM_ElfLookout_QuickShots_Damage,complete,0,CRStrengthDamageCalculation
CRStrengthDamageCalculation,34,GE_CM_ElfTaskmaster_ConePull_Damage,complete,0,CRStrengthDamageCalculation
CRStrengthDamageCalculation,35,GE_CM_ElfTaskmaster_ConePull_Dot,complete,0,CRStrengthDamageCalculation
CRStrengthDamageCalculation,36,GE_CM_Elf_Goon_AutoAttack_Damage,complete,0,CRStrengthDamageCalculation
CRStrengthDamageCalculation,37,GE_CM_Elf_Taskmaster_AutoAttack_Damage,complete,0,CRStrengthDamageCalculation
CRStrengthDamageCalculation,38,GE_CM_ImpatientBrawler_MeleeAutoAttack_Damage,complete,0,CRStrengthDamageCalculation
CRStrengthDamageCalculation,39,GE_CM_ReflectedHero_AutoAttack_Damage,complete,0,CRStrengthDamageCalculation
CRStrengthDamageCalculation,40,GE_CM_TrollBoss_CrushAoeDamage,complete,0,CRStrengthDamageCalculation
CRStrengthDamageCalculation,41,GE_CM_VolatileConstruct_AutoAttack_Damage,complete,0,CRStrengthDamageCalculation
CRStrengthDamageCalculation,42,GE_CM_VolatileConstruct_DeathBomb_Damage,complete,0,CRStrengthDamageCalculation
CRStrengthDamageCalculation,43,GE_CM_VolatileConstruct_ExplosiveCrystal_Damage,complete,0,CRStrengthDamageCalculation
CRStrengthDamageCalculation,44,GE_CM_VolatileConstruct_JaggedCrystal_Damage,complete,0,CRStrengthDamageCalculation
CRStrengthDamageCalculation,45,GE_Critter_Chicken_AutoAttack_Damage,complete,0,CRStrengthDamageCalculation
CRStrengthDamageCalculation,46,GE_DD_Arbalist_AutoAttack_Damage,complete,0,CRStrengthDamageCalculation
CRStrengthDamageCalculation,47,GE_DD_Arbalist_MeleeAutoAttack_Damage,complete,0,CRStrengthDamageCalculation
CRStrengthDamageCalculation,48,GE_DD_BossCadavrianMagi_MeleeAutoAttack_Damage,complete,0,CRStrengthDamageCalculation
CRStrengthDamageCalculation,49,GE_DD_BossCadavrianMagi_MoonCast_Damage,complete,0,CRStrengthDamageCalculation
CRStrengthDamageCalculation,50,GE_DD_BossCadavrianMagi_ShadowCast_Damage,complete,0,CRStrengthDamageCalculation
CRStrengthDamageCalculation,51,GE_DD_BossCadavrianMagi_SunCast_Debuff,complete,0,CRStrengthDamageCalculation
CRStrengthDamageCalculation,52,GE_DD_DesertBrute_AoEPulse_Damage,complete,0,CRStrengthDamageCalculation
CRStrengthDamageCalculation,53,GE_DD_DesertBrute_CastedGrowingEarthStomp_Damage,complete,0,CRStrengthDamageCalculation
CRStrengthDamageCalculation,54,GE_DD_DesertBrute_MeleeAutoAttack_Damage,complete,0,CRStrengthDamageCalculation
CRStrengthDamageCalculation,55,GE_DD_DesertNomad_MeleeAutoAttack_Damage,complete,0,CRStrengthDamageCalculation
CRStrengthDamageCalculation,56,GE_DD_DesertWarrior_AutoAttackMelee_Damage,complete,0,CRStrengthDamageCalculation
CRStrengthDamageCalculation,57,GE_DD_DesertWarrior_ChanneledAOE_Damage,complete,0,CRStrengthDamageCalculation
CRStrengthDamageCalculation,58,GE_DD_DesertWarrior_Charge_Bleed,complete,0,CRStrengthDamageCalculation
CRStrengthDamageCalculation,59,GE_DD_DesertWarrior_Charge_Damage,complete,0,CRStrengthDamageCalculation
CRStrengthDamageCalculation,60,GE_DD_NightboundMagi_MeleeAutoAttack_Damage,complete,0,CRStrengthDamageCalculation
CRStrengthDamageCalculation,61,GE_DD_NightboundMagi_MultiAoeSoak_SoakedDamage,complete,0,CRStrengthDamageCalculation
CRStrengthDamageCalculation,62,GE_DD_NightboundMagi_MultiAoeSoak_UnsoakedDamage,complete,0,CRStrengthDamageCalculation
CRStrengthDamageCalculation,63,GE_DD_WitheringMagiPeriodicDamage_Damage,complete,0,CRStrengthDamageCalculation
CRStrengthDamageCalculation,64,GE_DD_WitheringMagi_MeleeAutoAttack_Damage,complete,0,CRStrengthDamageCalculation
CRStrengthDamageCalculation,65,GE_DM_ClockworkRat_OnDeathAoe_Damage,complete,0,CRStrengthDamageCalculation
CRStrengthDamageCalculation,66,GE_DM_FriendlyClockworkRat_Projectile_Damage,complete,0,CRStrengthDamageCalculation
CRStrengthDamageCalculation,67,GE_DM_WinterTrickster_Charge_Damage,complete,0,CRStrengthDamageCalculation
CRStrengthDamageCalculation,68,GE_DR_BarbedRoot_AutoAttackMelee_Damage,complete,0,CRStrengthDamageCalculation
CRStrengthDamageCalculation,69,GE_DR_BarbedRoot_CastedSlam_Damage,complete,0,CRStrengthDamageCalculation
CRStrengthDamageCalculation,70,GE_DR_BarbedRoot_Grip_Damage,complete,0,CRStrengthDamageCalculation
CRStrengthDamageCalculation,71,GE_DR_BloodfangMauler_AOECone_Damage,complete,0,CRStrengthDamageCalculation
CRStrengthDamageCalculation,72,GE_DR_BloodfangMauler_MeleeAutoAttack_Damage,complete,0,CRStrengthDamageCalculation
CRStrengthDamageCalculation,73,GE_DR_BossCultLeader_Grip_Damage,complete,0,CRStrengthDamageCalculation
CRStrengthDamageCalculation,74,GE_DR_BossCultLeader_MeleeAutoAttack_Damage,complete,0,CRStrengthDamageCalculation
CRStrengthDamageCalculation,75,GE_DR_BossCultLeader_ResizingAoeCircles_Damage,complete,0,CRStrengthDamageCalculation
CRStrengthDamageCalculation,76,GE_DR_BossCultLeader_ResizingAoeCircles_Dot,complete,0,CRStrengthDamageCalculation
CRStrengthDamageCalculation,77,GE_DR_BossDemonPlant_MeleeAutoAttack_Damage,complete,0,CRStrengthDamageCalculation
CRStrengthDamageCalculation,78,GE_DR_BossDemonPlant_SpawnVine_Damage,complete,0,CRStrengthDamageCalculation
CRStrengthDamageCalculation,79,GE_DR_BossGateWizard_FirePillar_Damage,complete,0,CRStrengthDamageCalculation
CRStrengthDamageCalculation,80,GE_DR_BossGateWizard_FootballHitPulse_Damage,complete,0,CRStrengthDamageCalculation
CRStrengthDamageCalculation,81,GE_DR_BossGateWizard_Football_PlayerDamage,complete,0,CRStrengthDamageCalculation
CRStrengthDamageCalculation,82,GE_DR_BossGateWizard_MeleeAutoAttack_Damage,complete,0,CRStrengthDamageCalculation
CRStrengthDamageCalculation,83,GE_DR_BossGateWizard_TankDot_Bleed,complete,0,CRStrengthDamageCalculation
CRStrengthDamageCalculation,84,GE_DR_BossSummonedDemon_ChanneledHellfire_Damage,complete,0,CRStrengthDamageCalculation
CRStrengthDamageCalculation,85,GE_DR_BossSummonedDemon_LeapSlam_BurningGround_Damage,complete,0,CRStrengthDamageCalculation
CRStrengthDamageCalculation,86,GE_DR_BossSummonedDemon_LeapSlam_Damage,complete,0,CRStrengthDamageCalculation
CRStrengthDamageCalculation,87,GE_DR_BossSummonedDemon_LeapSlam_FriendlyDamage,complete,0,CRStrengthDamageCalculation
CRStrengthDamageCalculation,88,GE_DR_BossSummonedDemon_MeleeAutoAttack_Damage,complete,0,CRStrengthDamageCalculation
CRStrengthDamageCalculation,89,GE_DR_BossSummonedDemon_PortalDemon_MeleeAutoAttack_Damage,complete,0,CRStrengthDamageCalculation
CRStrengthDamageCalculation,90,GE_DR_BossSummonedDemon_Portal_Demon_AoePulse_Damage,complete,0,CRStrengthDamageCalculation
CRStrengthDamageCalculation,91,GE_DR_BossSummonedDemon_TankSlam_Damage,complete,0,CRStrengthDamageCalculation
CRStrengthDamageCalculation,92,GE_DR_BurningDemon_Bombardment_Damage,complete,0,CRStrengthDamageCalculation
CRStrengthDamageCalculation,93,GE_DR_BurningDemon_MeleeAutoAttack,complete,0,CRStrengthDamageCalculation
CRStrengthDamageCalculation,94,GE_DR_CultistCaster_MeleeAutoAttack_Damage,complete,0,CRStrengthDamageCalculation
CRStrengthDamageCalculation,95,GE_DR_CultistMajorCaster_MeleeAutoAttack_Damage,complete,0,CRStrengthDamageCalculation
CRStrengthDamageCalculation,96,GE_DR_CultistSickle_InitialRangedAttack_Damage,complete,0,CRStrengthDamageCalculation
CRStrengthDamageCalculation,97,GE_DR_CultistSickle_MeleeAutoAttack_Damage,complete,0,CRStrengthDamageCalculation
CRStrengthDamageCalculation,98,GE_DR_DangerousBrute_Cleave_Damage,complete,0,CRStrengthDamageCalculation
CRStrengthDamageCalculation,99,GE_DR_DangerousBrute_MeleeAutoAttack_Damage,complete,0,CRStrengthDamageCalculation
CRStrengthDamageCalculation,100,GE_DR_FlyingImp_MeleeAutoAttack,complete,0,CRStrengthDamageCalculation
CRStrengthDamageCalculation,101,GE_DR_FranticImp_MeleeAutoAttack_Damage,complete,0,CRStrengthDamageCalculation
CRStrengthDamageCalculation,102,GE_DR_FranticImp_SingelTargetAttackAndMoveBack_Damage,complete,0,CRStrengthDamageCalculation
CRStrengthDamageCalculation,103,GE_DR_HornedDemon_Charge_Damage,complete,0,CRStrengthDamageCalculation
CRStrengthDamageCalculation,104,GE_DR_HornedDemon_MeleeAutoAttack_Damage,complete,0,CRStrengthDamageCalculation
CRStrengthDamageCalculation,105,GE_DR_Mancatcher_AOECone_Damage,complete,0,CRStrengthDamageCalculation
CRStrengthDamageCalculation,106,GE_DR_Mancatcher_Grip_Damage,complete,0,CRStrengthDamageCalculation
CRStrengthDamageCalculation,107,GE_DR_Mancatcher_MeleeAutoAttack_Damage,complete,0,CRStrengthDamageCalculation
CRStrengthDamageCalculation,108,GE_DR_RuinsLasher_AutoAttackMelee_Damage,complete,0,CRStrengthDamageCalculation
CRStrengthDamageCalculation,109,GE_DR_SlaughtervineArchephyte_AutoAttackMelee_Damage,complete,0,CRStrengthDamageCalculation
CRStrengthDamageCalculation,110,GE_DR_SlaughtervineArchephyte_SlowMovingAOE_Damage,complete,0,CRStrengthDamageCalculation
CRStrengthDamageCalculation,111,GE_DR_Slaughtervine_AutoAttackMelee_Damage,complete,0,CRStrengthDamageCalculation
CRStrengthDamageCalculation,112,GE_DungeonModifier_ShadowLord_MeleeAutoAttack_Damage,complete,0,CRStrengthDamageCalculation
CRStrengthDamageCalculation,113,GE_EM_BossGiantTroll_AoeSequence_Damage,complete,0,CRStrengthDamageCalculation
CRStrengthDamageCalculation,114,GE_EM_BossGiantTroll_ChanneledAoeDamage_Damage,complete,0,CRStrengthDamageCalculation
CRStrengthDamageCalculation,115,GE_EM_BossGiantTroll_MultiSoak_SoakedDamage,complete,0,CRStrengthDamageCalculation
CRStrengthDamageCalculation,116,GE_EM_BossGiantTroll_MultiSoak_UnsoakedDamage,complete,0,CRStrengthDamageCalculation
CRStrengthDamageCalculation,117,GE_EM_BossVaerith_BombDebuff_Damage,complete,0,CRStrengthDamageCalculation
CRStrengthDamageCalculation,118,GE_EM_BossVaerith_BombDebuff_Dot,complete,0,CRStrengthDamageCalculation
CRStrengthDamageCalculation,119,GE_EM_Miner_MeleeAutoAttack_Damage,complete,0,CRStrengthDamageCalculation
CRStrengthDamageCalculation,120,GE_FK_BossElfDragon_MultiDashArrivalBleedDebuff,complete,0,CRStrengthDamageCalculation
CRStrengthDamageCalculation,121,GE_FK_BossFreezingWaterLord_AutoAttackDamage,complete,0,CRStrengthDamageCalculation
CRStrengthDamageCalculation,122,GE_FK_BossFreezingWaterlord_ExplodePuddles_Damage,complete,0,CRStrengthDamageCalculation
CRStrengthDamageCalculation,123,GE_FK_BossRangerCaptain_AutoAttackMelee_Damage,complete,0,CRStrengthDamageCalculation
CRStrengthDamageCalculation,124,GE_FK_BossRangerCaptain_AutoAttack_Damage,complete,0,CRStrengthDamageCalculation
CRStrengthDamageCalculation,125,GE_FK_Elf_Cleric_AutoAttackMelee_Damage,complete,0,CRStrengthDamageCalculation
CRStrengthDamageCalculation,126,GE_FK_Elf_Duelist_AutoAttack_Damage,complete,0,CRStrengthDamageCalculation
CRStrengthDamageCalculation,127,GE_FK_Elf_Duelist_SpinningIceSword_Damage,complete,0,CRStrengthDamageCalculation
CRStrengthDamageCalculation,128,GE_FK_Elf_Goon_AutoAttack_Damage,complete,0,CRStrengthDamageCalculation
CRStrengthDamageCalculation,129,GE_FK_Elf_Guard_AutoAttack_Damage,complete,0,CRStrengthDamageCalculation
CRStrengthDamageCalculation,130,GE_FK_Elf_Illusionist_AutoAttackMelee_Damage,complete,0,CRStrengthDamageCalculation
CRStrengthDamageCalculation,131,GE_FK_Elf_Ranger_AutoAttack_Damage,complete,0,CRStrengthDamageCalculation
CRStrengthDamageCalculation,132,GE_FK_Elf_Ranger_MeleeAutoAttack_Damage,complete,0,CRStrengthDamageCalculation
CRStrengthDamageCalculation,133,GE_FK_Elf_Shardling_AutoAttack_Damage,complete,0,CRStrengthDamageCalculation
CRStrengthDamageCalculation,134,GE_FK_IceGolem_AutoAttack_Damage,complete,0,CRStrengthDamageCalculation
CRStrengthDamageCalculation,135,GE_FK_IceGolem_SpikeAOE_Damage,complete,0,CRStrengthDamageCalculation
CRStrengthDamageCalculation,136,GE_FK_MirroredElementalImage_AutoAttack_Damage,complete,0,CRStrengthDamageCalculation
CRStrengthDamageCalculation,137,GE_FM_AshenArsonist_MeleeAutoAttack_Damage,complete,0,CRStrengthDamageCalculation
CRStrengthDamageCalculation,138,GE_FM_Bear_AutoAttack_Damage,complete,0,CRStrengthDamageCalculation
CRStrengthDamageCalculation,139,GE_FM_Bear_HomingCharge_Damage,complete,0,CRStrengthDamageCalculation
CRStrengthDamageCalculation,140,GE_FM_BigSpider_AutoAttack_Damage,complete,0,CRStrengthDamageCalculation
CRStrengthDamageCalculation,141,GE_FM_BullyBasher_MeleeAutoAttack_Damage,complete,0,CRStrengthDamageCalculation
CRStrengthDamageCalculation,142,GE_FM_BullyBasher_TankSlam_Damage,complete,0,CRStrengthDamageCalculation
CRStrengthDamageCalculation,143,GE_FM_Facestabber_AttachedAttack_Damage,complete,0,CRStrengthDamageCalculation
CRStrengthDamageCalculation,144,GE_FM_Facestabber_MeleeAutoAttack_Damage,complete,0,CRStrengthDamageCalculation
CRStrengthDamageCalculation,145,GE_FM_FrenziedLooter_MeleeAutoAttack_Damage,complete,0,CRStrengthDamageCalculation
CRStrengthDamageCalculation,146,GE_FM_GoblinBrute_AutoAttack_Damage,complete,0,CRStrengthDamageCalculation
CRStrengthDamageCalculation,147,GE_FM_GoblinCaster_AutoAttack_Damage,complete,0,CRStrengthDamageCalculation
CRStrengthDamageCalculation,148,GE_FM_GoblinGrunt_AutoAttack_Damage,complete,0,CRStrengthDamageCalculation
CRStrengthDamageCalculation,149,GE_FM_GravesnareKidnapper_MeleeAutoAttack_Damage,complete,0,CRStrengthDamageCalculation
CRStrengthDamageCalculation,150,GE_FM_OrcCaster_AutoAttack_Damage,complete,0,CRStrengthDamageCalculation
CRStrengthDamageCalculation,151,GE_FM_OrcGrunt_AutoAttack_Damage,complete,0,CRStrengthDamageCalculation
CRStrengthDamageCalculation,152,GE_FM_Pillager_MeleeAutoAttack_Damage,complete,0,CRStrengthDamageCalculation
CRStrengthDamageCalculation,153,GE_FM_RotheartRecluse_DotProjectile_DotDamage,complete,0,CRStrengthDamageCalculation
CRStrengthDamageCalculation,154,GE_FM_RotheartRecluse_DotProjectile_EndDamage,complete,0,CRStrengthDamageCalculation
CRStrengthDamageCalculation,155,GE_FM_RotheartRecluse_MeleeAutoAttack_Damage,complete,0,CRStrengthDamageCalculation
CRStrengthDamageCalculation,156,GE_FM_RotheartRecluse_MeleeDot,complete,0,CRStrengthDamageCalculation
CRStrengthDamageCalculation,157,GE_FM_Shinchopper_MeleeAutoAttack_Damage,complete,0,CRStrengthDamageCalculation
CRStrengthDamageCalculation,158,GE_FM_Slaver_CastedMeleeKnockback_Damage,complete,0,CRStrengthDamageCalculation
CRStrengthDamageCalculation,159,GE_FM_Slaver_Grip_Damage,complete,0,CRStrengthDamageCalculation
CRStrengthDamageCalculation,160,GE_FM_Slaver_MeleeAutoAttack_Damage,complete,0,CRStrengthDamageCalculation
CRStrengthDamageCalculation,161,GE_FM_Spiderling_AutoAttack_Damage,complete,0,CRStrengthDamageCalculation
CRStrengthDamageCalculation,162,GE_FM_Stag_AutoAttack_Damage,complete,0,CRStrengthDamageCalculation
CRStrengthDamageCalculation,163,GE_FM_Wolf_AutoAttack_Damage,complete,0,CRStrengthDamageCalculation
CRStrengthDamageCalculation,164,GE_FM_Wolf_Bleed_Dot,complete,0,CRStrengthDamageCalculation
CRStrengthDamageCalculation,165,GE_Gunde_AoeDamageAndStun_Damage,complete,0,CRStrengthDamageCalculation
CRStrengthDamageCalculation,166,GE_Gunde_BasicSingleTargetAttack_Damage,complete,0,CRStrengthDamageCalculation
CRStrengthDamageCalculation,167,GE_Gunde_BasicSingleTargetMelee_Damage,complete,0,CRStrengthDamageCalculation
CRStrengthDamageCalculation,168,GE_Gunde_DashAttack_Damage,complete,0,CRStrengthDamageCalculation
CRStrengthDamageCalculation,169,GE_Gunde_DurationalAoeDotAndBuff_Damage,complete,0,CRStrengthDamageCalculation
CRStrengthDamageCalculation,170,GE_Gunde_ForwardDualProjectile_Bleed,complete,0,CRStrengthDamageCalculation
CRStrengthDamageCalculation,171,GE_Gunde_ForwardDualProjectile_Damage,complete,0,CRStrengthDamageCalculation
CRStrengthDamageCalculation,172,GE_Gunde_HeavyMeleeDotBased_Damage,complete,0,CRStrengthDamageCalculation
CRStrengthDamageCalculation,173,GE_Gunde_HeavyMeleeDotBoost_Damage,complete,0,CRStrengthDamageCalculation
CRStrengthDamageCalculation,174,GE_Gunde_HeavySingleTargetMeleeWithHeal_Damage,complete,0,CRStrengthDamageCalculation
CRStrengthDamageCalculation,175,GE_Gunde_HeavySingleTargetMelee_Damage,complete,0,CRStrengthDamageCalculation
CRStrengthDamageCalculation,176,GE_Gunde_InstantAoeWithBuff_Damage,complete,0,CRStrengthDamageCalculation
CRStrengthDamageCalculation,177,GE_Gunde_InstantSpinAoe_Damage_Old,complete,0,CRStrengthDamageCalculation
CRStrengthDamageCalculation,178,GE_Gunde_InstantWhirlwindAoe_Damage,complete,0,CRStrengthDamageCalculation
CRStrengthDamageCalculation,179,GE_Gunde_MeleeAutoAttack_Damage,complete,0,CRStrengthDamageCalculation
CRStrengthDamageCalculation,180,GE_Gunde_MeleeAutoAttack_Damage_Old,complete,0,CRStrengthDamageCalculation
CRStrengthDamageCalculation,181,GE_Gunde_MoveToTargetBleed_Bleed,complete,0,CRStrengthDamageCalculation
CRStrengthDamageCalculation,182,GE_Gunde_SingleInstantPullEnemy_Damage,complete,0,CRStrengthDamageCalculation
CRStrengthDamageCalculation,183,GE_Gunde_SingleTargetPull_Damage,complete,0,CRStrengthDamageCalculation
CRStrengthDamageCalculation,184,GE_Gunde_Talent_BasicSingleTargetMelee_BleedProc_Bleed,complete,0,CRStrengthDamageCalculation
CRStrengthDamageCalculation,185,GE_Gunde_Talent_DotTransfer_AoeBasedOnStacks_Damage,complete,0,CRStrengthDamageCalculation
CRStrengthDamageCalculation,186,GE_Gunde_Talent_DotTransfer_ExplosionOnPickup_Damage,complete,0,CRStrengthDamageCalculation
CRStrengthDamageCalculation,187,GE_Gunde_TargetedAoeProjectile_Damage,complete,0,CRStrengthDamageCalculation
CRStrengthDamageCalculation,188,GE_IC_Assassin_AutoAttack_Damage,complete,0,CRStrengthDamageCalculation
CRStrengthDamageCalculation,189,GE_IC_Assassin_PoisonDagger_Damage,complete,0,CRStrengthDamageCalculation
CRStrengthDamageCalculation,190,GE_IC_Assassin_WickedStrike_Damage,complete,0,CRStrengthDamageCalculation
CRStrengthDamageCalculation,191,GE_IC_BossMagistrate_MeleeAutoAttack_Damage,complete,0,CRStrengthDamageCalculation
CRStrengthDamageCalculation,192,GE_IC_GlacialSprite_AutoAttackMelee_Damage,complete,0,CRStrengthDamageCalculation
CRStrengthDamageCalculation,193,GE_IC_GreaterIceElemental_AutoAttack_Damage,complete,0,CRStrengthDamageCalculation
CRStrengthDamageCalculation,194,GE_IC_GreaterIceElemental_EarthBreaker_Damage,complete,0,CRStrengthDamageCalculation
CRStrengthDamageCalculation,195,GE_IC_GreaterIceElemental_EarthStomp_Damage,complete,0,CRStrengthDamageCalculation
CRStrengthDamageCalculation,196,GE_IC_GreaterIceElemental_Upheaval_Damage,complete,0,CRStrengthDamageCalculation
CRStrengthDamageCalculation,197,GE_IC_Healer_AutoAttackMelee_Damage,complete,0,CRStrengthDamageCalculation
CRStrengthDamageCalculation,198,GE_IC_Lookout_MeleeAutoAttack_Damage,complete,0,CRStrengthDamageCalculation
CRStrengthDamageCalculation,199,GE_IC_Lookout_SingelTargetAttackAndMoveBack_Damage,complete,0,CRStrengthDamageCalculation
CRStrengthDamageCalculation,200,GE_Ink_AoeAttack_Damage,complete,0,CRStrengthDamageCalculation
CRStrengthDamageCalculation,201,GE_Ink_AoeAttack_LightningDamage,complete,0,CRStrengthDamageCalculation
CRStrengthDamageCalculation,202,GE_Ink_AutoAttackBuff_AoeDamage,complete,0,CRStrengthDamageCalculation
CRStrengthDamageCalculation,203,GE_Ink_AutoAttackBuff_CleaveDamage,complete,0,CRStrengthDamageCalculation
CRStrengthDamageCalculation,204,GE_Ink_AutoAttackBuff_Damage,complete,0,CRStrengthDamageCalculation
CRStrengthDamageCalculation,205,GE_Ink_BouncyProjectile_Damage,complete,0,CRStrengthDamageCalculation
CRStrengthDamageCalculation,206,GE_Ink_CleaveAttack_Damage,complete,0,CRStrengthDamageCalculation
CRStrengthDamageCalculation,207,GE_Ink_EnhancedChargedBuff_AoeImpactDamage,complete,0,CRStrengthDamageCalculation
CRStrengthDamageCalculation,208,GE_Ink_EnhancedChargedBuff_PulsatingSingleDamage_Damage,complete,0,CRStrengthDamageCalculation
CRStrengthDamageCalculation,209,GE_Ink_HeavySingleTargetAttack_Damage,complete,0,CRStrengthDamageCalculation
CRStrengthDamageCalculation,210,GE_Ink_HeavySingleTargetAttack_LightningDamage,complete,0,CRStrengthDamageCalculation
CRStrengthDamageCalculation,211,GE_Ink_LowHealthSingleTargetResourceDamage_Damage,complete,0,CRStrengthDamageCalculation
CRStrengthDamageCalculation,212,GE_Ink_MeleeAutoAttack_Damage,complete,0,CRStrengthDamageCalculation
CRStrengthDamageCalculation,213,GE_Ink_MoveToLocationAoeDamage_Damage,complete,0,CRStrengthDamageCalculation
CRStrengthDamageCalculation,214,GE_Ink_SecondChanceSingleTargetAttack_Damage,complete,0,CRStrengthDamageCalculation
CRStrengthDamageCalculation,215,GE_Ink_SingleTargetHeavyNonSpender_Damage,complete,0,CRStrengthDamageCalculation
CRStrengthDamageCalculation,216,GE_JS_NPCRime_MeleeAutoAttack_Damage,complete,0,CRStrengthDamageCalculation
CRStrengthDamageCalculation,217,GE_JS_NPCSylvie_MeleeAutoAttack_Damage,complete,0,CRStrengthDamageCalculation
CRStrengthDamageCalculation,218,GE_JS_TutorialGoblin_MeleeAutoAttack_Damage,complete,0,CRStrengthDamageCalculation
CRStrengthDamageCalculation,219,GE_JS_TutorialOrcCaster_MeleeAutoAttack_Damage,complete,0,CRStrengthDamageCalculation
CRStrengthDamageCalculation,220,GE_JS_TutorialOrc_MeleeAutoAttack_Damage,complete,0,CRStrengthDamageCalculation
CRStrengthDamageCalculation,221,GE_JS_TutorialSmallGoblin_MeleeAutoAttack_Damage,complete,0,CRStrengthDamageCalculation
CRStrengthDamageCalculation,222,GE_JS_TutorialTroll_MeleeAutoAttack_Damage,complete,0,CRStrengthDamageCalculation
CRStrengthDamageCalculation,223,GE_JS_TutorialTroll_ThrowRock_Damage,complete,0,CRStrengthDamageCalculation
CRStrengthDamageCalculation,224,GE_JS_TutorialTroll_ThrowRock_Phase1Damage,complete,0,CRStrengthDamageCalculation
CRStrengthDamageCalculation,225,GE_MC_BloodCaster_CastedBleed_Bleed_Dot,complete,0,CRStrengthDamageCalculation
CRStrengthDamageCalculation,226,GE_MC_BloodCaster_ChanneledTickingAoE_Damage,complete,0,CRStrengthDamageCalculation
CRStrengthDamageCalculation,227,GE_MC_BloodCaster_MeleeAutoAttack_Damage,complete,0,CRStrengthDamageCalculation
CRStrengthDamageCalculation,228,GE_MC_BloodGrunt_AutoAttack_Damage,complete,0,CRStrengthDamageCalculation
CRStrengthDamageCalculation,229,GE_MC_BloodGrunt_OnDeathAoe_Damage,complete,0,CRStrengthDamageCalculation
CRStrengthDamageCalculation,230,GE_MC_BloodGuard_AutoAttack_Damage,complete,0,CRStrengthDamageCalculation
CRStrengthDamageCalculation,231,GE_MC_BloodGuard_BladeProjectile_Damage,complete,0,CRStrengthDamageCalculation
CRStrengthDamageCalculation,232,GE_MC_BloodGuard_ChargeHalfHealth_Damage,complete,0,CRStrengthDamageCalculation
CRStrengthDamageCalculation,233,GE_MC_BloodHound_CastedAoeDamageAndSilence_Damage,complete,0,CRStrengthDamageCalculation
CRStrengthDamageCalculation,234,GE_MC_BloodHound_Cleave_Bleed_Dot,complete,0,CRStrengthDamageCalculation
CRStrengthDamageCalculation,235,GE_MC_BloodHound_Cleave_Damage,complete,0,CRStrengthDamageCalculation
CRStrengthDamageCalculation,236,GE_MC_BloodHound_JumpCleave_Bleed_Dot,complete,0,CRStrengthDamageCalculation
CRStrengthDamageCalculation,237,GE_MC_BloodHound_MeleeAutoAttack_Damage,complete,0,CRStrengthDamageCalculation
CRStrengthDamageCalculation,238,GE_MC_BossGuardian_Charge_Bleed,complete,0,CRStrengthDamageCalculation
CRStrengthDamageCalculation,239,GE_MC_BossGuardian_Charge_Damage,complete,0,CRStrengthDamageCalculation
CRStrengthDamageCalculation,240,GE_MC_BossGuardian_Soaks_Dot,complete,0,CRStrengthDamageCalculation
CRStrengthDamageCalculation,241,GE_MC_WanderingGhostGuard_MeleeAutoAttack_Damage,complete,0,CRStrengthDamageCalculation
CRStrengthDamageCalculation,242,GE_MC_WanderingGhostGuard_Slam_Damage,complete,0,CRStrengthDamageCalculation
CRStrengthDamageCalculation,243,GE_MC_WanderingGhostPriest_AoeExplosion_Damage,complete,0,CRStrengthDamageCalculation
CRStrengthDamageCalculation,244,GE_MC_WanderingGhostPriest_MeleeAutoAttack_Damage,complete,0,CRStrengthDamageCalculation
CRStrengthDamageCalculation,245,GE_MC_WanderingGhostWarrior_Cone_Damage,complete,0,CRStrengthDamageCalculation
CRStrengthDamageCalculation,246,GE_MC_WanderingGhostWarrior_MeleeAutoAttack_Damage,complete,0,CRStrengthDamageCalculation
CRStrengthDamageCalculation,247,GE_MF_BlightedMorningGlory_DotProjectile_Damage,complete,0,CRStrengthDamageCalculation
CRStrengthDamageCalculation,248,GE_MF_BlightedMorningGlory_MeleeAutoAttack_Damage,complete,0,CRStrengthDamageCalculation
CRStrengthDamageCalculation,249,GE_MF_BossNecrolord_MeleeAutoAttack_Damage,complete,0,CRStrengthDamageCalculation
CRStrengthDamageCalculation,250,GE_MF_BossNecrolord_RangedAutoAttack_Damage,complete,0,CRStrengthDamageCalculation
CRStrengthDamageCalculation,251,GE_MF_BossUnicorn_Charge_Damage,complete,0,CRStrengthDamageCalculation
CRStrengthDamageCalculation,252,GE_MF_BossUnicorn_MeleeAutoAttack_Damage,complete,0,CRStrengthDamageCalculation
CRStrengthDamageCalculation,253,GE_MF_DawnstoneGuardian_DamageReflect_Damage,complete,0,CRStrengthDamageCalculation
CRStrengthDamageCalculation,254,GE_MF_DawnstoneGuardian_MeleeAutoAttack_Damage,complete,0,CRStrengthDamageCalculation
CRStrengthDamageCalculation,255,GE_MF_DawnstoneGuardian_Spikes_Damage,complete,0,CRStrengthDamageCalculation
CRStrengthDamageCalculation,256,GE_MF_FoulTotemic_MeleeAutoAttack_Damage,complete,0,CRStrengthDamageCalculation
CRStrengthDamageCalculation,257,GE_MF_MangyBrute_MeleeAutoAttack_Damage,complete,0,CRStrengthDamageCalculation
CRStrengthDamageCalculation,258,GE_MF_MangyBrute_TankSlam_Damage,complete,0,CRStrengthDamageCalculation
CRStrengthDamageCalculation,259,GE_MF_Skittershard_MeleeAutoAttack_Damage,complete,0,CRStrengthDamageCalculation
CRStrengthDamageCalculation,260,GE_MF_Skittershard_OnDeath_Debuff,complete,0,CRStrengthDamageCalculation
CRStrengthDamageCalculation,261,GE_NP_BossHellcaller_PeriodicDamage_Damage,complete,0,CRStrengthDamageCalculation
CRStrengthDamageCalculation,262,GE_NP_BullyBasher_MeleeAutoAttack_Damage,complete,0,CRStrengthDamageCalculation
CRStrengthDamageCalculation,263,GE_NP_BullyBasher_TankSlam_Damage,complete,0,CRStrengthDamageCalculation
CRStrengthDamageCalculation,264,GE_NP_Facestabber_AttachedAttack_Damage,complete,0,CRStrengthDamageCalculation
CRStrengthDamageCalculation,265,GE_NP_Facestabber_CastProjectile_Damage,complete,0,CRStrengthDamageCalculation
CRStrengthDamageCalculation,266,GE_NP_Facestabber_MeleeAutoAttack_Damage,complete,0,CRStrengthDamageCalculation
CRStrengthDamageCalculation,267,GE_NP_HalfMancatcher_Grip_Damage,complete,0,CRStrengthDamageCalculation
CRStrengthDamageCalculation,268,GE_NP_HalfMancatcher_MeleeAutoAttack_Damage,complete,0,CRStrengthDamageCalculation
CRStrengthDamageCalculation,269,GE_NP_Shinchopper_MeleeAutoAttack_Damage,complete,0,CRStrengthDamageCalculation
CRStrengthDamageCalculation,270,GE_NP_Stormscreamer_MeleeAutoAttack_Damage,complete,0,CRStrengthDamageCalculation
CRStrengthDamageCalculation,271,GE_NP_Stormscreamer_PeriodicDamage_Damage,complete,0,CRStrengthDamageCalculation
CRStrengthDamageCalculation,272,GE_PR_BarbarousLasher_MeleeAutoAttack_Damage,complete,0,CRStrengthDamageCalculation
CRStrengthDamageCalculation,273,GE_PR_BarbarousLasher_ShatterArmor_Damage,complete,0,CRStrengthDamageCalculation
CRStrengthDamageCalculation,274,GE_PR_Bilgerat_MeleeAutoAttack_Damage,complete,0,CRStrengthDamageCalculation
CRStrengthDamageCalculation,275,GE_PR_BlunderbussPirate_MeleeAutoAttack_Damage,complete,0,CRStrengthDamageCalculation
CRStrengthDamageCalculation,276,GE_PR_BlunderbussPirate_Passive_FullStackDamageDebuff_AoeDamage_Damage,complete,0,CRStrengthDamageCalculation
CRStrengthDamageCalculation,277,GE_PR_BlunderbussPirate_RangedAutoAttack_Damage,complete,0,CRStrengthDamageCalculation
CRStrengthDamageCalculation,278,GE_PR_BlunderbussPirate_RangedDamageDebuff_Damage,complete,0,CRStrengthDamageCalculation
CRStrengthDamageCalculation,279,GE_PR_BossAnchor_CannonBarrage_AoeDamage,complete,0,CRStrengthDamageCalculation
CRStrengthDamageCalculation,280,GE_PR_BossAnchor_CastedGrowingTankWave_Damage,complete,0,CRStrengthDamageCalculation
CRStrengthDamageCalculation,281,GE_PR_BossAnchor_HighTide_Damage,complete,0,CRStrengthDamageCalculation
CRStrengthDamageCalculation,282,GE_PR_BossAnchor_MeleeAutoAttack_AreaHit_Damage,complete,0,CRStrengthDamageCalculation
CRStrengthDamageCalculation,283,GE_PR_BossAnchor_MeleeAutoAttack_Damage,complete,0,CRStrengthDamageCalculation
CRStrengthDamageCalculation,284,GE_PR_BossAnchor_Reinforcements_AoeDamage,complete,0,CRStrengthDamageCalculation
CRStrengthDamageCalculation,285,GE_PR_BossPirateCaptain_AutoAttackMelee_Damage,complete,0,CRStrengthDamageCalculation
CRStrengthDamageCalculation,286,GE_PR_BossPirateCaptain_EmtpyArenaChannel_Damage,complete,0,CRStrengthDamageCalculation
CRStrengthDamageCalculation,287,GE_PR_BossPirateCaptain_ObstacleCourse_Dot,complete,0,CRStrengthDamageCalculation
CRStrengthDamageCalculation,288,GE_PR_BossPirateCaptain_QuickShots_Damage,complete,0,CRStrengthDamageCalculation
CRStrengthDamageCalculation,289,GE_PR_BossPirateCaptain_Spin_Damage,complete,0,CRStrengthDamageCalculation
CRStrengthDamageCalculation,290,GE_PR_BossPirateCaptain_Spin_ShootDamage,complete,0,CRStrengthDamageCalculation
CRStrengthDamageCalculation,291,GE_PR_BossPirateCaptain_Spin_ShootDebuff_AoeDamage_Damage,complete,0,CRStrengthDamageCalculation
CRStrengthDamageCalculation,292,GE_PR_BossPirateCaptain_Split_Dot,complete,0,CRStrengthDamageCalculation
CRStrengthDamageCalculation,293,GE_PR_BossTreasureDemon_AutoAttackMelee_Damage,complete,0,CRStrengthDamageCalculation
CRStrengthDamageCalculation,294,GE_PR_BossTreasureDemon_Ball_Knocback_Damage,complete,0,CRStrengthDamageCalculation
CRStrengthDamageCalculation,295,GE_PR_BossTreasureDemon_Bleed_Dot,complete,0,CRStrengthDamageCalculation
CRStrengthDamageCalculation,296,GE_PR_BossTreasureDemon_Nova_Damage,complete,0,CRStrengthDamageCalculation
CRStrengthDamageCalculation,297,GE_PR_BossTreasureDemon_PunchBall_Damage,complete,0,CRStrengthDamageCalculation
CRStrengthDamageCalculation,298,GE_PR_BossTreasureDemon_ScatterCoins_Damage,complete,0,CRStrengthDamageCalculation
CRStrengthDamageCalculation,299,GE_PR_BossTreasureDemon_ScatterCoins_DamageAura,complete,0,CRStrengthDamageCalculation
CRStrengthDamageCalculation,300,GE_PR_BossTreasureDemon_Tornado_Damage,complete,0,CRStrengthDamageCalculation
CRStrengthDamageCalculation,301,GE_PR_BossTreasureDemon_TreasureBallSummon_Damage,complete,0,CRStrengthDamageCalculation
CRStrengthDamageCalculation,302,GE_PR_CannonPirate_Bombardment_Damage,complete,0,CRStrengthDamageCalculation
CRStrengthDamageCalculation,303,GE_PR_CannonPirate_Cannon_Damage,complete,0,CRStrengthDamageCalculation
CRStrengthDamageCalculation,304,GE_PR_CannonPirate_MeleeAutoAttack_Damage,complete,0,CRStrengthDamageCalculation
CRStrengthDamageCalculation,305,GE_PR_CannonPirate_RangedAutoAttack_Damage,complete,0,CRStrengthDamageCalculation
CRStrengthDamageCalculation,306,GE_PR_FoB_MeleeAutoAttack_Damage,complete,0,CRStrengthDamageCalculation
CRStrengthDamageCalculation,307,GE_PR_PirateGrunt_CastedTankAoeDamage_Damage,complete,0,CRStrengthDamageCalculation
CRStrengthDamageCalculation,308,GE_PR_PirateGrunt_ChanneledAoe_Damage,complete,0,CRStrengthDamageCalculation
CRStrengthDamageCalculation,309,GE_PR_PirateGrunt_MeleeAutoAttack_Damage,complete,0,CRStrengthDamageCalculation
CRStrengthDamageCalculation,310,GE_PR_Scallywag_MeleeAutoAttack_Damage,complete,0,CRStrengthDamageCalculation
CRStrengthDamageCalculation,311,GE_PR_Scallywag_TargetHealthDamage_Damage,complete,0,CRStrengthDamageCalculation
CRStrengthDamageCalculation,312,GE_PR_Scallywag_TargetHealthDamage_Debuff,complete,0,CRStrengthDamageCalculation
CRStrengthDamageCalculation,313,GE_PR_Shark_BiteAttached_Damage,complete,0,CRStrengthDamageCalculation
CRStrengthDamageCalculation,314,GE_PR_ShipRat_MeleeAutoAttack_Damage,complete,0,CRStrengthDamageCalculation
CRStrengthDamageCalculation,315,GE_PR_ShipRat_OnDeathAoe_Damage,complete,0,CRStrengthDamageCalculation
CRStrengthDamageCalculation,316,GE_PR_SpectralSwab_Explode_Damage,complete,0,CRStrengthDamageCalculation
CRStrengthDamageCalculation,317,GE_PR_Swashbuckler_CastedAoeKnockup_Damage,complete,0,CRStrengthDamageCalculation
CRStrengthDamageCalculation,318,GE_PR_Swashbuckler_CastedGrowingEarthStomp_Damage,complete,0,CRStrengthDamageCalculation
CRStrengthDamageCalculation,319,GE_PR_Swashbuckler_MeleeAutoAttack_Damage,complete,0,CRStrengthDamageCalculation
CRStrengthDamageCalculation,320,GE_PR_TigerCat_Bite_Damage,complete,0,CRStrengthDamageCalculation
CRStrengthDamageCalculation,321,GE_PR_TigerCat_MeleeAutoAttack_Damage,complete,0,CRStrengthDamageCalculation
CRStrengthDamageCalculation,322,GE_PR_TigerCat_SlashClaws_Damage,complete,0,CRStrengthDamageCalculation
CRStrengthDamageCalculation,323,GE_PR_WaterCaster_MeleeAutoAttack_Damage,complete,0,CRStrengthDamageCalculation
CRStrengthDamageCalculation,324,GE_SG_BossSiren_Bleed,complete,0,CRStrengthDamageCalculation
CRStrengthDamageCalculation,325,GE_SG_BossSiren_Bubble_Dot,complete,0,CRStrengthDamageCalculation
CRStrengthDamageCalculation,326,GE_SG_BossSiren_Bubble_PreSpawnDot,complete,0,CRStrengthDamageCalculation
CRStrengthDamageCalculation,327,GE_SG_BossSiren_Interrupt_Damage,complete,0,CRStrengthDamageCalculation
CRStrengthDamageCalculation,328,GE_SG_BossSiren_MeleeAutoAttack_Damage,complete,0,CRStrengthDamageCalculation
CRStrengthDamageCalculation,329,GE_SG_BossSiren_TankSlamAndLink_Damage,complete,0,CRStrengthDamageCalculation
CRStrengthDamageCalculation,330,GE_SG_BossSiren_TankSlamAndLink_DamageTick,complete,0,CRStrengthDamageCalculation
CRStrengthDamageCalculation,331,GE_SG_BossSiren_WalkOverEdge_Dot,complete,0,CRStrengthDamageCalculation
CRStrengthDamageCalculation,332,GE_SG_BossSiren_Wave_Damage,complete,0,CRStrengthDamageCalculation
CRStrengthDamageCalculation,333,GE_SG_CoralLasher_InitialRangedAttack_Damage,complete,0,CRStrengthDamageCalculation
CRStrengthDamageCalculation,334,GE_SG_CoralLasher_InitialRangedAttack_Dot,complete,0,CRStrengthDamageCalculation
CRStrengthDamageCalculation,335,GE_SG_CoralLasher_MeleeAutoAttack_Damage,complete,0,CRStrengthDamageCalculation
CRStrengthDamageCalculation,336,GE_SG_DrownedSailor_AutoAttack_Damage,complete,0,CRStrengthDamageCalculation
CRStrengthDamageCalculation,337,GE_SG_DrownedSailor_DaggerThrow_Damage,complete,0,CRStrengthDamageCalculation
CRStrengthDamageCalculation,338,GE_SG_EchoingSpirit_AutoAttack,complete,0,CRStrengthDamageCalculation
CRStrengthDamageCalculation,339,GE_SG_EchoingSpirit_ChainLightning_Damage,complete,0,CRStrengthDamageCalculation
CRStrengthDamageCalculation,340,GE_SG_EchoingSpirit_Ghost_AutoAttack_Damage,complete,0,CRStrengthDamageCalculation
CRStrengthDamageCalculation,341,GE_SG_EchoingSpirit_Ghost_ExplodeDamage,complete,0,CRStrengthDamageCalculation
CRStrengthDamageCalculation,342,GE_SG_EchoingSpirit_Ghost_SelfDamageDebuff,complete,0,CRStrengthDamageCalculation
CRStrengthDamageCalculation,343,GE_SG_EchoingSpirit_MeleeAutoAttack_Damage,complete,0,CRStrengthDamageCalculation
CRStrengthDamageCalculation,344,GE_SG_GhostCorpse_MeleeAutoAttack_Damage,complete,0,CRStrengthDamageCalculation
CRStrengthDamageCalculation,345,GE_SG_GhostEruptor_MeleeAutoAttack_Damage,complete,0,CRStrengthDamageCalculation
CRStrengthDamageCalculation,346,GE_SG_GhostFerventSoldier_MeleeAutoAttack_Damage,complete,0,CRStrengthDamageCalculation
CRStrengthDamageCalculation,347,GE_SG_GhostOrc_Cleave_Damage,complete,0,CRStrengthDamageCalculation
CRStrengthDamageCalculation,348,GE_SG_GhostOrc_Cleave_Dot,complete,0,CRStrengthDamageCalculation
CRStrengthDamageCalculation,349,GE_SG_GhostOrc_MeleeAutoAttack_Damage,complete,0,CRStrengthDamageCalculation
CRStrengthDamageCalculation,350,GE_SG_GreaterWaterElemental_AutoAttack_Damage,complete,0,CRStrengthDamageCalculation
CRStrengthDamageCalculation,351,GE_SG_GreaterWaterElemental_BurrowedStrike_Damage,complete,0,CRStrengthDamageCalculation
CRStrengthDamageCalculation,352,GE_SG_GreaterWaterElemental_EarthBreaker_Damage,complete,0,CRStrengthDamageCalculation
CRStrengthDamageCalculation,353,GE_SG_GreaterWaterElemental_EarthStomp_Damage,complete,0,CRStrengthDamageCalculation
CRStrengthDamageCalculation,354,GE_SG_GreaterWaterElemental_Upheaval_Damage,complete,0,CRStrengthDamageCalculation
CRStrengthDamageCalculation,355,GE_SG_SaltSprite_MeleeAutoAttack_Damage,complete,0,CRStrengthDamageCalculation
CRStrengthDamageCalculation,356,GE_SG_SaltSprite_TargetHealthDamage_Damage,complete,0,CRStrengthDamageCalculation
CRStrengthDamageCalculation,357,GE_SG_WaterElemental_MeleeAutoAttack_Damage,complete,0,CRStrengthDamageCalculation
CRStrengthDamageCalculation,358,GE_SG_Wisp_MeleeAutoAttack_Damage,complete,0,CRStrengthDamageCalculation
CRStrengthDamageCalculation,359,GE_SG_Wisp_OnDeathAoe_Damage,complete,0,CRStrengthDamageCalculation
CRStrengthDamageCalculation,360,GE_SG_Wisp_SingelTargetAttackAndMoveBack_Damage,complete,0,CRStrengthDamageCalculation
CRStrengthDamageCalculation,361,GE_SH_BossSpider_AOEDotAndBuff_Dot,complete,0,CRStrengthDamageCalculation
CRStrengthDamageCalculation,362,GE_SH_BossSpider_MeleeAutoAttack_Damage,complete,0,CRStrengthDamageCalculation
CRStrengthDamageCalculation,363,GE_SH_BossSpider_Swarm_Dot,complete,0,CRStrengthDamageCalculation
CRStrengthDamageCalculation,364,GE_SH_BossSpider_Swarm_Dot_Linger,complete,0,CRStrengthDamageCalculation
CRStrengthDamageCalculation,365,GE_SH_BossSpider_TankSlam_Damage,complete,0,CRStrengthDamageCalculation
CRStrengthDamageCalculation,366,GE_SH_BossSpider_TetherAttack_Damage,complete,0,CRStrengthDamageCalculation
CRStrengthDamageCalculation,367,GE_SH_BossSpider_VenomSpray_Damage,complete,0,CRStrengthDamageCalculation
CRStrengthDamageCalculation,368,GE_SH_CarrionHorror_ExplodeCorpse_Damage,complete,0,CRStrengthDamageCalculation
CRStrengthDamageCalculation,369,GE_SH_CarrionHorror_ExplodeCorpse_Dot,complete,0,CRStrengthDamageCalculation
CRStrengthDamageCalculation,370,GE_SH_CarrionHorror_MeleeAutoAttack_Damage,complete,0,CRStrengthDamageCalculation
CRStrengthDamageCalculation,371,GE_SH_Eggbearer_MeleeAutoAttack_Damage,complete,0,CRStrengthDamageCalculation
CRStrengthDamageCalculation,372,GE_SH_GravesnareKidnapper_KidnapBite_Damage,complete,0,CRStrengthDamageCalculation
CRStrengthDamageCalculation,373,GE_SH_GravesnareKidnapper_MeleeAutoAttack_Damage,complete,0,CRStrengthDamageCalculation
CRStrengthDamageCalculation,374,GE_SH_GravesnareKidnapper_SlowCone_Damage,complete,0,CRStrengthDamageCalculation
CRStrengthDamageCalculation,375,GE_SH_RotheartRecluse_DotProjectile_DotDamage,complete,0,CRStrengthDamageCalculation
CRStrengthDamageCalculation,376,GE_SH_RotheartRecluse_DotProjectile_EndDamage,complete,0,CRStrengthDamageCalculation
CRStrengthDamageCalculation,377,GE_SH_RotheartRecluse_MeleeAutoAttack_Damage,complete,0,CRStrengthDamageCalculation
CRStrengthDamageCalculation,378,GE_SH_RotheartRecluse_MeleeDot,complete,0,CRStrengthDamageCalculation
CRStrengthDamageCalculation,379,GE_SH_Spiderling_Leap_Damage,complete,0,CRStrengthDamageCalculation
CRStrengthDamageCalculation,380,GE_SH_Spiderling_MeleeAutoAttack_Damage,complete,0,CRStrengthDamageCalculation
CRStrengthDamageCalculation,381,GE_SH_Venomdrinker_CastProjectile_Damage,complete,0,CRStrengthDamageCalculation
CRStrengthDamageCalculation,382,GE_SH_Venomdrinker_Dot,complete,0,CRStrengthDamageCalculation
CRStrengthDamageCalculation,383,GE_SH_Venomdrinker_MeleeAutoAttack_Damage,complete,0,CRStrengthDamageCalculation
CRStrengthDamageCalculation,384,GE_SH_Venomdrinker_Tornado_Damage,complete,0,CRStrengthDamageCalculation
CRStrengthDamageCalculation,385,GE_SP_BossMarcass_BloodRain_VolatileDamage,complete,0,CRStrengthDamageCalculation
CRStrengthDamageCalculation,386,GE_SP_BossMarcass_MeleeAutoAttack_Damage,complete,0,CRStrengthDamageCalculation
CRStrengthDamageCalculation,387,GE_SP_BossMarcass_PairUp_Debuff_Dot,complete,0,CRStrengthDamageCalculation
CRStrengthDamageCalculation,388,GE_SP_BossMarcass_Stampede_Bleed,complete,0,CRStrengthDamageCalculation
CRStrengthDamageCalculation,389,GE_SP_BossMarcass_TankBuster_Damage,complete,0,CRStrengthDamageCalculation
CRStrengthDamageCalculation,390,GE_SP_FrostWolf_Bite_Dot,complete,0,CRStrengthDamageCalculation
CRStrengthDamageCalculation,391,GE_SP_FrostWolf_MeleeAutoAttack_Damage,complete,0,CRStrengthDamageCalculation
CRStrengthDamageCalculation,392,GE_SP_PolarBear_MeleeAutoAttack_Damage,complete,0,CRStrengthDamageCalculation
CRStrengthDamageCalculation,393,GE_SP_PolarBear_Stomp_Damage,complete,0,CRStrengthDamageCalculation
CRStrengthDamageCalculation,394,GE_ST_BigBloodElemental_Dot,complete,0,CRStrengthDamageCalculation
CRStrengthDamageCalculation,395,GE_ST_BigBloodElemental_MeleeAutoAttack_Damage,complete,0,CRStrengthDamageCalculation
CRStrengthDamageCalculation,396,GE_ST_BloodBrute_AutoAttack_Damage,complete,0,CRStrengthDamageCalculation
CRStrengthDamageCalculation,397,GE_ST_BloodBrute_ChargeSoak_Damage,complete,0,CRStrengthDamageCalculation
CRStrengthDamageCalculation,398,GE_ST_BloodBrute_TankSlam_Damage,complete,0,CRStrengthDamageCalculation
CRStrengthDamageCalculation,399,GE_ST_BloodCreationBig_AutoAttack_Damage,complete,0,CRStrengthDamageCalculation
CRStrengthDamageCalculation,400,GE_ST_BloodCreationBig_OnDeathAoe_Damage,complete,0,CRStrengthDamageCalculation
CRStrengthDamageCalculation,401,GE_ST_BloodCreation_AutoAttack_Damage,complete,0,CRStrengthDamageCalculation
CRStrengthDamageCalculation,402,GE_ST_BloodCreation_OnDeathAoe_Damage,complete,0,CRStrengthDamageCalculation
CRStrengthDamageCalculation,403,GE_ST_BossArbiterIllusion_CastBeam_Dot,complete,0,CRStrengthDamageCalculation
CRStrengthDamageCalculation,404,GE_ST_BossArbiterIllusion_Dot,complete,0,CRStrengthDamageCalculation
CRStrengthDamageCalculation,405,GE_ST_BossArbiter_ArenaProjectiles_Damage,complete,0,CRStrengthDamageCalculation
CRStrengthDamageCalculation,406,GE_ST_BossArbiter_ArenaProjectiles_Dot,complete,0,CRStrengthDamageCalculation
CRStrengthDamageCalculation,407,GE_ST_BossArbiter_ChannelTruesighter_Damage,complete,0,CRStrengthDamageCalculation
CRStrengthDamageCalculation,408,GE_ST_BossArbiter_GiveTruesight_Damage,complete,0,CRStrengthDamageCalculation
CRStrengthDamageCalculation,409,GE_ST_BossArbiter_LavaFloor_Damage,complete,0,CRStrengthDamageCalculation
CRStrengthDamageCalculation,410,GE_ST_BossArbiter_MazeNuke_Damage,complete,0,CRStrengthDamageCalculation
CRStrengthDamageCalculation,411,GE_ST_BossArbiter_MazeNuke_Dot,complete,0,CRStrengthDamageCalculation
CRStrengthDamageCalculation,412,GE_ST_BossArbiter_Maze_Explosion,complete,0,CRStrengthDamageCalculation
CRStrengthDamageCalculation,413,GE_ST_BossArbiter_Maze_PlayerExplosion,complete,0,CRStrengthDamageCalculation
CRStrengthDamageCalculation,414,GE_ST_BossArbiter_MeleeAutoAttack_Damage,complete,0,CRStrengthDamageCalculation
CRStrengthDamageCalculation,415,GE_ST_BossArbiter_RandomImpactsAoe_Damage,complete,0,CRStrengthDamageCalculation
CRStrengthDamageCalculation,416,GE_ST_BossArbiter_Runes_Fail,complete,0,CRStrengthDamageCalculation
CRStrengthDamageCalculation,417,GE_ST_BossArbiter_TankSlam_Damage,complete,0,CRStrengthDamageCalculation
CRStrengthDamageCalculation,418,GE_ST_SanguineCrusher_Knockback_Damage,complete,0,CRStrengthDamageCalculation
CRStrengthDamageCalculation,419,GE_ST_SanguineCrusher_MeleeAutoAttack_Damage,complete,0,CRStrengthDamageCalculation
CRStrengthDamageCalculation,420,GE_ST_SanguineCrusher_TankSlam_Damage,complete,0,CRStrengthDamageCalculation
CRStrengthDamageCalculation,421,GE_ST_SmallBloodElemental_MeleeAutoAttack_Damage,complete,0,CRStrengthDamageCalculation
CRStrengthDamageCalculation,422,GE_Shared_PolymorphChicken_AutoAttack_Damage,complete,0,CRStrengthDamageCalculation
CRStrengthDamageCalculation,423,GE_Sune_AoeMelee_Damage,complete,0,CRStrengthDamageCalculation
CRStrengthDamageCalculation,424,GE_Sune_AtTargetInstantAoe_Damage,complete,0,CRStrengthDamageCalculation
CRStrengthDamageCalculation,425,GE_Sune_DamageTransferAura_Damage,complete,0,CRStrengthDamageCalculation
CRStrengthDamageCalculation,426,GE_Sune_DroppedPulseAoe_Damage,complete,0,CRStrengthDamageCalculation
CRStrengthDamageCalculation,427,GE_Sune_InstantCleaveMelee_Damage,complete,0,CRStrengthDamageCalculation
CRStrengthDamageCalculation,428,GE_Sune_InstantConeStunAndPull_Damage,complete,0,CRStrengthDamageCalculation
CRStrengthDamageCalculation,429,GE_Sune_InstantSingleTargetHealOrDamage_Damage,complete,0,CRStrengthDamageCalculation
CRStrengthDamageCalculation,430,GE_Sune_MeleeAutoAttack_Damage,complete,0,CRStrengthDamageCalculation
CRStrengthDamageCalculation,431,GE_Sune_SelfImmunityAndAoeHeal_AoeDamage,complete,0,CRStrengthDamageCalculation
CRStrengthDamageCalculation,432,GE_Sune_SingleTargetFillerMelee_Damage,complete,0,CRStrengthDamageCalculation
CRStrengthDamageCalculation,433,GE_Sune_Talent_ParryCounterAttack_Damage,complete,0,CRStrengthDamageCalculation
CRStrengthDamageCalculation,434,GE_Sune_Talent_SingleTargetFillerMelee_AoeProcBuff_Damage,complete,0,CRStrengthDamageCalculation
CRStrengthDamageCalculation,435,GE_Sune_TargetedCastedHealOrDamage_Damage,complete,0,CRStrengthDamageCalculation
CRStrengthDamageCalculation,436,GE_Sune_TargetedLeapAoe_Damage,complete,0,CRStrengthDamageCalculation
CRStrengthDamageCalculation,437,GE_UB_BossArchbishop_AutoAttackMelee_Damage,complete,0,CRStrengthDamageCalculation
CRStrengthDamageCalculation,438,GE_UB_BossArchbishop_FollowingCylinderAOE_Damage,complete,0,CRStrengthDamageCalculation
CRStrengthDamageCalculation,439,GE_UB_BossCaster_MeleeAutoAttack_Damage,complete,0,CRStrengthDamageCalculation
CRStrengthDamageCalculation,440,GE_UB_BossLifebringer_MeleeAutoAttack_Damage,complete,0,CRStrengthDamageCalculation
CRStrengthDamageCalculation,441,GE_UB_BossLunatic_MeleeAutoAttack_Damage,complete,0,CRStrengthDamageCalculation
CRStrengthDamageCalculation,442,GE_UB_BossMarcassCree_CastedTankBuster_Damage,complete,0,CRStrengthDamageCalculation
CRStrengthDamageCalculation,443,GE_UB_BossMarcassCree_ChasingCircles_Damage,complete,0,CRStrengthDamageCalculation
CRStrengthDamageCalculation,444,GE_UB_BossMarcassCree_CircleAoe_Damage,complete,0,CRStrengthDamageCalculation
CRStrengthDamageCalculation,445,GE_UB_BossMarcassCree_FrontalCone_Damage,complete,0,CRStrengthDamageCalculation
CRStrengthDamageCalculation,446,GE_UB_BossMarcassCree_FrontalCone_Dot,complete,0,CRStrengthDamageCalculation
CRStrengthDamageCalculation,447,GE_UB_BossMarcassCree_MeleeAutoAttack_Damage,complete,0,CRStrengthDamageCalculation
CRStrengthDamageCalculation,448,GE_UB_BossMarcassCree_Minion_ChanneledAttack_Damage,complete,0,CRStrengthDamageCalculation
CRStrengthDamageCalculation,449,GE_UB_BossMarcassCree_Minion_Jump_Bleed,complete,0,CRStrengthDamageCalculation
CRStrengthDamageCalculation,450,GE_UB_BossMarcassCree_Minion_MeleeAutoAttack_Damage,complete,0,CRStrengthDamageCalculation
CRStrengthDamageCalculation,451,GE_UB_BossMarcassCree_PairUp_Debuff,complete,0,CRStrengthDamageCalculation
CRStrengthDamageCalculation,452,GE_UB_BossMarcassCree_Stampede_Bleed,complete,0,CRStrengthDamageCalculation
CRStrengthDamageCalculation,453,GE_UB_BossOperator_MeleeAutoAttack,complete,0,CRStrengthDamageCalculation
CRStrengthDamageCalculation,454,GE_UB_BossSiegeGraveyard_CastHomingProjectileSpawnCorpse_ProjectileDamage,complete,0,CRStrengthDamageCalculation
CRStrengthDamageCalculation,455,GE_UB_BossSiegeGraveyard_MeleeAutoAttack_Damage,complete,0,CRStrengthDamageCalculation
CRStrengthDamageCalculation,456,GE_UB_BossSiegeGraveyard_TriggerNearbyCorpseAOE_ExplosionDamage,complete,0,CRStrengthDamageCalculation
CRStrengthDamageCalculation,457,GE_UB_BossSiegeGraveyard_TriggerNearbyCorpseAOE_UnavoidableDamage,complete,0,CRStrengthDamageCalculation
CRStrengthDamageCalculation,458,GE_UB_BossWarMachine_AoeCircles_Damage,complete,0,CRStrengthDamageCalculation
CRStrengthDamageCalculation,459,GE_UB_BossWarMachine_BonusStackDot_Dot,complete,0,CRStrengthDamageCalculation
CRStrengthDamageCalculation,460,GE_UB_BossWarMachine_FireSweep_Dot,complete,0,CRStrengthDamageCalculation
CRStrengthDamageCalculation,461,GE_UB_BossWarMachine_LinkTargets_Dot,complete,0,CRStrengthDamageCalculation
CRStrengthDamageCalculation,462,GE_UB_BossWarMachine_MeleeAutoAttack_Damage,complete,0,CRStrengthDamageCalculation
CRStrengthDamageCalculation,463,GE_UB_BossWarMachine_MeleeRangeAoeExplosion_Damage,complete,0,CRStrengthDamageCalculation
CRStrengthDamageCalculation,464,GE_UB_BossWarband_BleedBuff_Dot,complete,0,CRStrengthDamageCalculation
CRStrengthDamageCalculation,465,GE_UB_BossWarmachine_MassAoeDot_Dot,complete,0,CRStrengthDamageCalculation
CRStrengthDamageCalculation,466,GE_UB_BossWarrior_FrontalConeAttack_Damage,complete,0,CRStrengthDamageCalculation
CRStrengthDamageCalculation,467,GE_UB_BossWarrior_MeleeAutoAttack_Damage,complete,0,CRStrengthDamageCalculation
CRStrengthDamageCalculation,468,GE_UB_BossWarrior_RangedDotProjectile_Bleed,complete,0,CRStrengthDamageCalculation
CRStrengthDamageCalculation,469,GE_UB_BossWarrior_RangedDotProjectile_Damage,complete,0,CRStrengthDamageCalculation
CRStrengthDamageCalculation,470,GE_UB_CadavrianBannerman_AoeStun_Damage,complete,0,CRStrengthDamageCalculation
CRStrengthDamageCalculation,471,GE_UB_CadavrianBannerman_CastedHighestThreatAoe_Damage,complete,0,CRStrengthDamageCalculation
CRStrengthDamageCalculation,472,GE_UB_CadavrianBannerman_ChargeFurthestTargetAoe_Damage,complete,0,CRStrengthDamageCalculation
CRStrengthDamageCalculation,473,GE_UB_CadavrianBannerman_MeleeAutoAttack_Damage,complete,0,CRStrengthDamageCalculation
CRStrengthDamageCalculation,474,GE_UB_CarrionCollector_CastHomingProjectileSpawnCorpse_ProjectileDamage,complete,0,CRStrengthDamageCalculation
CRStrengthDamageCalculation,475,GE_UB_CarrionCollector_MeleeAutoAttack_Damage,complete,0,CRStrengthDamageCalculation
CRStrengthDamageCalculation,476,GE_UB_CarrionCollector_TriggerNearbyCorpseAOE_ExplosionDamage,complete,0,CRStrengthDamageCalculation
CRStrengthDamageCalculation,477,GE_UB_CarrionCollector_TriggerNearbyCorpseAOE_UnavoidableDamage,complete,0,CRStrengthDamageCalculation
CRStrengthDamageCalculation,478,GE_UB_Corpse_MeleeAutoAttack_Damage,complete,0,CRStrengthDamageCalculation
CRStrengthDamageCalculation,479,GE_UB_Crusader_CastedHighestThreatAoe_Damage,complete,0,CRStrengthDamageCalculation
CRStrengthDamageCalculation,480,GE_UB_Crusader_CastedHighestThreatDot_Dot,complete,0,CRStrengthDamageCalculation
CRStrengthDamageCalculation,481,GE_UB_Crusader_MeleeAutoAttack_Damage,complete,0,CRStrengthDamageCalculation
CRStrengthDamageCalculation,482,GE_UB_DefendingCleric_CastedProjectile_Damage,complete,0,CRStrengthDamageCalculation
CRStrengthDamageCalculation,483,GE_UB_DefendingCleric_MeleeAutoAttack_Damage,complete,0,CRStrengthDamageCalculation
CRStrengthDamageCalculation,484,GE_UB_DefendingKnight_FrontalCone_Damage,complete,0,CRStrengthDamageCalculation
CRStrengthDamageCalculation,485,GE_UB_DefendingKnight_MeleeAutoAttack_Damage,complete,0,CRStrengthDamageCalculation
CRStrengthDamageCalculation,486,GE_UB_FallenCleric_CastedProjectile_Damage,complete,0,CRStrengthDamageCalculation
CRStrengthDamageCalculation,487,GE_UB_FallenCleric_MeleeAutoAttack_Damage,complete,0,CRStrengthDamageCalculation
CRStrengthDamageCalculation,488,GE_UB_FerventSoldier_MeleeAutoAttack_Damage,complete,0,CRStrengthDamageCalculation
CRStrengthDamageCalculation,489,GE_UB_Healer_MeleeAutoAttack_Damage,complete,0,CRStrengthDamageCalculation
CRStrengthDamageCalculation,490,GE_UB_NecroticMass_SpawnExplosionDamage,complete,0,CRStrengthDamageCalculation
CRStrengthDamageCalculation,491,GE_UB_NightclawBreacher_CastedAoeStun_Damage,complete,0,CRStrengthDamageCalculation
CRStrengthDamageCalculation,492,GE_UB_NightclawBreacher_MeleeAutoAttack_Damage,complete,0,CRStrengthDamageCalculation
CRStrengthDamageCalculation,493,GE_UB_NightclawBreacher_Slam_Damage,complete,0,CRStrengthDamageCalculation
CRStrengthDamageCalculation,494,GE_UB_NightclawBreacher_ThrowRock_Damage,complete,0,CRStrengthDamageCalculation
CRStrengthDamageCalculation,495,GE_UB_RaisedKnight_FrontalCone_Damage,complete,0,CRStrengthDamageCalculation
CRStrengthDamageCalculation,496,GE_UB_RaisedKnight_MeleeAutoAttack_Damage,complete,0,CRStrengthDamageCalculation
CRStrengthDamageCalculation,497,GE_UB_ShadowboundPhalanx_MeleeAutoAttack_Damage,complete,0,CRStrengthDamageCalculation
CRStrengthDamageCalculation,498,GE_UB_SoulSpreader_MeleeAutoAttack_Damage,complete,0,CRStrengthDamageCalculation
CRStrengthDamageCalculation,499,GE_UB_SoulstainedIncinerator_FireRing_Dot,complete,0,CRStrengthDamageCalculation
CRStrengthDamageCalculation,500,GE_UB_SoulstainedIncinerator_MeleeAutoAttack_Damage,complete,0,CRStrengthDamageCalculation
CRStrengthDamageCalculation,501,GE_UB_SoulstainedIncinerator_MeleeDot_Dot,complete,0,CRStrengthDamageCalculation
CRStrengthDamageCalculation,502,GE_UB_SoulstainedShambler_MeleeAutoAttack_Damage,complete,0,CRStrengthDamageCalculation
CRStrengthDamageCalculation,503,GE_UC_BossBaptist_AutoAttackMelee_Damage,complete,0,CRStrengthDamageCalculation
CRStrengthDamageCalculation,504,GE_UC_BossSoulKing_AutoAttackMelee_Damage,complete,0,CRStrengthDamageCalculation
CRStrengthDamageCalculation,505,GE_UC_BossSoulKing_ConeAOE_Damage,complete,0,CRStrengthDamageCalculation
CRStrengthDamageCalculation,506,GE_UC_BossSoulKing_LargeHomingProjectile_Damage,complete,0,CRStrengthDamageCalculation
CRStrengthDamageCalculation,507,GE_UC_BossSoulKing_TankFrontalConeAOE_Damage,complete,0,CRStrengthDamageCalculation
CRStrengthDamageCalculation,508,GE_UC_CadavrianCrusader_AutoAttackMelee_Damage,complete,0,CRStrengthDamageCalculation
CRStrengthDamageCalculation,509,GE_UC_CadavrianCrusader_ChanneledAOE_Damage,complete,0,CRStrengthDamageCalculation
CRStrengthDamageCalculation,510,GE_UC_CadavrianCrusader_Charge_Bleed,complete,0,CRStrengthDamageCalculation
CRStrengthDamageCalculation,511,GE_UC_CadavrianCrusader_Charge_Damage,complete,0,CRStrengthDamageCalculation
CRStrengthDamageCalculation,512,GE_UC_CadavrianDeathPriest_AutoAttackMelee_Damage,complete,0,CRStrengthDamageCalculation
CRStrengthDamageCalculation,513,GE_UC_CadavrianMonk_AutoAttackMelee_Damage,complete,0,CRStrengthDamageCalculation
CRStrengthDamageCalculation,514,GE_UC_CadavrianMonk_DeathBurstAOE_Damage,complete,0,CRStrengthDamageCalculation
CRStrengthDamageCalculation,515,GE_UC_CadavrianMonk_TankFrontalConeAOE_Damage,complete,0,CRStrengthDamageCalculation
CRStrengthDamageCalculation,516,GE_UC_CadavrianSharpShooter_AimedShot_Bleed,complete,0,CRStrengthDamageCalculation
CRStrengthDamageCalculation,517,GE_UC_CadavrianSharpshooter_AimedShot_Damage,complete,0,CRStrengthDamageCalculation
CRStrengthDamageCalculation,518,GE_UC_CadavrianSharpshooter_AutoAttackDamage,complete,0,CRStrengthDamageCalculation
CRStrengthDamageCalculation,519,GE_UC_ConvertedSoldier_AutoAttackMelee_Damage,complete,0,CRStrengthDamageCalculation
CRStrengthDamageCalculation,520,GE_UC_EvilSpirit_AutoAttackMelee_Damage,complete,0,CRStrengthDamageCalculation
CRStrengthDamageCalculation,521,GE_UC_RotBringer_AutoAttackMelee_Damage,complete,0,CRStrengthDamageCalculation
CRStrengthDamageCalculation,522,GE_UC_RottenWretchHands_AutoAttackMelee_Damage,complete,0,CRStrengthDamageCalculation
CRStrengthDamageCalculation,523,GE_UC_UndyingGuardian_AutoAttackMelee_Damage,complete,0,CRStrengthDamageCalculation
CRStrengthDamageCalculation,524,GE_UM_BossDrazhulTheFleshbroker_AoEDamageSlow_Damage,complete,0,CRStrengthDamageCalculation
CRStrengthDamageCalculation,525,GE_UM_BossDrazhulTheFleshbroker_AoeSoak_SoakedDamage,complete,0,CRStrengthDamageCalculation
CRStrengthDamageCalculation,526,GE_UM_BossDrazhulTheFleshbroker_AoeSoak_UnsoakedDamage,complete,0,CRStrengthDamageCalculation
CRStrengthDamageCalculation,527,GE_UM_BossDrazhulTheFleshbroker_AutoAttack_Damage,complete,0,CRStrengthDamageCalculation
CRStrengthDamageCalculation,528,GE_UM_BossDrazhulTheFleshbroker_ChanneledAoeDamage_Damage,complete,0,CRStrengthDamageCalculation
CRStrengthDamageCalculation,529,GE_UM_BossDrazhulTheFleshbroker_ConjureScythe_Damage,complete,0,CRStrengthDamageCalculation
CRStrengthDamageCalculation,530,GE_UM_BossDrazhulTheFleshbroker_ConjureScythe_Dot,complete,0,CRStrengthDamageCalculation
CRStrengthDamageCalculation,531,GE_UM_BossSlavetraderBrull_AutoAttack_Damage,complete,0,CRStrengthDamageCalculation
CRStrengthDamageCalculation,532,GE_UM_BossSlavetraderBrull_PlacedSlowAoe_EmpoweredDot,complete,0,CRStrengthDamageCalculation
CRStrengthDamageCalculation,533,GE_UM_BossSlavetraderBrull_SummonVine_Damage,complete,0,CRStrengthDamageCalculation
CRStrengthDamageCalculation,534,GE_UM_Desecrater_AoeSoak_SoakedDamage,complete,0,CRStrengthDamageCalculation
CRStrengthDamageCalculation,535,GE_UM_Desecrater_AoeSoak_UnsoakedDamage,complete,0,CRStrengthDamageCalculation
CRStrengthDamageCalculation,536,GE_UM_Desecrater_ChannelRandomTargetAoe_Damage,complete,0,CRStrengthDamageCalculation
CRStrengthDamageCalculation,537,GE_UM_Desecrater_MeleeAutoAttack_Damage,complete,0,CRStrengthDamageCalculation
CRStrengthDamageCalculation,538,GE_UM_Desecrater_RangedAutoAttack_Damage,complete,0,CRStrengthDamageCalculation
CRStrengthDamageCalculation,539,GE_UM_GorestainedButcher_ChanneledAoeDamage_Damage,complete,0,CRStrengthDamageCalculation
CRStrengthDamageCalculation,540,GE_UM_GorestainedButcher_ChanneledAttack_Damage,complete,0,CRStrengthDamageCalculation
CRStrengthDamageCalculation,541,GE_UM_GorestainedButcher_MeleeAutoAttack_Damage,complete,0,CRStrengthDamageCalculation
CRStrengthDamageCalculation,542,GE_UM_HornedSeer_MeleeAutoAttack_Damage,complete,0,CRStrengthDamageCalculation
CRStrengthDamageCalculation,543,GE_UM_Outrunner_ChargeTank_Damage,complete,0,CRStrengthDamageCalculation
CRStrengthDamageCalculation,544,GE_UM_Outrunner_MeleeAutoAttack_Damage,complete,0,CRStrengthDamageCalculation
CRStrengthDamageCalculation,545,GE_UM_Outrunner_RangedSlow_Damage,complete,0,CRStrengthDamageCalculation
CRStrengthDamageCalculation,546,GE_UM_UrrakSlaver_CastedMeleeKnockback_Damage,complete,0,CRStrengthDamageCalculation
CRStrengthDamageCalculation,547,GE_UM_UrrakSlaver_MeleeAutoAttack_Damage,complete,0,CRStrengthDamageCalculation
CRStrengthDamageCalculation,548,GE_UM_UrrakSlaver_ProximityChain_Debuff,complete,0,CRStrengthDamageCalculation
CRStrengthDamageCalculation,549,GE_UM_UrrakWitch_GroundRoots_Damage,complete,0,CRStrengthDamageCalculation
CRStrengthDamageCalculation,550,GE_UM_UrrakWitch_GroundRoots_Dot,complete,0,CRStrengthDamageCalculation
CRStrengthDamageCalculation,551,GE_UM_UrrakWitch_MeleeAutoAttack_Damage,complete,0,CRStrengthDamageCalculation
CRStrengthDamageCalculation,552,GE_UM_UrrakWitch_ProjectileVolley_Dot,complete,0,CRStrengthDamageCalculation
CRStrengthDamageCalculation,553,GE_VC_BossBrute_ChanneledAttack_Damage,complete,0,CRStrengthDamageCalculation
CRStrengthDamageCalculation,554,GE_VC_BossBrute_MeleeAutoAttack_Damage,complete,0,CRStrengthDamageCalculation
CRStrengthDamageCalculation,555,GE_VV_BlackburnMystic_MeleeAutoAttack_Damage,complete,0,CRStrengthDamageCalculation
CRStrengthDamageCalculation,556,GE_VV_BlackburnSlaver_CastedMeleeKnockback_Damage,complete,0,CRStrengthDamageCalculation
CRStrengthDamageCalculation,557,GE_VV_BlackburnSlaver_MeleeAutoAttack_Damage,complete,0,CRStrengthDamageCalculation
CRStrengthDamageCalculation,558,GE_VV_BlackburnSlaver_ProximityChain_Debuff,complete,0,CRStrengthDamageCalculation
CRStrengthDamageCalculation,559,GE_VV_BlackmistCutthroat_Backstab_Damage,complete,0,CRStrengthDamageCalculation
CRStrengthDamageCalculation,560,GE_VV_BlackmistCutthroat_MeleeAutoAttack_Damage,complete,0,CRStrengthDamageCalculation
CRStrengthDamageCalculation,561,GE_VV_BlackmistShadow_MeleeAutoAttack_Damage,complete,0,CRStrengthDamageCalculation
CRStrengthDamageCalculation,562,GE_VV_BlackmistWhisperer_MeleeAutoAttack_Damage,complete,0,CRStrengthDamageCalculation
CRStrengthDamageCalculation,563,GE_VV_BossChilgar_AutoAttack_Damage,complete,0,CRStrengthDamageCalculation
CRStrengthDamageCalculation,564,GE_VV_BossChilgar_IceColdWater_Dot_Linger,complete,0,CRStrengthDamageCalculation
CRStrengthDamageCalculation,565,GE_VV_BossChilgar_TankSoakAoe_Damage,complete,0,CRStrengthDamageCalculation
CRStrengthDamageCalculation,566,GE_VV_BossChilgar_TankSoakAoe_SpikeDamage,complete,0,CRStrengthDamageCalculation
CRStrengthDamageCalculation,567,GE_VV_BossFrostTroll_MeleeAutoAttack_Damage,complete,0,CRStrengthDamageCalculation
CRStrengthDamageCalculation,568,GE_VV_BossFrostTroll_SingleTargetDot_Dot,complete,0,CRStrengthDamageCalculation
CRStrengthDamageCalculation,569,GE_VV_BossFrostTroll_SingleTargetDot_LargeDamageExpire,complete,0,CRStrengthDamageCalculation
CRStrengthDamageCalculation,570,GE_VV_BossFrostTroll_Stomp_Damage,complete,0,CRStrengthDamageCalculation
CRStrengthDamageCalculation,571,GE_VV_BossFrostTroll_Stomp_PlayerDot,complete,0,CRStrengthDamageCalculation
CRStrengthDamageCalculation,572,GE_VV_BossFrostTroll_Stomp_RockDamage,complete,0,CRStrengthDamageCalculation
CRStrengthDamageCalculation,573,GE_VV_BossKaldursonFire_MeleeAutoAttack_Damage,complete,0,CRStrengthDamageCalculation
CRStrengthDamageCalculation,574,GE_VV_BossKaldursonFire_Stomp_Damage,complete,0,CRStrengthDamageCalculation
CRStrengthDamageCalculation,575,GE_VV_BossKaldursonFire_Stomp_PlayerDot,complete,0,CRStrengthDamageCalculation
CRStrengthDamageCalculation,576,GE_VV_BossKaldursonFire_Stomp_RockDamage,complete,0,CRStrengthDamageCalculation
CRStrengthDamageCalculation,577,GE_VV_BossKaldursonIce_IceSpikes_Damage,complete,0,CRStrengthDamageCalculation
CRStrengthDamageCalculation,578,GE_VV_BossKaldursonIce_MeleeAutoAttack_Damage,complete,0,CRStrengthDamageCalculation
CRStrengthDamageCalculation,579,GE_VV_BossVikingMystic_MeleeAutoAttack_Damage,complete,0,CRStrengthDamageCalculation
CRStrengthDamageCalculation,580,GE_VV_BossVikingMystic_TankNuke_Damage,complete,0,CRStrengthDamageCalculation
CRStrengthDamageCalculation,581,GE_VV_ColdbrineElementalist_MeleeAutoAttack_Damage,complete,0,CRStrengthDamageCalculation
CRStrengthDamageCalculation,582,GE_VV_ColdbrineFiend_MeleeAutoAttack_Damage,complete,0,CRStrengthDamageCalculation
CRStrengthDamageCalculation,583,GE_VV_CravenHiisi_AttachedAttack_Damage,complete,0,CRStrengthDamageCalculation
CRStrengthDamageCalculation,584,GE_VV_CravenHiisi_Dot,complete,0,CRStrengthDamageCalculation
CRStrengthDamageCalculation,585,GE_VV_CravenHiisi_MeleeAutoAttack_Damage,complete,0,CRStrengthDamageCalculation
CRStrengthDamageCalculation,586,GE_VV_FrenziedLooter_MeleeAutoAttack_Damage,complete,0,CRStrengthDamageCalculation
CRStrengthDamageCalculation,587,GE_VV_IcebitePillager_MeleeAutoAttack_Damage,complete,0,CRStrengthDamageCalculation
CRStrengthDamageCalculation,588,GE_VV_IcebiteReaver_MeleeAutoAttack_Damage,complete,0,CRStrengthDamageCalculation
CRStrengthDamageCalculation,589,GE_VV_IcebiteReaver_Slam_Damage,complete,0,CRStrengthDamageCalculation
CRStrengthDamageCalculation,590,GE_VV_SootstainedArsonist_MeleeAutoAttack_Damage,complete,0,CRStrengthDamageCalculation
CRStrengthDamageCalculation,591,GE_Warmaster_BouncyProjectile_Damage,complete,0,CRStrengthDamageCalculation
CRStrengthDamageCalculation,592,GE_Warmaster_HeavyMelee_CleaveDamage,complete,0,CRStrengthDamageCalculation
CRStrengthDamageCalculation,593,GE_Warmaster_HeavyMelee_Damage,complete,0,CRStrengthDamageCalculation
CRStrengthDamageCalculation,594,GE_Warmaster_InstantMeleeCleave_BleedDebuff,complete,0,CRStrengthDamageCalculation
CRStrengthDamageCalculation,595,GE_Warmaster_InstantMeleeCleave_Damage,complete,0,CRStrengthDamageCalculation
CRStrengthDamageCalculation,596,GE_Warmaster_LightMelee_Damage,complete,0,CRStrengthDamageCalculation
CRStrengthDamageCalculation,597,GE_Warmaster_MeleeAoeSlow_Damage,complete,0,CRStrengthDamageCalculation
CRStrengthDamageCalculation,598,GE_Warmaster_MeleeAutoAttack_Damage,complete,0,CRStrengthDamageCalculation
CRStrengthDamageCalculation,599,GE_Warmaster_MeleeCleave_CleaveDamage,complete,0,CRStrengthDamageCalculation
CRStrengthDamageCalculation,600,GE_Warmaster_MeleeCleave_Damage,complete,0,CRStrengthDamageCalculation
CRStrengthDamageCalculation,601,GE_Warmaster_MoveToTargetStun_Damage,complete,0,CRStrengthDamageCalculation
CRStrengthHealCalculation,0,GE_Sune_CastedSingleTargetHeal_Heal,complete,0,CRStrengthHealCalculation
CRStrengthHealCalculation,1,GE_Sune_InstantSingleTargetHealOrDamage_Heal,complete,0,CRStrengthHealCalculation
CRStrengthHealCalculation,2,GE_Sune_SelfImmunityAndAoeHeal_AoeHeal,complete,0,CRStrengthHealCalculation
CRStrengthHealCalculation,3,GE_Sune_TargetedCastedHealOrDamage_Heal,complete,0,CRStrengthHealCalculation
CRUserDefinedDamageCalculation,0,GE_BlackmistShadowMinion_OnDeathExplosion_FriendlyDamage,complete,0,CRUserDefinedDamageCalculation
CRUserDefinedDamageCalculation,1,GE_CM_ElfEnforcer_Protect_Damage,complete,0,CRUserDefinedDamageCalculation
CRUserDefinedDamageCalculation,2,GE_DM_WinterGiantFriendly_BossChannelDamage_Damage,complete,0,CRUserDefinedDamageCalculation
CRUserDefinedDamageCalculation,3,GE_DR_BossDemonPlant_SharedHealth_Damage,complete,0,CRUserDefinedDamageCalculation
CRUserDefinedDamageCalculation,4,GE_DR_BurningDemon_Immolation_SelfDot,complete,0,CRUserDefinedDamageCalculation
CRUserDefinedDamageCalculation,5,GE_DungeonModifier_AnomalousOrbs_Orb_Damage,complete,0,CRUserDefinedDamageCalculation
CRUserDefinedDamageCalculation,6,GE_DungeonModifier_BloodShardVolley_Damage,complete,0,CRUserDefinedDamageCalculation
CRUserDefinedDamageCalculation,7,GE_DungeonModifier_Carnage_HeroDebuffDot,complete,0,CRUserDefinedDamageCalculation
CRUserDefinedDamageCalculation,8,GE_DungeonModifier_ColdSnap_Damage,complete,0,CRUserDefinedDamageCalculation
CRUserDefinedDamageCalculation,9,GE_DungeonModifier_MeteorRain_Fragment_Damage,complete,0,CRUserDefinedDamageCalculation
CRUserDefinedDamageCalculation,10,GE_DungeonModifier_MeteorRain_Meteor_Damage,complete,0,CRUserDefinedDamageCalculation
CRUserDefinedDamageCalculation,11,GE_DungeonModifier_StoneSkin_DeathAbility_Dot,complete,0,CRUserDefinedDamageCalculation
CRUserDefinedDamageCalculation,12,GE_DungeonModifier_StormShield_Damage,complete,0,CRUserDefinedDamageCalculation
CRUserDefinedDamageCalculation,13,GE_DungeonModifier_Truesight_Damage,complete,0,CRUserDefinedDamageCalculation
CRUserDefinedDamageCalculation,14,GE_EM_BossGiantTroll_SummonAdds_DamageBossOnDeath_Damage,complete,0,CRUserDefinedDamageCalculation
CRUserDefinedDamageCalculation,15,GE_Environmental_FireDot_Linger,complete,0,CRUserDefinedDamageCalculation
CRUserDefinedDamageCalculation,16,GE_Environmental_IceColdWater_Dot,complete,0,CRUserDefinedDamageCalculation
CRUserDefinedDamageCalculation,17,GE_Environmental_IceColdWater_Dot_Linger,complete,0,CRUserDefinedDamageCalculation
CRUserDefinedDamageCalculation,18,GE_Environmental_SmallFireDot_Sustained,complete,0,CRUserDefinedDamageCalculation
CRUserDefinedDamageCalculation,19,GE_FM_Environmental_Spiderweb_Dot,complete,0,CRUserDefinedDamageCalculation
CRUserDefinedDamageCalculation,20,GE_FallDamage,complete,0,CRUserDefinedDamageCalculation
CRUserDefinedDamageCalculation,21,GE_Finesse_BasicToAoe_Damage,complete,0,CRUserDefinedDamageCalculation
CRUserDefinedDamageCalculation,22,GE_Firemage_CastedDotBoostProjectile_Talent_DamageSpreadToCastedSingleDot_Damage,complete,0,CRUserDefinedDamageCalculation
CRUserDefinedDamageCalculation,23,GE_Firemage_CastedDotDetonate_Damage,complete,0,CRUserDefinedDamageCalculation
CRUserDefinedDamageCalculation,24,GE_Firemage_FireFrog_Dot,complete,0,CRUserDefinedDamageCalculation
CRUserDefinedDamageCalculation,25,GE_Firemage_PlacedProjectileAoe_DirectDamageBased_Dot,complete,0,CRUserDefinedDamageCalculation
CRUserDefinedDamageCalculation,26,GE_Firemage_Talent_CastedPlacedAoe_DamageBasedDot_Dot,complete,0,CRUserDefinedDamageCalculation
CRUserDefinedDamageCalculation,27,GE_Firemage__Talent_CastedDotBoostProjectile_DirectDamageBased_Dot,complete,0,CRUserDefinedDamageCalculation
CRUserDefinedDamageCalculation,28,GE_Gunde_ClampedHealthWithEruption_Bleed,complete,0,CRUserDefinedDamageCalculation
CRUserDefinedDamageCalculation,29,GE_Gunde_ClampedHealthWithEruption_Damage,complete,0,CRUserDefinedDamageCalculation
CRUserDefinedDamageCalculation,30,GE_Gunde_DamageBlockHealthDrain_SelfBleed,complete,0,CRUserDefinedDamageCalculation
CRUserDefinedDamageCalculation,31,GE_Gunde_HealthCost_InstantDamage,complete,0,CRUserDefinedDamageCalculation
CRUserDefinedDamageCalculation,32,GE_Gunde_HeavyMeleeDotBased_DotBonusDamage,complete,0,CRUserDefinedDamageCalculation
CRUserDefinedDamageCalculation,33,GE_Gunde_InstantAoeDot_Dot,complete,0,CRUserDefinedDamageCalculation
CRUserDefinedDamageCalculation,34,GE_Gunde_PerTargetAccumulatedBleed_Damage,complete,0,CRUserDefinedDamageCalculation
CRUserDefinedDamageCalculation,35,GE_Gunde_Talent_InstantDeathFromDot_Damage,complete,0,CRUserDefinedDamageCalculation
CRUserDefinedDamageCalculation,36,GE_Ink_SingleTargetHeavyNonSpenderSecondChanceSingleTargetAttack_CritAoe_Damage,complete,0,CRUserDefinedDamageCalculation
CRUserDefinedDamageCalculation,37,GE_Ink_Talent_Passive_HeavySingleTargetAttack_Aoe_Damage,complete,0,CRUserDefinedDamageCalculation
CRUserDefinedDamageCalculation,38,GE_Ink_Talent_SecondChanceSingleTargetAttack_CritBleed_Bleed,complete,0,CRUserDefinedDamageCalculation
CRUserDefinedDamageCalculation,39,GE_JS_TutorialTroll_SetHealth,complete,0,CRUserDefinedDamageCalculation
CRUserDefinedDamageCalculation,40,GE_Lisa_ChanneledHealOrDamageProjectiles_Damage,complete,0,CRUserDefinedDamageCalculation
CRUserDefinedDamageCalculation,41,GE_Lisa_Talent_InstantDamageSpender_DamageToDot_Dot,complete,0,CRUserDefinedDamageCalculation
CRUserDefinedDamageCalculation,42,GE_MC_BloodAnimation_PassiveAoeDamageSelf_AoeDamage,complete,0,CRUserDefinedDamageCalculation
CRUserDefinedDamageCalculation,43,GE_MC_BloodCaster_CastedBleed_Bleed_OverflowInstantDeath,complete,0,CRUserDefinedDamageCalculation
CRUserDefinedDamageCalculation,44,GE_MC_BloodCaster_ChanneledTickingAoE_BloodCrystalRemainingHealthDammage,complete,0,CRUserDefinedDamageCalculation
CRUserDefinedDamageCalculation,45,GE_MC_BossDoor_SpecialFallDamage_Damage,complete,0,CRUserDefinedDamageCalculation
CRUserDefinedDamageCalculation,46,GE_MF_BossTotem_SharedHealth_Damage,complete,0,CRUserDefinedDamageCalculation
CRUserDefinedDamageCalculation,47,GE_Mara_Talent_AoeAttackSpender_DamageToPoisionDot_Poison,complete,0,CRUserDefinedDamageCalculation
CRUserDefinedDamageCalculation,48,GE_Mara_Talent_BleedAttackSpender_ExplosivePoison_ExplosionDamage,complete,0,CRUserDefinedDamageCalculation
CRUserDefinedDamageCalculation,49,GE_Mara_Talent_Spender_IncreasedDamageOnPoisonAndBleed_Damage,complete,0,CRUserDefinedDamageCalculation
CRUserDefinedDamageCalculation,50,GE_Meiko_Talent_MeleeDamageImmediateSelfBuff_DamageBuilder_Damage,complete,0,CRUserDefinedDamageCalculation
CRUserDefinedDamageCalculation,51,GE_Meiko_Talent_TauntTotem_IncomingDamageToDamage_Damage,complete,0,CRUserDefinedDamageCalculation
CRUserDefinedDamageCalculation,52,GE_Mosse_SharedHealthBuff_HealthDistributer_Damage,complete,0,CRUserDefinedDamageCalculation
CRUserDefinedDamageCalculation,53,GE_NP_BossHellcaller_SetHealth,complete,0,CRUserDefinedDamageCalculation
CRUserDefinedDamageCalculation,54,GE_PR_BossTreasureDemon_Ball_CrashIntoBoss_Damage,complete,0,CRUserDefinedDamageCalculation
CRUserDefinedDamageCalculation,55,GE_Rime_Talent_AutoDamageProjectile_ExplodingCrits_CleaveDamage,complete,0,CRUserDefinedDamageCalculation
CRUserDefinedDamageCalculation,56,GE_Rime_Talent_Passive_CastedProjectileDamageOrbSpender_DamageToAoe_Damage,complete,0,CRUserDefinedDamageCalculation
CRUserDefinedDamageCalculation,57,GE_SH_BossSpider_SpecialFallDamage_Damage,complete,0,CRUserDefinedDamageCalculation
CRUserDefinedDamageCalculation,58,GE_ST_BloodOrb_SharedHealth_Damage,complete,0,CRUserDefinedDamageCalculation
CRUserDefinedDamageCalculation,59,GE_ST_BossDefenseEye_Beams_SelfRemainingHealth_Dammage,complete,0,CRUserDefinedDamageCalculation
CRUserDefinedDamageCalculation,60,GE_ST_BossDefenseEye_SpawnAdds_Granted_OnDeathDamageBoss_Damage,complete,0,CRUserDefinedDamageCalculation
CRUserDefinedDamageCalculation,61,GE_ST_BossGatekeeper_MultiCastedMeleeStrike_FinalBlowDamage,complete,0,CRUserDefinedDamageCalculation
CRUserDefinedDamageCalculation,62,GE_Shared_ReflectDamage_Damage,complete,0,CRUserDefinedDamageCalculation
CRUserDefinedDamageCalculation,63,GE_Shared_Stagger_Damage,complete,0,CRUserDefinedDamageCalculation
CRUserDefinedDamageCalculation,64,GE_Shared_TargetDummy_Damage,complete,0,CRUserDefinedDamageCalculation
CRUserDefinedDamageCalculation,65,GE_Sune_DamageTransferAura_TransferedDamage,complete,0,CRUserDefinedDamageCalculation
CRUserDefinedDamageCalculation,66,GE_Sune_OverhealToAoeDamage_Damage,complete,0,CRUserDefinedDamageCalculation
CRUserDefinedDamageCalculation,67,GE_Sune_SingleTargetDamageTransfer_TransferedDamage,complete,0,CRUserDefinedDamageCalculation
CRUserDefinedDamageCalculation,68,GE_Sune_Talent_AtTargetInstantAoe_AddsDot_Dot,complete,0,CRUserDefinedDamageCalculation
CRUserDefinedDamageCalculation,69,GE_Sune_Talent_InstantSingleTargetHealOrDamage_DotHot_Dot,complete,0,CRUserDefinedDamageCalculation
CRUserDefinedDamageCalculation,70,GE_Sune_Talent_SingleTargetAbsorb_AoeDamage_Damage,complete,0,CRUserDefinedDamageCalculation
CRUserDefinedDamageCalculation,71,GE_Trait_GemDotHotOnCrit_DoT,complete,0,CRUserDefinedDamageCalculation
CRUserDefinedDamageCalculation,72,GE_Trait_GemPulsatingOnAbilityTotemProc_FlatDamage,complete,0,CRUserDefinedDamageCalculation
CRUserDefinedDamageCalculation,73,GE_Trait_GemWhirlwindProc_Damage,complete,0,CRUserDefinedDamageCalculation
CRUserDefinedDamageCalculation,74,GE_UB_BossArchbishop_FollowingCylinderAOE_DamageToOrb,complete,0,CRUserDefinedDamageCalculation
CRUserDefinedDamageCalculation,75,GE_UB_BossWarband_SharedHealth_Damage,complete,0,CRUserDefinedDamageCalculation
CRUserDefinedDamageCalculation,76,GE_UB_SoulstainedShambler_PassiveDotMonitor_Dot,complete,0,CRUserDefinedDamageCalculation
CRUserDefinedDamageCalculation,77,GE_UC_BossBaptist_HighestThreatSplitDamageDot_SplitDamageDot,complete,0,CRUserDefinedDamageCalculation
CRUserDefinedDamageCalculation,78,GE_UM_HornedSeer_ChanneledOrbProjectiles_SelfDamage,complete,0,CRUserDefinedDamageCalculation
CRUserDefinedDamageCalculation,79,GE_UM_HornedSeer_OrbProjectile_SelfDamage,complete,0,CRUserDefinedDamageCalculation
CRUserDefinedDamageCalculation,80,GE_VV_BossFrostTroll_Stomp_IceBlockDot,complete,0,CRUserDefinedDamageCalculation
CRUserDefinedDamageCalculation,81,GE_VV_BossKaldursonFire_Stomp_IceBlockDot,complete,0,CRUserDefinedDamageCalculation
CRUserDefinedDamageCalculation,82,GE_Vigor_Talent_SingleTargetDot_DamageToAoe_Damage,complete,0,CRUserDefinedDamageCalculation
CRUserDefinedDamageCalculation,83,GE_Warmaster_Talent_BouncyProjectile_ChanceAoeDamage_Damage,complete,0,CRUserDefinedDamageCalculation
CRUserDefinedDamageCalculation,84,GE_Warmaster_Talent_MeleeCleaveAbsorbBuff_ReducedDamageReflectDamage_Damage,complete,0,CRUserDefinedDamageCalculation
CRUserDefinedDamageCalculation,85,GE_Weapon_CastedHealAndDamageChannel_AoeDamage,complete,0,CRUserDefinedDamageCalculation
CRUserDefinedDamageCalculation,86,GE_Weapon_InstantDamageAccumulativeDebuff_Damage,complete,0,CRUserDefinedDamageCalculation
CRUserDefinedHealCalculation,0,GE_ArmorSetBonus_PowerBonusAndAutoHeal_Heal,complete,0,CRUserDefinedHealCalculation
CRUserDefinedHealCalculation,1,GE_DM_WinterWitch_CastSelfAbsorbHot_Buff,complete,0,CRUserDefinedHealCalculation
CRUserDefinedHealCalculation,2,GE_DungeonModifier_Carnage_TeamLifeTapHeal,complete,0,CRUserDefinedHealCalculation
CRUserDefinedHealCalculation,3,GE_DungeonModifier_WinterWitch_BoonAoeBuff,complete,0,CRUserDefinedHealCalculation
CRUserDefinedHealCalculation,4,GE_Finesse_DrainHealthBasedOnPrimaryStat_Heal,complete,0,CRUserDefinedHealCalculation
CRUserDefinedHealCalculation,5,GE_Firemage_Talent_DotDoubleDamageAndHeal_Heal,complete,0,CRUserDefinedHealCalculation
CRUserDefinedHealCalculation,6,GE_GemBonus_AutoHealOnLowHealth_Heal_Medium,complete,0,CRUserDefinedHealCalculation
CRUserDefinedHealCalculation,7,GE_GemBonus_AutoHealOnLowHealth_Heal_Small,complete,0,CRUserDefinedHealCalculation
CRUserDefinedHealCalculation,8,GE_GemBonus_HealthRegenBonusInCombatMedium,complete,0,CRUserDefinedHealCalculation
CRUserDefinedHealCalculation,9,GE_GemBonus_HealthRegenBonusInCombatSmall,complete,0,CRUserDefinedHealCalculation
CRUserDefinedHealCalculation,10,GE_GemBonus_HoTOnTouchedTargetDeath_HoT_Medium,complete,0,CRUserDefinedHealCalculation
CRUserDefinedHealCalculation,11,GE_GemBonus_HoTOnTouchedTargetDeath_HoT_Small,complete,0,CRUserDefinedHealCalculation
CRUserDefinedHealCalculation,12,GE_Gunde_HealthGain_InstantHeal,complete,0,CRUserDefinedHealCalculation
CRUserDefinedHealCalculation,13,GE_Ink_Talent_ChargedBuff_LifestealAndStatboost_Heal,complete,0,CRUserDefinedHealCalculation
CRUserDefinedHealCalculation,14,GE_JS_TutorialOrcCaster_Heal_Heal,complete,0,CRUserDefinedHealCalculation
CRUserDefinedHealCalculation,15,GE_Lisa_AoeStaggerRemovalSpender_Heal,complete,0,CRUserDefinedHealCalculation
CRUserDefinedHealCalculation,16,GE_Lisa_ChanneledHealOrDamageProjectiles_Heal,complete,0,CRUserDefinedHealCalculation
CRUserDefinedHealCalculation,17,GE_Lisa_OutgoingDamageToHealManager_Heal,complete,0,CRUserDefinedHealCalculation
CRUserDefinedHealCalculation,18,GE_Lisa_PauseResourcesAndPartyHealth_Heal,complete,0,CRUserDefinedHealCalculation
CRUserDefinedHealCalculation,19,GE_Lisa_SingleTargetStaggerRemovalSpender_Heal,complete,0,CRUserDefinedHealCalculation
CRUserDefinedHealCalculation,20,GE_Lisa_Talent_StaggerOverhealToStackingHeal_Heal,complete,0,CRUserDefinedHealCalculation
CRUserDefinedHealCalculation,21,GE_MC_WanderingGhostPriest_Heal_Heal,complete,0,CRUserDefinedHealCalculation
CRUserDefinedHealCalculation,22,GE_MF_BlightedMorningGlory_OnDeathHeal_Heal,complete,0,CRUserDefinedHealCalculation
CRUserDefinedHealCalculation,23,GE_MF_FoulTotemic_Heal_Heal,complete,0,CRUserDefinedHealCalculation
CRUserDefinedHealCalculation,24,GE_Meiko_ChanneledHeavyDamage_SelfHeal,complete,0,CRUserDefinedHealCalculation
CRUserDefinedHealCalculation,25,GE_Meiko_HIghDamageCleave_SelfHeal,complete,0,CRUserDefinedHealCalculation
CRUserDefinedHealCalculation,26,GE_Meiko_InstantSelfDefensive_SelfHeal,complete,0,CRUserDefinedHealCalculation
CRUserDefinedHealCalculation,27,GE_Meiko_Talent_InstantSelfDefensive_ApplyHot_Hot,complete,0,CRUserDefinedHealCalculation
CRUserDefinedHealCalculation,28,GE_Meiko_Talent_MeleeDamageImmediateSelfBuff_DamageBuilder_Heal,complete,0,CRUserDefinedHealCalculation
CRUserDefinedHealCalculation,29,GE_Mosse_DurationalAoeHealPlacement_Heal,complete,0,CRUserDefinedHealCalculation
CRUserDefinedHealCalculation,30,GE_Mosse_SharedHealthBuff_HealthDistributer_Heal,complete,0,CRUserDefinedHealCalculation
CRUserDefinedHealCalculation,31,GE_NPC_MalevolentSpirits_OnDeathAbility_ReplenishHealthandMana_Effect,complete,0,CRUserDefinedHealCalculation
CRUserDefinedHealCalculation,32,GE_PR_BossPirateCaptain_BecomeGhost_HealToFull,complete,0,CRUserDefinedHealCalculation
CRUserDefinedHealCalculation,33,GE_PR_BossTreasureDemon_SuckInCoins_Heal,complete,0,CRUserDefinedHealCalculation
CRUserDefinedHealCalculation,34,GE_PR_FoB_ChanneledSlowedMoveToTarget_Heal,complete,0,CRUserDefinedHealCalculation
CRUserDefinedHealCalculation,35,GE_PR_PirateGrunt_FoBHeal_Heal,complete,0,CRUserDefinedHealCalculation
CRUserDefinedHealCalculation,36,GE_Perk_DamageToHeal_Heal,complete,0,CRUserDefinedHealCalculation
CRUserDefinedHealCalculation,37,GE_Perk_InstantHealDamageReductionBuff_Heal,complete,0,CRUserDefinedHealCalculation
CRUserDefinedHealCalculation,38,GE_RelicPower_HealthPotion,complete,0,CRUserDefinedHealCalculation
CRUserDefinedHealCalculation,39,GE_Rime_DamageAsAoeHealingBuff_Heal,complete,0,CRUserDefinedHealCalculation
CRUserDefinedHealCalculation,40,GE_Rime_SelfDefenceBuff_Talent_Heal,complete,0,CRUserDefinedHealCalculation
CRUserDefinedHealCalculation,41,GE_Rime_Talent_SelfDefenceBuff_DurationBoostAndHealFromDamage_Heal,complete,0,CRUserDefinedHealCalculation
CRUserDefinedHealCalculation,42,GE_SH_GravesnareKidnapper_KidnapBite_Heal,complete,0,CRUserDefinedHealCalculation
CRUserDefinedHealCalculation,43,GE_ST_BloodOrb_BuffBoss_Heal,complete,0,CRUserDefinedHealCalculation
CRUserDefinedHealCalculation,44,GE_ST_BossDefenseEye_AbsorbAdds_HealSelf,complete,0,CRUserDefinedHealCalculation
CRUserDefinedHealCalculation,45,GE_Shared_MaxHealthHeal,complete,0,CRUserDefinedHealCalculation
CRUserDefinedHealCalculation,46,GE_Shared_SuperFlatHeal_SetByCaller_NoLogging,complete,0,CRUserDefinedHealCalculation
CRUserDefinedHealCalculation,47,GE_Sune_Talent_DroppedPulseAoe_HealsAlly_Heal,complete,0,CRUserDefinedHealCalculation
CRUserDefinedHealCalculation,48,GE_Sune_Talent_InstantSingleTargetHealOrDamage_DotHot_Hot,complete,0,CRUserDefinedHealCalculation
CRUserDefinedHealCalculation,49,GE_Trait_GemDotHotOnCrit_HoT,complete,0,CRUserDefinedHealCalculation
CRUserDefinedHealCalculation,50,GE_Trait_GemPulsatingOnAbilityTotemProc_FlatHeal,complete,0,CRUserDefinedHealCalculation
CRUserDefinedHealCalculation,51,GE_UB_BossWarMachine_Dismounted_Heal,complete,0,CRUserDefinedHealCalculation
CRUserDefinedHealCalculation,52,GE_UB_BossWarband_SharedHealth_Heal,complete,0,CRUserDefinedHealCalculation
CRUserDefinedHealCalculation,53,GE_UB_Healer_CastedAoeHeal_Heal,complete,0,CRUserDefinedHealCalculation
CRUserDefinedHealCalculation,54,GE_UB_HealingMinion_Heal,complete,0,CRUserDefinedHealCalculation
CRUserDefinedHealCalculation,55,GE_VV_BlackburnMystic_Heal_Heal,complete,0,CRUserDefinedHealCalculation
CRUserDefinedHealCalculation,56,GE_Vigor_Echo_Heal,complete,0,CRUserDefinedHealCalculation
CRUserDefinedHealCalculation,57,GE_Vigor_Talent_CastedSingleTargetDamage_SingleTargetChargedHot_HealAlly_Heal,complete,0,CRUserDefinedHealCalculation
CRUserDefinedHealCalculation,58,GE_Vigor_Talent_InstantAoeHeal_Hot,complete,0,CRUserDefinedHealCalculation
CRUserDefinedHealCalculation,59,GE_Vigor_Talent_SingleTargetDot_BuffActiveAdditionalDirectDamage_DamageHealsAlly_Heal,complete,0,CRUserDefinedHealCalculation
CRUserDefinedHealCalculation,60,GE_Warmaster_PassiveHealthRegen,complete,0,CRUserDefinedHealCalculation
CRUserDefinedHealCalculation,61,GE_Weapon_CastedHealAndDamageChannel_Heal,complete,0,CRUserDefinedHealCalculation
