id,source_category,dispellable,duration_policy,ui_name,ui_description,stacking,period,provenance_origin,provenance_dev_name,provenance_source
GE_ArmorSetBonus_CritChanceBonus,set_bonus,true,Infinite,,,,,datamine,,
GE_ArmorSetBonus_ExpertiseBonus,set_bonus,true,Infinite,,,,,datamine,,
GE_ArmorSetBonus_GemPowerBonus,set_bonus,true,Infinite,,,,,datamine,,
GE_ArmorSetBonus_HasteBonus,set_bonus,true,Infinite,,,,,datamine,,
GE_ArmorSetBonus_HasteBuffOnAbilityUse_Buff,set_bonus,true,HasDuration,Dark Prophecy,Your Haste is increased by 25%.,AggregateByTarget,,datamine,,
GE_ArmorSetBonus_HeroismPowerAndDamageReductionBonus_Buff,set_bonus,true,HasDuration,Drakheim's Absolution,20% increased Strength / Agility / Intellect.,,,datamine,,
GE_ArmorSetBonus_MagicResistBonus,set_bonus,true,Infinite,,,,,datamine,,
GE_ArmorSetBonus_MaxHealth,set_bonus,true,Infinite,,,,,datamine,,
GE_ArmorSetBonus_MaxManaBonus,set_bonus,true,Infinite,,,,,datamine,,
GE_ArmorSetBonus_MoveSpeedBonus,set_bonus,true,Infinite,,,,,datamine,,
GE_ArmorSetBonus_PowerBonusAndAutoHeal,set_bonus,true,Infinite,,,,,datamine,,
GE_ArmorSetBonus_PowerBonusAndAutoHeal_Heal,set_bonus,true,,,,,,datamine,,
GE_ArmorSetBonus_PowerBonusAndAutoHeal_Heal_CooldownVisualBuff,set_bonus,false,HasDuration,Torment of Bael'Aurum,"You have recently triggered the healing of your Torment of Bael'Aurum, and it can not happen again until this effect expires.",AggregateBySource,,datamine,,
GE_ArmorSetBonus_PowerBonusOnCrit_Buff,set_bonus,false,HasDuration,Draconic Might,18% Increased Strength / Agility / Intellect.,AggregateByTarget,,datamine,,
GE_ArmorSetBonus_Quickplay_CritChanceBonus,set_bonus,true,Infinite,,,,,datamine,,
GE_ArmorSetBonus_Quickplay_ExpertiseBonus,set_bonus,true,Infinite,,,,,datamine,,
GE_ArmorSetBonus_Quickplay_HasteBonus,set_bonus,true,Infinite,,,,,datamine,,
GE_ArmorSetBonus_Quickplay_SpiritBonus,set_bonus,true,Infinite,,,,,datamine,,
GE_ArmorSetBonus_SpiritBonus,set_bonus,true,Infinite,,,,,datamine,,
GE_ArmorSetBonus_TargetLowHealthDamageBonus,set_bonus,true,Infinite,,,,,datamine,,
GE_ArmorSetBonus_ThreatDecrease,set_bonus,true,Infinite,,,,,datamine,,
GE_ArmorSetBonus_ThreatIncrease,set_bonus,true,Infinite,,,,,datamine,,
GE_Ascension_BossBoost,modifier,true,Infinite,,,,,datamine,,
GE_Ascension_BossBoost_HeroBuff,modifier,true,Infinite,,,AggregateByTarget,,datamine,,
GE_Ascension_DispelAndInterrupt_HeroBuff,modifier,true,Infinite,,,AggregateByTarget,,datamine,,
GE_Ascension_EnemyBoost,modifier,true,Infinite,,,,,datamine,,
GE_Ascension_EnemyBoost_HeroBuff,modifier,true,Infinite,,,AggregateByTarget,,datamine,,
GE_Ascension_ThreatManagement_HeroBuff,modifier,true,Infinite,,,AggregateByTarget,,datamine,,
GE_Ascension_ThreatManagement_ThreatDebuff,modifier,true,Infinite,,,AggregateByTarget,,datamine,,
GE_Ascension_TimerKillScore_HeroBuff,modifier,true,Infinite,,,AggregateByTarget,,datamine,,
GE_BaseLogic_Disorient,shared,true,Infinite,,,,,datamine,,
GE_BaseLogic_Fear,shared,true,Infinite,,,,,datamine,,
GE_BlackmistShadowMinion_Cast_Buff,ability_system,false,Infinite,Devour Light,"Increased damage, haste and size",AggregateByTarget,,datamine,,
GE_BlackmistShadowMinion_Cast_Damage,ability_system,true,,,,,,datamine,,
GE_BlackmistShadowMinion_Cast_Debuff,ability_system,false,HasDuration,Devour Light,You take increased damage,AggregateByTarget,,datamine,,
GE_BlackmistShadowMinion_Cast_HasteBuff,ability_system,false,Infinite,,,AggregateByTarget,,datamine,,
GE_BlackmistShadowMinion_OnDeathExplosion_Damage,ability_system,true,,,,,,datamine,,
GE_BlackmistShadowMinion_OnDeathExplosion_FriendlyDamage,ability_system,true,,,,,,datamine,,
GE_BlackmistShadowMinion_OnDeathExplosion_Stun,ability_system,false,HasDuration,Stunned,,,,datamine,,
GE_BossVikingMystic_RuneMinion_Cast_Buff,ability_system,false,Infinite,Devour Light,"Increased damage, haste and size",AggregateByTarget,,datamine,,
GE_BossVikingMystic_RuneMinion_Cast_Damage,ability_system,true,,,,,,datamine,,
GE_BossVikingMystic_RuneMinion_Cast_Debuff,ability_system,false,Infinite,Devour Light,You take increased damage,AggregateByTarget,,datamine,,
GE_BossVikingMystic_RuneMinion_Cast_HasteBuff,ability_system,false,Infinite,,,AggregateByTarget,,datamine,,
GE_BossVikingMystic_RuneMinion_OnDeathExplosion_Damage,ability_system,true,,,,,,datamine,,
GE_Bowguy_AimSlow,hero,true,HasDuration,,,,,datamine,,
GE_Bowguy_AoeProjectileDamage_Cost,hero,true,,,,,,datamine,,
GE_Bowguy_AoeProjectileDamage_Damage,hero,true,,,,,,datamine,,
GE_Bowguy_AoeProjectileDamage_Damage_Magical,hero,true,,,,,,datamine,,
GE_Bowguy_AoeProjectileDamage_Proc,hero,true,Infinite,,,AggregateByTarget,,datamine,,
GE_Bowguy_CastedBouncyProjectileDamage_Cost,hero,true,,,,,,datamine,,
GE_Bowguy_CastedBouncyProjectileDamage_Damage,hero,true,,,,,,datamine,,
GE_Bowguy_CastedProjectileDamage_Buff,hero,true,Infinite,Steady Hands,Increasing the damage of your next Highwind Arrow by 50%. Stacks up to 3 times.,AggregateBySource,,datamine,,
GE_Bowguy_CastedProjectileDamage_Damage,hero,true,,,,,,datamine,,
GE_Bowguy_CastedProjectileHeavyDamage_Cost,hero,true,,,,,,datamine,,
GE_Bowguy_CastedProjectileHeavyDamage_Damage,hero,true,,,,,,datamine,,
GE_Bowguy_ChanneledMultiProjectileDebuff_Cost,hero,true,,,,,,datamine,,
GE_Bowguy_ChanneledMultiProjectileDebuff_Damage,hero,true,,,,,,datamine,,
GE_Bowguy_ChargedMoveWithDirection_Active,hero,true,Infinite,,,,,datamine,,
GE_Bowguy_DurationalAoeDamage_Buff,hero,false,HasDuration,Event Horizon,You are enraptured in celestial energy causing Lunarlight Salvos to hit up to 5 enemies in combat with you every 2 seconds.,AggregateBySource,,datamine,,
GE_Bowguy_DurationalAoeDamage_Cost,hero,true,,,,,,datamine,,
GE_Bowguy_DurationalAoeDamage_Visual,hero,true,HasDuration,,,,,datamine,,
GE_Bowguy_InstantMarkTarget_AoeDamage,hero,true,,,,,,datamine,,
GE_Bowguy_InstantMarkTarget_Damage,hero,true,,,,,,datamine,,
GE_Bowguy_InstantMarkTarget_Debuff,hero,true,HasDuration,Lunarlight Mark,Damage you deal against this enemy has a chance to cause a <bold>Lunarlight Salvo</> to strike them for additional magic damage.,AggregateBySource,,datamine,,
GE_Bowguy_InstantSingleInterrupt_Interrupt,hero,true,,,,,,datamine,,
GE_Bowguy_InstantSingleInterrupt_Lockout,hero,true,,Interrupted,Cannot cast spells for a short duration.,,,datamine,,
GE_Bowguy_ProcHasteBuff_Buff,hero,true,HasDuration,Skystrider's Grace,Increases haste by 40% for 20 seconds.,AggregateByTarget,,datamine,,
GE_Bowguy_RangedAutoAttack_Damage,hero,true,,,,,,datamine,,
GE_Bowguy_RangedAutoAttack_Proc,hero,true,HasDuration,Celestial Impetus,Your next Celestial Shot applies 3 stacks of Lunarlight Mark to the target.,AggregateByTarget,,datamine,,
GE_Bowguy_ReducedCostCooldownRecoveryBuff_CooldownRecoveryBuff,hero,true,Infinite,,,AggregateBySource,,datamine,,
GE_Bowguy_ReducedCostCooldownRecoveryBuff_Cost,hero,true,,,,,,datamine,,
GE_Bowguy_ReducedCostCooldownRecoveryBuff_SelfBuff,hero,false,HasDuration,Event Horizon,"Dealing <bold>20% more damage</>.

All <bold>Focus costs are reduced by 50%</> and your <bold>Cooldown Acceleration</> is increased by an amount equal to your Haste.",AggregateBySource,,datamine,,
GE_Bowguy_ReducedCostCooldownRecoveryBuff_Visual,hero,true,HasDuration,,,,,datamine,,
GE_Bowguy_SelfBuffForAoeProjectile_SelfBuff,hero,true,HasDuration,Skystrider's Supremacy,"Your next <bold>Multishots</> is <bold>Empowered</>, causing it to have <bold>50% reduced Focus cost</> and deal magic damage.

<bold>Empowered Multishots</> always fire at least 3 arrows regardless of how many targets are in range.",AggregateByTarget,,datamine,,
GE_Bowguy_SelfDefenceBuff_SelfBuff,hero,true,HasDuration,Celestial Veil,Damage taken reduced by 40%.,,,datamine,,
GE_Bowguy_SingleProjectileDamage_Cost,hero,true,,,,,,datamine,,
GE_Bowguy_SingleProjectileDamage_Damage,hero,true,,,,,,datamine,,
GE_Bowguy_Talent_CastedProjectileDamage_AoeProjectileDamageEmpowered_SelfBuff,hero,true,HasDuration,Focused Expanse,"Your next <bold>Multishot</> is empowered, causing it to have 50% reduced Focus cost, damage as Magic damage and always fire at least 3 arrows regardless of how many targets are in range.",AggregateBySource,,datamine,,
GE_Bowguy_Talent_CastedProjectileHeavyDamage_IncreasedIncomingDamageDebuff_Debuff,hero,true,HasDuration,Shimmer,,AggregateBySource,,datamine,,
GE_Bowguy_Talent_CastedProjectileHeavyDamage_IncreasedIncomingDamageDebuff_OwnerEffect,hero,true,,,,AggregateBySource,,datamine,,
GE_Bowguy_Talent_CastedProjectileHeavyDamage_InstantNoCooldownProc_Proc,hero,true,HasDuration,Resurgent Winds,"Highwind Arrow is Instant Cast, Free, and deals increased damage.",AggregateBySource,,datamine,,
GE_Bowguy_Talent_CastedProjectileHeavyDamage_NoBounceBuff_SelfBuff,hero,true,HasDuration,Striker's Aim,Increased Expertise.,AggregateBySource,,datamine,,
GE_Bowguy_Talent_CastedProjectileHeavyDamage_StacksMoreDamageAndBounces_Proc,hero,true,,,,,,datamine,,
GE_Bowguy_Talent_CastedProjectileHeavyDamage_StacksMoreDamageAndBounces_Stacker,hero,true,Infinite,Final Cresendo,"At 2 stacks, your next Highwind Arrow consumes all stacks and deals 100% increased damage and Ricochets to up to 9 additional targets.",AggregateBySource,,datamine,,
GE_Bowguy_Talent_ChanneledMultiProjectileDebuff_IncomingDamage_Debuff,hero,true,HasDuration,Lingering Heartseeker,Taking 50% increased damage from Multishot and Celestial Shot.,AggregateBySource,,datamine,,
GE_Bowguy_Talent_ChanneledMultiProjectileDebuff_ResetCooldownAndBuff_Proc,hero,true,HasDuration,Impending Heartseeker,Your next <bold>Heartseeker Barrage</> deals 10% increased damage with each successive arrow fired.,AggregateBySource,,datamine,,
GE_Bowguy_Talent_IncomingAoeDamageReduction,hero,true,Infinite,,,,,datamine,,
GE_Bowguy_Talent_IncreasedCritChanceAtLowHealth,hero,true,Infinite,,,AggregateBySource,,datamine,,
GE_Bowguy_Talent_IncreasedMovementSpeed,hero,true,Infinite,,,AggregateBySource,,datamine,,
GE_Bowguy_Talent_ReducedIncomingMagicDamage,hero,true,Infinite,,,,,datamine,,
GE_Bowguy_TargetedAoeDamage_Cost,hero,true,,,,,,datamine,,
GE_Bowguy_TargetedAoeDamage_Damage,hero,true,,,,,1.0,datamine,,
GE_Bowguy_TargetedAoeDamage_MainTargetBuff,hero,true,Infinite,,,AggregateBySource,,datamine,,
GE_Bowguy_TargetedAoeDamage_Talent_BuffWhileActive,hero,true,Infinite,Skylit Grace,Your <bold>Skystrider's Grace</> ability has +120% increased cooldown recovery.,AggregateBySource,,datamine,,
GE_Bowguy_TargetedAoePull_Pull,hero,true,HasDuration,Grappling Arrow,Being pulled.,AggregateByTarget,,datamine,,
GE_Bowguy_TargetedAoePull_Slow,hero,true,HasDuration,Grappling Arrow,Slowed by 65%,AggregateByTarget,,datamine,,
GE_CCImmune,shared,true,Infinite,,,,,datamine,,
GE_CM_BlackburnMantrader_CastedRangedProjectile_Damage,ability_system,true,,,,,,datamine,,
GE_CM_BlackburnMantrader_CastedRangedProjectile_SlowDebuff,ability_system,true,HasDuration,Frost Bolt,Movement speed is reduced by 40%,AggregateByTarget,,datamine,,
GE_CM_BlackburnMantrader_CastedRoot_Debuff,ability_system,true,HasDuration,Freezing Grasp,Immobilized for a short duration.,AggregateByTarget,,datamine,,
GE_CM_BlackburnMantrader_LargeRangedProjectile_Damage,ability_system,true,,,,,,datamine,,
GE_CM_BlackburnMantrader_MeleeAutoAttack_Damage,ability_system,true,,,,,,datamine,,
GE_CM_BossAina_CastDebuffProjectile_Damage,ability_system,true,,,,,,datamine,,
GE_CM_BossAina_CastDebuffProjectile_Debuff,ability_system,true,HasDuration,Creeping Vulnerability,You take massively increased damage from Creeping Decay,AggregateByTarget,,datamine,,
GE_CM_BossAina_CastFillerProjectile_Damage,ability_system,true,,,,,,datamine,,
GE_CM_BossAina_CastHealDebuff_Debuff,ability_system,true,HasDuration,Coldbrine Curse,Heals are received as damage instead,,,datamine,,
GE_CM_BossAina_Charge_Damage,ability_system,true,,,,,,datamine,,
GE_CM_BossAina_Charge_SelfBuff,ability_system,true,Infinite,,,,,datamine,,
GE_CM_BossAina_MeleeAutoAttack_Damage,ability_system,true,,,,,,datamine,,
GE_CM_BossAina_PlacedSlowAoe_AoeDot,ability_system,true,Infinite,,,AggregateByTarget,1.0,datamine,,
GE_CM_BossAina_PlacedSlowAoe_CastCounter,ability_system,true,Infinite,,,,,datamine,,
GE_CM_BossAina_PlacedSlowAoe_SlowEffect,ability_system,true,Infinite,Wildroot Thorns,Reduces movement speed and impact of forced movement.,AggregateByTarget,,datamine,,
GE_CM_BossTroll_AutoAttack_CrushStack,ability_system,true,Infinite,Rage,"At 5x stacks, Slam current target for immense damage.",AggregateBySource,,datamine,,
GE_CM_BossTroll_AutoAttack_Damage,ability_system,true,,,,,,datamine,,
GE_CM_BossTroll_Charge,ability_system,true,Infinite,,,,,datamine,,
GE_CM_BossTroll_Charge_BumpDamage,ability_system,true,,,,,,datamine,,
GE_CM_BossTroll_Charge_ImpactDamage,ability_system,true,,,,,,datamine,,
GE_CM_BossTroll_Enrage_Damage,ability_system,true,,,,,,datamine,,
GE_CM_BossTroll_FallingRocks_Damage,ability_system,true,,,,,,datamine,,
GE_CM_BossTroll_FallingRocks_Slow,ability_system,true,Infinite,Cave In,You are slowed,AggregateByTarget,,datamine,,
GE_CM_BossTroll_FinalEnrageHealth,ability_system,true,Infinite,,,,,datamine,,
GE_CM_BossWhisperingCore_Beam_Damage,ability_system,true,Infinite,,,,1.0,datamine,,
GE_CM_BossWhisperingCore_PlatformAoEDamage_Dot,ability_system,true,Infinite,Seethe,Exposure to the corrupted magic deals damage to you every 3 seconds.,AggregateByTarget,1.0,datamine,,
GE_CM_BossWhisperingCore_PulsingAoEDamage,ability_system,true,,,,,,datamine,,
GE_CM_BossWhisperingCore_RangedAutoAttack_Damage,ability_system,true,,,,,,datamine,,
GE_CM_BossWhisperingCore_TankSlam_Damage,ability_system,true,,,,,,datamine,,
GE_CM_BossYrsa_Aina_Shared_Enrage_FinalBuff,ability_system,false,Infinite,Enraged,Damage Dealt is increased by 5% for each stack. Stacks are now increasing over time,AggregateBySource,,datamine,,
GE_CM_BossYrsa_Aina_Shared_Enrage_StackingBuff,ability_system,false,Infinite,Enraged,Damage Dealt is increased by 5% for each stack. Stacks are added for every 1% more health compared to the other boss,AggregateBySource,,datamine,,
GE_CM_BossYrsa_AoEDamageSlow_Damage,ability_system,true,,,,,,datamine,,
GE_CM_BossYrsa_AoeSoak_SoakedDamage,ability_system,true,,,,,,datamine,,
GE_CM_BossYrsa_AoeSoak_UnsoakedDamage,ability_system,true,,,,,,datamine,,
GE_CM_BossYrsa_AutoAttack_Damage,ability_system,true,,,,,,datamine,,
GE_CM_BossYrsa_ConjureScythe_Damage,ability_system,true,,,,,1.0,datamine,,
GE_CM_BossYrsa_DamageCooldown,ability_system,true,HasDuration,,,,,datamine,,
GE_CM_Charged_Construct_Ghost_SelfDamageDebuff,ability_system,true,Infinite,,,AggregateByTarget,1.0,datamine,,
GE_CM_Construct_Charged_ChainLightning_Damage,ability_system,true,,,,,,datamine,,
GE_CM_Construct_Charged_Ghost_AutoAttack,ability_system,true,,,,,,datamine,,
GE_CM_Construct_Charged_RangedAutoAttack,ability_system,true,,,,,,datamine,,
GE_CM_CrystalConstructCharged_MeleeAutoAttack_Damage,ability_system,true,,,,,,datamine,,
GE_CM_CrystalConstructCharged_RotatingBeam_Dot,ability_system,false,Infinite,Searing Refraction,Taking damage from standing in a beam.,,1.0,datamine,,
GE_CM_EarthElemental_AutoAttack_Damage,ability_system,true,,,,,,datamine,,
GE_CM_EarthElemental_BurrowBuff,ability_system,true,Infinite,,,AggregateByTarget,,datamine,,
GE_CM_EarthElemental_BurrowedStrike_Damage,ability_system,true,,,,,,datamine,,
GE_CM_EarthElemental_CastAoeDamage_Damage,ability_system,true,,,,,,datamine,,
GE_CM_EarthElemental_CastAoeDamage_Debuff,ability_system,true,HasDuration,Shattering,You take increased damage from Shatter.,AggregateByTarget,,datamine,,
GE_CM_EarthElemental_EarthBreaker_Damage,ability_system,true,,,,,,datamine,,
GE_CM_EarthElemental_EarthBreaker_Slow,ability_system,true,HasDuration,Slowed,,,,datamine,,
GE_CM_EarthElemental_EarthStomp_Damage,ability_system,true,,,,,,datamine,,
GE_CM_EarthElemental_Upheaval_Damage,ability_system,true,,,,,,datamine,,
GE_CM_ElfEnforcer_AutoAttack_Damage,ability_system,true,,,,,,datamine,,
GE_CM_ElfEnforcer_Protect_Buff,ability_system,false,Infinite,Reflective Shield,Reflects all damage received while channeling at the end of the cast.,,,datamine,,
GE_CM_ElfEnforcer_Protect_Damage,ability_system,true,,,,,,datamine,,
GE_CM_ElfEnforcer_TankSlam_Damage,ability_system,true,,,,,,datamine,,
GE_CM_ElfEnforcer_TankSlam_Debuff,ability_system,true,HasDuration,Piercing Strike,Reduces Armor by 20%.,AggregateByTarget,,datamine,,
GE_CM_ElfGoon_FirstThreatProjectile_Damage,ability_system,true,,,,,,datamine,,
GE_CM_ElfInterrogator_AutoAttack_Damage,ability_system,true,,,,,,datamine,,
GE_CM_ElfInterrogator_IncreaseDamageTakenDebuff,ability_system,true,HasDuration,Expose Weakness,Increases damage taken by 1% for each stack.,AggregateByTarget,,datamine,,
GE_CM_ElfInterrogator_PoisonDagger_ConvertHealingDebuff,ability_system,true,HasDuration,Necrotic Venom,Significantly reduces healing received.,AggregateByTarget,,datamine,,
GE_CM_ElfInterrogator_PoisonDagger_Damage,ability_system,true,,,,,,datamine,,
GE_CM_ElfInterrogator_WickedStrike_Damage,ability_system,true,,,,,,datamine,,
GE_CM_ElfInterrogator_WickedStrike_Dot,ability_system,true,HasDuration,Agonizing Poison,You are taking magic damage over time.,,1.0,datamine,,
GE_CM_ElfInterrogator_WickedStrike_HideBuff,ability_system,true,HasDuration,,,AggregateByTarget,,datamine,,
GE_CM_ElfInterrogator_WickedStrike_Marked,ability_system,true,HasDuration,,,AggregateByTarget,,datamine,,
GE_CM_ElfInterrogator_WickedStrike_Stun,ability_system,true,Infinite,Stun,Stunned.,,,datamine,,
GE_CM_ElfLookout_AutoAttack_Damage,ability_system,true,,,,,,datamine,,
GE_CM_ElfLookout_MeleeAutoAttack_Damage,ability_system,true,,,,,,datamine,,
GE_CM_ElfLookout_QuickShots_Damage,ability_system,true,,,,,,datamine,,
GE_CM_ElfTaskmaster_ConePull_Damage,ability_system,true,,,,,,datamine,,
GE_CM_ElfTaskmaster_ConePull_Dot,ability_system,true,HasDuration,Bleeding,Taking damage over time.,AggregateByTarget,1.0,datamine,,
GE_CM_ElfTaskmaster_ConePull_PullDebuff,ability_system,true,HasDuration,,,AggregateByTarget,,datamine,,
GE_CM_ElfTaskmaster_MarkForPull_Mark,ability_system,true,HasDuration,Taskmaster's Mark,You have been marked. The taskmaster is coming for you!,,,datamine,,
GE_CM_ElfWarden_CastSingleBlast_Damage,ability_system,true,,,,,,datamine,,
GE_CM_ElfWarden_Fear_Damage,ability_system,true,,,,,,datamine,,
GE_CM_ElfWarden_Fear_Fear,ability_system,true,HasDuration,Fear,You are fleeing in terror for a short duration or until you take too much damage.,AggregateBySource,,datamine,,
GE_CM_Elf_Goon_AutoAttack_Damage,ability_system,true,,,,,,datamine,,
GE_CM_Elf_Taskmaster_AutoAttack_Damage,ability_system,true,,,,,,datamine,,
GE_CM_Elf_Warden_BurstingBarrier_Buff,ability_system,true,HasDuration,Bursting Barrier,,,,datamine,,
GE_CM_Elf_Warden_BurstingBarrier_Damage,ability_system,true,,,,,,datamine,,
GE_CM_Elf_Warden_DrainMana,ability_system,true,,,,,,datamine,,
GE_CM_Elf_Warden_DrainMana_Damage,ability_system,true,,,,,,datamine,,
GE_CM_ImpatientBrawler_MeleeAutoAttack_Damage,ability_system,true,,,,,,datamine,,
GE_CM_ReflectedHero_AutoAttack_Damage,ability_system,true,,,,,,datamine,,
GE_CM_ReflectedHero_DeathBuff,ability_system,true,HasDuration,Pure of Heart,"Your soul is redeemed, for now...",AggregateByTarget,,datamine,,
GE_CM_RubiliteAurastone_ChasingLaser_Dot,ability_system,false,Infinite,Searing Beam,Deals damage over time.,AggregateByTarget,1.0,datamine,,
GE_CM_RubiliteAurastone_LockOnLaser_Dot,ability_system,false,HasDuration,Searing Beam,Deals damage over time.,,1.0,datamine,,
GE_CM_RubiliteAurastone_Vulnerable_SelfStun,ability_system,true,HasDuration,Vulnerable,The Wardstone is stunned and takes 750% damage from attacks.,,,datamine,,
GE_CM_RubiliteFocus_Laser_Damage,ability_system,true,,,,,,datamine,,
GE_CM_RubiliteFocus_Laser_Stun,ability_system,true,HasDuration,Focused Light Stun,You are stunned,AggregateByTarget,,datamine,,
GE_CM_RubiliteFocus_Vulnerable_Buff,ability_system,false,Infinite,Brittle,Interrupting or stunning this target will cause it to become vulnerable.,,,datamine,,
GE_CM_RubiliteFocus_Vulnerable_SelfStun,ability_system,true,HasDuration,Vulnerable,The Wardstone is stunned and takes 750% damage from attacks.,,,datamine,,
GE_CM_RubiliteTriggerstone_Trap_Dot,ability_system,true,HasDuration,Bloodstone Blight,Stunned and taking damage over time.,,1.0,datamine,,
GE_CM_RubiliteTriggerstone_Trap_Immobilize,ability_system,true,HasDuration,,,,,datamine,,
GE_CM_TrollBoss_Charge_Stun,ability_system,true,HasDuration,Stunned,The troll is stunned.,,,datamine,,
GE_CM_TrollBoss_CrushAoeDamage,ability_system,true,,,,,,datamine,,
GE_CM_VolatileConstruct_AutoAttack_Damage,ability_system,true,,,,,,datamine,,
GE_CM_VolatileConstruct_CastProjectile_Damage,ability_system,true,,,,,,datamine,,
GE_CM_VolatileConstruct_DeathBomb_Damage,ability_system,true,,,,,,datamine,,
GE_CM_VolatileConstruct_ExplosiveCrystal_Damage,ability_system,true,,,,,,datamine,,
GE_CM_VolatileConstruct_JaggedCrystal_Damage,ability_system,true,,,,,,datamine,,
GE_CM_VolatileConstruct_JaggedCrystal_Debuff,ability_system,false,HasDuration,Volatile Crystal,All nearby heroes will take damage after a short duration!,,,datamine,,
GE_Critter_Chicken_AutoAttack_Damage,ability_system,true,,Peck,,,,datamine,,
GE_DD_Arbalist_AutoAttack_Damage,ability_system,true,,,,,,datamine,,
GE_DD_Arbalist_LineAttack_Damage,ability_system,true,,,,,,datamine,,
GE_DD_Arbalist_LineAttack_Debuff,ability_system,true,HasDuration,Soulpiercer,"Main stat reduced by 25% and chance to Dodge, Block and Parry reduced by 25%.",AggregateByTarget,,datamine,,
GE_DD_Arbalist_MeleeAutoAttack_Damage,ability_system,true,,,,,,datamine,,
GE_DD_Arbalist_Trap_Damage,ability_system,true,,,,,,datamine,,
GE_DD_Arbalist_Trap_Root,ability_system,true,HasDuration,Dunesnare Trap,Immobilized.,,,datamine,,
GE_DD_BossCadavrianMagi_MeleeAutoAttack_Damage,ability_system,true,,,,,,datamine,,
GE_DD_BossCadavrianMagi_MoonCast_Damage,ability_system,true,,,,,,datamine,,
GE_DD_BossCadavrianMagi_MoonCast_Slow,ability_system,true,HasDuration,Moonfrost,You are slowed.,AggregateByTarget,,datamine,,
GE_DD_BossCadavrianMagi_ShadowCast_Damage,ability_system,true,,,,,,datamine,,
GE_DD_BossCadavrianMagi_SunCast_Debuff,ability_system,true,Infinite,Sunfire,You are taking damage over time,AggregateByTarget,1.0,datamine,,
GE_DD_DesertBrute_AoEPulse_Damage,ability_system,true,,,,,,datamine,,
GE_DD_DesertBrute_CastedGrowingEarthStomp_Damage,ability_system,true,,,,,,datamine,,
GE_DD_DesertBrute_MeleeAutoAttack_Damage,ability_system,true,,,,,,datamine,,
GE_DD_DesertNomad_MeleeAutoAttack_Buff,ability_system,true,HasDuration,Fervor,1% increased Haste per stack.,AggregateByTarget,,datamine,,
GE_DD_DesertNomad_MeleeAutoAttack_Damage,ability_system,true,,,,,,datamine,,
GE_DD_DesertWarrior_AutoAttackMelee_Damage,ability_system,true,,,,,,datamine,,
GE_DD_DesertWarrior_ChanneledAOE_Damage,ability_system,true,,,,,,datamine,,
GE_DD_DesertWarrior_Charge_Bleed,ability_system,true,HasDuration,Bleeding,Damage over Time debuff,,1.0,datamine,,
GE_DD_DesertWarrior_Charge_Damage,ability_system,true,,,,,,datamine,,
GE_DD_DesertWarrior_Charge_Stun,ability_system,true,HasDuration,Stun,Stunned.,,,datamine,,
GE_DD_NightboundMagi_CastedPartyAoeDebuff_Damage,ability_system,true,,,,,,datamine,,
GE_DD_NightboundMagi_CastedPartyAoeDebuff_Debuff,ability_system,true,HasDuration,Weakened Soul,Magic Damage taken increased by 50%.,AggregateByTarget,,datamine,,
GE_DD_NightboundMagi_CastedRangedProjectile_Damage,ability_system,true,,,,,,datamine,,
GE_DD_NightboundMagi_ChanneledFriendlyBuff_Buff,ability_system,true,Infinite,Increased Damage,The Souls Spreader has given the soldier increased damage,,,datamine,,
GE_DD_NightboundMagi_MeleeAutoAttack_Damage,ability_system,true,,,,,,datamine,,
GE_DD_NightboundMagi_MultiAoeSoak_SoakedDamage,ability_system,true,,,,,,datamine,,
GE_DD_NightboundMagi_MultiAoeSoak_UnsoakedDamage,ability_system,true,,,,,,datamine,,
GE_DD_NightboundMagi_SoakDebuff_Damage,ability_system,true,,,,,,datamine,,
GE_DD_NightboundMagi_SoakDebuff_Debuff,ability_system,false,HasDuration,Harrowing Solitude,"Deals heavy Soul magic damage when expired.

The damage is split for each player standing within the radius as it expires.",,,datamine,,
GE_DD_WitheringMagiPeriodicDamage_Buff,ability_system,true,HasDuration,Sinnari's Wrath,Deals damage to random nearby enemies.,,,datamine,,
GE_DD_WitheringMagiPeriodicDamage_Damage,ability_system,true,,,,,,datamine,,
GE_DD_WitheringMagi_CastedRangedInstantProjectile_Damage,ability_system,true,,,,,,datamine,,
GE_DD_WitheringMagi_CastedRangedProjectileDot_Damage,ability_system,true,HasDuration,Collapsing Star,Taking magic damage over time.,,1.0,datamine,,
GE_DD_WitheringMagi_MeleeAutoAttack_Damage,ability_system,true,,,,,,datamine,,
GE_DM_ClockworkRat_MoveToTarget_Buff,dungeon_modifier,true,Infinite,,,,,datamine,,
GE_DM_ClockworkRat_OnDeathAoe_Damage,dungeon_modifier,true,,,,,,datamine,,
GE_DM_ClockworkRat_ProximityTriggerAoe_EmptyEffect,dungeon_modifier,true,,,,,,datamine,,
GE_DM_ClockworkRat_SaveSelf,dungeon_modifier,true,Infinite,,,,,datamine,,
GE_DM_FriendlyClockworkRat_OnHit_Dammage,dungeon_modifier,true,,,,,,datamine,,
GE_DM_FriendlyClockworkRat_Projectile_Damage,dungeon_modifier,true,,,,,,datamine,,
GE_DM_MiniBoss_Disengaged,dungeon_modifier,true,Infinite,,,,,datamine,,
GE_DM_MiniBoss_Engaged,dungeon_modifier,true,Infinite,,,,,datamine,,
GE_DM_Shared_CappedDifficultyDamageScale,dungeon_modifier,true,Infinite,,,,,datamine,,
GE_DM_WInterWitch_CastProjectile_Damage,dungeon_modifier,true,,,,,,datamine,,
GE_DM_WinterGiantFriendly_BossChannelDamage_Damage,dungeon_modifier,true,,,,,,datamine,,
GE_DM_WinterGiantFriendly_BossChannelDamage_Hidden,dungeon_modifier,true,Infinite,,,AggregateByTarget,,datamine,,
GE_DM_WinterGiantFriendly_BossChannelDamage_OutOfCombat,dungeon_modifier,true,Infinite,,,,,datamine,,
GE_DM_WinterGiantFriendly_BossChannelDamage_StayPut,dungeon_modifier,true,Infinite,,,,,datamine,,
GE_DM_WinterGiant_AutoAttackCleave_Damage,dungeon_modifier,true,,,,,,datamine,,
GE_DM_WinterGiant_CastSoakDebuff_Damage,dungeon_modifier,true,,,,,,datamine,,
GE_DM_WinterGiant_CastSoakDebuff_Debuff,dungeon_modifier,false,HasDuration,Icebreaker,Armor is decreased by 20% per stack,AggregateByTarget,,datamine,,
GE_DM_WinterGiant_ChannelAoePullToSelf_Damage,dungeon_modifier,true,,,,,,datamine,,
GE_DM_WinterGiant_CrossAOE_Damage,dungeon_modifier,true,,,,,,datamine,,
GE_DM_WinterGiant_MeleeChannelDamage_Damage,dungeon_modifier,true,,,,,,datamine,,
GE_DM_WinterTrickster_AoEKnockback_Damage,dungeon_modifier,true,,,,,,datamine,,
GE_DM_WinterTrickster_Charge_Damage,dungeon_modifier,true,,,,,,datamine,,
GE_DM_WinterTrickster_DropBuffs_HasteAndMovementSpeedBuff,dungeon_modifier,true,HasDuration,Sugar Rush,Your Haste and Movement Speed is increased,AggregateByTarget,,datamine,,
GE_DM_WinterTrickster_DropBuffs_Landing_Damage,dungeon_modifier,true,,,,,,datamine,,
GE_DM_WinterTrickster_DropBuffs_Landing_UnavoidableDamage,dungeon_modifier,true,,,,,,datamine,,
GE_DM_WinterTrickster_EngageCombat_HasEngaged,dungeon_modifier,true,Infinite,,,,,datamine,,
GE_DM_WinterWitch_AutoAttackMelee_Damage,dungeon_modifier,true,,,,,,datamine,,
GE_DM_WinterWitch_CastAoeImmobalize_Damage,dungeon_modifier,true,,,,,,datamine,,
GE_DM_WinterWitch_CastAoeImmobalize_ImmobalizeDebuff,dungeon_modifier,true,HasDuration,Immobilized,Immobilized by Frost Nova.,,,datamine,,
GE_DM_WinterWitch_CastDelayedAoeSequence_DirectDamage,dungeon_modifier,true,,,,,,datamine,,
GE_DM_WinterWitch_CastDelayedAoeSequence_NearbyDamage,dungeon_modifier,true,,,,,,datamine,,
GE_DM_WinterWitch_CastSelfAbsorbHot_Buff,dungeon_modifier,true,Infinite,The White Witch's Boon: Shield,Protected by a shield and healing over time.,AggregateByTarget,1.0,datamine,,
GE_DM_WinterWitch_ChannelAoeDamage_Damage,dungeon_modifier,true,,,,,,datamine,,
GE_DM_WinterWitch_ChannelAoeDamage_SlowDebuff,dungeon_modifier,true,HasDuration,Lingering Chill,"Movement Speed reduced by 30% per stack.

At 3 stacks Lingering Chill erupts, dealing high damage to you.",AggregateByTarget,,datamine,,
GE_DM_WinterWitch_ChannelAoeDamage_SlowDebuffOverflow,dungeon_modifier,true,,,,AggregateByTarget,,datamine,,
GE_DM_WinterWitch_EngageCombat_HasEngaged,dungeon_modifier,true,Infinite,,,,,datamine,,
GE_DR_BarbedRoot_AutoAttackMelee_Damage,ability_system,true,,,,,,datamine,,
GE_DR_BarbedRoot_CastedSlam_Damage,ability_system,true,,,,,,datamine,,
GE_DR_BarbedRoot_ChanneledAoe_ActiveTag,ability_system,true,Infinite,,,,,datamine,,
GE_DR_BarbedRoot_ChanneledAoe_Damage,ability_system,true,,,,,,datamine,,
GE_DR_BarbedRoot_Grip_ChainProjectile,ability_system,false,HasDuration,,,AggregateByTarget,,datamine,,
GE_DR_BarbedRoot_Grip_Damage,ability_system,true,,,,,,datamine,,
GE_DR_BarbedRoot_Grip_Immobilize,ability_system,false,HasDuration,Pulled,,AggregateByTarget,,datamine,,
GE_DR_BarbedRoot_Grip_Slow,ability_system,false,HasDuration,Leg Pulled,65% reduced movement speed.,AggregateByTarget,,datamine,,
GE_DR_BarbedRoot_RangedAutoAttack_Damage,ability_system,true,,,,,,datamine,,
GE_DR_BloodfangMauler_AOECone_Damage,ability_system,true,,,,,,datamine,,
GE_DR_BloodfangMauler_MarkedByJump,ability_system,true,HasDuration,,,AggregateBySource,,datamine,,
GE_DR_BloodfangMauler_MeleeAutoAttack_Damage,ability_system,true,,,,,,datamine,,
GE_DR_BossCultLeader_BeamHeroDebuff_DamageIncrease,ability_system,false,Infinite,Demonic Infusion,Damage done increased by 30% and taking X damage while soaking the beam.,,,datamine,,
GE_DR_BossCultLeader_BeamHeroDebuff_Dot,ability_system,false,Infinite,,,AggregateByTarget,1.0,datamine,,
GE_DR_BossCultLeader_BeamNPCDebuff_DamageIncrease,ability_system,false,Infinite,Damage done increased by 30%.,,,,datamine,,
GE_DR_BossCultLeader_BloodPoolSlow,ability_system,true,Infinite,Demonic Pit,You are slowed and taking 100% increased damage.,,,datamine,,
GE_DR_BossCultLeader_BloodPool_SelfBuff,ability_system,false,Infinite,Demonic Empowerment,Damage dealt increased by 50%.,,,datamine,,
GE_DR_BossCultLeader_BloodPool_SelfBuff_Linger,ability_system,false,HasDuration,Sanguine Strength,Prophet Ez'rath deals increased damage.,,,datamine,,
GE_DR_BossCultLeader_ChoosenBuff,ability_system,true,Infinite,,,,,datamine,,
GE_DR_BossCultLeader_Defile_Damage,ability_system,true,,,,,,datamine,,
GE_DR_BossCultLeader_Grip_BlockOtherGripsEffect,ability_system,true,Infinite,,,,,datamine,,
GE_DR_BossCultLeader_Grip_ChainProjectile,ability_system,false,HasDuration,,,AggregateByTarget,,datamine,,
GE_DR_BossCultLeader_Grip_Damage,ability_system,true,,,,,,datamine,,
GE_DR_BossCultLeader_Grip_Immobilize,ability_system,false,HasDuration,Pulled,,AggregateByTarget,,datamine,,
GE_DR_BossCultLeader_Grip_SingleInstantPullNPC,ability_system,true,HasDuration,,,AggregateByTarget,,datamine,,
GE_DR_BossCultLeader_Grip_Slow,ability_system,false,HasDuration,Slow,65% reduced movement speed.,AggregateByTarget,,datamine,,
GE_DR_BossCultLeader_Grip_WarningOnIntendedTarget,ability_system,false,HasDuration,Hook Target,He's trying to hook you!,,,datamine,,
GE_DR_BossCultLeader_MeleeAutoAttack_Damage,ability_system,true,,,,,,datamine,,
GE_DR_BossCultLeader_ResizingAoeCircles_Damage,ability_system,true,,,,,,datamine,,
GE_DR_BossCultLeader_ResizingAoeCircles_Dot,ability_system,false,HasDuration,Doom Flame,You are burning,,1.0,datamine,,
GE_DR_BossCultLeader_RotatingCross_Damage,ability_system,false,Infinite,Shadow Fire,Deals damage over time,AggregateByTarget,1.0,datamine,,
GE_DR_BossDemonPlant_Dormant,ability_system,false,Infinite,,,,,datamine,,
GE_DR_BossDemonPlant_MeleeAutoAttack_Damage,ability_system,true,,,,,,datamine,,
GE_DR_BossDemonPlant_SharedHealth,ability_system,false,Infinite,Lifelink,The life force of this creature is linked to Vun'Kahr. 40% of incoming damage is dealt to Vun'kahr.,,,datamine,,
GE_DR_BossDemonPlant_SharedHealth_BossIcon,ability_system,false,Infinite,Lifelink,Vun'kahr receives 40% of the damage dealt to Slaughtervines and Twisted Roots.,,,datamine,,
GE_DR_BossDemonPlant_SharedHealth_Damage,ability_system,true,,,,,,datamine,,
GE_DR_BossDemonPlant_SpawnVine_Damage,ability_system,true,,,,,,datamine,,
GE_DR_BossDemonPlant_TankSlamAoe_Damage,ability_system,true,,,,,,datamine,,
GE_DR_BossDemonPlant_WakeUpAdds_SelfDebuff,ability_system,true,HasDuration,Slumber,Sanguivorax has slumped into a passive state and is taking increased damage.,,,datamine,,
GE_DR_BossGateWizard_AbsorbDamagePulse_Damage,ability_system,true,,,,,,datamine,,
GE_DR_BossGateWizard_DangerZoneDamage,ability_system,true,Infinite,Pentagram,Just your ordinary soul incinirating pentagram brought to you by Satan INC.,,1.0,datamine,,
GE_DR_BossGateWizard_FirePillar_Damage,ability_system,true,,,,,,datamine,,
GE_DR_BossGateWizard_FirePillar_Dot,ability_system,true,Infinite,Burning,,,1.0,datamine,,
GE_DR_BossGateWizard_FootballFromPlayer_Stun,ability_system,false,HasDuration,Stunned,,,,datamine,,
GE_DR_BossGateWizard_FootballHitPulse_Damage,ability_system,true,,,,,,datamine,,
GE_DR_BossGateWizard_Football_PlayerDamage,ability_system,true,,,,AggregateByTarget,,datamine,,
GE_DR_BossGateWizard_KickFootballDebuff,ability_system,false,HasDuration,Tainted Blood,"Damage taken increased by 20% per stack.

Tainted Blood is removed when taking Fire Damage.",AggregateByTarget,,datamine,,
GE_DR_BossGateWizard_MeleeAutoAttack_Damage,ability_system,true,,,,,,datamine,,
GE_DR_BossGateWizard_TankDot_Bleed,ability_system,false,HasDuration,Hemorrhaging Strike,Taking damage over time.,,1.0,datamine,,
GE_DR_BossSummonedDemon_ChanneledHellfire_Absorb,ability_system,true,,,,,,datamine,,
GE_DR_BossSummonedDemon_ChanneledHellfire_Damage,ability_system,true,,,,,,datamine,,
GE_DR_BossSummonedDemon_ChanneledHellfire_Heal,ability_system,true,,,,AggregateByTarget,,datamine,,
GE_DR_BossSummonedDemon_Debuff,ability_system,true,HasDuration,Mark of Gogmon,"You take increased damage, stacking whenever you take damage.",AggregateByTarget,,datamine,,
GE_DR_BossSummonedDemon_Enrage,ability_system,true,Infinite,Enraged,Bigger and badder.,,,datamine,,
GE_DR_BossSummonedDemon_LeapSlam_BurningGround_Damage,ability_system,true,Infinite,Burning Ground,You are taking fire damage over time.,,1.0,datamine,,
GE_DR_BossSummonedDemon_LeapSlam_Damage,ability_system,true,,,,,,datamine,,
GE_DR_BossSummonedDemon_LeapSlam_FriendlyDamage,ability_system,true,,,,,,datamine,,
GE_DR_BossSummonedDemon_LeapSlam_InAir,ability_system,true,Infinite,,,,,datamine,,
GE_DR_BossSummonedDemon_MeleeAutoAttack_Damage,ability_system,true,,,,,,datamine,,
GE_DR_BossSummonedDemon_PortalDemon_MeleeAutoAttack_Damage,ability_system,true,,,,,,datamine,,
GE_DR_BossSummonedDemon_Portal_Demon_AoePulse_Damage,ability_system,true,,,,,,datamine,,
GE_DR_BossSummonedDemon_Portal_ShootProjectiles_Damage,ability_system,true,,,,,,datamine,,
GE_DR_BossSummonedDemon_TankSlam_Damage,ability_system,true,,,,,,datamine,,
GE_DR_BurningDemon_Bombardment_Damage,ability_system,true,,,,,,datamine,,
GE_DR_BurningDemon_DemonboltVolley_Damage,ability_system,true,,,,,,datamine,,
GE_DR_BurningDemon_Immolation_SelfDot,ability_system,false,Infinite,Immolation,Taking fire damage over time,,1.0,datamine,,
GE_DR_BurningDemon_MeleeAutoAttack,ability_system,true,,,,,,datamine,,
GE_DR_CultistCaster_CastedRangedInstantProjectile_Damage,ability_system,true,,,,,,datamine,,
GE_DR_CultistCaster_CastedRangedProjectileDot_Damage,ability_system,true,HasDuration,Wither,Taking damage over time.,,1.0,datamine,,
GE_DR_CultistCaster_MeleeAutoAttack_Damage,ability_system,true,,,,,,datamine,,
GE_DR_CultistMajorCaster_CastedRangedProjectile_Damage,ability_system,true,,,,,,datamine,,
GE_DR_CultistMajorCaster_CastedSingleTargetHeal_Heal,ability_system,true,,,,,,datamine,,
GE_DR_CultistMajorCaster_GrowingCircleCast_Damage,ability_system,true,,,,,,datamine,,
GE_DR_CultistMajorCaster_MeleeAutoAttack_Damage,ability_system,true,,,,,,datamine,,
GE_DR_CultistSickle_InitialRangedAttack_Damage,ability_system,true,,,,,,datamine,,
GE_DR_CultistSickle_MeleeAutoAttack_Damage,ability_system,true,,,,,,datamine,,
GE_DR_DangerousBrute_Cleave_Damage,ability_system,true,,,,,,datamine,,
GE_DR_DangerousBrute_Cleave_Debuff,ability_system,false,HasDuration,Executioner's Cleave,,AggregateByTarget,,datamine,,
GE_DR_DangerousBrute_MeleeAutoAttack_Damage,ability_system,true,,,,,,datamine,,
GE_DR_FlyingImp_MeleeAutoAttack,ability_system,true,,,,,,datamine,,
GE_DR_FranticImp_MeleeAutoAttack_Damage,ability_system,true,,,,,,datamine,,
GE_DR_FranticImp_SingelTargetAttackAndMoveBack_Damage,ability_system,true,,,,,,datamine,,
GE_DR_HornedDemon_Charge_Damage,ability_system,true,,,,,,datamine,,
GE_DR_HornedDemon_Enrage_Buff,ability_system,true,Infinite,Enrage,Increased damage and haste,,,datamine,,
GE_DR_HornedDemon_MeleeAutoAttack_Damage,ability_system,true,,,,,,datamine,,
GE_DR_Mancatcher_AOECone_Damage,ability_system,true,,,,,,datamine,,
GE_DR_Mancatcher_Grip_Damage,ability_system,true,,,,,,datamine,,
GE_DR_Mancatcher_MeleeAutoAttack_Damage,ability_system,true,,,,,,datamine,,
GE_DR_Ritualist_ImmuneBuff,ability_system,true,Infinite,,,,,datamine,,
GE_DR_Ritualist_SacrificeDot,ability_system,false,HasDuration,Sacrificial Offering,Deals damage over time.,AggregateByTarget,1.0,datamine,,
GE_DR_Ritualist_TurretDot,ability_system,false,Infinite,,,AggregateByTarget,1.0,datamine,,
GE_DR_RuinsLasher_AutoAttackMelee_Damage,ability_system,true,,,,,,datamine,,
GE_DR_RuinsLasher_PassiveAOEPools_Dot,ability_system,false,Infinite,Acidic Sap,,,1.0,datamine,,
GE_DR_SlaughterVine_ReflectDamage,ability_system,false,Infinite,Thorns,10% of all damage taken is also dealt to the attacker.,,,datamine,,
GE_DR_SlaughtervineArchephyte_AutoAttackMelee_Damage,ability_system,true,,,,,,datamine,,
GE_DR_SlaughtervineArchephyte_SlowMovingAOE_Damage,ability_system,true,,,,,,datamine,,
GE_DR_SlaughtervineArchephyte_SlowMovingAOE_Slow,ability_system,true,Infinite,,,,,datamine,,
GE_DR_Slaughtervine_AutoAttackMelee_Damage,ability_system,true,,,,,,datamine,,
GE_DR_Slaughtervine_Dormant,ability_system,false,Infinite,,,,,datamine,,
GE_Default_CancelAllAbilitiesBlockedByParentEffect,shared,true,,,,,,datamine,,
GE_Default_CancelAllSkills,shared,true,,,,,,datamine,,
GE_Default_DispelAllDebuffs,shared,true,,,,,,datamine,,
GE_Default_DispelAllEffectsBlockedByParentEffect,shared,true,,,,,,datamine,,
GE_DungeonModifier_AnomalousOrbs_BlockAllSkills_SelfDebuff,dungeon_modifier,true,Infinite,Anomalous Instability,,,,datamine,,
GE_DungeonModifier_AnomalousOrbs_Buff_Amethyst,dungeon_modifier,true,,Anomalous Residue: Amethyst,,,,datamine,,
GE_DungeonModifier_AnomalousOrbs_Buff_Base,dungeon_modifier,true,HasDuration,Anamalous,,AggregateBySource,,datamine,,
GE_DungeonModifier_AnomalousOrbs_Buff_Diamond,dungeon_modifier,true,HasDuration,Anomalous Residue: Diamond,,AggregateBySource,,datamine,,
GE_DungeonModifier_AnomalousOrbs_Buff_Emerald,dungeon_modifier,true,HasDuration,Anomalous Residue: Emerald,,AggregateBySource,,datamine,,
GE_DungeonModifier_AnomalousOrbs_Buff_Ruby,dungeon_modifier,true,HasDuration,Anomalous Residue: Ruby,,AggregateBySource,,datamine,,
GE_DungeonModifier_AnomalousOrbs_Buff_Sapphire,dungeon_modifier,true,HasDuration,Anomalous Residue: Sapphire,,AggregateBySource,,datamine,,
GE_DungeonModifier_AnomalousOrbs_Buff_Topaz,dungeon_modifier,true,HasDuration,Anomalous Residue: Topaz,,AggregateBySource,,datamine,,
GE_DungeonModifier_AnomalousOrbs_Orb_Damage,dungeon_modifier,true,,,,,1.0,datamine,,
GE_DungeonModifier_BloodShardVolley_Damage,dungeon_modifier,true,,,,,,datamine,,
GE_DungeonModifier_BloodShardVolley_HeroStackingExpertiseBuff,dungeon_modifier,true,HasDuration,Imbued Blood,+1% Expertise per stack,AggregateByTarget,,datamine,,
GE_DungeonModifier_Carnage_HeroBuff,dungeon_modifier,true,Infinite,,,AggregateByTarget,,datamine,,
GE_DungeonModifier_Carnage_HeroDebuffDot,dungeon_modifier,true,Infinite,Curse: Carnage,"Stack count reflects the damage that <bold>Carnage</> is dealing to that player.

Every 1 stack indicates that player is taking damage equal to 1% of their max health every 3 seconds.",AggregateByTarget,1.5,datamine,,
GE_DungeonModifier_Carnage_TeamLifeTapHeal,dungeon_modifier,true,,,,,,datamine,,
GE_DungeonModifier_ColdSnap_Damage,dungeon_modifier,true,,,,,,datamine,,
GE_DungeonModifier_ColdSnap_Root,dungeon_modifier,true,HasDuration,Binding Ice,You are immobilized in ice.,,,datamine,,
GE_DungeonModifier_ColdSnap_Stun,dungeon_modifier,true,HasDuration,Binding Ice: Freeze,Unable to move or perform any actions.,,,datamine,,
GE_DungeonModifier_ColdSnap_TargetMarker,dungeon_modifier,true,Infinite,Binding Ice,Upon expiration all players and enemies within the radius take frost magic damage and you are rooted for 4 seconds.,,,datamine,,
GE_DungeonModifier_HolyTrinityNerf_EnemyHealthModifier,other,true,Infinite,HolyTrinityNerf: Enemy Max Health Modified,,AggregateByTarget,,datamine,,
GE_DungeonModifier_HolyTrinityNerf_EnemyPowerModifier,other,true,Infinite,HolyTrinityNerf: Enemy Power Modified,,AggregateByTarget,,datamine,,
GE_DungeonModifier_HolyTrinityNerf_HeroDamageModifier,other,true,Infinite,HolyTrinityNerf: Hero Damage Modified,,AggregateByTarget,,datamine,,
GE_DungeonModifier_HolyTrinityNerf_HeroIncomingHealingAndAbsorbModifier,other,true,Infinite,"HolyTrinityNerf: Hero Healing, Absorb and Life Steal Taken Modified",,AggregateByTarget,,datamine,,
GE_DungeonModifier_HolyTrinityNerf_MoreHealersEnemyDebuff,other,true,Infinite,NO DPS: Ramping Damage Amp,,AggregateByTarget,,datamine,,
GE_DungeonModifier_HolyTrinityNerf_NoDpsEnemyDebuff_IncomingDamageScaler,other,true,Infinite,HolyTrinityNerf: Damage Ramping Mod,,AggregateByTarget,,datamine,,
GE_DungeonModifier_HolyTrinityNerf_NoHealerBuff,other,true,Infinite,NO HEALER: +20% Life Steal,,AggregateByTarget,,datamine,,
GE_DungeonModifier_HolyTrinityNerf_NoTankBuff,other,true,Infinite,"NO TANK BUFF: 
Physical Damage Reduction
Magical Damage Reduction
Increased Damage taken from AoEs
When your Defensive buff runs out, you loose 50% of your threat to all enemies.
",,AggregateByTarget,,datamine,,
GE_DungeonModifier_MeteorRain_Fragment_Damage,dungeon_modifier,true,,,,,,datamine,,
GE_DungeonModifier_MeteorRain_Fragment_Stun,dungeon_modifier,true,HasDuration,Stunned,You are stunned.,AggregateByTarget,,datamine,,
GE_DungeonModifier_MeteorRain_Meteor_Damage,dungeon_modifier,true,,,,,,datamine,,
GE_DungeonModifier_MeteorRain_Meteor_Stun,dungeon_modifier,true,HasDuration,Stunned,You are stunned.,AggregateByTarget,,datamine,,
GE_DungeonModifier_ShadowLord_MeleeAutoAttack_Damage,dungeon_modifier,true,,,,,,datamine,,
GE_DungeonModifier_ShadowLord_OnDeathGrantBuff_Buff,dungeon_modifier,false,HasDuration,Shadow's Defeat,"You deal 20% increased damage, gain 20% Haste and 20% Movement Speed.",AggregateByTarget,,datamine,,
GE_DungeonModifier_ShadowLord_TickingAoE_Damage,dungeon_modifier,true,,,,,,datamine,,
GE_DungeonModifier_ShadowLord_TickingAoE_Debuff,dungeon_modifier,false,HasDuration,Shadow Lord's Weakness,Increases damage received by The Shadow Lord's pulsing aura by 5% for each stack.,AggregateByTarget,,datamine,,
GE_DungeonModifier_StoneSkin_DeathAbility_Dot,dungeon_modifier,true,HasDuration,Stone Skin,Applies 10% of exploded enemy health over 6 seconds. Does not stack or get replaced. This effect is only replaced if a weaker dot was already active,,1.0,datamine,,
GE_DungeonModifier_StoneSkin_EnemyMaxHealthbuff,dungeon_modifier,true,Infinite,Stone Skin,This enemy has 30% increased Max Health and explodes on death dealing 15% of their max health in Physical Damage to all other enemies and bosses,,,datamine,,
GE_DungeonModifier_StoneSkin_HeroBuff,dungeon_modifier,true,Infinite,,,AggregateByTarget,,datamine,,
GE_DungeonModifier_StormShield_Damage,dungeon_modifier,true,,,,,,datamine,,
GE_DungeonModifier_StormShield_ShieldBuff_Buff,dungeon_modifier,true,HasDuration,Storm Shield,50% reduced damage taken.,,,datamine,,
GE_DungeonModifier_StormShield_ShieldBuff_CritBonusBuff,dungeon_modifier,true,HasDuration,Storm's Fury,+20% Critical Strike chance.,AggregateByTarget,,datamine,,
GE_DungeonModifier_StormShield_ShieldBuff_DR,dungeon_modifier,true,Infinite,,,,,datamine,,
GE_DungeonModifier_StormShield_ShieldBuff_Link,dungeon_modifier,true,Infinite,,,AggregateByTarget,,datamine,,
GE_DungeonModifier_Truesight_Damage,dungeon_modifier,true,,,,,,datamine,,
GE_DungeonModifier_Truesight_PlayerBuff,dungeon_modifier,true,HasDuration,Might of the Heskyr,,AggregateByTarget,,datamine,,
GE_DungeonModifier_Truesight_Truesight,dungeon_modifier,false,HasDuration,Truesight,,,,datamine,,
GE_DungeonModifier_Truesight_Truesight_Duration,dungeon_modifier,false,HasDuration,Truesight,,,,datamine,,
GE_DungeonModifier_WinterGiant_BoonActivated,dungeon_modifier,true,Infinite,Ghorn's Boon,Ghorn will join you periodically while in a boss encounter and attack the boss with his formidable hammer.,AggregateByTarget,,datamine,,
GE_DungeonModifier_WinterTrickster_BoonActivated,dungeon_modifier,true,Infinite,Krumbug's Bag of Tricks,"Each time you deal damage to any enemy, you have a chance to release a wind-up mouse to charge at the enemy, exploding upon arrival for damage to the target and nearby enemies.",AggregateByTarget,,datamine,,
GE_DungeonModifier_WinterWitch_BoonActivated,dungeon_modifier,true,Infinite,The White Witch's Boon,"Periodically, Eira will appear near you and create a Winter Rune on the ground.

Players that step into the Winter Rune gain a shield absorbing up to 50% of their maximum health that lasts for 60 seconds.

While the shield is active on a player they take 50% reduced damage and are healed over time.",AggregateByTarget,,datamine,,
GE_DungeonModifier_WinterWitch_BoonAoeBuff,dungeon_modifier,true,HasDuration,The White Witch's Boon: Shield,"Granting an absorb shield.

While Winter Rune Shield is active, you take reduced damage and heal over time.",AggregateByTarget,3.0,datamine,,
GE_DungeonModifier_WinterWitch_BoonAoeBuff_DamageReduction,dungeon_modifier,true,Infinite,,,AggregateByTarget,,datamine,,
GE_DungeonModifiers_EmpoweredMinions_EmpoweredEnemyBuff,dungeon_modifier,true,Infinite,Empowered Minion,"+100% Max Health and +200% Power.

When defeated, players gain a temporary Haste and Move Speed buff.",,,datamine,,
GE_DungeonModifiers_EmpoweredMinions_MinionKilledBuff_HasteAndMovespeedBuff,dungeon_modifier,true,HasDuration,Empowered Minion: Victory Rush,+20% Haste and +20% Movement Speed.,AggregateByTarget,,datamine,,
GE_DungeonModifiers_PathFinder_Buff,dungeon_modifier,true,Infinite,Pathfinder's Guidance,,AggregateByTarget,,datamine,,
GE_DungeonModifiers_PathFinder_Buff_Stacker,dungeon_modifier,true,Infinite,,,AggregateByTarget,,datamine,,
GE_DungeonModifiers_PathFinder_DebuffIcon,dungeon_modifier,true,Infinite,Pathfinder's Guidance,Defeat this enemy to progress through the dungeon.,AggregateByTarget,,datamine,,
GE_DungeonModifiers_PathFinder_Visual,dungeon_modifier,true,Infinite,,,AggregateByTarget,,datamine,,
GE_DungeonModifiers_PromotedEnemies_EnemyBuff,dungeon_modifier,true,Infinite,Promoted Enemy,This enemy is promoted by +1 difficulty.,,,datamine,,
GE_DungeonModifiers_ShadowLord_OrbBuffStacks,dungeon_modifier,true,Infinite,Shadow Lord's Orbs,"Upon collecting 30x Shadow Orbs, an emissary of the Shadow Lord will arrive to challenge you. Defeating it will reward Kill Score.",AggregateByTarget,,datamine,,
GE_EM_BossGiantTrol_KnockbackVolume_Immune,ability_system,false,HasDuration,,,,,datamine,,
GE_EM_BossGiantTroll_AoeSequence_Damage,ability_system,true,,,,,,datamine,,
GE_EM_BossGiantTroll_ChanneledAoeDamage_Damage,ability_system,true,,,,,,datamine,,
GE_EM_BossGiantTroll_MeleeAutoAttack_Damage,ability_system,true,,,,,,datamine,,
GE_EM_BossGiantTroll_MultiSoak_SoakedDamage,ability_system,true,,,,,,datamine,,
GE_EM_BossGiantTroll_MultiSoak_UnsoakedDamage,ability_system,true,,,,,,datamine,,
GE_EM_BossGiantTroll_SummonAdds_DamageBossOnDeath,ability_system,true,Infinite,Joint Endurance,,,,datamine,,
GE_EM_BossGiantTroll_SummonAdds_DamageBossOnDeath_Damage,ability_system,true,,,,,,datamine,,
GE_EM_BossVaerith_BombDebuff_Damage,ability_system,true,,,,,,datamine,,
GE_EM_BossVaerith_BombDebuff_Dot,ability_system,true,HasDuration,Volatile Energy,"Deals magic damage over time. When this effect disappears, a bomb will drop at your feet!",,1.0,datamine,,
GE_EM_BossVaerith_BuffTroll_Buff,ability_system,false,Infinite,Arcane Surge,Haag is infused with arcane energy. Watch out for his empowered attacks!,,,datamine,,
GE_EM_BossVaerith_Immune,ability_system,true,Infinite,,,,,datamine,,
GE_EM_BossVaerith_Levitate,ability_system,false,Infinite,Arcane Levitation,Vaerith is levitating and can not be targeted by abilities.,AggregateByTarget,,datamine,,
GE_EM_BossVaerith_OnTrollDeathFlyAway_Levitate,ability_system,true,Infinite,,,,,datamine,,
GE_EM_BossVaerith_PassiveProjectiles_Damage,ability_system,true,,,,,,datamine,,
GE_EM_Miner_MeleeAutoAttack_Damage,ability_system,true,,,,,,datamine,,
GE_Environmental_FireDot_Linger,shared,false,HasDuration,Burning,Taking damage over time.,,1.0,datamine,,
GE_Environmental_IceColdWater_Dot,shared,false,Infinite,,,,1.0,datamine,,
GE_Environmental_IceColdWater_Dot_Linger,shared,false,Infinite,,,,1.0,datamine,,
GE_Environmental_IceColdWater_Slow,shared,false,Infinite,Freezing,Reduces movement speed by 50% and deals damage over time.,,,datamine,,
GE_Environmental_IceColdWater_Slow_Linger,shared,false,HasDuration,Freezing,Reduces movement speed and deals damage over time.,,,datamine,,
GE_Environmental_InstantKill_Crushed,shared,false,,Falling Chest,Sometimes it's good to look up.,,,datamine,,
GE_Environmental_LightningBolts_Damage,shared,true,,Lightning Bolt,,,,datamine,,
GE_Environmental_SmallFireDot_Sustained,shared,false,Infinite,Burning,Taking damage over time.,,1.0,datamine,,
GE_Environmental_SpecialFallDamage,shared,true,HasDuration,,,,,datamine,,
GE_FK_BossElfDragon_AutoAttack_Damage,ability_system,true,,,,,,datamine,,
GE_FK_BossElfDragon_BlockFierySoakEffect,ability_system,true,Infinite,,,,,datamine,,
GE_FK_BossElfDragon_DashTargetDebuff,ability_system,false,Infinite,Blood Marked,Cithrel is coming for you!,AggregateByTarget,,datamine,,
GE_FK_BossElfDragon_EnragedPhaseHasteBuff,ability_system,true,Infinite,Draconic Frenzy,Haste increased by 30%.,AggregateByTarget,,datamine,,
GE_FK_BossElfDragon_FierySoak_PoolAOEDamage,ability_system,true,,,,AggregateByTarget,,datamine,,
GE_FK_BossElfDragon_FierySoak_SoakDamage,ability_system,true,,,,,,datamine,,
GE_FK_BossElfDragon_KnockbackConeOrRadialSuckIn_PullDebuff,ability_system,false,Infinite,You're being moved by Cithrel!,,AggregateByTarget,,datamine,,
GE_FK_BossElfDragon_KnockbackConeRoot,ability_system,false,Infinite,Breath of Al'zerac,"Unaffected by Breath of Al'zerac's Knockback.
Movement Speed reduced by 80%.",AggregateByTarget,,datamine,,
GE_FK_BossElfDragon_KnockbackCone_AoeDamage,ability_system,true,,,,,,datamine,,
GE_FK_BossElfDragon_MultiDashArrivalAOEDamage,ability_system,true,,,,AggregateByTarget,,datamine,,
GE_FK_BossElfDragon_MultiDashArrivalBleedDebuff,ability_system,false,HasDuration,Bloodhunt: Bleed,Deals damage over time.,AggregateByTarget,1.0,datamine,,
GE_FK_BossElfDragon_MultiDash_PreferNonTank,ability_system,true,HasDuration,,,,,datamine,,
GE_FK_BossElfDragon_ShrinkingArenaDebuff_Dot,ability_system,true,Infinite,Unbearable Cold,You are slowed and taking frost damage continously.,AggregateByTarget,1.0,datamine,,
GE_FK_BossElfDragon_ShrinkingArenaDebuff_Slow,ability_system,true,Infinite,,,AggregateByTarget,,datamine,,
GE_FK_BossFreezingWaterLord_AutoAttackDamage,ability_system,true,,,,,,datamine,,
GE_FK_BossFreezingWaterLord_ExplosiveOrbDamage,ability_system,true,,,,,,datamine,,
GE_FK_BossFreezingWaterLord_ExplosiveOrb_PeriodicAoeDamage,ability_system,true,,,,,,datamine,,
GE_FK_BossFreezingWaterLord_FreezingCone_Freeze,ability_system,false,HasDuration,Shatterstrike: Frozen,You are frozen and unable to move,,,datamine,,
GE_FK_BossFreezingWaterLord_FreezingCone_NormalDamage,ability_system,true,,,,,,datamine,,
GE_FK_BossFreezingWaterLord_FreezingCone_WetDamage,ability_system,true,,,,,,datamine,,
GE_FK_BossFreezingWaterLord_GreaterWaterNova_Dot,ability_system,true,HasDuration,Shatterstrike: Converging Ice,"Movement Speed reduced and taking Frost Damage over time.

Freezes target upon expiration",AggregateByTarget,1.0,datamine,,
GE_FK_BossFreezingWaterLord_GreaterWaterNova_Dot_Debuff,ability_system,true,HasDuration,Frozen,Unable to move or take any actions.,AggregateByTarget,,datamine,,
GE_FK_BossFreezingWaterLord_GreaterWaterNova_Dot_Slow,ability_system,true,Infinite,,,AggregateByTarget,,datamine,,
GE_FK_BossFreezingWaterLord_IceSoak_IncreasedDamageDebuff,ability_system,false,HasDuration,Calamitous Affliction,Taking 100% increased damage per stack from Calamitous Fracture.,AggregateByTarget,,datamine,,
GE_FK_BossFreezingWaterLord_IceSoak_PostEffectDamage,ability_system,true,,,,,,datamine,,
GE_FK_BossFreezingWaterLord_IceSoak_SoakDamage,ability_system,true,,,,,,datamine,,
GE_FK_BossFreezingWaterlord_ExplodePuddles_Damage,ability_system,true,,,,,,datamine,,
GE_FK_BossFreezingWaterlord_IceSoak_AboutToSpawnPuddle,ability_system,false,HasDuration,Unstable Energy,"Upon expiration, a lesser Calamity Riftis opened under you.",,,datamine,,
GE_FK_BossRangerCaptain_AutoAttackMelee_Damage,ability_system,true,,,,,,datamine,,
GE_FK_BossRangerCaptain_AutoAttack_Damage,ability_system,true,,,,,,datamine,,
GE_FK_BossRangerCaptain_BigCross_Damage,ability_system,true,,,,,,datamine,,
GE_FK_BossRangerCaptain_ExplosiveShot_Damage,ability_system,true,,Betrayer's Arrow,Deals arcane damage in a large area damage upon expiration.,,,datamine,,
GE_FK_BossRangerCaptain_ExplosiveShot_Debuff,ability_system,false,HasDuration,Betrayer's Arrow,"Explodes upon expiration, inflicting Arcane damage to allies in a large area.",,,datamine,,
GE_FK_BossRangerCaptain_HailOfArrows_Damage,ability_system,true,,,,,,datamine,,
GE_FK_BossRangerCaptain_HailOfArrows_DoT,ability_system,true,HasDuration,Arcane Volley,Deals Arcane damage over time.,AggregateByTarget,1.0,datamine,,
GE_FK_BossRangerCaptain_IceTrap_Damage,ability_system,true,,,,,,datamine,,
GE_FK_BossRangerCaptain_IceTrap_Root,ability_system,true,HasDuration,Razor Trap,Immobilized.,,,datamine,,
GE_FK_BossRangerCaptain_LeapCharge,ability_system,true,Infinite,,,AggregateByTarget,,datamine,,
GE_FK_Elf_Cleric_AutoAttackMelee_Damage,ability_system,true,,,,,,datamine,,
GE_FK_Elf_Cleric_DrainLife_Damage,ability_system,true,,,,,,datamine,,
GE_FK_Elf_Cleric_DrainLife_Visual,ability_system,false,Infinite,Being drained,,,,datamine,,
GE_FK_Elf_Cleric_LifeLeech_SelfBuff,ability_system,false,Infinite,Life Tap,Passively heals for 35% of all damage dealt,,,datamine,,
GE_FK_Elf_Cleric_Redemption_Damage,ability_system,true,,,,,,datamine,,
GE_FK_Elf_Cleric_Redemption_DoT,ability_system,true,HasDuration,Freezing Blood,"Deals frost damage over time.

The last tick of Freezing Blood deals 250% increased damage.",,1.0,datamine,,
GE_FK_Elf_Cleric_SoulBolt_Damage,ability_system,true,,,,,,datamine,,
GE_FK_Elf_Duelist_AutoAttack_Damage,ability_system,true,,,,,,datamine,,
GE_FK_Elf_Duelist_IceBreaker_Damage,ability_system,true,,,,,,datamine,,
GE_FK_Elf_Duelist_IceBreaker_EnragedBuff,ability_system,true,Infinite,Enraged,Haste increased by 30%.,AggregateByTarget,,datamine,,
GE_FK_Elf_Duelist_SpinningIceSword_Damage,ability_system,true,,,,,,datamine,,
GE_FK_Elf_Duelist_SpinningIceSword_SelfSlow,ability_system,true,Infinite,,,,,datamine,,
GE_FK_Elf_Goon_AutoAttack_Damage,ability_system,true,,,,,,datamine,,
GE_FK_Elf_Guard_AutoAttack_Damage,ability_system,true,,,,,,datamine,,
GE_FK_Elf_Guard_ShatteringBarrier_Absorb,ability_system,true,HasDuration,Shattering Barrier,"Absorbs damage taken.

Deals Frost Damage every 1.5 seconds to nearby enemies.",AggregateByTarget,,datamine,,
GE_FK_Elf_Guard_ShatteringBarrier_AoeDamage,ability_system,true,,,,,,datamine,,
GE_FK_Elf_Guard_ShatteringBarrier_BlockOtherEffect,ability_system,true,Infinite,,,,,datamine,,
GE_FK_Elf_Illusionist_AutoAttackMelee_Damage,ability_system,true,,,,,,datamine,,
GE_FK_Elf_Illusionist_CastSingleFrost_Damage,ability_system,true,,,,,,datamine,,
GE_FK_Elf_Illusionist_ChanneledDamageAoe_Damage,ability_system,true,,,,,,datamine,,
GE_FK_Elf_Illusionist_ExplosiveOrb_Damage,ability_system,true,,,,,,datamine,,
GE_FK_Elf_Illusionist_ExplosiveOrb_PeriodicAoeDamage,ability_system,true,,,,,,datamine,,
GE_FK_Elf_Ranger_AutoAttack_Damage,ability_system,true,,,,,,datamine,,
GE_FK_Elf_Ranger_IceTrap_Damage,ability_system,true,,Stalker's Trap,,,,datamine,,
GE_FK_Elf_Ranger_IceTrap_Root,ability_system,true,HasDuration,Razor Trap,Immobilized.,,,datamine,,
GE_FK_Elf_Ranger_MeleeAutoAttack_Damage,ability_system,true,,,,,,datamine,,
GE_FK_Elf_Ranger_RapidFire_Damage,ability_system,true,,,,,,datamine,,
GE_FK_Elf_Shardling_AutoAttack_Damage,ability_system,true,,,,,,datamine,,
GE_FK_Elf_Shardling_DeathExplosionDotDebuff,ability_system,true,HasDuration,,,AggregateByTarget,1.0,datamine,,
GE_FK_Elf_Shardling_DeathExplosionSlowDebuff,ability_system,true,HasDuration,Shardling Explosion,Slows your movement speed by 10% and damages you over time!,AggregateByTarget,,datamine,,
GE_FK_IceGolem_AutoAttack_Damage,ability_system,true,,,,,,datamine,,
GE_FK_IceGolem_SpikeAOE_Damage,ability_system,true,,,,,,datamine,,
GE_FK_MirroredElementalImage_AutoAttack_Damage,ability_system,true,,,,,,datamine,,
GE_FK_MirroredRangerCaptain_BattleCry_Debuff,ability_system,false,Infinite,Battle Cried,You are taking increased damage,AggregateByTarget,,datamine,,
GE_FM_AshenArsonist_Cone_Damage,other,true,,,,,,datamine,,
GE_FM_AshenArsonist_MeleeAutoAttack_Damage,other,true,,,,,,datamine,,
GE_FM_Bear_AutoAttack_Damage,other,true,,,,,,datamine,,
GE_FM_Bear_HomingCharge_Damage,other,true,,,,,,datamine,,
GE_FM_BigSpider_AutoAttack_Damage,other,true,,,,,,datamine,,
GE_FM_BullyBasher_BuffAllies_Buff,other,true,HasDuration,Together Stronk!,Taking 20% reduced damage.,AggregateByTarget,,datamine,,
GE_FM_BullyBasher_MeleeAutoAttack_Damage,other,true,,,,,,datamine,,
GE_FM_BullyBasher_TankSlam_Damage,other,true,,,,,,datamine,,
GE_FM_Environmental_Spiderweb_Dot,other,false,Infinite,Razorlace Web,You are slowed and are taking magic damage over time.,,1.0,datamine,,
GE_FM_Environmental_Spiderweb_Slow,other,false,Infinite,Razorlace Web,You are slowed and are taking magic damage over time.,,,datamine,,
GE_FM_Facestabber_AttachedAttack_Damage,other,true,,,,,,datamine,,
GE_FM_Facestabber_Jump_Attack_HeroDebuff,other,true,HasDuration,,,,,datamine,,
GE_FM_Facestabber_MeleeAutoAttack_Damage,other,true,,,,,,datamine,,
GE_FM_FrenziedLooter_DropTreasure_Buff,other,true,HasDuration,Greedy,You deal increased damage but have reduced movement speed.,AggregateByTarget,,datamine,,
GE_FM_FrenziedLooter_MeleeAutoAttack_Damage,other,true,,,,,,datamine,,
GE_FM_GoblinBrute_AutoAttack_Damage,other,true,,,,,,datamine,,
GE_FM_GoblinCaster_AutoAttack_Damage,other,true,,,,,,datamine,,
GE_FM_GoblinCaster_CastProjectile_Damage,other,true,,,,,,datamine,,
GE_FM_GoblinGrunt_AutoAttack_Damage,other,true,,,,,,datamine,,
GE_FM_GravesnareKidnapper_CallChildren_ReducedMaxHealth,other,false,Infinite,,,,,datamine,,
GE_FM_GravesnareKidnapper_ConeAoeProjectiles_Damage,other,true,,,,,,datamine,,
GE_FM_GravesnareKidnapper_ConeAoeProjectiles_Dot,other,false,Infinite,Razorlace Web,You are slowed and are taking magic damage over time.,,1.0,datamine,,
GE_FM_GravesnareKidnapper_ConeAoeProjectiles_Slow,other,false,Infinite,Razorlace Web,You are slowed and are taking magic damage over time.,,,datamine,,
GE_FM_GravesnareKidnapper_MeleeAutoAttack_Damage,other,true,,,,,,datamine,,
GE_FM_Invoker_CastedRangedInstantProjectile_Damage,other,true,,,,,,datamine,,
GE_FM_OrcCaster_AutoAttack_Damage,other,true,,,,,,datamine,,
GE_FM_OrcCaster_CastProjectile_Damage,other,true,,,,,,datamine,,
GE_FM_OrcGrunt_AutoAttack_Damage,other,true,,,,,,datamine,,
GE_FM_PIllager_Enrage_Buff,other,true,Infinite,Blood Frenzy,"Gaining 1 stack each time something dies nearby.

<bold>Haste</>, <bold>Damage</> and <bold>Max Health</> increased by 10% per stack.",AggregateBySource,,datamine,,
GE_FM_PIllager_Enrage_MaxHealthIncrease,other,true,Infinite,,,,,datamine,,
GE_FM_PIllager_Enrage_OrcMarker,other,false,Infinite,,,,,datamine,,
GE_FM_Pillager_MeleeAutoAttack_Damage,other,true,,,,,,datamine,,
GE_FM_RotheartRecluse_DotProjectile_DotDamage,other,true,HasDuration,Heartstopper,Deals minor damage over time and slows. Deals major damage upon expiring. Each stack increases the expiry rate of this effect.,AggregateByTarget,1.0,datamine,,
GE_FM_RotheartRecluse_DotProjectile_EndDamage,other,true,,,,,,datamine,,
GE_FM_RotheartRecluse_DotProjectile_Slow,other,true,HasDuration,,,AggregateByTarget,,datamine,,
GE_FM_RotheartRecluse_MeleeAutoAttack_Damage,other,true,,,,,,datamine,,
GE_FM_RotheartRecluse_MeleeDot,other,true,HasDuration,Rotheart Venom,Deals major damage over a short period of time.,AggregateByTarget,1.0,datamine,,
GE_FM_Shared_NPCCombatBuff_DpsBuff,other,true,Infinite,,,,,datamine,,
GE_FM_Shared_NPCCombatBuff_Elite_DpsBuff,other,true,Infinite,,,,,datamine,,
GE_FM_Shared_NPCCombatBuff_Elite_HealerBuff,other,true,Infinite,,,,,datamine,,
GE_FM_Shared_NPCCombatBuff_Elite_TankBuff,other,true,Infinite,,,,,datamine,,
GE_FM_Shared_NPCCombatBuff_HealerBuff,other,true,Infinite,,,,,datamine,,
GE_FM_Shared_NPCCombatBuff_TankBuff,other,true,Infinite,,,,,datamine,,
GE_FM_Shinchopper_MeleeAutoAttack_Damage,other,true,,,,,,datamine,,
GE_FM_Slaver_CastedMeleeKnockback_Damage,other,true,,,,,,datamine,,
GE_FM_Slaver_Grip_BlockOtherGripsEffect,other,true,Infinite,,,,,datamine,,
GE_FM_Slaver_Grip_ChainProjectile,other,false,HasDuration,,,AggregateByTarget,,datamine,,
GE_FM_Slaver_Grip_Damage,other,true,,,,,,datamine,,
GE_FM_Slaver_Grip_Immobilize,other,false,HasDuration,Pulled,,AggregateByTarget,,datamine,,
GE_FM_Slaver_Grip_Slow,other,false,HasDuration,Leg Pulled,65% reduced movement speed.,AggregateByTarget,,datamine,,
GE_FM_Slaver_MeleeAutoAttack_Damage,other,true,,,,,,datamine,,
GE_FM_Spiderling_AutoAttack_Damage,other,true,,,,,,datamine,,
GE_FM_Stag_AutoAttack_Damage,other,true,,,,,,datamine,,
GE_FM_Wolf_AutoAttack_Damage,other,true,,,,,,datamine,,
GE_FM_Wolf_Bleed_Dot,other,true,HasDuration,Bleed,You are taking physical damage over time.,AggregateByTarget,1.0,datamine,,
GE_FallDamage,shared,true,,Fall Damage,Watch your step,,1.0,datamine,,
GE_Finesse_BasicToAoe_Counter,finesse,true,,The Vehement,,AggregateBySource,,datamine,,
GE_Finesse_BasicToAoe_Damage,finesse,true,,,,,,datamine,,
GE_Finesse_BasicToIncreasedPower,finesse,true,,The Intrepid,,AggregateBySource,,datamine,,
GE_Finesse_CritChanceToHealOrDamage_Damage,finesse,true,,,,,,datamine,,
GE_Finesse_CritChanceToHealOrDamage_Heal,finesse,true,,,,,,datamine,,
GE_Finesse_CurrentSpiritToBuff_Buff,finesse,true,HasDuration,The Philosopher,,AggregateBySource,,datamine,,
GE_Finesse_DrainHealthBasedOnPrimaryStat_Damage,finesse,true,,,,,,datamine,,
GE_Finesse_DrainHealthBasedOnPrimaryStat_Heal,finesse,true,,,,,,datamine,,
GE_Finesse_MajorIncreasedCooldownRecoveryPerHaste,finesse,true,Infinite,,,AggregateBySource,,datamine,,
GE_Finesse_Passive_MajorToReducedControlCooldown_DamageBonusToLowHealth,finesse,true,Infinite,The Subduer,,AggregateBySource,,datamine,,
GE_Finesse_Passive_PowerIncreasedCritChanceAndPower,finesse,true,Infinite,Finesse E,,AggregateBySource,,datamine,,
GE_Finesse_PeriodicHasteBuff_Buff,finesse,true,HasDuration,The Wayfarer,,AggregateBySource,,datamine,,
GE_Finesse_PeriodicHasteBuff_Cooldown,finesse,true,HasDuration,The Wayfarer: On Cooldown,,AggregateBySource,,datamine,,
GE_Finesse_PowerToIncreasedCritChance,finesse,true,HasDuration,The Trickster,,AggregateBySource,,datamine,,
GE_Finnese_StartWithSpiritPoints_HasBeenApplied,finesse,true,Infinite,,,,,datamine,,
GE_Firemage_CastedDotBoostProjectile_DamageAndDotBoost,hero,true,,,,,,datamine,,
GE_Firemage_CastedDotBoostProjectile_Talent_DamageSpreadToCastedSingleDot_Damage,hero,true,,,,,,datamine,,
GE_Firemage_CastedDotDetonate_CustomGlobalCooldown,hero,true,HasDuration,,,,,datamine,,
GE_Firemage_CastedDotDetonate_Damage,hero,true,,,,,,datamine,,
GE_Firemage_CastedDotDetonate_DetonationDebuff,hero,false,Infinite,,,,,datamine,,
GE_Firemage_CastedPlacedAoe_Damage,hero,true,,,,,,datamine,,
GE_Firemage_CastedSingleDot_Dot,hero,true,HasDuration,Engulfing Flames,Inflicting fire damage every 3 seconds.,AggregateBySource,3.0,datamine,,
GE_Firemage_CastedSingleHeavyDot_Dot,hero,true,HasDuration,Engulfing Flames,"Inflicting fire damage every 1,5 seconds.",,1.5,datamine,,
GE_Firemage_CastedSingleHeavyDot_Talent_BoostsIncomingDamage_Debuff,hero,true,Infinite,,,AggregateBySource,,datamine,,
GE_Firemage_CastedSingleHeavyDot_Talent_BoostsIncomingDamage_Debuff_OwnerEffect,hero,true,,,,AggregateBySource,,datamine,,
GE_Firemage_ChanneledForwardAoeDamage_Cost,hero,true,,,,,,datamine,,
GE_Firemage_ChanneledForwardAoeDamage_Damage,hero,true,,,,,,datamine,,
GE_Firemage_ChanneledForwardAoeDamage_Dot,hero,true,HasDuration,Incenerate,Inflicting fire damage every 3 seconds.,AggregateBySource,3.0,datamine,,
GE_Firemage_FireFrog_DirectDamage,hero,true,,,,,,datamine,,
GE_Firemage_FireFrog_Dot,hero,true,HasDuration,Fire Frogs,Inflicting fire damage every 3 seconds.,,3.0,datamine,,
GE_Firemage_InstantDotSpread_DotBonusBuff,hero,true,HasDuration,Wildfire,The <bold>fire damage over time</> effects applied by your abilities tick 30% faster.,AggregateByTarget,,datamine,,
GE_Firemage_InstantDoubleDot_Buff,hero,true,HasDuration,Rolling Flames,Your Engulfing Flames is instant cast and applies Searing Blaze to the target.,AggregateByTarget,,datamine,,
GE_Firemage_InstantDoubleDot_MainTargetBonus_Damage,hero,true,,,,,,datamine,,
GE_Firemage_InstantSingleDisorient_Damage,hero,true,,,,,,datamine,,
GE_Firemage_InstantSingleDisorient_Debuff,hero,true,HasDuration,Scorched,Disoriented,AggregateByTarget,,datamine,,
GE_Firemage_InstantSingleInterrupt_Interrupt,hero,true,,,,,,datamine,,
GE_Firemage_InstantSingleInterrupt_Lockout,hero,true,,Interrupted,Cannot cast spells for a short duration.,,,datamine,,
GE_Firemage_InstantSingleTargetDot_Dot,hero,true,HasDuration,Searing Blaze,Inflicting fire damage every 2 seconds.,AggregateBySource,2.0,datamine,,
GE_Firemage_InstantSingleTargetDot_Dot_StackingBoostTalent,hero,true,,,Inflicting fire damage every over time,,,datamine,,
GE_Firemage_PlacedProjectileAoe_Damage,hero,true,,,,,,datamine,,
GE_Firemage_PlacedProjectileAoe_DirectDamageBased_Dot,hero,true,HasDuration,Fire Ball,Inflicting fire damage every 2 seconds.,AggregateBySource,2.0,datamine,,
GE_Firemage_PlacedProjectileAoe_Talent_CastedDotBoostProjectileBonusBuff,hero,true,HasDuration,Infernal Doom,,AggregateBySource,,datamine,,
GE_Firemage_Proc_FreeCastedSingleDot,hero,false,Infinite,,,,,datamine,,
GE_Firemage_ResourceGain_SetByCaller,hero,true,,,,,,datamine,,
GE_Firemage_ResourceRemove,hero,true,,,,,,datamine,,
GE_Firemage_SelfDefenceBuff_SelfBuff,hero,true,HasDuration,Flame Ward,Damage taken reduced by 40%.,,,datamine,,
GE_Firemage_Talent_CastedDotBoostProjectile_IncreasedCritChance_Proc,hero,true,,,,AggregateBySource,,datamine,,
GE_Firemage_Talent_CastedDotBoostProjectile_IncreasedCritChance_Stacker,hero,true,,Cascading Inferno,,AggregateBySource,,datamine,,
GE_Firemage_Talent_CastedDotDetonate_FreeProc,hero,true,HasDuration,Apocalyptic Surge,,AggregateBySource,,datamine,,
GE_Firemage_Talent_CastedPlacedAoe_DamageBasedDot_Dot,hero,true,HasDuration,Apocalypse: Explosivo,Inflicting fire damage every 3 seconds.,AggregateBySource,3.0,datamine,,
GE_Firemage_Talent_CastedPlacedAoe_StunAndCooldownReduction_Stun,hero,true,HasDuration,Stunned,Stunned for a short duration.,,,datamine,,
GE_Firemage_Talent_DotDoubleDamageAndHeal_Heal,hero,true,,Warmth,,,,datamine,,
GE_Firemage_Talent_InstantDotSpread_SpiritAndCritBuff,hero,true,Infinite,,,,,datamine,,
GE_Firemage_Talent_PlacedProjectileAoe_ResetCooldownDamageBuff,hero,true,HasDuration,Reign of Fire,Your next <bold>Fire Ball</> has +200% increased critical strike chance.,AggregateByTarget,,datamine,,
GE_Firemage_Talent_ReducedAoeDamage,hero,true,Infinite,,,,,datamine,,
GE_Firemage_Talent_ReducedMagicDamage,hero,true,Infinite,,,,,datamine,,
GE_Firemage_Talent_SelfDefenceBuff_Absorb,hero,true,HasDuration,Fiery Resilience,Absorbing damage,,,datamine,,
GE_Firemage__Talent_CastedDotBoostProjectile_DirectDamageBased_Dot,hero,true,HasDuration,Crackling Inferno,Inflicting fire damage every 3 seconds.,AggregateBySource,3.0,datamine,,
GE_GemBonus_AddedMaxSpiritPointsMedium,gem,true,Infinite,Added Max Spirit Points medium,,,,datamine,,
GE_GemBonus_AddedMaxSpiritPointsSmall,gem,true,Infinite,Added Max Spirit Points small,,,,datamine,,
GE_GemBonus_ApplyPeriodicAbsorb_AbsorbEffect_Medium,gem,true,HasDuration,Sentinel's Bastion - II,"Every 60 seconds, you gain an absorb equal to 15% Max Health that lasts for 60 seconds.",,,datamine,,
GE_GemBonus_ApplyPeriodicAbsorb_AbsorbEffect_Small,gem,true,HasDuration,Sentinel's Bastion,"Every 60 seconds, you gain an absorb equal to 5% Max Health that lasts for 60 seconds.",,,datamine,,
GE_GemBonus_AutoHealOnLowHealth_Heal_Medium,gem,true,,,,,,datamine,,
GE_GemBonus_AutoHealOnLowHealth_Heal_Small,gem,true,,,,,,datamine,,
GE_GemBonus_CooldownReductionMedium,gem,true,Infinite,,,AggregateByTarget,,datamine,,
GE_GemBonus_CooldownReductionSmall,gem,true,Infinite,,,AggregateByTarget,,datamine,,
GE_GemBonus_CritChanceBonusAgainstHalfHealthTargetMedium,gem,true,Infinite,,,,,datamine,,
GE_GemBonus_CritChanceBonusAgainstHalfHealthTargetSmall,gem,true,Infinite,,,,,datamine,,
GE_GemBonus_CriticalChanceHasteExpertiseAndSpiritBonusMedium,gem,true,HasDuration,Harmounious Soul - Medium,,AggregateBySource,,datamine,,
GE_GemBonus_CriticalChanceHasteExpertiseAndSpiritBonusSmall,gem,true,HasDuration,Harmounious Soul - Small,,AggregateBySource,,datamine,,
GE_GemBonus_CriticalPowerBonusPercentageMedium,gem,true,Infinite,,,,,datamine,,
GE_GemBonus_CriticalPowerBonusPercentageSmall,gem,true,Infinite,,,,,datamine,,
GE_GemBonus_CriticalStrikePercentageBonusMedium,gem,true,Infinite,,,,,datamine,,
GE_GemBonus_CriticalStrikePercentageBonusSmall,gem,true,Infinite,,,,,datamine,,
GE_GemBonus_DamageHealingAbsorbBonusInBossBattleMedium,gem,true,Infinite,Essence of the Conqueror - II,"Your Damage, Healing, and Absorbtion is increased by 15%.",AggregateByTarget,,datamine,,
GE_GemBonus_DamageHealingAbsorbBonusInBossBattleSmall,gem,true,Infinite,Essence of the Conqueror,"Your Damage, Healing, and Absorbtion is increased by 5%.",AggregateByTarget,,datamine,,
GE_GemBonus_ExpertisePercentageBonusMedium,gem,true,Infinite,,,,,datamine,,
GE_GemBonus_ExpertisePercentageBonusSmall,gem,true,Infinite,,,,,datamine,,
GE_GemBonus_ExpertiseStacksOnFirstDamage_ExpertiseEffect_Medium,gem,true,HasDuration,First Strike - II,+15% Expertise,AggregateByTarget,,datamine,,
GE_GemBonus_ExpertiseStacksOnFirstDamage_ExpertiseEffect_Small,gem,true,HasDuration,First Strike,+5% Expertise,AggregateByTarget,,datamine,,
GE_GemBonus_HastePercentageBonusMedium,gem,true,Infinite,,,,,datamine,,
GE_GemBonus_HastePercentageBonusSmall,gem,true,Infinite,,,,,datamine,,
GE_GemBonus_HastePercentageBonusWhenTargettingUnhealthyTargetsMedium,gem,true,HasDuration,Adrenaline Rush - II,+9% Haste,AggregateBySource,,datamine,,
GE_GemBonus_HastePercentageBonusWhenTargettingUnhealthyTargetsSmall,gem,true,HasDuration,Adrenaline Rush,+3% Haste,AggregateBySource,,datamine,,
GE_GemBonus_HastePercentageBonusWhileNotHeroismMedium,gem,true,Infinite,Essence of the Virtuoso - II,+6% Haste,,,datamine,,
GE_GemBonus_HastePercentageBonusWhileNotHeroismSmall,gem,true,Infinite,Essence of the Virtuoso,+2% Haste,,,datamine,,
GE_GemBonus_HealthPercentageAsAbsorbBonus,gem,true,,Absorb Shield,You absorb damage,,,datamine,,
GE_GemBonus_HealthRegenBonusInCombatMedium,gem,true,Infinite,Unyielding Vitality,You heal for 2.1% of your Maximum Health every 2 seconds while in combat.,,2.0,datamine,,
GE_GemBonus_HealthRegenBonusInCombatSmall,gem,true,Infinite,Unyielding Vitality,You heal for 0.7% of your Maximum Health every 2 seconds while in combat.,,2.0,datamine,,
GE_GemBonus_HoTOnTouchedTargetDeath_HoT_Medium,gem,true,HasDuration,Reaper's Reprieve - II,Healing for 36% of your maximum health over 18 seconds.,AggregateByTarget,1.5,datamine,,
GE_GemBonus_HoTOnTouchedTargetDeath_HoT_Small,gem,true,HasDuration,Reaper's Reprieve,Healing for 12% of your maximum health over 18 seconds.,AggregateByTarget,1.5,datamine,,
GE_GemBonus_IncomingHealMultiplierForMissingHealth_IncHealBuff,gem,true,Infinite,,,,,datamine,,
GE_GemBonus_MagicResistBonusOnDamageTaken_Medium,gem,true,HasDuration,Tranquil Resolve - II,+24% Magic Resist,AggregateByTarget,,datamine,,
GE_GemBonus_MagicResistBonusOnDamageTaken_Small,gem,true,HasDuration,Tranquil Resolve,+8% Magic Resist,AggregateByTarget,,datamine,,
GE_GemBonus_MaxHealthPercentageBonusMedium,gem,true,Infinite,,,,,datamine,,
GE_GemBonus_MaxHealthPercentageBonusSmall,gem,true,Infinite,,,,,datamine,,
GE_GemBonus_PrimaryAttributeAndStaminaBonusMedium,gem,true,Infinite,,,,,datamine,,
GE_GemBonus_PrimaryAttributeAndStaminaBonusSmall,gem,true,Infinite,,,,,datamine,,
GE_GemBonus_PrimaryAttributeBonusWhenHealthyMedium,gem,true,Infinite,Might of the Minotaur - II,+6% Strength / Agility / Intellect,,,datamine,,
GE_GemBonus_PrimaryAttributeBonusWhenHealthySmall,gem,true,Infinite,Might of the Minotaur,+2% Strength / Agility / Intellect,,,datamine,,
GE_GemBonus_PrimaryAttributeBonusWhileHeroismMedium,gem,true,Infinite,Ancestral Surge - II,+24% Primary Attribute,,,datamine,,
GE_GemBonus_PrimaryAttributeBonusWhileHeroismSmall,gem,true,Infinite,Ancestral Surge,+8% Primary Attribute,,,datamine,,
GE_GemBonus_PrimaryBonus_Medium,gem,true,Infinite,,,,,datamine,,
GE_GemBonus_PrimaryBonus_Small,gem,true,Infinite,,,,,datamine,,
GE_GemBonus_ReducedSpiritAbilityCostMedium,gem,true,Infinite,Spirit Cost Reduced - medium,,,,datamine,,
GE_GemBonus_ReducedSpiritAbilityCostSmall,gem,true,Infinite,Spirit Cost Reduced - small,,,,datamine,,
GE_GemBonus_RelicCooldownReductionBonusMedium,gem,true,Infinite,,,,,datamine,,
GE_GemBonus_RelicCooldownReductionBonusSmall,gem,true,Infinite,,,,,datamine,,
GE_GemBonus_SpiritPercentageBonusMedium,gem,true,Infinite,,,,,datamine,,
GE_GemBonus_SpiritPercentageBonusSmall,gem,true,Infinite,,,,,datamine,,
GE_GemBonus_StaminaAndCritRatingBonusMedium,gem,true,Infinite,,,,,datamine,,
GE_GemBonus_StaminaAndCritRatingBonusSmall,gem,true,Infinite,,,,,datamine,,
GE_GemBonus_StaminaAndExpertiseRatingBonusMedium,gem,true,Infinite,,,,,datamine,,
GE_GemBonus_StaminaAndExpertiseRatingBonusSmall,gem,true,Infinite,,,,,datamine,,
GE_GemBonus_StaminaAndHasteRatingBonusMedium,gem,true,Infinite,,,,,datamine,,
GE_GemBonus_StaminaAndHasteRatingBonusSmall,gem,true,Infinite,,,,,datamine,,
GE_GemBonus_StaminaAndPrimaryAttributeBonusMedium,gem,true,Infinite,,,,,datamine,,
GE_GemBonus_StaminaAndPrimaryAttributeBonusSmall,gem,true,Infinite,,,,,datamine,,
GE_GemBonus_StaminaAndSpiritRatingBonusMedium,gem,true,Infinite,,,,,datamine,,
GE_GemBonus_StaminaAndSpiritRatingBonusSmall,gem,true,Infinite,,,,,datamine,,
GE_GlobalCooldown,shared,true,HasDuration,,,,,datamine,,
GE_GlobalCooldownStatic,shared,true,,,,,,datamine,,
GE_GlobalCooldown_TariqHeavySingleTarget,hero,true,,,,,,datamine,,
GE_Gunde_AbilityToBuffChance_Buff,other,true,HasDuration,Ancestral Instinct,,AggregateBySource,,datamine,,
GE_Gunde_AoeDamageAndStun_Damage,hero,true,,,,,,datamine,,
GE_Gunde_AoeDamageAndStun_Stun,hero,true,HasDuration,Stunned,Stunned for a short duration.,AggregateBySource,,datamine,,
GE_Gunde_BasicSingleTargetAttack_Damage,other,true,,,,,,datamine,,
GE_Gunde_BasicSingleTargetMelee_Damage,hero,true,,,,,,datamine,,
GE_Gunde_BoostedDotDamage_TargetDamageMod,other,true,,,,,,datamine,,
GE_Gunde_BoostedDotDamage_TargetDebuff,other,true,HasDuration,Open Wounds,Your <rt.warning>Rend</> and <rt.absorb>Slaughter</> deals 20% more damage.,AggregateBySource,,datamine,,
GE_Gunde_ClampedHealthWithEruption_Bleed,hero,true,HasDuration,Bloodletter Bleed,Bleeding over time,AggregateBySource,1.0,datamine,,
GE_Gunde_ClampedHealthWithEruption_Damage,hero,true,,,,,,datamine,,
GE_Gunde_ClampedHealthWithEruption_SelfBuff,hero,true,HasDuration,Bloodletter Onslaught,"Prevents health from going below 1 for 12s.
All damage taken is accumulated into the buff.
When buff is removed it erupts, dealing X% damage instantly, and applying a Y% damage as bleed to all enemies within 1500 over 18s.",AggregateBySource,,datamine,,
GE_Gunde_ClampedHealthWithEruption_SpiritPointCost,hero,true,,,,,,datamine,,
GE_Gunde_DamageBlockHealthDrain_SelfBleed,hero,true,HasDuration,Bleeding,Exsanguinate makes you bleed instead of taking direct damage,,1.0,datamine,,
GE_Gunde_DamageBlockHealthDrain_SelfBuff,hero,true,HasDuration,Exsanguinate,For the next 10s all damage taken will instead make you bleed every 1s for 12s.,,,datamine,,
GE_Gunde_DamageReductionSelfBuff_SelfBuff,other,true,HasDuration,Reckless Abandon,,AggregateBySource,,datamine,,
GE_Gunde_DashAttack_Damage,other,true,,,,,,datamine,,
GE_Gunde_DotTransfer_SelfBuff,other,true,HasDuration,Owed in Blood,Holding on to <rt.warning>Rend</> damage.,AggregateBySource,,datamine,,
GE_Gunde_DurationalAoeDotAndBuff_Damage,other,true,,,,,,datamine,,
GE_Gunde_DurationalAoeDotAndBuff_SelfBuff,other,true,HasDuration,Bloodbound Spirit,,AggregateBySource,,datamine,,
GE_Gunde_ExtraDotDamageBuff_SelfBuff,other,true,HasDuration,Reign in Blood,,,,datamine,,
GE_Gunde_ExtraDotDamageGain_SelfBuff,other,true,HasDuration,Serrated Edge,Your next damaging ability converts an additional <rt.warning>+20% of the damage dealt</> into <rt.warning>Rend</>.,AggregateByTarget,,datamine,,
GE_Gunde_ForwardDualProjectile_Bleed,hero,true,HasDuration,Wild Throw,"Bleeds for 150% strength over 18s, ticking every 2s",AggregateBySource,1.0,datamine,,
GE_Gunde_ForwardDualProjectile_Damage,hero,true,,,,,,datamine,,
GE_Gunde_HealingStance,hero,false,Infinite,Sanguine Feast,"Taking 30% reduced damage.

Death's Arc and Rage Cleave now heals Gunde instead of hurting him, but cost Pain.

Rebellious Strike now gives Pain rather than heals Gunde.",,,datamine,,
GE_Gunde_HealthAndBleedSelfBuff_SelfBuff,hero,true,HasDuration,Reign in Blood,Your Bleeds deal 30% increased damage and 100% of all Bleed damage you deal is accumulated and heals you every 1 second.,AggregateByTarget,,datamine,,
GE_Gunde_HealthCost_InstantDamage,hero,true,,,,,,datamine,,
GE_Gunde_HealthGain_InstantHeal,hero,true,,,,,,datamine,,
GE_Gunde_HeavyMeleeDotBased_Damage,other,true,,,,,,datamine,,
GE_Gunde_HeavyMeleeDotBased_DotBonusDamage,other,true,,,,,,datamine,,
GE_Gunde_HeavyMeleeDotBased_IncreasedCritChance,other,true,,,,AggregateBySource,,datamine,,
GE_Gunde_HeavyMeleeDotBoost_Damage,other,true,,,,,,datamine,,
GE_Gunde_HeavySingleTargetMeleeWithHeal_Damage,hero,true,,,,,,datamine,,
GE_Gunde_HeavySingleTargetMelee_Damage,hero,true,,,,,,datamine,,
GE_Gunde_HeavySingleTargetMelee_InHealingStance_ResourceCost,hero,true,,,,,,datamine,,
GE_Gunde_InstantAoeDot_Dot,other,true,HasDuration,Slaughter,Dealing damage over time.,,1.0,datamine,,
GE_Gunde_InstantAoeWithBuff_Damage,other,true,,,,,,datamine,,
GE_Gunde_InstantSpinAoe_Damage_Old,hero,true,,,,,,datamine,,
GE_Gunde_InstantSpinAoe_InHealingStance_ResourceCost,hero,true,,,,,,datamine,,
GE_Gunde_InstantWhirlwindAoe_Damage,other,true,,,,,,datamine,,
GE_Gunde_MaxOrbResource,other,true,Infinite,,,,,datamine,,
GE_Gunde_MeleeAutoAttack_Damage,other,true,,,,,,datamine,,
GE_Gunde_MeleeAutoAttack_Damage_Old,hero,true,,,,,,datamine,,
GE_Gunde_MoveToTargetBleed_Bleed,hero,true,HasDuration,Relentless Rush,Taking 100% strength damage over 15s,AggregateBySource,1.0,datamine,,
GE_Gunde_PerTargetAccumulatedBleed,other,true,HasDuration,Rend,"Damage done by your abilities build up this bleed, damaging the target over time.

Each stack of Rend corresponds to 100% Strength damage over its full duration.",AggregateBySource,1.0,datamine,,
GE_Gunde_PerTargetAccumulatedBleed_Damage,other,true,,,,,,datamine,,
GE_Gunde_SingleInstantPullEnemy_Damage,hero,true,,,,,,datamine,,
GE_Gunde_SingleInstantPullEnemy_Pull,hero,true,HasDuration,,,AggregateByTarget,,datamine,,
GE_Gunde_SingleTargetInterrupt_Interrupt,other,true,,,,,,datamine,,
GE_Gunde_SingleTargetInterrupt_Lockout,other,true,,,,,,datamine,,
GE_Gunde_SingleTargetPull_Damage,other,true,,,,,,datamine,,
GE_Gunde_SingleTargetPull_PullActivator,other,true,Infinite,,,AggregateByTarget,,datamine,,
GE_Gunde_SingleTargetTaunt_Taunt,hero,true,HasDuration,Taunted,Forced to attack Gunde,AggregateBySource,,datamine,,
GE_Gunde_Talent_BasicSingleTargetMelee_BleedProc_Bleed,hero,true,HasDuration,Serrated Blade Bleed,Damage over time,AggregateBySource,1.0,datamine,,
GE_Gunde_Talent_BasicSingleTargetMelee_BleedProc_Proc,hero,true,Infinite,Primed Serrated Blades,Your next Double Strike applies a bleed that deals 103% Strength damage every 2 seconds over 12 seconds.,AggregateBySource,,datamine,,
GE_Gunde_Talent_BasicSingleTargetMelee_BleedProc_ProcCooldown,hero,true,HasDuration,,,AggregateBySource,,datamine,,
GE_Gunde_Talent_DashAttack_EmpoweredAbilities_Proc,other,true,,Crimson Strikes,,AggregateBySource,,datamine,,
GE_Gunde_Talent_DotTransfer_AoeBasedOnStacks_Aoe,other,true,HasDuration,Bloodcraze,,AggregateBySource,1.0,datamine,,
GE_Gunde_Talent_DotTransfer_AoeBasedOnStacks_Damage,other,true,,,,,,datamine,,
GE_Gunde_Talent_DotTransfer_Aoe_SelfBuff,other,true,,,,,,datamine,,
GE_Gunde_Talent_DotTransfer_ExplosionOnPickup_Damage,other,true,,,,,,datamine,,
GE_Gunde_Talent_DotTransfer_IncreasedDamageOnSelf_Buff,other,true,HasDuration,Harvesters Toll,,AggregateBySource,,datamine,,
GE_Gunde_Talent_DotTransfer_IncreasedDamageOnSelf_VisualBuff,other,true,HasDuration,Harvesters Toll,,AggregateBySource,,datamine,,
GE_Gunde_Talent_DotTransfer_InstantAoeWithBuff_DamageAndOrbs_OrbDropper,other,true,,Carrion Onslaught,,AggregateBySource,1.0,datamine,,
GE_Gunde_Talent_DotTransfer_InstantAoeWithBuff_DamageAndOrbs_Proc,other,true,HasDuration,Carrion Onslaught,,AggregateBySource,,datamine,,
GE_Gunde_Talent_ExtraDotDamageBuff_Haste,other,true,Infinite,,,AggregateBySource,,datamine,,
GE_Gunde_Talent_HeavyMeleeDotBased_CooldownAcceleration_Proc,other,true,HasDuration,Bloodbath,,AggregateBySource,,datamine,,
GE_Gunde_Talent_HeavyMeleeDotBased_IncreasedDamageLowHealthTarget,other,true,,,,,,datamine,,
GE_Gunde_Talent_HeavyMeleeDotBoost_GuaranteedSpiritProcBuff__Proc,other,true,HasDuration,Murder of Crows,Your next ability has a 100% chance to trigger Spirit Refund.,AggregateByTarget,,datamine,,
GE_Gunde_Talent_InstantAoeDot_IncreasedCritChance,other,true,,,,,,datamine,,
GE_Gunde_Talent_InstantAoeWithBuff_AdditionalStack_SelfBuff,other,true,,,,,,datamine,,
GE_Gunde_Talent_InstantAoeWithBuff_Empowered_Proc,other,true,HasDuration,Death's Arc,,AggregateBySource,,datamine,,
GE_Gunde_Talent_InstantDeathFromDot_Damage,other,true,,,,,,datamine,,
GE_Gunde_Talent_TargetedAoeProjectile_DamageCooldownReduction_IncreasedDamage,other,true,,,,,,datamine,,
GE_Gunde_Talent_TargetedAoeProjectile_Empowered_Proc,other,true,HasDuration,Grim Harvest,,AggregateBySource,,datamine,,
GE_Gunde_TargetedAoeProjectile_Damage,other,true,,,,,,datamine,,
GE_HeroAttributesBase,shared,true,Infinite,,,,,datamine,,
GE_Hero_Shared_PaddingCooldown,shared,true,HasDuration,,,,,datamine,,
GE_IC_Assassin_AutoAttack_Damage,ability_system,true,,,,,,datamine,,
GE_IC_Assassin_PoisonDagger_ConvertHealingDebuff,ability_system,true,HasDuration,Shadebloom Poison,70% reduced Healing received.,AggregateByTarget,1.0,datamine,,
GE_IC_Assassin_PoisonDagger_Damage,ability_system,true,,,,,,datamine,,
GE_IC_Assassin_WickedStrike_Damage,ability_system,true,,,,,,datamine,,
GE_IC_Assassin_WickedStrike_HideBuff,ability_system,true,HasDuration,,,AggregateByTarget,,datamine,,
GE_IC_Assassin_WickedStrike_Marked,ability_system,true,HasDuration,,,AggregateByTarget,,datamine,,
GE_IC_Assassin_WickedStrike_Stun,ability_system,true,HasDuration,Wicked Strikes: Stun,Stunned.,AggregateByTarget,,datamine,,
GE_IC_BossMagistrate_BigStun_Stun,ability_system,true,HasDuration,Frozen,,,,datamine,,
GE_IC_BossMagistrate_FrigidMist_Damage,ability_system,false,Infinite,,,AggregateByTarget,1.0,datamine,,
GE_IC_BossMagistrate_FrigidMist_Slow,ability_system,false,Infinite,Frigid Mist,You are slowed and take damage periodically.,,,datamine,,
GE_IC_BossMagistrate_Frostbolt_Damage,ability_system,true,,,,,,datamine,,
GE_IC_BossMagistrate_Frostbolt_Debuff,ability_system,true,HasDuration,Frostbolt Slow,You are slowed,AggregateByTarget,,datamine,,
GE_IC_BossMagistrate_IceSpikes_Damage,ability_system,true,,,,,,datamine,,
GE_IC_BossMagistrate_KnockbackCone_AoeDamage,ability_system,true,,,,,,datamine,,
GE_IC_BossMagistrate_KnockbackCone_Root,ability_system,true,HasDuration,Frozen,Can not move,AggregateByTarget,,datamine,,
GE_IC_BossMagistrate_MeleeAutoAttack_Damage,ability_system,true,,,,,,datamine,,
GE_IC_BossMagistrate_Redemption_Dot,ability_system,true,HasDuration,Splintering Ice,Deals high damage to targeted player upon expiration,,1.0,datamine,,
GE_IC_BossMagistrate_Redemption_ShootProjectileOnExpired_Damage,ability_system,true,,,,,,datamine,,
GE_IC_GlacialSprite_AutoAttackMelee_Damage,ability_system,true,,,,,,datamine,,
GE_IC_GlacialSprite_PassiveAOEPools_Damage,ability_system,false,Infinite,,,AggregateByTarget,1.0,datamine,,
GE_IC_GlacialSprite_PassiveAOEPools_Debuff,ability_system,false,Infinite,Freezing Pool,Movement Speed reduced by 65% and taking Frost Damage.,,,datamine,,
GE_IC_GlacialSprite_PassiveAOEPools_Slow,ability_system,false,Infinite,,,,,datamine,,
GE_IC_GreaterIceElemental_AutoAttack_Damage,ability_system,true,,,,,,datamine,,
GE_IC_GreaterIceElemental_BurrowBuff,ability_system,true,Infinite,,,AggregateByTarget,,datamine,,
GE_IC_GreaterIceElemental_EarthBreaker_Damage,ability_system,true,,,,,,datamine,,
GE_IC_GreaterIceElemental_EarthBreaker_Slow,ability_system,true,HasDuration,Slow,Movement Speed is reduced by 50%.,,,datamine,,
GE_IC_GreaterIceElemental_EarthStomp_Damage,ability_system,true,,,,,,datamine,,
GE_IC_GreaterIceElemental_Upheaval_Damage,ability_system,true,,,,,,datamine,,
GE_IC_GreaterIceElemental_Upheaval_VanishEffect,ability_system,true,Infinite,,,,,datamine,,
GE_IC_Healer_AutoAttackMelee_Damage,ability_system,true,,,,,,datamine,,
GE_IC_Healer_ChannelMultiTargetHeal_HasteBuff,ability_system,false,Infinite,Temporal Manipulation,20% increased Haste.,,,datamine,,
GE_IC_Healer_ChanneledMultiTargetHeal_HealBuff,ability_system,true,Infinite,Arcane Reconstruction,Healing over time.,,1.0,datamine,,
GE_IC_Healer_TwoTargetDot_Damage,ability_system,true,HasDuration,Erosion of Time,Taking Arcane Damage over time.,,1.0,datamine,,
GE_IC_Healer_highThreatChannel_Damage,ability_system,true,,Disentegrate,Taking Arcane Damage each tick.,,,datamine,,
GE_IC_Lookout_MeleeAutoAttack_Damage,ability_system,true,,,,,,datamine,,
GE_IC_Lookout_SingelTargetAttackAndMoveBack_Damage,ability_system,true,,,,,,datamine,,
GE_IngameUiInteraction,ability_system,true,Infinite,,,,,datamine,,
GE_Ink_AoeAttack_Activated,hero,true,Infinite,,,AggregateBySource,,datamine,,
GE_Ink_AoeAttack_Cost,hero,true,,,,,,datamine,,
GE_Ink_AoeAttack_Damage,hero,true,,,,,,datamine,,
GE_Ink_AoeAttack_LightningDamage,hero,true,,,,,,datamine,,
GE_Ink_AoeFear_Fear,hero,false,HasDuration,Intimidate,Cowering in place.,AggregateByTarget,,datamine,,
GE_Ink_AutoAttackBuff_AoeDamage,hero,true,,,,,,datamine,,
GE_Ink_AutoAttackBuff_Buff,hero,true,Infinite,,,AggregateBySource,,datamine,,
GE_Ink_AutoAttackBuff_CleaveDamage,hero,true,,,,,,datamine,,
GE_Ink_AutoAttackBuff_Damage,hero,true,,,,,,datamine,,
GE_Ink_BouncyProjectile_Damage,hero,true,,,,,,datamine,,
GE_Ink_ChargedBuff_Buff,hero,true,HasDuration,Thunder Call,Your attacks are enhanced by lightning and you have access to your Chain Lightning ability.,AggregateBySource,,datamine,,
GE_Ink_CleaveAttack_Cost,hero,true,,,,,,datamine,,
GE_Ink_CleaveAttack_Damage,hero,true,,,,,,datamine,,
GE_Ink_CostReductionBuff_SelfBuff,hero,true,HasDuration,Focused Wrath,Your next Skull Crusher or Hammer Storm has it's Fury cost reduced by 52% and its damage increased by 10%.,AggregateBySource,,datamine,,
GE_Ink_EnhancedChargedBuff_AoeImpactDamage,hero,true,,,,,,datamine,,
GE_Ink_EnhancedChargedBuff_Cost,hero,true,,,,,,datamine,,
GE_Ink_EnhancedChargedBuff_PulsatingSingleDamage_Damage,hero,true,,,,,,datamine,,
GE_Ink_EnhancedChargedBuff_PulsatingSingleDamage_SelfBuff,hero,true,HasDuration,Raging Tempest,"Shocking enemies around you with Raging Currents.

Your expertise is increased by 1% per stack.",AggregateBySource,,datamine,,
GE_Ink_HeavySingleTargetAttack_Cost,hero,true,,,,,,datamine,,
GE_Ink_HeavySingleTargetAttack_Damage,hero,true,,,,,,datamine,,
GE_Ink_HeavySingleTargetAttack_LightningDamage,hero,true,,,,,,datamine,,
GE_Ink_LowHealthSingleTargetResourceDamage_Damage,hero,true,,,,,,datamine,,
GE_Ink_MaxRage,hero,true,Infinite,,,,,datamine,,
GE_Ink_MeleeAutoAttack_Damage,hero,true,,,,,,datamine,,
GE_Ink_MeleeInterrupt_Interrupt,hero,true,,,,,,datamine,,
GE_Ink_MeleeInterrupt_Lockout,hero,true,,Tremble!,Locked out of magic usage,,,datamine,,
GE_Ink_MoveToLocationAoeDamage_Damage,hero,true,,,,,,datamine,,
GE_Ink_RageHandler_SetByCaller,hero,true,,,,,,datamine,,
GE_Ink_SecondChanceSingleTargetAttack_Cost,hero,true,,,,,,datamine,,
GE_Ink_SecondChanceSingleTargetAttack_Damage,hero,true,,,,,,datamine,,
GE_Ink_SecondChanceSingleTargetDamage_Proc,hero,true,Infinite,Flash of Anger,Your next Face Breaker is enhanced.,AggregateByTarget,,datamine,,
GE_Ink_SelfDefenceBuff_SelfBuff_First,hero,true,HasDuration,Unbreakable Will,Damage taken reduced by 40%.,AggregateBySource,,datamine,,
GE_Ink_SingleTargetHeavyNonSpenderSecondChanceSingleTargetAttack_CritAoe_Damage,hero,true,,,,,,datamine,,
GE_Ink_SingleTargetHeavyNonSpender_Damage,hero,true,,,,,,datamine,,
GE_Ink_SwingTimerHitWindow,hero,true,HasDuration,,,AggregateBySource,,datamine,,
GE_Ink_Talent_AutoAttackBuffDurationalStatBonus,hero,true,HasDuration,Far Beyond Driven,+1.5% Spirit per stack,AggregateBySource,,datamine,,
GE_Ink_Talent_AutoAttackBuff_AlwaysHitWindowBuff_Buff,hero,true,HasDuration,Kill Em All,,AggregateBySource,,datamine,,
GE_Ink_Talent_AutoAttackBuff_CritStrikePowerIncrease,hero,true,Infinite,,,AggregateBySource,,datamine,,
GE_Ink_Talent_AutoAttackBuff_GainToChainLightningDamage,hero,true,Infinite,Thundering Vortex,Chain Lightning consumes 20 stacks to deal 60% more damage.,AggregateByTarget,,datamine,,
GE_Ink_Talent_AutoAttackBuff_GainToIncreasedDamage_Stacker,hero,true,Infinite,Square Hammer,Your next <bold>Heavy Strike</> deals 8% more damage per stack.,AggregateBySource,,datamine,,
GE_Ink_Talent_AutoAttackBuff_StackingBuffConsumedBySpender_Buff,hero,true,HasDuration,Square Hammer: Active,,AggregateBySource,,datamine,,
GE_Ink_Talent_AutoAttackBuff_StackingBuffConsumedBySpender_Stacker,hero,true,HasDuration,Square Hammer,"Your next <bold>Skull Crusher</> or <bold>Hammer Storm</> grants you <rt.bold>+5% Expertise</> 4 seconds.

All stacks are consumed and the cooldown of your <bold>Thunder Call</> is reduced by 1 second per stack consumed.",AggregateBySource,,datamine,,
GE_Ink_Talent_ChanceIncreasedSpenderDamage_AoeAttack_Proc,hero,true,HasDuration,Schism - Hammer Storm,,AggregateBySource,,datamine,,
GE_Ink_Talent_ChanceIncreasedSpenderDamage_HeavySingleTargetAttack_Proc,hero,true,HasDuration,Schism - Skull Crusher,,AggregateBySource,,datamine,,
GE_Ink_Talent_ChargedBuff_AddedHasteBuff,hero,true,Infinite,,,AggregateBySource,,datamine,,
GE_Ink_Talent_ChargedBuff_LifestealAndStatBoost,hero,true,HasDuration,Pneuma,"Taking 10% less damage.

+5% Lifesteal.",AggregateByTarget,,datamine,,
GE_Ink_Talent_ChargedBuff_LifestealAndStatboost_Heal,hero,true,,,,,,datamine,,
GE_Ink_Talent_ChargedBuff_RageIncrease_Buff,hero,true,HasDuration,,,AggregateBySource,1.0,datamine,,
GE_Ink_Talent_IncreasedAttackSpeed,hero,true,Infinite,,,AggregateBySource,,datamine,,
GE_Ink_Talent_IncreasedMovementSpeed,hero,true,Infinite,,,AggregateByTarget,,datamine,,
GE_Ink_Talent_LowHealthSingleTargetResourceDamage_ChanceActiveOnCommit_Proc,hero,true,HasDuration,Executioner's Grin,Your next <bold>Culling Strike</> has no cost and deals damage as if it consumed 20 fury.,AggregateByTarget,,datamine,,
GE_Ink_Talent_MoveToLocationAoeDamage_TargetExtraInkDamage_Debuff,hero,true,HasDuration,Slayer's Mosh,Taking 20% additional damage from your attacks.,AggregateBySource,,datamine,,
GE_Ink_Talent_MoveToLocationAoeDamage_TargetExtraInkDamage_Debuff_OwnerEffect,hero,true,,,,AggregateBySource,,datamine,,
GE_Ink_Talent_PassiveFuryGeneration,hero,true,Infinite,,,AggregateBySource,1.0,datamine,,
GE_Ink_Talent_Passive_HeavySingleTargetAttack_Aoe_Damage,hero,true,,,,,,datamine,,
GE_Ink_Talent_SecondChanceSingleTargetAttack_CritBleed_Bleed,hero,true,HasDuration,Splintered Bone,Taking damage over time.,AggregateBySource,1.0,datamine,,
GE_Ink_Talent_SelfDefenceBuff_IncreasedDurationAndTaunt_Taunt_Debuff,hero,true,HasDuration,Taunted,Forced to attack Tariq for a short duration.,AggregateBySource,,datamine,,
GE_JS_NPCRime_CastProjectile_Damage,ability_system,true,,,,,,datamine,,
GE_JS_NPCRime_ChanneledDamageBeam_Damage,ability_system,true,,,,,,datamine,,
GE_JS_NPCRime_MeleeAutoAttack_Damage,ability_system,true,,,,,,datamine,,
GE_JS_NPCRime_OnTargetPulsatingAoe_Damage,ability_system,true,,,,,,datamine,,
GE_JS_NPCSylvie_CastProjectile_Damage,ability_system,true,,,,,,datamine,,
GE_JS_NPCSylvie_GroundHeal_Heal,ability_system,true,,,,,,datamine,,
GE_JS_NPCSylvie_GroundHeal_Hot,ability_system,true,HasDuration,,,AggregateBySource,1.0,datamine,,
GE_JS_NPCSylvie_LowHealthHot_Chargeup,ability_system,true,HasDuration,,,,,datamine,,
GE_JS_NPCSylvie_LowHealthHot_FlashHeal,ability_system,true,,,,,,datamine,,
GE_JS_NPCSylvie_LowHealthHot_Hot,ability_system,true,HasDuration,Fluttercall: Restore Life,"Heals you every 2 sec, for 14 sec.",AggregateBySource,1.0,datamine,,
GE_JS_NPCSylvie_MeleeAutoAttack_Damage,ability_system,true,,,,,,datamine,,
GE_JS_NPCSylvie_PinkButterfly_Hot,ability_system,false,Infinite,Fluttercall: Heal,Heals you every 3 sec.,,1.0,datamine,,
GE_JS_NPCSylvie_PinkButterfly_Idle,ability_system,true,Infinite,,,,,datamine,,
GE_JS_TutorialGoblin_MeleeAutoAttack_Damage,ability_system,true,,,,,,datamine,,
GE_JS_TutorialOrcCaster_Heal_Heal,ability_system,true,,,,,,datamine,,
GE_JS_TutorialOrcCaster_MeleeAutoAttack_Damage,ability_system,true,,,,,,datamine,,
GE_JS_TutorialOrc_MeleeAutoAttack_Damage,ability_system,true,,,,,,datamine,,
GE_JS_TutorialSmallGoblin_MeleeAutoAttack_Damage,ability_system,true,,,,,,datamine,,
GE_JS_TutorialTroll_Cone_Damage,ability_system,true,,,,,,datamine,,
GE_JS_TutorialTroll_MeleeAutoAttack_Damage,ability_system,true,,,,,,datamine,,
GE_JS_TutorialTroll_PassiveAOEPools_Dot,ability_system,true,Infinite,Corrupted Blood,While standing in the blood you take damage every 1 second.,AggregateByTarget,1.0,datamine,,
GE_JS_TutorialTroll_SetHealth,ability_system,true,,,,,,datamine,,
GE_JS_TutorialTroll_ThrowRock_Damage,ability_system,true,,,,,,datamine,,
GE_JS_TutorialTroll_ThrowRock_Phase1Damage,ability_system,true,,,,,,datamine,,
GE_JS_TutorialTroll_ThrowRocksMinHealth,ability_system,true,Infinite,,,,,datamine,,
GE_LegendaryStat_IncreasedCooldownReduction,ability_system,true,Infinite,,,,,datamine,,
GE_LegendaryStat_IncreasedDamageReduction,ability_system,true,Infinite,,,,,datamine,,
GE_LegendaryStat_IncreasedPrimaryStat,ability_system,true,Infinite,,,,,datamine,,
GE_Lisa_AoeStaggerRemovalSpender_Cost,hero,true,,,,,,datamine,,
GE_Lisa_AoeStaggerRemovalSpender_Heal,hero,true,,,,,,datamine,,
GE_Lisa_AoeStaggerRemovalSpender_RemoveStagger,hero,true,,,,,,datamine,,
GE_Lisa_CastedHeal_Cost,hero,true,,,,,,datamine,,
GE_Lisa_CastedHeal_Heal,hero,true,,,,,,datamine,,
GE_Lisa_CastedProjectileDamageIncreaseDebuff_Cost,hero,true,,,,,,datamine,,
GE_Lisa_CastedProjectileDamageIncreaseDebuff_Damage,hero,true,,,,,,datamine,,
GE_Lisa_CastedProjectileDamageIncreaseDebuff_Debuff,hero,true,HasDuration,Unfolding Doom,Taking 20% more damage from you.,AggregateBySource,,datamine,,
GE_Lisa_CastedProjectileDamageIncreaseDebuff_Debuff_OwnerEffect,hero,true,,,,AggregateBySource,,datamine,,
GE_Lisa_CastedSingleTargetProjectile_Cost,hero,true,,,,,,datamine,,
GE_Lisa_CastedSingleTargetProjectile_Damage,hero,true,,,,,,datamine,,
GE_Lisa_ChanneledHealOrDamageProjectiles_Cost,hero,true,,,,,,datamine,,
GE_Lisa_ChanneledHealOrDamageProjectiles_Damage,hero,true,,,,,,datamine,,
GE_Lisa_ChanneledHealOrDamageProjectiles_Heal,hero,true,,,,,,datamine,,
GE_Lisa_InstantDamageSpender_Absorb_Absorb,hero,true,HasDuration,Oblivion's Embrace,Absorbs incoming damage.,AggregateByTarget,,datamine,,
GE_Lisa_InstantDamageSpender_Cost,hero,true,,,,,,datamine,,
GE_Lisa_InstantDamageSpender_Damage,hero,true,,,,,,datamine,,
GE_Lisa_InstantDamageSpender_SelfBuff_Buff,hero,true,HasDuration,Converging Timelines,Cooldown Acceleration increased,AggregateBySource,,datamine,,
GE_Lisa_InstantSelfBuff_Cost,hero,true,,,,,,datamine,,
GE_Lisa_InstantSelfBuff_SelfBuff,hero,true,HasDuration,Fleeting Hour,,AggregateBySource,,datamine,,
GE_Lisa_InstantSingleTargetDamageAndDot_Cost,hero,true,,,,,,datamine,,
GE_Lisa_InstantSingleTargetDamageAndDot_Damage,hero,true,,,,,,datamine,,
GE_Lisa_InstantSingleTargetDamageAndDot_Dot,hero,true,HasDuration,Echoes of Ruin,Taking damage over time,AggregateBySource,1.0,datamine,,
GE_Lisa_OutgoingDamageToHealManager_Heal,hero,true,,,,,,datamine,,
GE_Lisa_Passive_ReducedIncomingDamage,hero,true,Infinite,Chronomatic Shell,,,,datamine,,
GE_Lisa_PauseResourcesAndPartyHealth_Cost,hero,true,,,,,,datamine,,
GE_Lisa_PauseResourcesAndPartyHealth_Heal,hero,true,,,,,,datamine,,
GE_Lisa_PauseResourcesAndPartyHealth_HealthBuff,hero,true,HasDuration,Epoch Break,Your health is paused. All damage and healing taken is stored and will be dealt once this expires.,AggregateBySource,,datamine,,
GE_Lisa_PauseResourcesAndPartyHealth_SelfBuff,hero,true,HasDuration,,,AggregateBySource,,datamine,,
GE_Lisa_SingleAllyDispel_Dispel,hero,true,,,,,,datamine,,
GE_Lisa_SingleAllyDispel_ResourceCost,hero,true,,,,,,datamine,,
GE_Lisa_SingleTargetDamageImmunityBuff_Buff,hero,true,HasDuration,Chrono Veil,You are immune to all enemy damage,AggregateBySource,,datamine,,
GE_Lisa_SingleTargetDamageImmunityBuff_Cost,hero,true,,,,,,datamine,,
GE_Lisa_SingleTargetDot_Cost,hero,true,,,,,,datamine,,
GE_Lisa_SingleTargetDot_Dot,hero,true,HasDuration,Entropy's Claim,,,1.0,datamine,,
GE_Lisa_SingleTargetStaggerRemovalSpender_Cost,hero,true,,,,,,datamine,,
GE_Lisa_SingleTargetStaggerRemovalSpender_Heal,hero,true,,,,,,datamine,,
GE_Lisa_SingleTargetStaggerRemovalSpender_RemoveStagger,hero,true,,,,,,datamine,,
GE_Lisa_SpiritRefund_GuaranteedSpiritProcBuff__Proc,hero,true,HasDuration,Clairvoyance,Your next <rt.mana>Chrona</> spender is <rt.mana>Free</>.,AggregateByTarget,,datamine,,
GE_Lisa_Stagger_Attributes,hero,true,Infinite,Aura of Deferred Fate,,,,datamine,,
GE_Lisa_Talent_CastedProjectileDamageIncreaseDebuff_AbilityDamageIncrease_Proc,hero,true,,,,AggregateBySource,,datamine,,
GE_Lisa_Talent_CastedProjectileDamageIncreaseDebuff_DamageAbilityBuff_Buff,hero,true,Infinite,Continuum Shift,"Your next <bold>Time Shard</>, <bold>Echoes of Ruin</>, or <bold>Entropy's Claim</> is enhanced.",AggregateBySource,,datamine,,
GE_Lisa_Talent_CastedProjectileDamageIncreaseDebuff_DamageAbilityBuff_Stun,hero,true,Infinite,Ability Enhancement,Stunned,,,datamine,,
GE_Lisa_Talent_CastedProjectileDamageIncreaseDebuff_InstigatorBuff_Buff,hero,true,,Hastening Doom,Granted +20% Haste.,AggregateByTarget,,datamine,,
GE_Lisa_Talent_CastedSingleTargetProjectile_CastedHealFromPreviousDamageProc_Proc,hero,true,,Quickening,"Your next <bold>Flash Revision</> is <bold>Free</>, <bold>Instant Cast</>, and does not apply <bold>Stagger</>.",AggregateBySource,,datamine,,
GE_Lisa_Talent_ChanneledHealOrDamageProjectilesSpender_OverhealAbsorb_Absorb,hero,true,HasDuration,Temporal Protection,Absorbs incoming damage.,AggregateByTarget,,datamine,,
GE_Lisa_Talent_ChanneledHealOrDamageProjectiles_Proc,hero,true,,,,,,datamine,,
GE_Lisa_Talent_DecreasedIncomingMagicDamage,hero,true,Infinite,,,,,datamine,,
GE_Lisa_Talent_InstantDamageSpender_DamageToDot_Dot,hero,true,HasDuration,Erasure,Taking magic damage over time.,AggregateBySource,1.0,datamine,,
GE_Lisa_Talent_InstantDamageSpender_SelfBuff_Buff,hero,true,HasDuration,Converging Timelines,Cooldown Acceleration increased,AggregateBySource,,datamine,,
GE_Lisa_Talent_InstantSelfBuff_FullResources,hero,true,,,,,,datamine,,
GE_Lisa_Talent_Passive_InstantSelfBuff_DetonateAllActiveDots_Damage,hero,true,,,,,,datamine,,
GE_Lisa_Talent_Passive_OverhealToStackingDamageReduction_DamageReductionBuff,hero,true,HasDuration,Resonant Fate,,,,datamine,,
GE_Lisa_Talent_ResourceThresholdBuffs_DamageIncrease,hero,false,Infinite,Synchronicity: Overcharge,,,,datamine,,
GE_Lisa_Talent_ResourceThresholdBuffs_DamageReduction,hero,false,Infinite,Overcharge Manipulation: Increased Damage Reduction,,,,datamine,,
GE_Lisa_Talent_ResourceThresholdBuffs_ResourceIncrease,hero,false,,Synchronicity: Catch Up,Synchronicity,AggregateBySource,,datamine,,
GE_Lisa_Talent_ResourceToFreeSpender_Proc,hero,true,,,,AggregateBySource,,datamine,,
GE_Lisa_Talent_ResourceToFreeSpender_Stacker,hero,true,,Uchronia,,AggregateBySource,,datamine,,
GE_Lisa_Talent_SingleTargetDot_DamageDecrease,hero,true,Infinite,,,AggregateBySource,,datamine,,
GE_Lisa_Talent_SingleTargetDot_DotAoe_Damage,hero,true,,,,,,datamine,,
GE_Lisa_Talent_SingleTargetDot_DotAoe_Dot,hero,true,HasDuration,Entropic Burst,Taking damage over time.,AggregateBySource,1.0,datamine,,
GE_Lisa_Talent_SpendersToManaRegen_ManaRegen,hero,true,HasDuration,Chrona Tap,,AggregateBySource,,datamine,,
GE_Lisa_Talent_StaggerOverhealToStackingHeal_Cooldown,hero,true,HasDuration,Resonant Fate: Exhausted,<bold>Resonant Fate</> has recently triggered.,AggregateBySource,,datamine,,
GE_Lisa_Talent_StaggerOverhealToStackingHeal_Heal,hero,true,,,,,1.0,datamine,,
GE_Lisa_Talent_StaggerOverhealToStackingHeal_HealStacker,hero,true,Infinite,Resonant Fate,,AggregateBySource,,datamine,,
GE_Lisa_Talent_StaggerRemovalOverTime,hero,true,HasDuration,Echoes of Divinity,Cleanses Stagger over time.,AggregateBySource,1.0,datamine,,
GE_Lisa_Talent_TeleportForward_DamageReduction_Buff,hero,true,HasDuration,Chrono Dynamic,,AggregateBySource,,datamine,,
GE_Lisa_TargetedAoeSilence_Buff,hero,true,HasDuration,Chrono Bind,Silenced,AggregateBySource,,datamine,,
GE_Lisa_TargetedAoeSilence_Cost,hero,true,,,,,,datamine,,
GE_Lisa_TargetedAoeSilence_Interrupt,hero,true,,,,,,datamine,,
GE_Lisa_TargetedAoeSilence_Lockout,hero,true,,Interrupted,Cannot cast spells for a short duration.,,,datamine,,
GE_Lisa_TeleportForward_MoveSpeedBuff,hero,true,HasDuration,Time Skip,,AggregateBySource,,datamine,,
GE_MC_BloodAnimation_AutoAttackMelee_Damage,ability_system,true,,,,,,datamine,,
GE_MC_BloodAnimation_FadeIn,ability_system,true,HasDuration,,,,,datamine,,
GE_MC_BloodAnimation_PassiveAoeDamageSelf_AoeDamage,ability_system,true,,,,,,datamine,,
GE_MC_BloodCaster_CastProjectile_Damage,ability_system,true,,,,,,datamine,,
GE_MC_BloodCaster_CastedBleed_Bleed_Dot,ability_system,true,Infinite,Searing Veins,,AggregateByTarget,1.0,datamine,,
GE_MC_BloodCaster_CastedBleed_Bleed_OverflowInstantDeath,ability_system,true,,,,,,datamine,,
GE_MC_BloodCaster_CastedBleed_WarningOnIntendedTarget,ability_system,false,HasDuration,Fixated: Searing Veins,You and anyone close to you will get a lethal debuff.,,,datamine,,
GE_MC_BloodCaster_ChanneledTickingAoE_BloodCrystalRemainingHealthDammage,ability_system,true,,,,,1.0,datamine,,
GE_MC_BloodCaster_ChanneledTickingAoE_Damage,ability_system,true,,,,,,datamine,,
GE_MC_BloodCaster_MeleeAutoAttack_Damage,ability_system,true,,,,,,datamine,,
GE_MC_BloodCrystal_ChanneledDamageReduction_Buff,ability_system,true,Infinite,Bloodwell Barrier,Taking reduced damage.,,,datamine,,
GE_MC_BloodCrystal_DamageImmunity,ability_system,false,Infinite,Magus Creation,,,,datamine,,
GE_MC_BloodFountain_BloodStack,ability_system,false,Infinite,Blood,,AggregateByTarget,,datamine,,
GE_MC_BloodFountain_BoostGhost,ability_system,false,Infinite,Corrupted Source,,AggregateByTarget,,datamine,,
GE_MC_BloodFountain_FountainNearby,ability_system,false,Infinite,,,,,datamine,,
GE_MC_BloodFountain_SuckCooldown,ability_system,false,HasDuration,,,,,datamine,,
GE_MC_BloodGrunt_AutoAttack_Damage,ability_system,true,,,,,,datamine,,
GE_MC_BloodGrunt_Jump_DebuffMovementDealsDamage,ability_system,true,HasDuration,Rabid Leap: Gushing Wounds,You take bleed damage when you move.,AggregateByTarget,,datamine,,
GE_MC_BloodGrunt_Jump_DebuffMovementDealsDamage_Damage,ability_system,true,Infinite,,,,1.0,datamine,,
GE_MC_BloodGrunt_Jump_LandDamage,ability_system,true,,,,,,datamine,,
GE_MC_BloodGrunt_OnDeathAoe_Damage,ability_system,true,,,,,,datamine,,
GE_MC_BloodGrunt_SaveSelf,ability_system,true,HasDuration,,,,,datamine,,
GE_MC_BloodGuard_AutoAttack_Damage,ability_system,true,,,,,,datamine,,
GE_MC_BloodGuard_BladeProjectile_Damage,ability_system,true,,,,,,datamine,,
GE_MC_BloodGuard_CastedBuffAllies_Buff,ability_system,true,HasDuration,Frenzy,Dealing 20% increased Damage.,AggregateBySource,,datamine,,
GE_MC_BloodGuard_ChanneledDamageReduction_Buff,ability_system,true,Infinite,Crimson Barrier,Taking reduced damage,,,datamine,,
GE_MC_BloodGuard_ChargeHalfHealth_BleedDot,ability_system,true,Infinite,Gushing Wound,"You are taking heavy phyisical damage over time.
This debuff will be removed if your remaining health goes above 70%",,1.0,datamine,,
GE_MC_BloodGuard_ChargeHalfHealth_Damage,ability_system,true,,,,,,datamine,,
GE_MC_BloodHound_CastedAoeDamageAndSilence_Damage,ability_system,true,,,,,,datamine,,
GE_MC_BloodHound_CastedAoeDamageAndSilence_GrowAndGlow,ability_system,true,Infinite,,,AggregateBySource,,datamine,,
GE_MC_BloodHound_CastedAoeDamageAndSilence_Interrupt,ability_system,true,,,,,,datamine,,
GE_MC_BloodHound_CastedAoeDamageAndSilence_Lockout,ability_system,true,,Interrupted,Cannot cast spells for a short duration.,,,datamine,,
GE_MC_BloodHound_CastedAoeDamageAndSilence_Silence,ability_system,true,HasDuration,Piercing Howl,You are silenced,AggregateByTarget,,datamine,,
GE_MC_BloodHound_Cleave_Bleed_Dot,ability_system,true,HasDuration,Sanguine Claws,You are taking Bleed damage over time.,AggregateByTarget,1.0,datamine,,
GE_MC_BloodHound_Cleave_Damage,ability_system,true,,,,,,datamine,,
GE_MC_BloodHound_Enrage_Buff,ability_system,true,Infinite,Blood Scent,,AggregateBySource,,datamine,,
GE_MC_BloodHound_Enrage_MaxHealthIncrease,ability_system,true,Infinite,,,,,datamine,,
GE_MC_BloodHound_JumpCleave_Bleed_Dot,ability_system,true,Infinite,Rabid Leap: Gushing Wounds,"You are taking magical damage over time.
You will die when the 10th stack gets applied.",AggregateByTarget,1.0,datamine,,
GE_MC_BloodHound_JumpCleave_Bleed_OverflowInstantDeath,ability_system,true,,,,,,datamine,,
GE_MC_BloodHound_JumpCleave_WarningOnIntendedTarget,ability_system,false,HasDuration,Prey,You and anyone close to you will get a lethal debuff.,,,datamine,,
GE_MC_BloodHound_MeleeAutoAttack_Damage,ability_system,true,,,,,,datamine,,
GE_MC_BloodSummoner_AutoAttackMelee_Damage,ability_system,true,,,,,,datamine,,
GE_MC_BloodSummoner_ChannelSpawnBloodAnimation_SummonMaxHealthBuff,ability_system,false,Infinite,Animated Vitality,,AggregateByTarget,,datamine,,
GE_MC_BloodSummoner_ChannelSpawnBloodAnimation_TickDamage,ability_system,true,,,,,,datamine,,
GE_MC_BossDoor_SpecialFallDamage,ability_system,true,HasDuration,,,,,datamine,,
GE_MC_BossDoor_SpecialFallDamage_Damage,ability_system,true,,Fall Damage (Vexira),Watch your step,,,datamine,,
GE_MC_BossGuardian_AutoAttackMeleeCleave,ability_system,true,,,,,,datamine,,
GE_MC_BossGuardian_Charge_Bleed,ability_system,true,HasDuration,Seek and Destroy,,,1.0,datamine,,
GE_MC_BossGuardian_Charge_Damage,ability_system,true,,,,,,datamine,,
GE_MC_BossGuardian_Rune_IconCharge,ability_system,false,Infinite,Empowered Seek and Destroy,,AggregateByTarget,,datamine,,
GE_MC_BossGuardian_Rune_IconSoaks,ability_system,false,Infinite,Empowered Searing Fissure,,AggregateByTarget,,datamine,,
GE_MC_BossGuardian_Rune_IconTankSlam,ability_system,false,Infinite,Empowered Crushing Darkness,,AggregateByTarget,,datamine,,
GE_MC_BossGuardian_Rune_IconTickingDamage,ability_system,false,Infinite,Empowered Seeping Reliquary,,AggregateByTarget,,datamine,,
GE_MC_BossGuardian_Runes_Damage,ability_system,true,,,,,,datamine,,
GE_MC_BossGuardian_Runes_RuneEffect,ability_system,false,Infinite,Runic Aegis,,,,datamine,,
GE_MC_BossGuardian_Runes_SelfBuff,ability_system,false,Infinite,Sermon Aegis,,,,datamine,,
GE_MC_BossGuardian_Runes_Success,ability_system,true,HasDuration,Runic Might,,,,datamine,,
GE_MC_BossGuardian_Soaks_Damage,ability_system,true,,,,,,datamine,,
GE_MC_BossGuardian_Soaks_Dot,ability_system,true,Infinite,Searing Fissure,,AggregateByTarget,1.0,datamine,,
GE_MC_BossGuardian_TankSlam_Damage,ability_system,true,,,,,,datamine,,
GE_MC_BossGuardian_TankSlam_ProjectileDamage,ability_system,true,,,,,,datamine,,
GE_MC_BossGuardian_TankSlam_ProjectileDebuff,ability_system,false,HasDuration,Crushing Shadows: Convulsion,,AggregateByTarget,,datamine,,
GE_MC_BossGuardian_TankSlam_Vanish,ability_system,true,HasDuration,,,,,datamine,,
GE_MC_BossGuardian_TickingDamageAllPlayers_Damage,ability_system,true,,,,,1.0,datamine,,
GE_MC_BossGuardian_TickingDamageAllPlayers_Slow,ability_system,false,Infinite,Seeping Reliquary,,,,datamine,,
GE_MC_WanderingGhostGuard_MeleeAutoAttack_Damage,ability_system,true,,,,,,datamine,,
GE_MC_WanderingGhostGuard_Slam_Damage,ability_system,true,,,,,,datamine,,
GE_MC_WanderingGhostGuard_Slam_Immobilize,ability_system,true,HasDuration,Restless Grasp,,AggregateByTarget,,datamine,,
GE_MC_WanderingGhostPriest_AoeExplosion_Damage,ability_system,true,,,,,,datamine,,
GE_MC_WanderingGhostPriest_BuffCircle_Buff,ability_system,false,Infinite,Final Prayer,,,,datamine,,
GE_MC_WanderingGhostPriest_CastProjectile_Damage,ability_system,true,,,,,,datamine,,
GE_MC_WanderingGhostPriest_Heal_Heal,ability_system,true,,,,,,datamine,,
GE_MC_WanderingGhostPriest_MeleeAutoAttack_Damage,ability_system,true,,,,,,datamine,,
GE_MC_WanderingGhostWarrior_Cone_Damage,ability_system,true,,,,,,datamine,,
GE_MC_WanderingGhostWarrior_MeleeAutoAttack_Damage,ability_system,true,,,,,,datamine,,
GE_MF_BlightedMorningGlory_DotProjectile_Damage,ability_system,true,HasDuration,Blighted Ichor,You are taking magic damage over time.,AggregateByTarget,1.0,datamine,,
GE_MF_BlightedMorningGlory_MeleeAutoAttack_Damage,ability_system,true,,,,,,datamine,,
GE_MF_BlightedMorningGlory_OnDeathHeal_Heal,ability_system,true,Infinite,Glory,You are healing for a percentage of your maximum health every 2 seconds.,,1.0,datamine,,
GE_MF_BossNecrolord_ChanneledNova_Damage,ability_system,true,,,,,,datamine,,
GE_MF_BossNecrolord_CooldownReduction,ability_system,false,Infinite,Blood of the Spirit,Has reduced ability cooldowns per stack.,AggregateByTarget,,datamine,,
GE_MF_BossNecrolord_DeathCast_Damage,ability_system,true,,,,,,datamine,,
GE_MF_BossNecrolord_DeathCast_Debuff,ability_system,false,HasDuration,Godrot Exposure,You take increased damage from Godrot Eclipse.,AggregateByTarget,,datamine,,
GE_MF_BossNecrolord_DispellableSoakDot_Dot,ability_system,true,HasDuration,Corrupting Shot,"Taking magic damage over time.

When Corrupting Shot is dispelled or expires, it will explode splitting damage with all nearby heroes.",,1.0,datamine,,
GE_MF_BossNecrolord_DispellableSoakDot_SoakExplodeDamage,ability_system,true,,,,,,datamine,,
GE_MF_BossNecrolord_Fear_Fear,ability_system,false,HasDuration,Terrifying Howl,You are terrified,AggregateByTarget,,datamine,,
GE_MF_BossNecrolord_MeleeAutoAttack_Damage,ability_system,true,,,,,,datamine,,
GE_MF_BossNecrolord_MultiShot_Damage,ability_system,true,,,,,,datamine,,
GE_MF_BossNecrolord_RangedAutoAttack_Damage,ability_system,true,,,,,,datamine,,
GE_MF_BossNecrolord_ShootDeer_Damage,ability_system,true,,,,,,datamine,,
GE_MF_BossNecrolord_SpreadingDot_Damage,ability_system,true,HasDuration,Corrupting Shot,Taking Shadow damage over time. This can spread to nearby allies.,,1.0,datamine,,
GE_MF_BossNecrolord_SpreadingDot_Debuff,ability_system,true,Infinite,,,,,datamine,,
GE_MF_BossNecrolord_SpreadingDot_Marker,ability_system,true,HasDuration,,,,,datamine,,
GE_MF_BossNecrolord_SummonCrystal_Damage,ability_system,true,,,,,,datamine,,
GE_MF_BossTotem_AoePulse_Damage,ability_system,true,,,,,,datamine,,
GE_MF_BossTotem_SharedHealth_Damage,ability_system,true,,,,,,datamine,,
GE_MF_BossUnicorn_BossVulnerabilityDebuff,ability_system,false,Infinite,Dire Wound,"The Spirit is injured and vulnerable, taking increased damage from Malgut's abilities.",AggregateByTarget,,datamine,,
GE_MF_BossUnicorn_Charge_Damage,ability_system,true,,,,,,datamine,,
GE_MF_BossUnicorn_Charge_Stun,ability_system,false,HasDuration,Stun,Stunned.,,,datamine,,
GE_MF_BossUnicorn_Charge_StunPiercing,ability_system,false,,,,,,datamine,,
GE_MF_BossUnicorn_DontAggroStuff,ability_system,true,Infinite,,,,,datamine,,
GE_MF_BossUnicorn_MeleeAutoAttack_Damage,ability_system,true,,,,,,datamine,,
GE_MF_BossUnicorn_Passive_IncreasedHealingTaken,ability_system,true,Infinite,,,,,datamine,,
GE_MF_BossUnicorn_UntargetableImmune,ability_system,true,Infinite,,,,,datamine,,
GE_MF_DawnstoneGuardian_DamageReflect_Buff,ability_system,false,Infinite,Coalescing Bloodstone,"Building up 1 stack of <bold>Coalescing Bloodstone</> for every 10% of health lost.

Upon casting <bold>Bloodstone Erruption</>, all stacks are consumed and an explosion of corrupted energy deals magic damage in an area based on the number of stacks consumed.",AggregateByTarget,,datamine,,
GE_MF_DawnstoneGuardian_DamageReflect_Damage,ability_system,true,,,,,,datamine,,
GE_MF_DawnstoneGuardian_MeleeAutoAttack_Damage,ability_system,true,,,,,,datamine,,
GE_MF_DawnstoneGuardian_Spikes_Damage,ability_system,true,,,,,,datamine,,
GE_MF_FoulTotemic_CastProjectile_Damage,ability_system,true,,,,,,datamine,,
GE_MF_FoulTotemic_Heal_Heal,ability_system,true,,,,,,datamine,,
GE_MF_FoulTotemic_MeleeAutoAttack_Damage,ability_system,true,,,,,,datamine,,
GE_MF_MangyBrute_MeleeAutoAttack_Damage,ability_system,true,,,,,,datamine,,
GE_MF_MangyBrute_TankSlam_Damage,ability_system,true,,,,,,datamine,,
GE_MF_Skittershard_Debuff,ability_system,true,HasDuration,Crystalline Venom,"You move increasingly slower for each stack. At maximum stacks, you become stunned.",AggregateByTarget,,datamine,,
GE_MF_Skittershard_Debuff_Stun,ability_system,false,HasDuration,Crystalline Stun,You are stunned,,,datamine,,
GE_MF_Skittershard_MeleeAutoAttack_Damage,ability_system,true,,,,,,datamine,,
GE_MF_Skittershard_OnDeath_Debuff,ability_system,true,HasDuration,Crystaline Corruption,"Deals magic damage over time and reduces healing received. Whenever you receive healing, remove one stack.",AggregateByTarget,1.0,datamine,,
GE_MF_Skittershard_OnDeath_HealReduction,ability_system,true,HasDuration,,,AggregateByTarget,,datamine,,
GE_MF_Skittershard_OnDeath_Stun,ability_system,true,HasDuration,Stun,You are stunned,,,datamine,,
GE_MF_Totem_AoePulse_Damage,ability_system,true,,,,,,datamine,,
GE_MF_Totem_OnDeathExplosion_Damage,ability_system,true,,,,,,datamine,,
GE_Mara_AoEAttackBuilder_Cost,hero,true,,,,,,datamine,,
GE_Mara_AoEAttackSpender_Cost,hero,true,,,,,,datamine,,
GE_Mara_AoeAttackBuilder_Damage,hero,true,,,,,,datamine,,
GE_Mara_AoeAttackBuilder_Poison,hero,true,HasDuration,Volatile Poison,"Deals 22% Agility poison damage every 2s over 6 seconds and then erupts, dealing 55% Agility damage to the target and nearby enemies within 500 range.",AggregateBySource,1.0,datamine,,
GE_Mara_AoeAttackBuilder_Poison_Aoe_Damage,hero,true,,,,,,datamine,,
GE_Mara_AoeAttackSpender_Damage,hero,true,,,,,,datamine,,
GE_Mara_AutoAttackProc_Damage,hero,true,,Auto Attack: Envenom,,,,datamine,,
GE_Mara_AutoAttack_Damage,hero,true,,,,,,datamine,,
GE_Mara_BleedAttackSpender_Bleed,hero,true,HasDuration,Hemorrhage,Taking bleed damage over time.,AggregateBySource,1.0,datamine,,
GE_Mara_BleedAttackSpender_Cost,hero,true,,,,,,datamine,,
GE_Mara_BleedAttackSpender_Damage,hero,true,,,,,,datamine,,
GE_Mara_ChargedDoubleAttackBuilder_DamageFirst,hero,true,,,,,,datamine,,
GE_Mara_ChargedDoubleAttackBuilder_DamageSecond,hero,true,,,,,,datamine,,
GE_Mara_ChargedDoubleAttackBuilder_Poison,hero,true,HasDuration,Seething Poison,Taking poison damage over time.,AggregateBySource,1.0,datamine,,
GE_Mara_ChargedDoubleAttackBuilder_Poison_Buff,hero,true,Infinite,Predator's Rush,Energy Regeneration rate by 20%.,AggregateByTarget,,datamine,,
GE_Mara_ChargedResourceRefillSelfBuff_Buff,hero,true,HasDuration,,,AggregateByTarget,,datamine,,
GE_Mara_ChargedTeleportBehindTarget_IncreasedDamageOrMovementSpeed_IncreasedMovementSpeed,hero,true,HasDuration,Stalker Step,Your movement speed is increased by 50%.,AggregateBySource,,datamine,,
GE_Mara_ComboPointGain,hero,true,,,,,,datamine,,
GE_Mara_CopyCharacterDamage_Cost,hero,true,,,,,,datamine,,
GE_Mara_CopyCharacterDamage_SelfBuff,hero,true,HasDuration,Matriarch Macabre,"Damage dealt increased by 20%.

Your Queens Fang and Arachnid Assault abilities summon two shadowy clones that repeat the ability for 50% of the power.",AggregateBySource,,datamine,,
GE_Mara_HeavyAttackSpender_Cost,hero,true,,,,,,datamine,,
GE_Mara_HeavyAttackSpender_Damage,hero,true,,,,,,datamine,,
GE_Mara_MeleeInterrupt_Interrupt,hero,true,,,,,,datamine,,
GE_Mara_MeleeInterrupt_Lockout,hero,true,,Tremble!,Locked out of magic usage,,,datamine,,
GE_Mara_SelfDefenceBuff_SelfBuff,hero,true,HasDuration,Shadow Ward,Damage taken reduced by 40%.,AggregateBySource,,datamine,,
GE_Mara_Stealth,hero,true,Infinite,Brooding Shadows,Stealthed,AggregateByTarget,,datamine,,
GE_Mara_Stealth_Poison_Buff,hero,true,Infinite,,,AggregateByTarget,,datamine,,
GE_Mara_StrongerBehindAttackBuilder_Cost,hero,true,,,,,,datamine,,
GE_Mara_StrongerBehindAttackBuilder_Damage_Strong,hero,true,,,,,,datamine,,
GE_Mara_StrongerBehindAttackBuilder_Damage_Weak,hero,true,,,,,,datamine,,
GE_Mara_StrongerBehindAttackBuilder_Poison_Damage,hero,true,,,,,,datamine,,
GE_Mara_StunSpender_Stun,hero,true,HasDuration,Web Crack,Stunned,,,datamine,,
GE_Mara_Talent_AoeAttackBuilder_HeavyAttackSpenderDamageIncrease_Buff,hero,true,HasDuration,Feed the Queen,Your next Queen's Fang's damage is increased per stack.,AggregateBySource,,datamine,,
GE_Mara_Talent_AoeAttackSpender_DamageToPoisionDot_Poison,hero,true,HasDuration,Vexira's Venom,,AggregateBySource,1.0,datamine,,
GE_Mara_Talent_BleedAttackSpender_ExplosivePoison_ExplosionDamage,hero,true,,,,,,datamine,,
GE_Mara_Talent_BleedAttackSpender_ExplosivePoison_Poison,hero,true,HasDuration,Hemotoxin,"Taking poison damage over time.

Hemorrhaging Strike will instantly burst Hemotoxin, dealing heavy damage to the target and other nearby enemies.",AggregateBySource,1.0,datamine,,
GE_Mara_Talent_BleedAttackSpender_HasteIncrease_Buff,hero,true,Infinite,,,AggregateBySource,,datamine,,
GE_Mara_Talent_ChargedDoubleAttackBuilder_AoeDamage_PoisonDamage,hero,true,,,,,,datamine,,
GE_Mara_Talent_ChargedDoubleAttackBuilder_ResourceIncreaseOT_Buff,hero,true,HasDuration,Widow's Malice,+20% Spirit and generating an additional 30 energy over the duration.,AggregateBySource,1.0,datamine,,
GE_Mara_Talent_ChargedDoubleAttackBuilder_ResourceIncreaseOT_Proc,hero,true,Infinite,Widow's Malice,Your next Widow's Bite while grant you +20% Spirit for 10 seconds and generate an additional 30 energy over the duration.,AggregateBySource,1.0,datamine,,
GE_Mara_Talent_ChargedDoubleAttackBuilder_SpiritBuff,hero,true,HasDuration,,,AggregateByTarget,,datamine,,
GE_Mara_Talent_ChargedResourceRefillSelfBuff_IncreasedDamage_Buff,hero,true,HasDuration,Maiden of Death,"You deal 20% increased damage and all combo generating abilities give you full combo points.

Your energy generation is increased by 20%.",AggregateByTarget,,datamine,,
GE_Mara_Talent_ChargedTeleportBehindTarget_IncreasedDamageOrMovementSpeed_DamageIncrease,hero,true,HasDuration,Nightstalker,Mara does 10% more damage to this target.,AggregateBySource,,datamine,,
GE_Mara_Talent_ChargedTeleportBehindTarget_IncreasedDamageOrMovementSpeed_DamageIncrease_Owner,hero,true,,,,AggregateBySource,,datamine,,
GE_Mara_Talent_ComboPointsChanceAoeDamage_Dot,hero,true,Infinite,Corrosive Spill,Taking Poison damage.,,1.0,datamine,,
GE_Mara_Talent_DamageSpenders_BuffOtherSpender_AoeAttackSpenderProc,hero,true,HasDuration,Malevolence: Arachnid Assault,Your next Arachnid Assault deals 100% more damage.,AggregateBySource,,datamine,,
GE_Mara_Talent_DamageSpenders_BuffOtherSpender_HeavyAttackSpenderProc,hero,true,HasDuration,Malevolence: Queen's Fang,Your next Queen's Fang deals 100% more damage.,AggregateBySource,,datamine,,
GE_Mara_Talent_IncomingAoeDamageReduction,hero,true,Infinite,,,,,datamine,,
GE_Mara_Talent_IncreasedMovementSpeed,hero,true,Infinite,,,,,datamine,,
GE_Mara_Talent_ReducedIncomingMagicDamage,hero,true,Infinite,,,,,datamine,,
GE_Mara_Talent_ResourceAttackSpenderCritChance_Proc,hero,true,HasDuration,Deadly Scheme: Active,Your next Queen's Fang or Arachnid Assault has 100% Critical Strike chance.,AggregateBySource,,datamine,,
GE_Mara_Talent_ResourceAttackSpenderCritChance_Stacker,hero,true,Infinite,Deadly Scheme,Your next Queen's Fang or Arachnid Assault has 100% Critical Strike chance.,AggregateBySource,,datamine,,
GE_Mara_Talent_SelfDefenceBuff_IncreasedDurationAndDodge_Dodge,hero,true,,,,,,datamine,,
GE_Mara_Talent_Spender_IncreasedDamageOnPoisonAndBleed_Damage,hero,true,,,,,,datamine,,
GE_Mara_Talent_SpiritRefundToExpertise_Buff,hero,true,HasDuration,Drenched in Blood,Your Expertise is increased by +25%,AggregateByTarget,,datamine,,
GE_Mara_Talent_Stealth_SpenderIncreasedDamage_Proc,hero,true,HasDuration,Assassin's Guile,Your Queen's Fang and Arachnid Assault deal 40% more damage.,AggregateBySource,,datamine,,
GE_Meiko_AoePull_Activator,hero,true,Infinite,,,AggregateByTarget,,datamine,,
GE_Meiko_ChanneledHeavyDamage_Damage,hero,true,,,,,,datamine,,
GE_Meiko_ChanneledHeavyDamage_FinalDamage,hero,true,,,,,,datamine,,
GE_Meiko_ChanneledHeavyDamage_ResourceIncrease,hero,false,HasDuration,Yellow Power,Increased Yellow Energy Generation,AggregateBySource,,datamine,,
GE_Meiko_ChanneledHeavyDamage_SelfHeal,hero,true,,,,,,datamine,,
GE_Meiko_DamageSoakBuff_Active,hero,true,,,,AggregateBySource,,datamine,,
GE_Meiko_DamageSoakBuff_Buff,hero,true,Infinite,Stone Shield,"Damage taken reduced by 25%.

Armor increased by +20% per stack.",AggregateByTarget,,datamine,,
GE_Meiko_DamageSoakBuff_Damage,hero,true,,,,,,datamine,,
GE_Meiko_DamageSoakBuff_IncomingDamageMultiplier,hero,true,Infinite,,,AggregateByTarget,,datamine,,
GE_Meiko_DamageSoakBuff_StoneInvinsibilityBuff,hero,true,HasDuration,Earthwell,,AggregateBySource,,datamine,,
GE_Meiko_DurationalAoeBuff_EnfeeblingEffect,hero,true,HasDuration,,,AggregateBySource,,datamine,,
GE_Meiko_DurationalAoeDamageBuff_BuffIcon,hero,true,HasDuration,Spirited Vortex,"+15% Dodge Chance and dealing Nature Damage to nearby enemies every 2 seconds.

The damage causes enemies to have 35% reduced movement speed for 5 seconds.",AggregateBySource,,datamine,,
GE_Meiko_DurationalAoeDamageBuff_Damage,hero,true,,,,,,datamine,,
GE_Meiko_DurationalAoeDamageBuff_DecreasedMovementSpeed,hero,true,HasDuration,Spirited Vortex,Movement Speed is reduced by 35%.,AggregateByTarget,,datamine,,
GE_Meiko_DurationalMultipleTeleportDamage_Damage,hero,true,,,,,,datamine,,
GE_Meiko_DurationalMultipleTeleportDamage_SelfBuff,hero,true,HasDuration,Twin Souls: Army of One,"You fully embody the resillience of Earth, reducing all damage taken by 40%.

Damage dealt increased by 20%.",AggregateBySource,,datamine,,
GE_Meiko_DurationalMultipleTeleportDamage_SpiritCost,hero,true,,,,,,datamine,,
GE_Meiko_Expertise_DamageBuff,hero,false,Infinite,Expertise Buff,Meiko's next finisher ability will do more damage. The additional damage is equal to her current expertise.,AggregateBySource,,datamine,,
GE_Meiko_FrontalAoeDebuff_Damage,hero,true,,,,,,datamine,,
GE_Meiko_FrontalAoeDebuff_Stun,hero,true,HasDuration,Stunned,Stunned for a short duration.,AggregateBySource,,datamine,,
GE_Meiko_HIghDamageCleave_SelfHeal,hero,true,,,,,,datamine,,
GE_Meiko_HighDamageCleave_Damage,hero,true,,,,,,datamine,,
GE_Meiko_InstantSelfDefensive_HealBonusTracker,hero,true,Infinite,,,AggregateByTarget,,datamine,,
GE_Meiko_InstantSelfDefensive_SelfHeal,hero,true,,,,,,datamine,,
GE_Meiko_MeleeAutoAttack_Damage,hero,true,,,,,,datamine,,
GE_Meiko_MeleeDamageImmediateSelfBuff_Damage,hero,true,,,,,,datamine,,
GE_Meiko_MeleeDamageImmediateSelfBuff_SelfBuff,hero,true,HasDuration,Spirited Strikes,+20% Magic Damage Reduction and +5% Parry.,AggregateBySource,,datamine,,
GE_Meiko_MeleeDamageLowHealthSelfBuff_Damage,hero,true,,,,,,datamine,,
GE_Meiko_MeleeDamageLowHealthSelfBuff_SelfBuff,hero,true,Infinite,Earthfall,Your next <bold>Earthfist Barrage</> cast deals 100% increased damage.,AggregateBySource,,datamine,,
GE_Meiko_MeleeDamageSelfBuff_Damage,hero,true,,,,,,datamine,,
GE_Meiko_MeleeDamageSelfBuff_SelfBuff,hero,true,Infinite,Stormfall,Your next <bold>Lashing Stormkick</> damage is increased by 100%.,AggregateBySource,,datamine,,
GE_Meiko_MeleeDown_Damage,hero,true,,,,,,datamine,,
GE_Meiko_MeleeInterrupt_Interrupt,hero,true,,,,,,datamine,,
GE_Meiko_MeleeInterrupt_Lockout,hero,true,,Interrupted,Cannot cast spells for a short duration.,,,datamine,,
GE_Meiko_MeleeLeft_Damage,hero,true,,,,,,datamine,,
GE_Meiko_MeleeRight_Damage,hero,true,,,,,,datamine,,
GE_Meiko_MoveToLocationAoeDamage_Cost,hero,true,,,,,,datamine,,
GE_Meiko_MoveToLocationAoeDamage_Damage,hero,true,,,,,,datamine,,
GE_Meiko_MoveToLocationAoeDamage_Dot,hero,true,Infinite,Shatter Earth,Taking damage over time.,,1.0,datamine,,
GE_Meiko_PlaceHolderFinisher_Cost,hero,true,,,,,,datamine,,
GE_Meiko_RangedTaunt_Debuff,hero,true,HasDuration,Taunted,Forced to attack Meiko.,AggregateBySource,,datamine,,
GE_Meiko_SpiritProc_IncreasedArmorBuff,hero,true,HasDuration,Spirit Armor,You have 20% more Armor.,AggregateBySource,,datamine,,
GE_Meiko_Talent_ChargedForwardDash_AoeSlow_Debuff,hero,true,HasDuration,Slipstream,Movement speed reduced by 50%.,AggregateBySource,,datamine,,
GE_Meiko_Talent_ChargedForwardDash_MoveSpeedIncrease,hero,true,HasDuration,Talent Increased Movement Speed,,AggregateBySource,,datamine,,
GE_Meiko_Talent_ConsumedBuffsToDefensiveBuff_Buff,hero,true,Infinite,,,AggregateBySource,,datamine,,
GE_Meiko_Talent_ConsumedBuffsToDefensiveBuff_Stacker,hero,true,,Warden of the Temple,"At 3 stacks, your next Palm Finisher is enhanced.",AggregateBySource,,datamine,,
GE_Meiko_Talent_DamageSoakBuff_IncreasedIncomingHealing_Buff,hero,true,HasDuration,Resonance of Earth,,AggregateBySource,,datamine,,
GE_Meiko_Talent_DurationalAoeDamageBuff_FinisherIncreasedDodgeChance_DodgeChance,hero,true,HasDuration,Harsh Winds,20% increased dodge chance until next dodge,AggregateBySource,,datamine,,
GE_Meiko_Talent_DurationalAoeDamageBuff_IncreasedDamage,hero,true,Infinite,,,,,datamine,,
GE_Meiko_Talent_DurationalAoeDamageBuff_ReducedAttackSpeed_Debuff,hero,true,HasDuration,Harsh Winds,Attack Speed reduced by 20%.,AggregateBySource,,datamine,,
GE_Meiko_Talent_Earth_IncreasedDamage,hero,true,Infinite,,,,,datamine,,
GE_Meiko_Talent_Finishers_IncreasedDamage,hero,true,Infinite,,,,,datamine,,
GE_Meiko_Talent_HighDamageCleave_IncreasedCriticalChance,hero,true,Infinite,,,,,datamine,,
GE_Meiko_Talent_IncreasedMovementSpeed,hero,true,Infinite,,,,,datamine,,
GE_Meiko_Talent_InstantSelfDefensive_ApplyHot_Hot,hero,true,HasDuration,Peacefield,Healing over time.,AggregateByTarget,1.0,datamine,,
GE_Meiko_Talent_InstantSelfDefensive_DamageReductionLessHeal,hero,true,HasDuration,Everlasting Spirit,You take 0.7% less damage per stack,AggregateBySource,,datamine,,
GE_Meiko_Talent_InstantSelfDefensive_DamageReductionLessHel_Damage,hero,true,,Everlasting Spirit: Pulse,Periodically deal damage to nearby enemies.,,,datamine,,
GE_Meiko_Talent_MeleeDamageImmediateSelfBuff_Absorb,hero,true,HasDuration,Shield of Pain,Meiko receives 200% of the damage done by her Sucker Punch as Absorption.,AggregateBySource,,datamine,,
GE_Meiko_Talent_MeleeDamageImmediateSelfBuff_DamageBuilder_Buff,hero,true,HasDuration,Forbidden Technique,,AggregateBySource,,datamine,,
GE_Meiko_Talent_MeleeDamageImmediateSelfBuff_DamageBuilder_Damage,hero,true,,,,,,datamine,,
GE_Meiko_Talent_MeleeDamageImmediateSelfBuff_DamageBuilder_Debuff,hero,true,HasDuration,Forbidden Technique,"Accumulates 18% of all damage Meiko deals to the target. Once the debuff expires, is removed due to reapplication, or if the enemy dies while the debuff is active - Meiko is healed for the accumulated amount and the same amount explodes outward to all nearby enemies in an 800 radius.",AggregateBySource,,datamine,,
GE_Meiko_Talent_MeleeDamageImmediateSelfBuff_DamageBuilder_Heal,hero,true,,,,,,datamine,,
GE_Meiko_Talent_ReducedIncomingMagicDamage,hero,true,Infinite,,,,,datamine,,
GE_Meiko_Talent_TauntTotem_BuffAfterDestroyed_Buff,hero,true,HasDuration,Earthen Skin,,AggregateBySource,,datamine,,
GE_Meiko_Talent_TauntTotem_DamageReductionWhileCooldown_Buff,hero,true,Infinite,Harmonic Residual,Your <bold>Stone Shield</> diminishes at 85% of the normal rate when soaking damage.,AggregateBySource,,datamine,,
GE_Meiko_Talent_TauntTotem_IncomingDamageToDamage_Damage,hero,true,,,,,,datamine,,
GE_Meiko_Talent_TauntTotem_IncreasedHealthAndDuration,hero,true,Infinite,,,,,datamine,,
GE_Meiko_TauntTotem_SelfBuff,hero,true,HasDuration,Twin Souls: Bulwark,Your <bold>Sibling of Earth</> is active.,,,datamine,,
GE_Meiko_TauntTotem_Taunt,hero,true,Infinite,Taunted,Forced to attack Meiko's Totem,,,datamine,,
GE_Mosse_BlueButterfly_ManaCost,hero,true,,,,,,datamine,,
GE_Mosse_BlueButterfly_SelfBuff,hero,false,Infinite,Fluttercall: Embrace,Your abilities have <bold>20% reduced Mana cost</> and all <bold>Flutterfly Healing</> you do is increased by 50%.,,,datamine,,
GE_Mosse_BlueButterfly_TargetBuff,hero,false,Infinite,Fluttercall: Protect,<bold>Flutterfly Healing</> taken increased by <bold>100%</>.,,,datamine,,
GE_Mosse_CastedSingleTargetProjectile_Damage,hero,true,,,,,,datamine,,
GE_Mosse_CastedSingleTargetProjectile_ManaCost,hero,true,,,,,,datamine,,
GE_Mosse_DurationalAoeHealPlacement_Heal,hero,true,,,,,,datamine,,
GE_Mosse_DurationalAoeHealPlacement_ManaCost,hero,true,,,,,,datamine,,
GE_Mosse_DurationalAoeHealPlacement_VisualEffect,hero,true,Infinite,Heart Bloom,Heart Bloom is Active.,,,datamine,,
GE_Mosse_ExplosiveMinion_Damage,hero,true,,,,,,datamine,,
GE_Mosse_ExplosiveMinion_Stacker,hero,true,Infinite,,,AggregateBySource,,datamine,,
GE_Mosse_HealingAoeTotem_Heal,hero,true,,,,,,datamine,,
GE_Mosse_HealingAoeTotem_ManaCost,hero,true,,,,,,datamine,,
GE_Mosse_InstantSelfEscapeBuff_Buff,hero,true,HasDuration,Hidden Trail,Movement Speed increased by 50%.,,,datamine,,
GE_Mosse_InstantSelfEscapeBuff_ManaCost,hero,true,,,,,,datamine,,
GE_Mosse_InstantSelfEscapeBuff_ReduceThreat,hero,true,,,,,,datamine,,
GE_Mosse_Passive_IncreasedMoveSpeed_Buff,hero,true,Infinite,Speed of Nature,Mosse's animal form gives her 10% increased movement speed.,AggregateBySource,,datamine,,
GE_Mosse_Passive_PartyStaminaBuff_Buff,hero,true,Infinite,Natural Selection,+25% Stamina,,,datamine,,
GE_Mosse_PinkButterfly_Double_Chargeup,hero,true,HasDuration,Fluttercall: Restore Life - Pollinating,,,,datamine,,
GE_Mosse_PinkButterfly_Double_FlashHeal,hero,true,,,,,,datamine,,
GE_Mosse_PinkButterfly_Double_Hot,hero,true,HasDuration,Fluttercall: Restore Life,Healing you over time.,AggregateBySource,1.5,datamine,,
GE_Mosse_PinkButterfly_Double_Hot_ApplyTalentEffectToOwner,hero,true,Infinite,,,,,datamine,,
GE_Mosse_PinkButterfly_Double_ManaCost,hero,true,,,,,,datamine,,
GE_Mosse_PinkButterfly_Idle,hero,true,Infinite,,,,,datamine,,
GE_Mosse_PinkButterfly_Simple_Hot,hero,false,Infinite,Fluttercall: Heal,Heals you every 3 sec.,,3.0,datamine,,
GE_Mosse_PinkButterfly_Simple_ManaCost,hero,true,,,,,,datamine,,
GE_Mosse_PlacedAoeBuff_Cost,hero,true,,,,,,datamine,,
GE_Mosse_PlacedAoeBuff_IncreasedHealingTakenBuff,hero,true,Infinite,Safe Haven,All healing taken increased by 40%.,,,datamine,,
GE_Mosse_ProjectileTurret_Damage,hero,true,,,,,,datamine,,
GE_Mosse_ProjectileTurrets_ManaCost,hero,true,,,,,,datamine,,
GE_Mosse_SharedHealthBuff_Buff,hero,true,HasDuration,Fluttercall: Jubilee,The health of all heroes is evenly distributed throughout the group every 2 seconds.,AggregateByTarget,,datamine,,
GE_Mosse_SharedHealthBuff_Cost,hero,true,,,,,,datamine,,
GE_Mosse_SharedHealthBuff_HealthDistributer_Damage,hero,true,,,,,,datamine,,
GE_Mosse_SharedHealthBuff_HealthDistributer_Heal,hero,true,,,,,,datamine,,
GE_Mosse_SharedHealthBuff_HealthSyncBuff,hero,true,Infinite,,,AggregateByTarget,,datamine,,
GE_Mosse_SingleTargetCastedDamageReductionBuff,hero,true,HasDuration,Ironleaf Ward,All damage taken reduced by 20%,AggregateByTarget,,datamine,,
GE_Mosse_SingleTargetCastedDamageReductionBuff_CastingCost,hero,true,,,,,,datamine,,
GE_Mosse_SingleTargetDispel_Dispel,hero,true,,,,,,datamine,,
GE_Mosse_SingleTargetDispel_ManaCost,hero,true,,,,,,datamine,,
GE_Mosse_Talent_BlueFlutterflyTargetBonus_DamageReduction_OnTargetEffect,hero,true,Infinite,,,,,datamine,,
GE_Mosse_Talent_BlueFlutterflyTargetBonus_DamageTakenReduction,hero,true,Infinite,Bluey's Gambit,5% Reduced damage taken,,,datamine,,
GE_Mosse_Talent_ButterflyHeal_CastedSingleTargetProjectile_Proc_Buff,hero,false,Infinite,Sprouting Nettles,Your next <bold>Nettlebolt</> shoots 3 projectiles and each has a +400% critical chance.,AggregateByTarget,,datamine,,
GE_Mosse_Talent_ButterflyLowHealth_Buff_Cooldown,hero,true,HasDuration,Saving Grace: Exhausted,You have recently benefited from <bold>Saving Grace</>.,AggregateByTarget,,datamine,,
GE_Mosse_Talent_ButterflyLowHealth_Buff_Effect,hero,true,HasDuration,Saving Grace,All <bold>Heal Over Time</> healing from <bold>Flutterflies</> taken is increased by 100%.,AggregateByTarget,,datamine,,
GE_Mosse_Talent_DurationalAoeHealPlacement_OverhealGivesAbsorb_AbsorbBuff,hero,true,HasDuration,Unyielding Bloom,Absorbing damage,AggregateBySource,,datamine,,
GE_Mosse_Talent_ExplosiveMinion_AllyTargetHeal_Heal,hero,true,,Bloomin' Boomshrooms,"Your <rt.absorb>Shroomsplosion</> ability can now target allies, sending up to 3 <bold>Boomshrooms</> to detonate on them, instantly healing them for <rt.heal>308% Intellect</> each.

When targeting allies in this way, the <bold>Boomshroom</> still deals its normal damage to nearby enemies.",,,datamine,,
GE_Mosse_Talent_ExplosiveMinion_IncreasedDamage,hero,true,Infinite,,,,,datamine,,
GE_Mosse_Talent_IncreasedHealOnLowHealthTarget,hero,true,Infinite,,,,,datamine,,
GE_Mosse_Talent_IncreasedMovementSpeed,hero,true,Infinite,,,,,datamine,,
GE_Mosse_Talent_InstantSelfEscapeBuff_ReducedIncomingDamage,hero,true,Infinite,,,,,datamine,,
GE_Mosse_Talent_MagicDamageReduction,hero,true,Infinite,,,,,datamine,,
GE_Mosse_Talent_PinkButterflyDouble_IncreaseHealingToSimplePinkFlutterfly_OwnerEffect,hero,true,,,,AggregateBySource,,datamine,,
GE_Mosse_Talent_PinkButterfly_Double_IncreasedHotDuration,hero,true,Infinite,,,,,datamine,,
GE_Mosse_Talent_PinkButterfly_Double_ManaCostReduceBuffOnOtherAbilityCommit_Buff,hero,true,HasDuration,Every Other Flutter,Your next cast of <bold>Fluttercall: Restore Life</> has <bold>25% reduced Mana cost</>.,AggregateByTarget,,datamine,,
GE_Mosse_Talent_PinkButterfly_Double_MaxHealthIncreaseWhileActive,hero,true,Infinite,,,AggregateByTarget,,datamine,,
GE_Mosse_Talent_PinkButterfly_Simple_IncreasedTickSpeed,hero,true,Infinite,,,,,datamine,,
GE_Mosse_Talent_PinkButterfly_Simple_IncreasedTickSpeed_Duration,hero,true,HasDuration,,,,,datamine,,
GE_Mosse_Talent_PlacedAoeBuff_IncreasedDamageReduction,hero,true,Infinite,,,,,datamine,,
GE_Mosse_Talent_ReducedIncomingAoeDamage,hero,true,Infinite,,,,,datamine,,
GE_Mosse_Talent_TargetAbsorb,hero,true,HasDuration,Natural Protector,"Absorbs incoming damage.

Damage dealt to the absorb is reduced by 20%.",AggregateByTarget,,datamine,,
GE_Mosse_Talent_TurretChannelHeal_FocusTargetIncreasedDamage_DamageIncrease,hero,true,Infinite,,,,,datamine,,
GE_Mosse_Talent_TurretChannelHeal_FocusTargetIncreasedDamage_OwnerEffect,hero,true,,,,,,datamine,,
GE_Mosse_Talent_TurretChannelHeal_ReducedSpeedAoeDebuff_AttackSpeedDebuff,hero,true,Infinite,,,AggregateBySource,,datamine,,
GE_Mosse_Talent_TurretChannelHeal_ReducedSpeedAoeDebuff_Debuff,hero,true,Infinite,Rowdy Rootsap,The target has 20% reduced attack speed and 50% reduced movement speed.,,,datamine,,
GE_Mosse_Talent_TurretChannelHeal_ReducedSpeedAoeDebuff_SlowDebuff,hero,true,Infinite,,,AggregateBySource,,datamine,,
GE_Mosse_TurretChannelHeal_Debuff,hero,true,HasDuration,Enfeebling Rootsap,Dealing 20% reduced damage,,,datamine,,
GE_Mosse_TurretChannelHeal_ManaCost,hero,true,,,,,,datamine,,
GE_Mosse_TurretChannelHeal_TurretCounter,hero,true,Infinite,,,AggregateBySource,,datamine,,
GE_Mount_Mounted,mount,false,Infinite,Mounted,Movement Speed increased by 100%,,,datamine,,
GE_NPCAttributesBase,shared,true,Infinite,,,,,datamine,,
GE_NPC_MalevolentSpirits_OnDeathAbility_ReplenishHealthandMana_Effect,dungeon_modifier,true,,,,,,datamine,,
GE_NPC_MalevolentSpirits_Spirit_Buff,dungeon_modifier,true,Infinite,Malevolent Spirit: Protect,50% reduced damage taken. 20% increased haste,,,datamine,,
GE_NP_BossHellcaller_CastedRangedProjectile_Damage,ability_system,true,,,,,,datamine,,
GE_NP_BossHellcaller_CastedRangedProjectile_PreferSomeoneElse,ability_system,true,HasDuration,,,,,datamine,,
GE_NP_BossHellcaller_ChainLightning_Damage,ability_system,true,,,,,,datamine,,
GE_NP_BossHellcaller_GrowingCircleCast_Damage,ability_system,true,,,,,,datamine,,
GE_NP_BossHellcaller_Hide,ability_system,true,Infinite,,,,,datamine,,
GE_NP_BossHellcaller_MeleeAutoAttack_Damage,ability_system,true,,,,,,datamine,,
GE_NP_BossHellcaller_MinHealth,ability_system,true,Infinite,,,,,datamine,,
GE_NP_BossHellcaller_PeriodicDamage_Buff,ability_system,true,Infinite,Storm's Conduit,Lightning periodically jolts nearby heroes for magic damage.,,,datamine,,
GE_NP_BossHellcaller_PeriodicDamage_Damage,ability_system,true,,,,,,datamine,,
GE_NP_BossHellcaller_Retreat_Stun,ability_system,true,HasDuration,Stunned,You are stunned.,,,datamine,,
GE_NP_BossHellcaller_SetHealth,ability_system,true,,,,,,datamine,,
GE_NP_BossHellcaller_SoakDebuff_Damage,ability_system,true,,,,,,datamine,,
GE_NP_BossHellcaller_SoakDebuff_Debuff,ability_system,false,HasDuration,Lightning Rod,"Taking Lightning Damage over time.

The damage is split for each target within the radius.",,,datamine,,
GE_NP_BossHellcaller_TankSlamCone_AoeDamage,ability_system,true,,,,,,datamine,,
GE_NP_BullyBasher_BuffAllies_Buff,ability_system,true,HasDuration,Together Stronk!,Taking 20% reduced damage.,AggregateByTarget,,datamine,,
GE_NP_BullyBasher_MeleeAutoAttack_Damage,ability_system,true,,,,,,datamine,,
GE_NP_BullyBasher_TankSlam_Damage,ability_system,true,,,,,,datamine,,
GE_NP_Facestabber_AttachedAttack_Damage,ability_system,true,,,,,,datamine,,
GE_NP_Facestabber_CastProjectile_Damage,ability_system,true,,,,,,datamine,,
GE_NP_Facestabber_Jump_Attack_HeroDebuff,ability_system,true,HasDuration,,,,,datamine,,
GE_NP_Facestabber_MeleeAutoAttack_Damage,ability_system,true,,,,,,datamine,,
GE_NP_HalfMancatcher_Grip_BlockOtherGripsEffect,ability_system,true,Infinite,,,,,datamine,,
GE_NP_HalfMancatcher_Grip_ChainProjectile,ability_system,false,HasDuration,,,AggregateByTarget,,datamine,,
GE_NP_HalfMancatcher_Grip_Damage,ability_system,true,,,,,,datamine,,
GE_NP_HalfMancatcher_Grip_Immobilize,ability_system,false,HasDuration,Pulled,,AggregateByTarget,,datamine,,
GE_NP_HalfMancatcher_Grip_Slow,ability_system,false,HasDuration,Leg Pulled,65% reduced movement speed.,AggregateByTarget,,datamine,,
GE_NP_HalfMancatcher_MeleeAutoAttack_Damage,ability_system,true,,,,,,datamine,,
GE_NP_Shinchopper_MeleeAutoAttack_Damage,ability_system,true,,,,,,datamine,,
GE_NP_Stormscreamer_CastProjectile_Damage,ability_system,true,,,,,,datamine,,
GE_NP_Stormscreamer_CastedAoeProjectile_CollisionEffect,ability_system,true,,,,,,datamine,,
GE_NP_Stormscreamer_CastedAoeProjectile_Zap,ability_system,true,,,,,,datamine,,
GE_NP_Stormscreamer_MeleeAutoAttack_Damage,ability_system,true,,,,,,datamine,,
GE_NP_Stormscreamer_PeriodicDamage_Buff,ability_system,true,HasDuration,Sky Zapper,Lightning periodically strikes nearby Heroes for magic damage.,,,datamine,,
GE_NP_Stormscreamer_PeriodicDamage_Damage,ability_system,true,,,,,,datamine,,
GE_PR_AttachedChains_Attach_Immobilize,ability_system,false,HasDuration,Shackle Shot,You are immobilized.,AggregateByTarget,,datamine,,
GE_PR_BarbarousLasher_MeleeAutoAttack_Damage,ability_system,true,,,,,,datamine,,
GE_PR_BarbarousLasher_ReflectDamage,ability_system,false,Infinite,Wicked Thorns,15% of all damage taken is also dealt to the attacker.,,,datamine,,
GE_PR_BarbarousLasher_ShatterArmor_Damage,ability_system,true,,,,,,datamine,,
GE_PR_BarbarousLasher_ShatterArmor_Debuff,ability_system,false,HasDuration,Crush Armor,Armor is reduced by 10%.,AggregateByTarget,,datamine,,
GE_PR_Bilgerat_MeleeAutoAttack_Damage,ability_system,true,,,,,,datamine,,
GE_PR_BlunderbussPirate_MeleeAutoAttack_Damage,ability_system,true,,,,,,datamine,,
GE_PR_BlunderbussPirate_Passive_FullStackDamageDebuff_AoeDamage_Damage,ability_system,true,,,,,1.0,datamine,,
GE_PR_BlunderbussPirate_RangedAutoAttack_Damage,ability_system,true,,,,,,datamine,,
GE_PR_BlunderbussPirate_RangedDamageDebuff_Damage,ability_system,true,,,,,,datamine,,
GE_PR_BlunderbussPirate_RangedDamageDebuff_Debuff,ability_system,false,HasDuration,Soulpowder Curse,4 stacks of Soulpowder Curse will cause Soulpowder Explosion.,AggregateByTarget,,datamine,,
GE_PR_BlunderbussPirate_RangedDamageDebuff_FullStackDebuff,ability_system,false,HasDuration,Soulpowder Shot,"Explodes on expiration, dealing <bold>Magic</> damage to all nearby heroes.",,,datamine,,
GE_PR_BossAnchor_CannonBarrage_AoeDamage,ability_system,true,,,,,,datamine,,
GE_PR_BossAnchor_CannonBarrage_GrantPassive,ability_system,false,Infinite,,,,,datamine,,
GE_PR_BossAnchor_CastedGrowingTankWave_Damage,ability_system,true,,,,,,datamine,,
GE_PR_BossAnchor_CastedGrowingTankWave_Slow,ability_system,true,HasDuration,Wavestomp: Soggy Breaches,Your movement speed is reduced by 70% and your Haste is reduced by 30%.,AggregateByTarget,,datamine,,
GE_PR_BossAnchor_HighTideTether_Tethered,ability_system,true,Infinite,Anchored,You are tethered to the anchor.,,,datamine,,
GE_PR_BossAnchor_HighTide_BossBuff,ability_system,true,Infinite,Anchored,The Anchor is immune to the tide.,,,datamine,,
GE_PR_BossAnchor_HighTide_Damage,ability_system,true,,,,,,datamine,,
GE_PR_BossAnchor_HighTide_KillPlayers,ability_system,false,HasDuration,,,,,datamine,,
GE_PR_BossAnchor_HighTide_NpcsIgnorePush,ability_system,true,HasDuration,,,,,datamine,,
GE_PR_BossAnchor_HighTide_PostAbilityAutoAttackPadding,ability_system,true,HasDuration,,,,,datamine,,
GE_PR_BossAnchor_HighTide_SlowAndKillMyMinions,ability_system,false,HasDuration,,,,,datamine,,
GE_PR_BossAnchor_MeleeAutoAttack_AreaHit_Damage,ability_system,true,,,,,,datamine,,
GE_PR_BossAnchor_MeleeAutoAttack_Damage,ability_system,true,,,,,,datamine,,
GE_PR_BossAnchor_PeriodicMultiSoak_Debuff,ability_system,true,HasDuration,Keelhaul,Reduces incoming healing by 20% per stack. Deals damage over time,AggregateByTarget,,datamine,,
GE_PR_BossAnchor_PeriodicMultiSoak_Dot,ability_system,true,HasDuration,Keelhaul,Reduces incoming healing by 20% per stack. Deals damage over time,AggregateByTarget,1.0,datamine,,
GE_PR_BossAnchor_PeriodicMultiSoak_InstantAoeDamage,ability_system,true,,,,,,datamine,,
GE_PR_BossAnchor_Reinforcements_AoeDamage,ability_system,true,,,,,,datamine,,
GE_PR_BossAnchor_Reinforcements_GrantPassive,ability_system,false,Infinite,,,,,datamine,,
GE_PR_BossAnchor_Reinforcements_MinionBuff,ability_system,true,Infinite,,,,,datamine,,
GE_PR_BossAnchor_Reinforcements_SpawnMoreStuff,ability_system,false,Infinite,Reinforced,Summons more minions when using Reinforce,AggregateByTarget,,datamine,,
GE_PR_BossPirateCaptain_AutoAttackMelee_Damage,ability_system,true,,,,,,datamine,,
GE_PR_BossPirateCaptain_BecomeGhost_HealToFull,ability_system,true,,,,,,datamine,,
GE_PR_BossPirateCaptain_BecomeGhost_NoMinHealth,ability_system,true,Infinite,,,,,datamine,,
GE_PR_BossPirateCaptain_BecomeGhost_Transition,ability_system,true,Infinite,,,,,datamine,,
GE_PR_BossPirateCaptain_CannonAoe_Damage,ability_system,true,,,,,1.0,datamine,,
GE_PR_BossPirateCaptain_CannonAoe_Stun,ability_system,false,HasDuration,Spectral Cannon: Stun,Stunned.,,,datamine,,
GE_PR_BossPirateCaptain_DebuffAoePool_PlacementAoeDamage,ability_system,true,,,,,,datamine,,
GE_PR_BossPirateCaptain_DebuffAoePool_PlacementDebuff,ability_system,false,HasDuration,Touch of Death,"Upon expiration, places an area of effect under the Heroes feet that slows and deals damage over time.",,,datamine,,
GE_PR_BossPirateCaptain_DebuffAoePool_PoolDamage,ability_system,false,Infinite,Touch of Death,Movement speed is decreased by 50% and deals periodic damage.,,1.0,datamine,,
GE_PR_BossPirateCaptain_DebuffAoePool_PoolSlow,ability_system,false,Infinite,,,,,datamine,,
GE_PR_BossPirateCaptain_DonutAoe_Fade,ability_system,true,HasDuration,,,,,datamine,,
GE_PR_BossPirateCaptain_EmtpyArenaChannel_Damage,ability_system,true,,,,,,datamine,,
GE_PR_BossPirateCaptain_EmtpyArenaChannel_Intermission,ability_system,true,Infinite,,,,,datamine,,
GE_PR_BossPirateCaptain_ObstacleCourse_DontSendBack,ability_system,false,HasDuration,,,,,datamine,,
GE_PR_BossPirateCaptain_ObstacleCourse_Dot,ability_system,false,Infinite,Sever Souls,Taking periodic damage.,,1.0,datamine,,
GE_PR_BossPirateCaptain_ObstacleCourse_PlayerGhost,ability_system,false,Infinite,Severed Soul,"Run back the bow to collect your soul.

Unable to use abilities.
Movement Speed increased by 50%.",,,datamine,,
GE_PR_BossPirateCaptain_ObstacleCourse_ReturnBuff,ability_system,true,HasDuration,Returned Buff,Your soul has returned and has reinvigorated itself with 20% increased damage and healing,,,datamine,,
GE_PR_BossPirateCaptain_QuickShots_Damage,ability_system,true,,,,,,datamine,,
GE_PR_BossPirateCaptain_Spin_Damage,ability_system,true,,,,,,datamine,,
GE_PR_BossPirateCaptain_Spin_ShootDamage,ability_system,true,,,,,,datamine,,
GE_PR_BossPirateCaptain_Spin_ShootDebuff,ability_system,true,HasDuration,Soulpowder Shot,"Explodes on expiration, dealing <bold>Magic</> damage to all nearby heroes.",,,datamine,,
GE_PR_BossPirateCaptain_Spin_ShootDebuff_AoeDamage_Damage,ability_system,true,,,,,,datamine,,
GE_PR_BossPirateCaptain_Spin_Slow,ability_system,true,Infinite,,,,,datamine,,
GE_PR_BossPirateCaptain_Split_Dot,ability_system,false,Infinite,Captain's Orders!,Taking <bold>Necrotic Damage</> while standing on the wrong side of the ship.,,1.0,datamine,,
GE_PR_BossPirateCaptain_Split_Left,ability_system,false,HasDuration,,,,,datamine,,
GE_PR_BossPirateCaptain_Split_Right,ability_system,false,HasDuration,,,,,datamine,,
GE_PR_BossTreasureDemon_AutoAttackMelee_Damage,ability_system,true,,,,,,datamine,,
GE_PR_BossTreasureDemon_BallMoverDebuff,ability_system,false,HasDuration,Curse of the Covetous,You have the ball! attack it to move the ball to pickup coins!,,,datamine,,
GE_PR_BossTreasureDemon_Ball_AbsorbedCoin,ability_system,false,Infinite,Amassed Treasure,,AggregateByTarget,,datamine,,
GE_PR_BossTreasureDemon_Ball_CrashIntoBoss_Damage,ability_system,true,,,,,,datamine,,
GE_PR_BossTreasureDemon_Ball_CrashIntoBoss_Stun,ability_system,true,HasDuration,Knockout,Stunned.,,,datamine,,
GE_PR_BossTreasureDemon_Ball_CrashIntoBoss_UntargetableEffect,ability_system,true,Infinite,,,,,datamine,,
GE_PR_BossTreasureDemon_Ball_ForceClientUpdateOnSpawn,ability_system,true,HasDuration,,,,,datamine,,
GE_PR_BossTreasureDemon_Ball_Knocback_Damage,ability_system,true,,,,,,datamine,,
GE_PR_BossTreasureDemon_Ball_Knocback_Immune,ability_system,true,HasDuration,,,,,datamine,,
GE_PR_BossTreasureDemon_Bleed_Dot,ability_system,true,HasDuration,Bleed,You are taking physical damage over time.,AggregateByTarget,1.0,datamine,,
GE_PR_BossTreasureDemon_CastedRangedProjectile_Damage,ability_system,true,,,,,,datamine,,
GE_PR_BossTreasureDemon_Cone_Damage,ability_system,true,,,,,,datamine,,
GE_PR_BossTreasureDemon_Cone_Fear,ability_system,true,HasDuration,Crushing Darkness,Feared.,AggregateByTarget,,datamine,,
GE_PR_BossTreasureDemon_Nova_Damage,ability_system,true,,,,,,datamine,,
GE_PR_BossTreasureDemon_PunchBall_Damage,ability_system,true,,,,,,datamine,,
GE_PR_BossTreasureDemon_ScatterCoins_Damage,ability_system,true,,,,,,datamine,,
GE_PR_BossTreasureDemon_ScatterCoins_DamageAura,ability_system,false,Infinite,Cursed Treasure,You are taking damage over time.,,1.0,datamine,,
GE_PR_BossTreasureDemon_SuckInCoins_Heal,ability_system,true,,,,,,datamine,,
GE_PR_BossTreasureDemon_Tornado_Damage,ability_system,true,,,,,,datamine,,
GE_PR_BossTreasureDemon_Tornado_DamageCooldown,ability_system,true,HasDuration,,,,,datamine,,
GE_PR_BossTreasureDemon_TreasureBallSummon_Damage,ability_system,true,,,,,,datamine,,
GE_PR_BossTreasureDemon__StackingSelfBuff,ability_system,true,Infinite,Deepening Shadows,Haste is increased by 0.6% per stack.,AggregateByTarget,,datamine,,
GE_PR_CannonPirate_Bombardment_Damage,ability_system,true,,,,,,datamine,,
GE_PR_CannonPirate_Cannon_Damage,ability_system,true,,,,,,datamine,,
GE_PR_CannonPirate_MeleeAutoAttack_Damage,ability_system,true,,,,,,datamine,,
GE_PR_CannonPirate_RangedAutoAttack_Damage,ability_system,true,,,,,,datamine,,
GE_PR_FoB_CastedStun_Damage,ability_system,true,,,,,,datamine,,
GE_PR_FoB_CastedStun_Stun,ability_system,true,HasDuration,Mindrender Barrage: Stun,Stunned.,AggregateByTarget,,datamine,,
GE_PR_FoB_ChanneledSlowedMoveToTarget_Heal,ability_system,true,,,,,,datamine,,
GE_PR_FoB_ChanneledSlowedMoveToTarget_Slow,ability_system,true,Infinite,,,AggregateBySource,,datamine,,
GE_PR_FoB_MeleeAutoAttack_Damage,ability_system,true,,,,,,datamine,,
GE_PR_FoB_RangedAutoAttack_Damage,ability_system,true,,,,,,datamine,,
GE_PR_PirateGrunt_CastedTankAoeDamage_Damage,ability_system,true,,,,,,datamine,,
GE_PR_PirateGrunt_ChanneledAoe_Damage,ability_system,true,,,,,,datamine,,
GE_PR_PirateGrunt_ChanneledAoe_SelfSlow,ability_system,true,Infinite,,,,,datamine,,
GE_PR_PirateGrunt_FoBHeal_Heal,ability_system,true,,,,,,datamine,,
GE_PR_PirateGrunt_MeleeAutoAttack_Damage,ability_system,true,,,,,,datamine,,
GE_PR_PossessedArmor_ChanneledSelfBuff_SelfBuff,ability_system,true,Infinite,Greed's Embrace,"Damage taken reduced by 80%.

Applying 'Temptation' to all nearby allies and enemies.",AggregateBySource,,datamine,,
GE_PR_PossessedArmor_MeleeAutoAttack_Damage,ability_system,true,,,,,,datamine,,
GE_PR_PossessedArmor_RampingDamageDebuff_Buff,ability_system,true,HasDuration,,,AggregateByTarget,,datamine,,
GE_PR_PossessedArmor_RampingDamageDebuff_Debuff,ability_system,true,HasDuration,Greed's Embrace: Temptation,,AggregateByTarget,1.0,datamine,,
GE_PR_Scallywag_MeleeAutoAttack_Damage,ability_system,true,,,,,,datamine,,
GE_PR_Scallywag_TargetHealthDamage_Damage,ability_system,true,,,,,,datamine,,
GE_PR_Scallywag_TargetHealthDamage_Debuff,ability_system,false,HasDuration,Salted Wound,Deals damage over time.,AggregateByTarget,1.0,datamine,,
GE_PR_Shark_Attached,npc,false,Infinite,,,,,datamine,,
GE_PR_Shark_Attached_Linger,npc,false,HasDuration,,,,,datamine,,
GE_PR_Shark_BiteAttached_Damage,ability_system,true,,,,,,datamine,,
GE_PR_ShipRat_MeleeAutoAttack_Damage,ability_system,true,,,,,,datamine,,
GE_PR_ShipRat_MoveToTarget_Buff,ability_system,true,Infinite,,,,,datamine,,
GE_PR_ShipRat_OnDeathAoe_Damage,ability_system,true,,,,,,datamine,,
GE_PR_ShipRat_SaveSelf,ability_system,true,Infinite,,,,,datamine,,
GE_PR_SpectralSwab_Explode_Damage,ability_system,true,,,,,,datamine,,
GE_PR_SpectralSwab_Explode_Stun,ability_system,false,HasDuration,Spectral Sailor: Stun,Stunned.,,,datamine,,
GE_PR_SpectralSwab_Invulnerable,ability_system,true,Infinite,,,,,datamine,,
GE_PR_Swashbuckler_CastedAoeKnockup_Damage,ability_system,true,,,,,,datamine,,
GE_PR_Swashbuckler_CastedGrowingEarthStomp_Damage,ability_system,true,,,,,,datamine,,
GE_PR_Swashbuckler_MeleeAutoAttack_Damage,ability_system,true,,,,,,datamine,,
GE_PR_TigerCat_Bite_Damage,ability_system,true,,,,,,datamine,,
GE_PR_TigerCat_MeleeAutoAttack_Damage,ability_system,true,,,,,,datamine,,
GE_PR_TigerCat_SlashClaws_Damage,ability_system,true,,,,,,datamine,,
GE_PR_WaterCaster_CastedAoeProjectile_CollisionEffect,ability_system,false,Infinite,Sunken Gale,"Taking damage over time while in the effect.

Movemeny speed slowed by 80%.",,1.0,datamine,,
GE_PR_WaterCaster_CastedAoeProjectile_Slow,ability_system,true,Infinite,,,,,datamine,,
GE_PR_WaterCaster_CastedRangedProjectile_AoeDamage,ability_system,true,,,,,,datamine,,
GE_PR_WaterCaster_CastedRangedProjectile_Damage,ability_system,true,,,,,,datamine,,
GE_PR_WaterCaster_MeleeAutoAttack_Damage,ability_system,true,,,,,,datamine,,
GE_PartyHealAndSelfBuff_SelfBuff,hero,true,HasDuration,Avatar of Light,"<bold>Radiant Blast</>, <bold>Greater Heal</>, and <bold>Circle of Light</> are enhanced.",AggregateBySource,,datamine,,
GE_Perk_DamageReductionOrMoveSpeed_Buff,ability_system,true,Infinite,The Stag's Instinct,,AggregateBySource,,datamine,,
GE_Perk_DamageReductionOrMoveSpeed_BuffDurational,ability_system,true,HasDuration,The Stag's Instinct,,AggregateBySource,,datamine,,
GE_Perk_DamageToHeal_Buff,ability_system,true,HasDuration,The Viper's Strike,,AggregateBySource,,datamine,,
GE_Perk_DamageToHeal_Heal,ability_system,true,,,,AggregateBySource,,datamine,,
GE_Perk_InstantHealDamageReductionBuff_Buff,ability_system,true,HasDuration,The Wolf's Guile,,AggregateBySource,,datamine,,
GE_Perk_InstantHealDamageReductionBuff_Heal,ability_system,true,,,,AggregateBySource,,datamine,,
GE_Perk_MagicDamageReductionBuff_Buff,ability_system,true,Infinite,The Dune's Grace,,AggregateBySource,,datamine,,
GE_Perk_MaxHealthBasedAbsorb_Absorb,ability_system,true,HasDuration,The Dragon's Embrace,,AggregateBySource,,datamine,,
GE_Perk_Passive_IncomingAoeDamageReduction,ability_system,true,Infinite,,,AggregateBySource,,datamine,,
GE_Perk_Passive_IncreasedArmor,ability_system,true,Infinite,,,AggregateBySource,,datamine,,
GE_Perk_Passive_ReducedIncomingMagicDamage,ability_system,true,Infinite,,,AggregateBySource,,datamine,,
GE_PrimaryAttributeAgility,shared,true,Infinite,,,,,datamine,,
GE_PrimaryAttributeIntellect,shared,true,Infinite,,,,,datamine,,
GE_PrimaryAttributeStrength,shared,true,Infinite,,,,,datamine,,
GE_RelicPower_CastedSingleTargetRevive_SetHealthAndMana,relic,true,,,,,,datamine,,
GE_RelicPower_DamagePotion,relic,true,HasDuration,Elemental Empowerment,+20 Bonus Main Stat. This is increased by 2.75 for every 15 item levels your item has.,,,datamine,,
GE_RelicPower_HealthPotion,relic,true,,,,,,datamine,,
GE_RelicPower_InstantSingleInterrupt_Interrupt,relic,true,,,,,,datamine,,
GE_RelicPower_InstantSingleInterrupt_Lockout,relic,true,,Interrupted,Cannot cast spells for a short duration.,,,datamine,,
GE_RelicPower_ManaPotion,relic,true,,,,,,datamine,,
GE_RelicPower_MassDispel,relic,true,,,,,,datamine,,
GE_RelicPower_PartyDamageReductionBuff_Buff,relic,true,HasDuration,Sanctuary,15% reduced damage taken.,AggregateByTarget,,datamine,,
GE_RelicPower_PartyInvisibility,relic,true,HasDuration,Major Invisibility,"You and nearby allies are invisible to enemies.

This effect is removed if you generate threat or deal any damage to enemies.",,,datamine,,
GE_RelicPower_PartyMoveSpeedBuff_Buff,relic,true,HasDuration,Bloodrite Fervor,+50% Increased Movement Speed,,,datamine,,
GE_RelicPower_PersonalDamageReductionBuff_Buff,relic,true,HasDuration,Obsidian Skin,30% reduced damage taken.,AggregateByTarget,,datamine,,
GE_RelicPower_PolyMorphTargetWithSharedCharges_PolymorphTarget,relic,true,,,,,,datamine,,
GE_RelicPower_Portal_RecentlyUsedPortal,relic,true,HasDuration,Portal Sickness,Prevents you from using portals,,,datamine,,
GE_Rime_AutoDamageProjectile_Damage,hero,true,,,,,,datamine,,
GE_Rime_AutoProjectileOnResourceGainBuff_Buff,hero,true,HasDuration,Ice Blitz,Damage dealt is increased by 20%,AggregateByTarget,,datamine,,
GE_Rime_CastedDebuffAoeDamage_Damage,hero,true,,,,,,datamine,,
GE_Rime_CastedDebuffAoeDamage_Debuff,hero,true,HasDuration,Bursting Ice,Dealing frost damage to self and nearby enemies.,,0.5,datamine,,
GE_Rime_CastedDebuffAoeDamage_Talent_BuffWhileActive,hero,true,Infinite,Winter's Embrace,Dealing <bold>20% more damage</>. The bonus does not affect <bold>Bursting Ice</>.,,,datamine,,
GE_Rime_CastedProjectileDamageFiller_Damage,hero,true,,,,,,datamine,,
GE_Rime_CastedProjectileDamageOrbSpender_Cost,hero,true,,,,,,datamine,,
GE_Rime_CastedProjectileDamageOrbSpender_Damage,hero,true,,,,,,datamine,,
GE_Rime_CastedProjectileDamageOrbSpender_Talent_InstantAndBonusDamage_ProcStacker,hero,true,Infinite,Glacial Assault,"At 4 stacks, your next Glacial Blast is instant cast, has no cost, and deals 40% more damage.",AggregateBySource,,datamine,,
GE_Rime_CastedProjectileDamageOrbSpender_Talent_InstantAndBonusDamage_RealProc,hero,true,Infinite,,,AggregateBySource,,datamine,,
GE_Rime_ChanneledBeamSingleDamage_AoeDamage,hero,true,,,,,2.0,datamine,,
GE_Rime_ChanneledBeamSingleDamage_ChannelBuff,hero,true,Infinite,,,,,datamine,,
GE_Rime_ChanneledBeamSingleDamage_TickDamage,hero,true,,,,,,datamine,,
GE_Rime_DamageAsAoeHealingBuff_Heal,hero,true,,,,,,datamine,,
GE_Rime_DamageAsAoeHealingBuff_SelfBuff,hero,true,HasDuration,Winter's Blessing,"+20% Spirit and causes 30% of all damage you deal to be replicated as healing, divided between all allies.",AggregateBySource,,datamine,,
GE_Rime_DamageAsAoeHealingBuff_SpiritBuff,hero,true,HasDuration,,,AggregateBySource,,datamine,,
GE_Rime_FullResourcesSelfBuff_Buff,hero,true,HasDuration,Wrath of Winter,"+20% increased damage dealt.

Passively generating <bold>1 Winter Orb</> every 4 seconds.",AggregateBySource,,datamine,,
GE_Rime_FullResourcesSelfBuff_SpiritCost,hero,true,,,,,,datamine,,
GE_Rime_FullResourcesSelfBuff_Visual,hero,true,HasDuration,,,,,datamine,,
GE_Rime_InstantConeKnockback_Debuff,hero,true,HasDuration,Frigid Winds,50% reduced movement speed.,,,datamine,,
GE_Rime_InstantSingleDamage_Damage,hero,true,,,,,,datamine,,
GE_Rime_InstantSingleInterrupt_Interrupt,hero,true,,,,,,datamine,,
GE_Rime_InstantSingleInterrupt_Lockout,hero,true,,Interrupted,Cannot cast spells for a short duration.,,,datamine,,
GE_Rime_OnTargetPulsatingAoe_Cost,hero,true,,,,,,datamine,,
GE_Rime_OnTargetPulsatingAoe_Damage,hero,true,,,,,,datamine,,
GE_Rime_SelfDefenceBuff_SelfBuff,hero,true,HasDuration,Frost Ward,Damage taken reduced by 40%.,,,datamine,,
GE_Rime_SelfDefenceBuff_Talent_Heal,hero,true,,,,,,datamine,,
GE_Rime_Talent_AutoDamageProjectile_ExplodingCrits_CleaveDamage,hero,true,,,,,,datamine,,
GE_Rime_Talent_CastedDebuffAoeDamage_StackingDamageBonus_Buff,hero,true,HasDuration,Harrowing Ice,Your <bold>Bursting Ice</> is dealing increased damage per stack.,AggregateBySource,,datamine,,
GE_Rime_Talent_ChanceOnOrbGain_NextSpenderCritIncrease_Buff,hero,true,HasDuration,Frostweaver's Wrath,The next time Glacial Blast or Ice Comet deals damage it has 100% critical strike chance.,AggregateBySource,,datamine,,
GE_Rime_Talent_ChanneledBeamSingleDamage_BoostByCritProc_Proc,hero,true,HasDuration,Soulfrost Torrent,Your next Freezing Torrent has 40% faster tick rate and deals +100% critical strike chance.,AggregateBySource,,datamine,,
GE_Rime_Talent_ChanneledBeamSingleDamage_BoostByCritProc_ProcActive,hero,true,Infinite,Soulfrost Torrent Proc Active (Hidden),Your next Freezing Torrent has 40% faster tick rate and deals +100% critical strike chance.,AggregateBySource,,datamine,,
GE_Rime_Talent_ChanneledBeamSingleDamage_StackBuffForInstantSingleDamage_CleaveDamage,hero,true,,,,,,datamine,,
GE_Rime_Talent_ChanneledBeamSingleDamage_StackBuffForInstantSingleDamage_StackBuff,hero,false,HasDuration,Frostwyrm's Spite,Your next <bold>Cold Snap</> deals increased damage and hits 1 additional nearby target per stack.,AggregateBySource,,datamine,,
GE_Rime_Talent_CleaveBuildUpPerTick_VisualBuff,hero,true,HasDuration,Coalescing Frost,Erupts with frost damage in an area upon expiration.,AggregateBySource,3.0,datamine,,
GE_Rime_Talent_CriticalStrikePower,hero,true,Infinite,,,,,datamine,,
GE_Rime_Talent_IncomingAoeDamageReduction,hero,true,Infinite,,,,,datamine,,
GE_Rime_Talent_IncreasedMovementSpeed,hero,true,Infinite,,,,,datamine,,
GE_Rime_Talent_InstantSingleDamage_FreeCast_Proc,hero,true,HasDuration,Navir's Keeper,Your next Cold Snap does not require or cost a charge.,AggregateByTarget,,datamine,,
GE_Rime_Talent_InstantSingleDamage_HasteWhileCastinigOrbSpender_Buff,hero,true,Infinite,,,AggregateBySource,,datamine,,
GE_Rime_Talent_InstantSingleDamage_ReducesCastTimeOnOrbSpender_Proc,hero,true,HasDuration,Icy Flow,Your next <bold>Glacial Blast</> or <bold>Ice Comet</> has +25% increased critical strike chance and 0.5 seconds reduced cast time or impact delay.,AggregateBySource,,datamine,,
GE_Rime_Talent_MagicDamageReduction,hero,true,Infinite,,,,,datamine,,
GE_Rime_Talent_Passive_CastedProjectileDamageOrbSpender_DamageToAoe_Damage,hero,true,,,,,,datamine,,
GE_Rime_Talent_SelfDefenceBuff_DurationBoostAndHealFromDamage_Heal,hero,true,,,,,,datamine,,
GE_Rime_Talent_SpendersSwap_Cost,hero,true,,,,,,datamine,,
GE_Rime_TargetedPeriodicProjectileAoe_AoeBuff,hero,false,HasDuration,Flight of the Navir,Frost Swallows attack your enemies when casting your <bold>Cold Snap</> and <bold>Freezing Torrent</> abilities.,,,datamine,,
GE_Rime_TargetedPeriodicProjectileAoe_Cost,hero,true,,,,,,datamine,,
GE_Rime_TargetedPeriodicProjectileAoe_Damage,hero,true,,,,,,datamine,,
GE_SG_BossSiren_Bleed,ability_system,true,HasDuration,Bleeding,You are taking damage over time,AggregateByTarget,1.0,datamine,,
GE_SG_BossSiren_Bubble_Debuff,ability_system,true,Infinite,,,,,datamine,,
GE_SG_BossSiren_Bubble_Dot,ability_system,false,Infinite,Watery Grave,"You are silenced, slowed and are taking damage over time.",,1.0,datamine,,
GE_SG_BossSiren_Bubble_PreSpawnDot,ability_system,true,HasDuration,Undertow,"Taking Soul Magic damage over time.

When this effect ends, a Watery Grave is placed where you stand.",AggregateByTarget,1.0,datamine,,
GE_SG_BossSiren_Interrupt_Damage,ability_system,true,,,,,,datamine,,
GE_SG_BossSiren_Interrupt_Interrupt,ability_system,true,,,,,,datamine,,
GE_SG_BossSiren_Interrupt_Lockout,ability_system,true,,Interrupted,Cannot cast spells for a short duration.,,,datamine,,
GE_SG_BossSiren_MastTether_Tethered,ability_system,false,Infinite,Tethered,You are tethered to the mast.,,,datamine,,
GE_SG_BossSiren_MeleeAutoAttack_Damage,ability_system,true,,,,,,datamine,,
GE_SG_BossSiren_TankSlamAndLink_Damage,ability_system,true,,,,,,datamine,,
GE_SG_BossSiren_TankSlamAndLink_DamageTick,ability_system,true,,,,,,datamine,,
GE_SG_BossSiren_TankSlamAndLink_Debuff,ability_system,false,HasDuration,Binding Strike,"You are taking damage over time. The further away you are from your linked partner, the more damage you take.",,,datamine,,
GE_SG_BossSiren_WalkOverEdge_Dot,ability_system,false,Infinite,Siren's Song,Taking soul magic damage over time.,AggregateByTarget,1.0,datamine,,
GE_SG_BossSiren_WalkOverEdge_Intermission,ability_system,true,Infinite,,,,,datamine,,
GE_SG_BossSiren_WalkOverEdge_Vanish,ability_system,true,HasDuration,,,,,datamine,,
GE_SG_BossSiren_WalkOverEdge_Walk,ability_system,false,Infinite,Siren Song,You are charmed by the siren's song. Grab onto something!,AggregateByTarget,,datamine,,
GE_SG_BossSiren_Wave_Damage,ability_system,true,,,,,,datamine,,
GE_SG_CoralLasher_InitialRangedAttack_Damage,ability_system,true,,,,,,datamine,,
GE_SG_CoralLasher_InitialRangedAttack_Dot,ability_system,true,HasDuration,Witchreef Toxin,Taking damage over time.,AggregateByTarget,1.0,datamine,,
GE_SG_CoralLasher_MeleeAutoAttack_Damage,ability_system,true,,,,,,datamine,,
GE_SG_DrownedSailor_AutoAttack_Damage,ability_system,true,,,,,,datamine,,
GE_SG_DrownedSailor_DaggerThrow_Damage,ability_system,true,HasDuration,,,AggregateByTarget,1.0,datamine,,
GE_SG_DrownedSailor_DaggerThrow_Debuff,ability_system,true,HasDuration,Curse of Drowning,Deals damage over time and slows movement speed by 30%.,AggregateByTarget,,datamine,,
GE_SG_DrownedSailor_EnrageTarget_BlockOthersCastsEffect,ability_system,true,Infinite,,,,,datamine,,
GE_SG_DrownedSailor_EnrageTarget_Buff,ability_system,true,HasDuration,Bitter Frenzy,Haste increased by 30%.,AggregateByTarget,,datamine,,
GE_SG_EchoingSpirit_AutoAttack,ability_system,true,,,,,,datamine,,
GE_SG_EchoingSpirit_ChainLightning_Damage,ability_system,true,,,,,,datamine,,
GE_SG_EchoingSpirit_Ghost_AutoAttack_Damage,ability_system,true,,,,,,datamine,,
GE_SG_EchoingSpirit_Ghost_ExplodeDamage,ability_system,true,,,,,,datamine,,
GE_SG_EchoingSpirit_Ghost_ExplodeStun,ability_system,false,HasDuration,Spectral Sailor: Stun,You are stunned.,,,datamine,,
GE_SG_EchoingSpirit_Ghost_SelfDamageDebuff,ability_system,true,Infinite,Languish,Taking damage over time.,AggregateByTarget,1.0,datamine,,
GE_SG_EchoingSpirit_MeleeAutoAttack_Damage,ability_system,true,,,,,,datamine,,
GE_SG_GhostCorpse_MeleeAutoAttack_Damage,ability_system,true,,,,,,datamine,,
GE_SG_GhostEruptor_CastedPartyAoeDebuff_Damage,ability_system,true,,,,,,datamine,,
GE_SG_GhostEruptor_CastedPartyAoeDebuff_Debuff,ability_system,true,HasDuration,Call of the Abyss,Magic Damage taken increased by 50%.,AggregateByTarget,,datamine,,
GE_SG_GhostEruptor_CastedRangedProjectile_Damage,ability_system,true,,,,,,datamine,,
GE_SG_GhostEruptor_ChanneledFriendlyBuff_Buff,ability_system,true,Infinite,Increased Damage,The Souls Spreader has given the soldier increased damage,,,datamine,,
GE_SG_GhostEruptor_MeleeAutoAttack_Damage,ability_system,true,,,,,,datamine,,
GE_SG_GhostEruptor_SoakDebuff_Damage,ability_system,true,,,,,,datamine,,
GE_SG_GhostEruptor_SoakDebuff_Debuff,ability_system,false,HasDuration,Harrowing Solitude,"Deals heavy Soul magic damage when expired.

The damage is split for each player standing within the radius as it expires.",,,datamine,,
GE_SG_GhostFerventSoldier_MeleeAutoAttack_Buff,ability_system,true,HasDuration,Fervor,2% increased Haste per stack.,AggregateByTarget,,datamine,,
GE_SG_GhostFerventSoldier_MeleeAutoAttack_Damage,ability_system,true,,,,,,datamine,,
GE_SG_GhostOrc_Cleave_Damage,ability_system,true,,,,,,datamine,,
GE_SG_GhostOrc_Cleave_Debuff,ability_system,false,HasDuration,Mark For Death,10% increased <bold>Damage Taken</> per stack.,AggregateByTarget,,datamine,,
GE_SG_GhostOrc_Cleave_Dot,ability_system,false,HasDuration,Wailing Strike: Bleed,,AggregateByTarget,1.0,datamine,,
GE_SG_GhostOrc_MeleeAutoAttack_Damage,ability_system,true,,,,,,datamine,,
GE_SG_GreaterWaterElemental_AutoAttack_Damage,ability_system,true,,,,,,datamine,,
GE_SG_GreaterWaterElemental_BurrowBuff,ability_system,true,Infinite,,,AggregateByTarget,,datamine,,
GE_SG_GreaterWaterElemental_BurrowedStrike_Damage,ability_system,true,,,,,,datamine,,
GE_SG_GreaterWaterElemental_EarthBreaker_Damage,ability_system,true,,,,,,datamine,,
GE_SG_GreaterWaterElemental_EarthBreaker_Slow,ability_system,true,HasDuration,Slowed,,,,datamine,,
GE_SG_GreaterWaterElemental_EarthStomp_Damage,ability_system,true,,,,,,datamine,,
GE_SG_GreaterWaterElemental_Upheaval_Damage,ability_system,true,,,,,,datamine,,
GE_SG_SaltSprite_MeleeAutoAttack_Damage,ability_system,true,,,,,,datamine,,
GE_SG_SaltSprite_TargetHealthDamage_Damage,ability_system,true,,,,,,datamine,,
GE_SG_WaterElemental_CastedAoeProjectile_CollisionEffect,ability_system,false,Infinite,Squalled,Pulled and damaged by the wave,,1.0,datamine,,
GE_SG_WaterElemental_CastedAoeProjectile_Slow,ability_system,true,Infinite,,,,,datamine,,
GE_SG_WaterElemental_CastedRangedProjectile_AoeDamage,ability_system,true,Infinite,,,,10.0,datamine,,
GE_SG_WaterElemental_CastedRangedProjectile_Damage,ability_system,true,,,,,,datamine,,
GE_SG_WaterElemental_CastedSingleTargetHeal_Heal,ability_system,true,,,,,,datamine,,
GE_SG_WaterElemental_MeleeAutoAttack_Damage,ability_system,true,,,,,,datamine,,
GE_SG_Wisp_MeleeAutoAttack_Damage,ability_system,true,,,,,,datamine,,
GE_SG_Wisp_OnDeathAoe_Damage,ability_system,true,,,,,,datamine,,
GE_SG_Wisp_SaveSelf,ability_system,true,HasDuration,,,,,datamine,,
GE_SG_Wisp_SingelTargetAttackAndMoveBack_Damage,ability_system,true,,,,,,datamine,,
GE_SH_BossSpider_AOEDotAndBuff_Buff,ability_system,true,Infinite,Mother's Milk,Empowers the Spider with increased health and damage.,AggregateByTarget,,datamine,,
GE_SH_BossSpider_AOEDotAndBuff_Dot,ability_system,true,HasDuration,Mother's Milk,You are slowed and are taking magic damage over time.,AggregateByTarget,1.0,datamine,,
GE_SH_BossSpider_AOEDotAndBuff_Slow,ability_system,true,HasDuration,,,AggregateByTarget,,datamine,,
GE_SH_BossSpider_MeleeAutoAttack_Damage,ability_system,true,,,,,,datamine,,
GE_SH_BossSpider_SpawnAdds_ReducedMaxHealth,ability_system,false,Infinite,,,,,datamine,,
GE_SH_BossSpider_SpecialFallDamage,ability_system,true,HasDuration,,,,,datamine,,
GE_SH_BossSpider_SpecialFallDamage_Damage,ability_system,true,,Fall Damage (Vexira),Watch your step,,,datamine,,
GE_SH_BossSpider_SpecialFallDamage_Immobilize,ability_system,true,HasDuration,Webbed,You are caught in the web! You are immobilized.,,,datamine,,
GE_SH_BossSpider_Swarm_Dot,ability_system,true,Infinite,Spider Swarm,,,1.0,datamine,,
GE_SH_BossSpider_Swarm_Dot_Linger,ability_system,false,HasDuration,Spider Swarm,,AggregateByTarget,1.0,datamine,,
GE_SH_BossSpider_TankSlam_Damage,ability_system,true,,,,,,datamine,,
GE_SH_BossSpider_TetherAttack_Damage,ability_system,true,,,,,,datamine,,
GE_SH_BossSpider_Tether_CountDownToPull,ability_system,true,HasDuration,Tethered,You are tethered to your fellow. What will happen next?,,,datamine,,
GE_SH_BossSpider_Tether_Stun,ability_system,true,HasDuration,Stun,Stunned.,,,datamine,,
GE_SH_BossSpider_VenomSpray_Damage,ability_system,true,,,,,,datamine,,
GE_SH_CarrionHorror_ExplodeCorpse_Damage,ability_system,true,,,,,,datamine,,
GE_SH_CarrionHorror_ExplodeCorpse_Dot,ability_system,false,HasDuration,Bursting Brood: Acidic Goo,,AggregateByTarget,1.0,datamine,,
GE_SH_CarrionHorror_MeleeAutoAttack_Damage,ability_system,true,,,,,,datamine,,
GE_SH_Eggbearer_MeleeAutoAttack_Damage,ability_system,true,,,,,,datamine,,
GE_SH_GravesnareKidnapper_ConeAoeProjectiles_Damage,ability_system,true,,,,,,datamine,,
GE_SH_GravesnareKidnapper_ConeAoeProjectiles_Dot,ability_system,false,Infinite,Razorlace Web,You are slowed and are taking magic damage over time.,,1.0,datamine,,
GE_SH_GravesnareKidnapper_ConeAoeProjectiles_Slow,ability_system,false,Infinite,Razorlace Web,You are slowed and are taking magic damage over time.,,,datamine,,
GE_SH_GravesnareKidnapper_KidnapBite_Damage,ability_system,true,,,,,,datamine,,
GE_SH_GravesnareKidnapper_KidnapBite_Heal,ability_system,true,,,,,,datamine,,
GE_SH_GravesnareKidnapper_KidnapBite_Stun,ability_system,true,HasDuration,Stun,Stunned.,,,datamine,,
GE_SH_GravesnareKidnapper_MeleeAutoAttack_Damage,ability_system,true,,,,,,datamine,,
GE_SH_GravesnareKidnapper_SlowCone_Damage,ability_system,true,,,,,,datamine,,
GE_SH_GravesnareKidnapper_SlowCone_Slow,ability_system,true,HasDuration,Webbed,You have reduced movement speed.,AggregateByTarget,,datamine,,
GE_SH_RotheartRecluse_DotProjectile_DotDamage,ability_system,true,HasDuration,Heartstopper,Deals minor damage over time and slows. Deals major damage upon expiring. Each stack increases the expiry rate of this effect.,AggregateByTarget,1.0,datamine,,
GE_SH_RotheartRecluse_DotProjectile_EndDamage,ability_system,true,,,,,,datamine,,
GE_SH_RotheartRecluse_DotProjectile_Slow,ability_system,true,HasDuration,,,AggregateByTarget,,datamine,,
GE_SH_RotheartRecluse_MeleeAutoAttack_Damage,ability_system,true,,,,,,datamine,,
GE_SH_RotheartRecluse_MeleeDot,ability_system,true,HasDuration,Rotheart Venom,Deals major damage over a short period of time.,AggregateByTarget,1.0,datamine,,
GE_SH_Spiderling_Leap_Damage,ability_system,true,,,,,,datamine,,
GE_SH_Spiderling_MeleeAutoAttack_Damage,ability_system,true,,,,,,datamine,,
GE_SH_Venomdrinker_CastProjectile_Damage,ability_system,true,,,,,,datamine,,
GE_SH_Venomdrinker_CastSlowHomingProjectile_Damage,ability_system,true,,,,,,datamine,,
GE_SH_Venomdrinker_CastSlowHomingProjectile_Immune,ability_system,false,HasDuration,,,,,datamine,,
GE_SH_Venomdrinker_CastSlowHomingProjectile_Targeted,ability_system,false,Infinite,,,,,datamine,,
GE_SH_Venomdrinker_Dot,ability_system,true,HasDuration,Necrotic Venom,Deals magic damage over time and reduces healing received by 5%.,AggregateByTarget,1.0,datamine,,
GE_SH_Venomdrinker_HealingReduction,ability_system,true,HasDuration,,,AggregateByTarget,,datamine,,
GE_SH_Venomdrinker_MeleeAutoAttack_Damage,ability_system,true,,,,,,datamine,,
GE_SH_Venomdrinker_Tornado_Damage,ability_system,true,,,,,,datamine,,
GE_SH_Venomdrinker_Tornado_Immune,ability_system,false,HasDuration,,,,,datamine,,
GE_SP_BossMarcass_BloodRain_Buff,ability_system,true,HasDuration,Rain of Blood,,AggregateByTarget,,datamine,,
GE_SP_BossMarcass_BloodRain_VolatileDamage,ability_system,true,,,,,,datamine,,
GE_SP_BossMarcass_ChanneledPulsingDamage_Absorb,ability_system,false,Infinite,Fatalistic Ritual,,,,datamine,,
GE_SP_BossMarcass_ChanneledPulsingDamage_Damage,ability_system,true,,,,,,datamine,,
GE_SP_BossMarcass_MeleeAutoAttack_Damage,ability_system,true,,,,,,datamine,,
GE_SP_BossMarcass_MultiCone_Damage,ability_system,true,,,,,,datamine,,
GE_SP_BossMarcass_PairUp_BreakDamage,ability_system,true,,,,,,datamine,,
GE_SP_BossMarcass_PairUp_Debuff_Dot,ability_system,false,HasDuration,,,AggregateByTarget,1.0,datamine,,
GE_SP_BossMarcass_PairUp_Debuff_Icon,ability_system,false,HasDuration,Blood Link,,AggregateByTarget,,datamine,,
GE_SP_BossMarcass_PairUp_Stun,ability_system,true,HasDuration,,Stun,,,datamine,,
GE_SP_BossMarcass_Stampede_Bleed,ability_system,true,HasDuration,Skullsaber Assault,,AggregateByTarget,1.0,datamine,,
GE_SP_BossMarcass_TankBuster_Damage,ability_system,true,,,,,,datamine,,
GE_SP_BossMarcass_TankBuster_DamageIncreaseDebuff,ability_system,true,HasDuration,Sundered Spirit,,AggregateByTarget,,datamine,,
GE_SP_FrostWolf_Bite_Damage,ability_system,true,,,,,,datamine,,
GE_SP_FrostWolf_Bite_Debuff,ability_system,true,HasDuration,,,AggregateByTarget,,datamine,,
GE_SP_FrostWolf_Bite_Dot,ability_system,true,HasDuration,Ferocious Bite,,AggregateByTarget,1.0,datamine,,
GE_SP_FrostWolf_MeleeAutoAttack_Damage,ability_system,true,,,,,,datamine,,
GE_SP_FrostWolf_Pursuit_Damage,ability_system,true,,,,,,datamine,,
GE_SP_FrostWolf_Pursuit_SelfSlow,ability_system,true,Infinite,,,,,datamine,,
GE_SP_FrostWolf_Pursuit_Stun,ability_system,true,HasDuration,Hunt Prey,,,,datamine,,
GE_SP_FrostWolf_Pursuit_Target,ability_system,false,Infinite,Hunt Prey,,,,datamine,,
GE_SP_PolarBear_MeleeAutoAttack_Damage,ability_system,true,,,,,,datamine,,
GE_SP_PolarBear_Stomp_Damage,ability_system,true,,,,,,datamine,,
GE_SP_PolarBear_Stomp_Immobilize,ability_system,true,HasDuration,Glacial Slam,,,,datamine,,
GE_SP_PolarBear_Tornadoes_Damage,ability_system,true,,,,,,datamine,,
GE_SP_PolarBear_Tornadoes_ImmuneToTornado,ability_system,false,HasDuration,,,,,datamine,,
GE_SP_PolarBear_Tornadoes_Slow,ability_system,true,HasDuration,Arctic Wail,,AggregateByTarget,,datamine,,
GE_ST_BigBloodElemental_ChannelBeam_Damage,ability_system,true,,,,,,datamine,,
GE_ST_BigBloodElemental_ChannelBeam_Debuff,ability_system,false,Infinite,Consume,Deals Magic Damage over time,,,datamine,,
GE_ST_BigBloodElemental_Dot,ability_system,false,HasDuration,Blood Boil,,,1.0,datamine,,
GE_ST_BigBloodElemental_MeleeAutoAttack_Damage,ability_system,true,,,,,,datamine,,
GE_ST_BloodBrute_AutoAttack_Damage,ability_system,true,,,,,,datamine,,
GE_ST_BloodBrute_BloodSpikes_Damage,ability_system,true,,,,,,datamine,,
GE_ST_BloodBrute_ChargeSoak_Damage,ability_system,true,,,,,,datamine,,
GE_ST_BloodBrute_TankSlamAoe_Damage,ability_system,true,,,,,,datamine,,
GE_ST_BloodBrute_TankSlam_Damage,ability_system,true,,,,,,datamine,,
GE_ST_BloodBrute_TankSlam_IncreaseDamageTakenDebuff,ability_system,true,HasDuration,Perishable Wounds,2% Increases damage taken per stack,AggregateByTarget,,datamine,,
GE_ST_BloodCreationBig_AutoAttack_Damage,ability_system,true,,,,,,datamine,,
GE_ST_BloodCreationBig_OnDeathAoe_Damage,ability_system,true,,,,,,datamine,,
GE_ST_BloodCreationBig_SaveSelf,ability_system,true,Infinite,,,,,datamine,,
GE_ST_BloodCreation_AutoAttack_Damage,ability_system,true,,,,,,datamine,,
GE_ST_BloodCreation_OnDeathAoe_Damage,ability_system,true,,,,,,datamine,,
GE_ST_BloodCreation_SaveSelf,ability_system,true,Infinite,,,,,datamine,,
GE_ST_BloodOrb_BuffBoss_Buff,ability_system,false,HasDuration,Sanguine Might,,AggregateByTarget,,datamine,,
GE_ST_BloodOrb_BuffBoss_Heal,ability_system,true,,,,,,datamine,,
GE_ST_BloodOrb_SharedHealth_Damage,ability_system,true,,,,,,datamine,,
GE_ST_BossArbiterIllusion_CastBeam_AoeDamage,ability_system,true,,,,,,datamine,,
GE_ST_BossArbiterIllusion_CastBeam_Dot,ability_system,true,HasDuration,Lingering Eradication,,AggregateByTarget,1.0,datamine,,
GE_ST_BossArbiterIllusion_CastBeam_TargetDamage,ability_system,true,,,,,,datamine,,
GE_ST_BossArbiterIllusion_Damage,ability_system,true,,,,,,datamine,,
GE_ST_BossArbiterIllusion_Dot,ability_system,true,Infinite,Gorging Pool,,,1.0,datamine,,
GE_ST_BossArbiterIllusion_Tick,ability_system,true,,,,,,datamine,,
GE_ST_BossArbiter_ArenaProjectiles_Damage,ability_system,false,Infinite,Marching Vessels: Unraveling Flesh,,,1.0,datamine,,
GE_ST_BossArbiter_ArenaProjectiles_Dot,ability_system,false,HasDuration,Marching Vessels: Unraveling Flesh,,AggregateByTarget,1.0,datamine,,
GE_ST_BossArbiter_ChannelTruesighter_Damage,ability_system,false,,,,,,datamine,,
GE_ST_BossArbiter_GiveTruesight_Buff2,ability_system,false,HasDuration,,,,,datamine,,
GE_ST_BossArbiter_GiveTruesight_Damage,ability_system,false,HasDuration,Truesight Corruption,,,1.0,datamine,,
GE_ST_BossArbiter_GiveTruesight_Damage_Duration,ability_system,true,,,,,,datamine,,
GE_ST_BossArbiter_GiveTruesight_Exhaust,ability_system,false,HasDuration,Exhausted Soul,,,,datamine,,
GE_ST_BossArbiter_GiveTruesight_Exhaust_Permanent,ability_system,true,Infinite,,,,,datamine,,
GE_ST_BossArbiter_GiveTruesight_StackingDebuff,ability_system,false,Infinite,Tired Eyes,,AggregateByTarget,,datamine,,
GE_ST_BossArbiter_GiveTruesight_StackingDebuff_Linger,ability_system,false,HasDuration,Tired Eyes,,AggregateByTarget,,datamine,,
GE_ST_BossArbiter_GiveTruesight_Truesight,ability_system,false,Infinite,True Sight,,,,datamine,,
GE_ST_BossArbiter_GiveTruesight_Truesight_Duration,ability_system,true,,,,,,datamine,,
GE_ST_BossArbiter_GiveTruesight_Truesight_Linger,ability_system,true,HasDuration,,,,,datamine,,
GE_ST_BossArbiter_LavaFloor_Damage,ability_system,false,Infinite,Corrupted Ground,,,1.0,datamine,,
GE_ST_BossArbiter_MazeNuke_Damage,ability_system,true,,,,,,datamine,,
GE_ST_BossArbiter_MazeNuke_Dot,ability_system,true,HasDuration,Repent,,,1.0,datamine,,
GE_ST_BossArbiter_MazeNuke_Vanish,ability_system,true,HasDuration,,,,,datamine,,
GE_ST_BossArbiter_Maze_BlockSkills,ability_system,false,Infinite,Pacified,,,,datamine,,
GE_ST_BossArbiter_Maze_Debuff,ability_system,false,HasDuration,Faltered Path,,AggregateByTarget,,datamine,,
GE_ST_BossArbiter_Maze_Explosion,ability_system,true,,,,,,datamine,,
GE_ST_BossArbiter_Maze_PlayerExplosion,ability_system,true,,,,,,datamine,,
GE_ST_BossArbiter_Maze_Safe,ability_system,false,Infinite,Elheryn's Internvention,,,,datamine,,
GE_ST_BossArbiter_Maze_SeeMaze,ability_system,false,Infinite,True Sight,,,,datamine,,
GE_ST_BossArbiter_MeleeAutoAttack_Damage,ability_system,true,,,,,,datamine,,
GE_ST_BossArbiter_PermanentTruesight_Buff,ability_system,false,Infinite,True Sight,,,,datamine,,
GE_ST_BossArbiter_RandomImpactsAoe_Damage,ability_system,true,,,,,,datamine,,
GE_ST_BossArbiter_Runes_Fail,ability_system,true,HasDuration,Sermon Sacrifice,,,1.0,datamine,,
GE_ST_BossArbiter_Runes_SelfBuff,ability_system,false,HasDuration,Sermon Aegis,,,,datamine,,
GE_ST_BossArbiter_Runes_Success,ability_system,true,HasDuration,Rune Rush,,,,datamine,,
GE_ST_BossArbiter_SingleEnemyEnrage_Buff,ability_system,false,Infinite,Prevailing Arrogance,,,,datamine,,
GE_ST_BossArbiter_TankSlam_Damage,ability_system,true,,,,,,datamine,,
GE_ST_BossArbiter_TankSlam_Debuff,ability_system,true,HasDuration,Contrite Weakness,,AggregateByTarget,,datamine,,
GE_ST_BossArbiter_TankSlam_ShortenCooldown,ability_system,false,HasDuration,,,AggregateByTarget,,datamine,,
GE_ST_BossDefenseEye_AbsorbAdds_HealSelf,ability_system,true,,,,,,datamine,,
GE_ST_BossDefenseEye_AoePlacementDebuff_Duration,ability_system,true,HasDuration,Vein Seed,An AoE will be placed at your feet when the timer runs out,,,datamine,,
GE_ST_BossDefenseEye_AoePlacementDebuff_Stack,ability_system,true,Infinite,Vein Sprout,An AoE will be placed at your feet if this reaches 3 stacks,AggregateByTarget,,datamine,,
GE_ST_BossDefenseEye_AoePlacementDebuff_Stack_Damage,ability_system,true,,,,,,datamine,,
GE_ST_BossDefenseEye_ApplyDelayedAoePlacementDebuffToAll_ExplosionDamage,ability_system,true,,,,,,datamine,,
GE_ST_BossDefenseEye_Beams_Increasing_Dammage,ability_system,true,,,,,1.0,datamine,,
GE_ST_BossDefenseEye_Beams_SelfRemainingHealth_Dammage,ability_system,true,,,,,1.0,datamine,,
GE_ST_BossDefenseEye_Immunity,ability_system,true,Infinite,,,,,datamine,,
GE_ST_BossDefenseEye_PlatformAoEDamage_AoeDot,ability_system,true,Infinite,,,AggregateByTarget,1.0,datamine,,
GE_ST_BossDefenseEye_PlatformAoEDamage_SlowEffect,ability_system,true,Infinite,Vein Constriction,Reduces movement speed. And deals damage over time.,AggregateByTarget,,datamine,,
GE_ST_BossDefenseEye_RotatingCross_Damage,ability_system,false,Infinite,Annihilation Protocol,Deals damage over time,AggregateByTarget,1.0,datamine,,
GE_ST_BossDefenseEye_RotatingCross_Hard_DamageOtherPlayers,ability_system,false,,,,,,datamine,,
GE_ST_BossDefenseEye_RotatingCross_Hard_IncreasingStacks_Debuff,ability_system,false,Infinite,Annihilation Protocol: Overcharge,Deals increasing magic damage over time. Deals big damage to the whole party when a party member walks into one of the beams. Effect gets removed when the rotating beams end.,AggregateByTarget,1.0,datamine,,
GE_ST_BossDefenseEye_SearchLight_AoeActor_SeenEffect,ability_system,false,Infinite,Seen,The Eye Sees You,,,datamine,,
GE_ST_BossDefenseEye_SearchLight_PlayerHasteBuff,ability_system,true,HasDuration,Undetected,Increases haste by 10% for 15 seconds.,AggregateByTarget,,datamine,,
GE_ST_BossDefenseEye_SearchLight_Pulse_Damage,ability_system,true,,,,,,datamine,,
GE_ST_BossDefenseEye_SlowDotAoe_Dot,ability_system,false,Infinite,,,AggregateByTarget,1.0,datamine,,
GE_ST_BossDefenseEye_SlowDotAoe_SlowEffect,ability_system,true,Infinite,Vein Constriction,Reduces movement speed and deals damage over time,AggregateByTarget,,datamine,,
GE_ST_BossDefenseEye_SpawnAdds_GrantOnDeathPassive,ability_system,true,Infinite,,,,,datamine,,
GE_ST_BossDefenseEye_SpawnAdds_Granted_OnDeathDamageBoss_Damage,ability_system,true,,,,,,datamine,,
GE_ST_BossGateKeeper_AuraHealingReduction,ability_system,true,Infinite,Edict of Frailty,Reduces healing recieved of nearby players by 20%,,,datamine,,
GE_ST_BossGateKeeper_AuraHealingReduction_AoeAuraActor,ability_system,true,,,,,,datamine,,
GE_ST_BossGateKeeper_AuraHealingReduction_HealingReductionDebuff,ability_system,false,Infinite,Edict of Frailty,Reduces all healing done by 20%,,,datamine,,
GE_ST_BossGateKeeper_AuraProximityDamage,ability_system,true,Infinite,Edict of Isolation ,Players deal damage equal to 10% of maximum health to any nearby allies.,,,datamine,,
GE_ST_BossGateKeeper_AuraProximityDamage_Damage,ability_system,true,,,,,,datamine,,
GE_ST_BossGateKeeper_AuraProximityDamage_Debuff,ability_system,false,Infinite,Edict of Isolation,,AggregateByTarget,,datamine,,
GE_ST_BossGateKeeper_AuraSlow,ability_system,true,Infinite,Edict of Burden,Reduces the movement speed of nearby players by 30%,,,datamine,,
GE_ST_BossGateKeeper_AuraSlow_SlowAoeAuraActor,ability_system,true,,,,,,datamine,,
GE_ST_BossGateKeeper_AuraSlow_SlowDebuff,ability_system,false,Infinite,Edict of Burden,25% Reduced movement speed,,,datamine,,
GE_ST_BossGatekeeper_Conduit_Circle_DescriptionBuff,ability_system,false,Infinite,Conduit of the Bleeding Gaze,"Projectiles shoot out across the Arena constantly, dealing heavy impact damage to anyone hit.",,,datamine,,
GE_ST_BossGatekeeper_Conduit_Circle_ProjectileDamage,ability_system,true,,,,,,datamine,,
GE_ST_BossGatekeeper_Conduit_Square_AttachedSoak_Debuff,ability_system,true,HasDuration,Corrupting Shot,"Taking magic damage over time.

When Corrupting Shot is dispelled or expires, it will explode splitting damage with all nearby heroes.",,,datamine,,
GE_ST_BossGatekeeper_Conduit_Square_AttachedSoak_SoakExplodeDamage,ability_system,true,,,,,,datamine,,
GE_ST_BossGatekeeper_Conduit_Square_DescriptionBuff,ability_system,false,Infinite,Conduit of the Burning Circle,"Periodic soaks are spawned that have to be soaked by all players. 
Deals shared impact damage on hit, and if no one soaks deals extremely heavy aoe damage to everyone.",,,datamine,,
GE_ST_BossGatekeeper_Conduit_Triangle_AoeDamage,ability_system,true,,,,,,datamine,,
GE_ST_BossGatekeeper_Conduit_Triangle_DescriptionBuff,ability_system,false,Infinite,Conduit of Striking Shadows,Strikes players with shadow damage every 1.5 seconds.,,,datamine,,
GE_ST_BossGatekeeper_Enrage_Buff,ability_system,false,Infinite,Enrage,,AggregateByTarget,,datamine,,
GE_ST_BossGatekeeper_Invulnerable,ability_system,false,Infinite,,,,,datamine,,
GE_ST_BossGatekeeper_MeleeAutoAttack_Damage,ability_system,true,,,,,,datamine,,
GE_ST_BossGatekeeper_MultiCastedMeleeStrike_Damage,ability_system,true,,,,,,datamine,,
GE_ST_BossGatekeeper_MultiCastedMeleeStrike_Debuff,ability_system,false,Infinite,Mortal Wounds,The damage you receive from Exsanguinating Strike is increased by 10% for each stack,AggregateByTarget,,datamine,,
GE_ST_BossGatekeeper_MultiCastedMeleeStrike_FinalBlowDamage,ability_system,true,,Final Blow,,,,datamine,,
GE_ST_BossGatekeeper_PullAndCastedAoe_AoeDamage,ability_system,true,,,,,,datamine,,
GE_ST_BossGatekeeper_PullAndCastedAoe_Imobalize,ability_system,false,HasDuration,Gatekeeper's Judgment,,AggregateByTarget,,datamine,,
GE_ST_BossGatekeeper_TankCone_Damage,ability_system,true,,,,,,datamine,,
GE_ST_BossGatekeeper_TankCone_DestroyConduitBossBuff,ability_system,false,Infinite,Unfettering Power,,AggregateByTarget,,datamine,,
GE_ST_BossGatekeeper_TankCone_DestroyConduitBossBuff_Empowered,ability_system,true,,,,,,datamine,,
GE_ST_SanguineCrusher_Knockback_Damage,ability_system,true,,,,,,datamine,,
GE_ST_SanguineCrusher_MeleeAutoAttack_Damage,ability_system,true,,,,,,datamine,,
GE_ST_SanguineCrusher_TankSlam_Damage,ability_system,true,,,,,,datamine,,
GE_ST_SmallBloodElemental_CastProjectile_Damage,ability_system,true,,,,,,datamine,,
GE_ST_SmallBloodElemental_MeleeAutoAttack_Damage,ability_system,true,,,,,,datamine,,
GE_ST_SmallBloodElemental_SpinProjectiles_Damage,ability_system,true,,,,,,datamine,,
GE_Shared_Allies_SetSpeed,npc,true,Infinite,,,,,datamine,,
GE_Shared_BeingPulled,shared,true,Infinite,,,,,datamine,,
GE_Shared_BlindDeaf_NoAggro,ability_system,true,Infinite,,,,,datamine,,
GE_Shared_ChargeCooldownNoCooldownRecovery,shared,true,,,,,,datamine,,
GE_Shared_ChargeCooldownNoHaste,shared,true,,,,,,datamine,,
GE_Shared_Cooldown_DefaultScale,shared,true,HasDuration,,,,,datamine,,
GE_Shared_Cooldown_DefaultScale_NoCooldownRecovery,shared,true,HasDuration,,,,,datamine,,
GE_Shared_Cooldown_HasteScale,shared,true,HasDuration,,,,,datamine,,
GE_Shared_Cooldown_RelicScale,shared,true,HasDuration,,,,,datamine,,
GE_Shared_Cooldown_Static,shared,true,HasDuration,,,,,datamine,,
GE_Shared_FadeIn,shared,true,HasDuration,,,,,datamine,,
GE_Shared_ForceHideOverheadWidget,shared,true,Infinite,,,,,datamine,,
GE_Shared_GainSetByCallerAnyResource,hero,true,,,,,,datamine,,
GE_Shared_GainSetByCallerMana,hero,true,,,,,,datamine,,
GE_Shared_GainSetByCallerResource,hero,true,,,,,,datamine,,
GE_Shared_GainSetByCallerResourceSecond,hero,true,,,,,,datamine,,
GE_Shared_GainSetByCallerResourceTertiary,hero,true,,,,,,datamine,,
GE_Shared_GainSingleMana,hero,true,,,,,,datamine,,
GE_Shared_GainSingleResource,hero,true,,,,,,datamine,,
GE_Shared_GainSingleResourceSecond,hero,true,,,,,,datamine,,
GE_Shared_GemOvercapBonus,gem,true,Infinite,,,,,datamine,,
GE_Shared_GenericAoeInstantHitEffect,shared,true,,,,,,datamine,,
GE_Shared_HeroMatchMakingTimeOut,hero,true,HasDuration,Match Making Time Out,,,,datamine,,
GE_Shared_HeroZoneOutOfCombatRegenBuff,other,true,Infinite,Regenerate,You have additional out of combat health and mana regeneration,AggregateByTarget,,datamine,,
GE_Shared_Idle_Sleep_Blind,ability_system,true,Infinite,Sleeping,Maybe you can sneak by?,,,datamine,,
GE_Shared_Immunity_AllBeneficial,shared,true,Infinite,,,,,datamine,,
GE_Shared_Immunity_AllCC,shared,false,Infinite,,,,,datamine,,
GE_Shared_Immunity_Incited,shared,false,Infinite,,,,,datamine,,
GE_Shared_Immunity_Polymorph,shared,false,Infinite,,,,,datamine,,
GE_Shared_Immunity_Taunt,shared,false,Infinite,,,,,datamine,,
GE_Shared_InstantMaxHealth_SetByCaller,shared,true,,,,,,datamine,,
GE_Shared_InstantlyReviveCharacter,shared,true,,,,,,datamine,,
GE_Shared_InterruptCooldown,shared,true,HasDuration,,,,,datamine,,
GE_Shared_MaxHealthHeal,shared,true,,,,,,datamine,,
GE_Shared_ModifyStagger,hero,true,,,,,,datamine,,
GE_Shared_NPC_BackgroundFighting,ability_system,true,Infinite,Background Fighter,,,,datamine,,
GE_Shared_NPC_FollowJump_FollowJumpEffect,ability_system,false,Infinite,,,,,datamine,,
GE_Shared_NPC_FollowJump_PreJumpEffect,ability_system,false,Infinite,,,,,datamine,,
GE_Shared_NPC_NoKillscore,ability_system,false,Infinite,,,,,datamine,,
GE_Shared_NPC_NoSpiritPointValue,ability_system,false,Infinite,,,,,datamine,,
GE_Shared_NPC_ReturningHomeBuff,shared,true,Infinite,,,,,datamine,,
GE_Shared_NPC_Roam,shared,true,Infinite,,,,,datamine,,
GE_Shared_OverrideSetByCallerTertiaryResource,hero,true,,,,,,datamine,,
GE_Shared_Passive_PowerScaler,hero,true,Infinite,Reduced Power,Your damage and health have been scaled down based on your highest average item level.,,,datamine,,
GE_Shared_PolymorphChicken_AutoAttack_Damage,ability_system,true,,Peck,,,,datamine,,
GE_Shared_ReflectDamage_Damage,shared,true,,,,,,datamine,,
GE_Shared_RemoveAllGeneratedThreat,hero,true,,,,,,datamine,,
GE_Shared_ResetEncounter,shared,true,HasDuration,,,,,datamine,,
GE_Shared_RespawnCooldown,shared,true,HasDuration,Respawn Cooldown,Not able to respawn for a period,,,datamine,,
GE_Shared_RespawnGracePeriod,shared,false,HasDuration,,,,,datamine,,
GE_Shared_ScaleAllThreat,hero,true,,,,,,datamine,,
GE_Shared_SpendSingleResource,hero,true,,,,,,datamine,,
GE_Shared_SpendSingleResourceSecond,hero,true,,,,,,datamine,,
GE_Shared_SpiritAbility_Cost,hero,true,,,,,,datamine,,
GE_Shared_SpiritPointGain,hero,true,,,,,,datamine,,
GE_Shared_SpiritRefund_Buff,hero,true,HasDuration,Rising Spirit,,AggregateBySource,,datamine,,
GE_Shared_SpiritRefund_VFX,hero,true,,,,,,datamine,,
GE_Shared_SpiritTriggeredBuff,hero,true,HasDuration,Spirit of Heroism,Haste is increased by 30%.,AggregateByTarget,,datamine,,
GE_Shared_SpiritTriggeredBuff_Healer,hero,true,HasDuration,Spirit of Heroism,"Haste is increased by 30%.

Mana regeneration is increased by 600%.",AggregateByTarget,,datamine,,
GE_Shared_SpiritTriggeredBuff_NotTank,hero,true,HasDuration,Spirit of Heroism,Haste is increased by 30%.,AggregateByTarget,,datamine,,
GE_Shared_Stagger_Damage,shared,true,,,,,,datamine,,
GE_Shared_Stationary,shared,true,Infinite,,,,,datamine,,
GE_Shared_StatusApplication_Incited,shared,true,,,,,,datamine,,
GE_Shared_StatusEffect_Incited,shared,true,Infinite,,,,,datamine,,
GE_Shared_Status_BeingRevived,shared,true,Infinite,Pending Revive,Waiting for revive confirmation,,,datamine,,
GE_Shared_Status_IgnoreAutoAttackInput,shared,true,Infinite,,,,,datamine,,
GE_Shared_Stealth,shared,true,Infinite,,,,,datamine,,
GE_Shared_SuperFlatHeal_SetByCaller_NoLogging,shared,true,,,,,,datamine,,
GE_Shared_Talent_AbilityCommitToSpiritRefund_GrantSpiritPointsAtDungStart,hero,true,,,,,,datamine,,
GE_Shared_Talent_AbilityCommitToSpiritRefund_Proc,hero,true,HasDuration,Undulating Spirit,Your next ability has a 100% chance to trigger Spirit Refund.,AggregateByTarget,,datamine,,
GE_Shared_Tank_ReducedIncomingDamage,hero,true,Infinite,,,,,datamine,,
GE_Shared_TargetDummy_Damage,ability_system,true,,Dummy Slap,,,,datamine,,
GE_Shared_TargetDummy_IgnoreHealThreat,ability_system,true,Infinite,,,AggregateByTarget,,datamine,,
GE_Shared_TargetDummy_MinHealthIsMaxHealth,ability_system,true,Infinite,,,AggregateByTarget,,datamine,,
GE_Shared_ZoneAIPostDeathEffect,other,true,HasDuration,,,,,datamine,,
GE_Shared_ZoneAIRespawn_Revive,other,true,,,,,,datamine,,
GE_Shared_ZoneAISpawnFadeIn,other,true,HasDuration,,,,,datamine,,
GE_Sune_AoeMeleeDamageBoostAndManaRefundDebuff_Debuff,hero,true,HasDuration,Sunstruck,"Omnistrike consumes all stacks of Sunstruck on all enemies hit, replenishing 100 Mana plus an additional 40 Mana for each stack beyond the first that is consumed.",AggregateBySource,,datamine,,
GE_Sune_AoeMelee_Damage,hero,true,,,,,,datamine,,
GE_Sune_AtTargetInstantAoe_Damage,hero,true,,,,,,datamine,,
GE_Sune_AtTargetInstantAoe_ManaCost,hero,true,,,,,,datamine,,
GE_Sune_AutoAttackParryDebuff_Debuff,hero,true,HasDuration,Blinded,"+20% cance to be <bold>Parried</> by you.

1 stack of <bold>Blinded</> is consumed when you <bold>Parry</> an attack from this enemy.",AggregateBySource,,datamine,,
GE_Sune_AutoAttackParryDebuff_SelfBuff,hero,true,,,,AggregateBySource,,datamine,,
GE_Sune_BuffedTargetedCastedHealOrDamage_Buff,hero,true,HasDuration,Omega Reprieval,"Your next Brilliant Flash is <bold>Enhanced</> does not consume <bold>Swift Reprievals</> and replenishes <bold>12% of your maximum Mana</>.

Any Brilliant Flashes that heal you are also 100% more powerful.",AggregateBySource,,datamine,,
GE_Sune_CastedSingleTargetHeal_Heal,hero,true,,,,,,datamine,,
GE_Sune_CastedSingleTargetHeal_ManaCost,hero,true,,,,,,datamine,,
GE_Sune_DamageTransferAura_AllyBuff,hero,true,Infinite,Gift of Solace,10% of all damage taken is redirected to Xavian.,,,datamine,,
GE_Sune_DamageTransferAura_AllyBuff_Stacker,hero,true,Infinite,,,AggregateByTarget,,datamine,,
GE_Sune_DamageTransferAura_Damage,hero,true,,,,,,datamine,,
GE_Sune_DamageTransferAura_ManaCost,hero,true,,,,,,datamine,,
GE_Sune_DamageTransferAura_SelfBuff,hero,true,Infinite,Aura of Solace,"+8% Parry Chance.

Periodically burning all enemies in combat with you within a large radius.

10% of all damage taken by allies is redirected to you.",,,datamine,,
GE_Sune_DamageTransferAura_TransferedDamage,hero,true,,,,,,datamine,,
GE_Sune_DroppedPulseAoe_Damage,hero,true,,,,,,datamine,,
GE_Sune_DroppedPulseAoe_ManaCost,hero,true,,,,,,datamine,,
GE_Sune_DroppedPulseAoe_SelfBuff,hero,true,Infinite,Shining Halo,You take 20% reduced damage while standing in the Shining Halo,,,datamine,,
GE_Sune_InstantCleaveMelee_Damage,hero,true,,,,,,datamine,,
GE_Sune_InstantConeStunAndPull_Damage,hero,true,,,,,,datamine,,
GE_Sune_InstantConeStunAndPull_Stun,hero,true,HasDuration,Stunned,Stunned for a short duration.,,,datamine,,
GE_Sune_InstantConteStunAndPull_Pull_Activator,hero,true,Infinite,,,AggregateByTarget,,datamine,,
GE_Sune_InstantSingleTargetHealOrDamage_Damage,hero,true,,,,,,datamine,,
GE_Sune_InstantSingleTargetHealOrDamage_Heal,hero,true,,,,,,datamine,,
GE_Sune_InstantSingleTargetHealOrDamage_ResourceCost,hero,true,,,,,,datamine,,
GE_Sune_MeleeAutoAttack_Damage,hero,true,,,,,,datamine,,
GE_Sune_OverhealToAoeDamage_Damage,hero,true,,,,,,datamine,,
GE_Sune_Passive_SpiritPercentToMaxMana,hero,true,Infinite,,,,,datamine,,
GE_Sune_Passive_talent_ResourceConsumed_StackingBuffToProc_Stacker,hero,true,Infinite,Grossly Incandescent,"Each time you consume a <bold>Swift Reprieval</>, you gain 1 stack of <bold>Grossly Incandescent</>.

When you reach 5 stacks of <bold>Grossly Incandescent</> you are granted 1 charge of <bold>Omega Reprieval</>.",AggregateByTarget,,datamine,,
GE_Sune_Resource_Proc,hero,true,Infinite,Swift Reprieval,"Your Brilliant Flare turns into Brilliant Flash, causing it to be instant cast, have no Mana cost, and when cast with an enemy as target - it heals you as well.

Brilliant Flash requres and consumes 1 stack of Swift Reprieval.",AggregateByTarget,,datamine,,
GE_Sune_SelfImmunityAndAoeHeal_AoeDamage,hero,true,,,,,,datamine,,
GE_Sune_SelfImmunityAndAoeHeal_AoeHeal,hero,true,,,,,,datamine,,
GE_Sune_SelfImmunityAndAoeHeal_SelfBuff,hero,true,HasDuration,,,,,datamine,,
GE_Sune_SelfImmunityAndAoeHeal_SelfBuff_DamageReduction,hero,false,HasDuration,Decree of the Sun,Taking reduced damage and healing all alliies over time.,,,datamine,,
GE_Sune_SelfImmunityAndAoeHeal_SelfBuff_Immunity,hero,false,HasDuration,Decree of the Sun,"Immune to all damage for 5s, and healing all allies while active.

On expiration, explodes in Sunlight dealing damage to all nearby enemies",,,datamine,,
GE_Sune_SelfImmunityAndAoeHeal_SpiritPointCost,hero,true,,,,,,datamine,,
GE_Sune_SingleTargetAbsorb_Absorb,hero,true,HasDuration,Solar Shield,Absorbs incoming damage and reduces damage taken by 40%.,AggregateByTarget,,datamine,,
GE_Sune_SingleTargetAbsorb_ManaCost,hero,true,,,,,,datamine,,
GE_Sune_SingleTargetDamageTransfer_Buff,hero,true,HasDuration,Gift of Solace,50% of damage you take is transferred to Sune,AggregateBySource,,datamine,,
GE_Sune_SingleTargetDamageTransfer_TransferedDamage,hero,true,,,,,,datamine,,
GE_Sune_SingleTargetFillerMelee_Damage,hero,true,,,,,,datamine,,
GE_Sune_SingleTargetInterrupt_Interrupt,hero,true,,,,,,datamine,,
GE_Sune_SingleTargetInterrupt_Lockout,hero,true,,Tremble!,Locked out of magic usage,,,datamine,,
GE_Sune_SingleTargetTaunt_Taunt,hero,true,HasDuration,Taunted,Forced to attack Xavian.,,,datamine,,
GE_Sune_SpiritTriggeredBuff,hero,true,HasDuration,Spirit of Heroism,"Haste is increased by 30%.

Mana regeneration is increased by 600%.",AggregateByTarget,,datamine,,
GE_Sune_Talent_AoeMelee_CooldownProc_Proc,hero,true,HasDuration,Golden Hour,Your next Omnistrike has +25% increased Critical Strike chance,AggregateBySource,,datamine,,
GE_Sune_Talent_AtTargetInstantAoe_AddsDot_Dot,hero,true,HasDuration,Sunburn,Taking damage over time.,AggregateBySource,1.0,datamine,,
GE_Sune_Talent_AtTargetInstantAoe_AddsDot_SelfReducedDamage,hero,true,,,,AggregateBySource,,datamine,,
GE_Sune_Talent_AtTargetInstantAoe_DamageReduction_Debuff,hero,true,HasDuration,Blinding Horizon,Dealing 20% less damage to Xavier,AggregateBySource,,datamine,,
GE_Sune_Talent_AtTargetInstantAoe_DamageReduction_SelfBuff,hero,true,,,,AggregateBySource,,datamine,,
GE_Sune_Talent_DeathPrevention_Cooldown,hero,true,HasDuration,Fortress in the Sands: Exhausted,Your <bold>Fortress in the Sands</> has recently triggered and can not trigger again.,,,datamine,,
GE_Sune_Talent_DroppedPulseAoeDebuffsTargets_AttackSpeedDebuff,hero,true,Infinite,,,AggregateBySource,,datamine,,
GE_Sune_Talent_DroppedPulseAoeDebuffsTargets_Debuff,hero,true,Infinite,Imposing Presence,Enemies standing in your <bold>Shining Halo</> have 20% reduced attack speed and 35% reduced movement speed.,,,datamine,,
GE_Sune_Talent_DroppedPulseAoeDebuffsTargets_SlowDebuff,hero,true,Infinite,,,AggregateBySource,,datamine,,
GE_Sune_Talent_DroppedPulseAoe_HealsAlly_Heal,hero,true,,,,,,datamine,,
GE_Sune_Talent_DroppedPulseAoe_StackingBoostBuff,hero,true,HasDuration,Light's Oath,"At 8 stacks, your next <bold>Shining Halo</> deals 200% more damage",AggregateBySource,,datamine,,
GE_Sune_Talent_IncreasedParryChance_Buff,hero,true,Infinite,,,,,datamine,,
GE_Sune_Talent_InstantSingleTargetHealOrDamage_DotHot_Dot,hero,true,HasDuration,Sun's Touch,Taking magic damage over time.,AggregateBySource,1.0,datamine,,
GE_Sune_Talent_InstantSingleTargetHealOrDamage_DotHot_Hot,hero,true,HasDuration,Sun's Touch,Healing over time.,AggregateBySource,1.0,datamine,,
GE_Sune_Talent_LowHealthDamageReduction,hero,true,Infinite,Shifting Spectrum,Damage taken while at 40% hp or below is reduced by 20%,,,datamine,,
GE_Sune_Talent_ParryCounterAttack_Buff,hero,true,HasDuration,Vanguard of Vengeance,+0.5% Spirit per stack,AggregateBySource,,datamine,,
GE_Sune_Talent_ParryCounterAttack_Damage,hero,true,,,,,,datamine,,
GE_Sune_Talent_ReducedIncomingMagicDamage_Buff,hero,true,HasDuration,Magic Ward,,AggregateBySource,,datamine,,
GE_Sune_Talent_SingleTargetAbsorb_AoeDamage_Damage,hero,true,,,,,,datamine,,
GE_Sune_Talent_SingleTargetAbsorb_ParryBoost_Buff,hero,true,HasDuration,Hallowed Shield,Increases the absorb amount of your next <bold>Solar Shield</>,AggregateBySource,,datamine,,
GE_Sune_Talent_SingleTargetAbsorb_SecondaryStatBoosts_Buff,hero,true,Infinite,,,,,datamine,,
GE_Sune_Talent_SingleTargetAbsorb_SecondaryStatBoosts_SelfBuff,hero,true,Infinite,,,AggregateByTarget,,datamine,,
GE_Sune_Talent_SingleTargetFillerMelee_AoeProcBuff_Buff,hero,true,HasDuration,Sun's Verdict,Your next Sun Strike resets the cooldown of your Blinding Slash ability and beckons beams of light to deal damage to all enemies near your target.,AggregateBySource,,datamine,,
GE_Sune_Talent_SingleTargetFillerMelee_AoeProcBuff_Damage,hero,true,,,,,,datamine,,
GE_Sune_Talent_TargetedLeapAoe_MoveSpeedAndArmorBuff_Buff,hero,true,HasDuration,Tempered Descent,Sky Crash increases your movement speed by 20% and your Armor by 40% for 8 seconds,AggregateBySource,,datamine,,
GE_Sune_Talent_TargetedLeapAoe_ParryBuff,hero,true,HasDuration,Zenith Technique,Skycrash grants you +30% Parry for 5 seconds,AggregateBySource,,datamine,,
GE_Sune_TargetedCastedHealOrDamage_Damage,hero,true,,,,,,datamine,,
GE_Sune_TargetedCastedHealOrDamage_Heal,hero,true,,,,,,datamine,,
GE_Sune_TargetedCastedHealOrDamage_ManaCost,hero,true,,,,,,datamine,,
GE_Sune_TargetedCastedHealOrDamage_OnEnemy_Debuff,hero,true,HasDuration,Sunstruck,"'Brilliant Flash' consumes ""Sunstruck"" which causes 'Brilliant Flash' to also apply healing on self when damaging a target",,,datamine,,
GE_Sune_TargetedLeapAoe_Damage,hero,true,,,,,,datamine,,
GE_Sune_TargetedLeapAoe_SelfBuff,hero,false,Infinite,,,,,datamine,,
GE_Talent_HeavyMeleeDotBoost_IncreasedDotDamage,other,true,HasDuration,Sever,,AggregateBySource,,datamine,,
GE_Talent_InstantAoeDot_StacksToHaste_Buff,other,true,HasDuration,Massacre,,AggregateBySource,,datamine,,
GE_TauntTotem_Stats,hero,true,Infinite,,,,,datamine,,
GE_Trait_AbilityToIncreasedMainStat_Buff,ability_system,true,HasDuration,Power Revealed,Main Stat is increased.,AggregateBySource,,datamine,,
GE_Trait_AbilityToIncreasedMainStat_Stacker,ability_system,true,HasDuration,Hidden Power,"When you have 5 stacks, all stacks of ""Hidden Power"" are consumed and you gain the ""Power Revealed"" buff.",AggregateBySource,,datamine,,
GE_Trait_BigBlowMitigation_Cooldown,ability_system,true,HasDuration,Against All Odds: Cooldown,Against All Odds has recently triggered and is unavailable.,,,datamine,,
GE_Trait_CommitToHasteRatingAndWeaponCooldown_HasteRatingBuff,ability_system,true,HasDuration,Inspired Allegiance,Haste Rating is increased,AggregateBySource,,datamine,,
GE_Trait_CooldownRecoveryOnWeaponAbility_Buff,ability_system,true,HasDuration,Cooldown Recovery Bonus,Cooldown Recovery increased by 40%.,AggregateBySource,,datamine,,
GE_Trait_CritsToIncreasedCritRating_Counter,ability_system,true,Infinite,Seized Opportunity,Increased <bold>Critical Strike Rating</> once you reach <bold>20 stacks</>.,AggregateBySource,,datamine,,
GE_Trait_CritsToIncreasedCritRating_CritRatingBuff,ability_system,true,HasDuration,Seized Opportunity,Increased <bold>Critical Strike Rating</>,AggregateBySource,,datamine,,
GE_Trait_CritsToIncreasedPrimaryStatBuff_Buff,ability_system,true,HasDuration,Vengeful Soul,Your primary stat is increased.,AggregateBySource,,datamine,,
GE_Trait_CritsToIncreasedPrimaryStatBuff_Hot,ability_system,true,HasDuration,,,AggregateByTarget,1.5,datamine,,
GE_Trait_DamageReductionWhenHealthy,ability_system,true,Infinite,Heart of Stone,Taking reduced damage.,,,datamine,,
GE_Trait_DeathPreventionWithImmunity_Cooldown,ability_system,true,HasDuration,Ancestral Intervention: Cooldown,Ancestral Intervention has recently triggered and is unavailable.,,,datamine,,
GE_Trait_DeathPreventionWithImmunity_ImmunityBuff,ability_system,true,HasDuration,Ancestral Intervention,Immune to damage.,,,datamine,,
GE_Trait_ExtraDotHotOnEffectApplicationProc_Dot,ability_system,true,HasDuration,Kindling,Taking fire damage over time.,AggregateBySource,1.5,datamine,,
GE_Trait_ExtraDotHotOnEffectApplicationProc_Hot,ability_system,true,HasDuration,Kindling,Healing over time.,AggregateBySource,1.5,datamine,,
GE_Trait_FirstIncomingHitToReducedIncomingDamageBuff_Buff,ability_system,true,HasDuration,First Man Standing,All damage taken is reduced.,AggregateBySource,,datamine,,
GE_Trait_FirstIncomingHitToReducedIncomingDamageBuff_Marked,ability_system,true,Infinite,,,AggregateBySource,,datamine,,
GE_Trait_GemCooldownRecoveryOnAbilityProc_Buff,ability_system,true,HasDuration,Topaz Winds,Your cooldowns are counting down faster.,AggregateByTarget,,datamine,,
GE_Trait_GemDotHotOnCrit_DoT,ability_system,true,HasDuration,Amethyst Splinter,Deals damage over time,,2.0,datamine,,
GE_Trait_GemDotHotOnCrit_HoT,ability_system,true,HasDuration,Amethyst Splinter,Heals over time,,2.0,datamine,,
GE_Trait_GemPulsatingOnAbilityTotemProc_FlatDamage,ability_system,true,,,,,,datamine,,
GE_Trait_GemPulsatingOnAbilityTotemProc_FlatHeal,ability_system,true,,,,,,datamine,,
GE_Trait_GemSingleTargetProcOnDamageHeal_Buff,ability_system,true,HasDuration,Diamond Strike: Amplified,Taking +40% increased healing from your Diamond Strike per stack.,AggregateBySource,1.0,datamine,,
GE_Trait_GemSingleTargetProcOnDamageHeal_Damage,ability_system,true,,,,,,datamine,,
GE_Trait_GemSingleTargetProcOnDamageHeal_Debuff,ability_system,true,HasDuration,Diamond Strike: Amplified,Taking +40% increased damage from your Diamond Strike per stack.,AggregateBySource,1.0,datamine,,
GE_Trait_GemSingleTargetProcOnDamageHeal_Heal,ability_system,true,,,,,,datamine,,
GE_Trait_GemTargetedSpikeProc_Damage,ability_system,true,,,,,,datamine,,
GE_Trait_GemTargetedSpikeProc_KnockBackImmunity,ability_system,true,HasDuration,,,,,datamine,,
GE_Trait_GemWhirlwindProc_Damage,ability_system,true,,,,,,datamine,,
GE_Trait_IncomingDamageToDefenceAndDamage_Damage,ability_system,true,,Iron Spikes,"Taking damage has a chance to increase your Armor. While this is active, you deal a percent of your Main Stat physical damage to enemies who deal damage to you.",,,datamine,,
GE_Trait_IncomingDamageToDefenceAndDamage_DefenceBuff,ability_system,true,HasDuration,Iron Spikes,"Granted bonus Armor.

Attackers take damage.",AggregateBySource,,datamine,,
GE_Trait_IncomingDamageToHotAndAbsorb_Absorb,ability_system,true,HasDuration,Divine Mediation: Shield,Absorbs incoming damage.,AggregateByTarget,,datamine,,
GE_Trait_IncomingDamageToHotAndAbsorb_Hot,ability_system,true,HasDuration,Divine Mediation: Heal,Healing over time.,AggregateBySource,2.0,datamine,,
GE_Trait_IncomingHealToStackingHealWithThreshold_Buff,ability_system,true,Infinite,Latent Resurgence,"When your health dips below 50%, all stacks of Latent Resurgence are consumed and you are instantly healed.",AggregateBySource,,datamine,,
GE_Trait_IncomingHealToStackingHealWithThreshold_Heal,ability_system,true,,Latent Resurgence,"When you are healed, you have a chance to gain 1 stack of Latent Resurgence up to a maximum of 10 stacks.

When your health dips below 50% all stacks of Latent Resurgence are consumed and you are instantly healed.",,,datamine,,
GE_Trait_IncreasedMainStatAndSpiritRating_MainStat,ability_system,true,HasDuration,Willful Momentum,Your Strength / Agility / Intellect is increased.,AggregateBySource,,datamine,,
GE_Trait_IncreasedMainStatAndSpiritRating_SpiritRating,ability_system,true,Infinite,,,AggregateBySource,,datamine,,
GE_Trait_IncreasedStaminaToHealthConversion,ability_system,true,Infinite,,,,,datamine,,
GE_Trait_NoDamageToDamageReduction_Buff,ability_system,true,Infinite,Stalwart Readiness,Reduces damage taken.,AggregateBySource,,datamine,,
GE_Trait_OffensiveAbilityHasteRatingStacking_Buff,ability_system,true,HasDuration,Trait : Focused Haste,Your Haste rating is increased for 8 seconds.,AggregateBySource,,datamine,,
GE_Trait_OffensiveAbilityToHighestStatBuff_Buff_Crit,ability_system,true,HasDuration,Navigator's Intuition : Critical Strike,Your Critical Strike Rating is increased.,AggregateBySource,,datamine,,
GE_Trait_OffensiveAbilityToHighestStatBuff_Buff_Expertise,ability_system,true,HasDuration,Navigator's Intuition : Expertise,Your Expertise is increased.,AggregateBySource,,datamine,,
GE_Trait_OffensiveAbilityToHighestStatBuff_Buff_Haste,ability_system,true,HasDuration,Navigator's Intuition : Haste,Your Haste is increased.,AggregateBySource,,datamine,,
GE_Trait_OffensiveAbilityToHighestStatBuff_Buff_Spirit,ability_system,true,HasDuration,Navigator's Intuition : Spirit,Your Spirit is increased.,AggregateBySource,,datamine,,
GE_Trait_RelicToDamageReduction_Buff,ability_system,true,HasDuration,Treasure Hunter's Delight,,AggregateBySource,,datamine,,
GE_Trait_StandingStillHealStacking_Buff,ability_system,true,Infinite,Grounded Spirit,"Upon moving, all stacks of Grounded Spirit are consumed, healing you and 1 other nearby ally.",AggregateBySource,,datamine,,
GE_Trait_StandingStillHealStacking_Heal,ability_system,true,,Grounded Spirit,"Every 1.5 seconds you stand still, you gain 1 stack of Grounded Spirit up to 10 stacks.

Upon moving, all stacks of Grounded Spirit are consumed, and you are healed.",,,datamine,,
GE_Trait_StandingStillStaminaExpertiseRatingIncrease_Buff_Durational,ability_system,true,HasDuration,Patient Soul,Increased Max Health and Expertise Rating.,AggregateBySource,,datamine,,
GE_Trait_StandingStillStaminaExpertiseRatingIncrease_Buff_Infinite,ability_system,true,Infinite,Patient Soul,Increased Max Health and Expertise Rating.,AggregateBySource,,datamine,,
GE_Trait_WeaponCritChanceCooldownReduction_Buff,ability_system,true,Infinite,,,AggregateBySource,,datamine,,
GE_Trait_WeaponDamageReductionPrimaryStatIncrease_Buff,ability_system,true,HasDuration,Martial Initiative,Damage taken reduced and Primary Stat increased.,AggregateBySource,,datamine,,
GE_Trait_WeaponHealDamageIncrease_Buff,ability_system,true,Infinite,,,AggregateBySource,,datamine,,
GE_Tutorial_Shared_MinHealth,ability_system,true,Infinite,,,,,datamine,,
GE_UB_BossArchBishop_Orb_OrbOnDeathBuff_Buff,ability_system,true,HasDuration,Orb Energy,5% Additional damage per stack,AggregateByTarget,,datamine,,
GE_UB_BossArchbishop_AlternatingAOE_Clone_Debuff_Damage,ability_system,true,,,,,1.0,datamine,,
GE_UB_BossArchbishop_ArenaAoeBeam_Damage,ability_system,true,,,,,,datamine,,
GE_UB_BossArchbishop_AutoAttackMelee_Damage,ability_system,true,,,,,,datamine,,
GE_UB_BossArchbishop_FollowingCylinderAOE_Damage,ability_system,true,,,,,,datamine,,
GE_UB_BossArchbishop_FollowingCylinderAOE_DamageToOrb,ability_system,true,,,,,,datamine,,
GE_UB_BossArchbishop_RandomImpactsAOE_Damage,ability_system,true,,,,,1.0,datamine,,
GE_UB_BossArchbishop_SpawnOrbs_Orb_AOEDamage,ability_system,true,,,,,1.0,datamine,,
GE_UB_BossArchbishop_SpawnOrbs_Orb_BossDebuff,ability_system,true,HasDuration,Orb Corruption,Orb Corruption,AggregateByTarget,,datamine,,
GE_UB_BossArchbishop_SpawnOrbs_Orb_InvisibleImmuneAndUntargetable,ability_system,true,Infinite,,,,,datamine,,
GE_UB_BossCaster_CastedRangedProjectile_Damage,ability_system,true,,,,,,datamine,,
GE_UB_BossCaster_CastedRangedProjectile_HasteBuff,ability_system,false,HasDuration,Unholy Frenzy,Reduce the cast time on Soul Bolt by X%. This effect stacks.,AggregateByTarget,,datamine,,
GE_UB_BossCaster_MeleeAutoAttack_Damage,ability_system,true,,,,,,datamine,,
GE_UB_BossLifebringer_ImmuneAndUntargetable,ability_system,true,Infinite,,,,,datamine,,
GE_UB_BossLifebringer_MeleeAutoAttack_Damage,ability_system,true,,,,,,datamine,,
GE_UB_BossLifebringer_ResurectDamageIncrease,ability_system,true,Infinite,Blessing of the Lifebringer,Increases damage done by 25%. This effect stacks.,AggregateByTarget,,datamine,,
GE_UB_BossLunatic_BombProjectile_Damage,ability_system,true,,,,,,datamine,,
GE_UB_BossLunatic_ChasePlayer_Damage,ability_system,true,,,,,,datamine,,
GE_UB_BossLunatic_ChasePlayer_Mark,ability_system,false,Infinite,Focused,The Lunatic is chasing you!,AggregateByTarget,,datamine,,
GE_UB_BossLunatic_ChasePlayer_Stun,ability_system,true,HasDuration,Charged!,,,,datamine,,
GE_UB_BossLunatic_MeleeAutoAttack_Damage,ability_system,true,,,,,,datamine,,
GE_UB_BossMarcassCree_CastedTankBuster_Damage,ability_system,true,,,,,,datamine,,
GE_UB_BossMarcassCree_CastedTankBuster_DamageIncreaseDebuff,ability_system,true,HasDuration,Sundered Spirit,Commander Marcass's Spirit Strike deals increased damage.,AggregateByTarget,,datamine,,
GE_UB_BossMarcassCree_ChasingCircles_Damage,ability_system,true,,,,,,datamine,,
GE_UB_BossMarcassCree_CircleAoe_Damage,ability_system,true,,,,,,datamine,,
GE_UB_BossMarcassCree_FrontalCone_Damage,ability_system,true,,,,,,datamine,,
GE_UB_BossMarcassCree_FrontalCone_Dot,ability_system,true,Infinite,Soulflame ,You are taking damage over time.,,1.0,datamine,,
GE_UB_BossMarcassCree_MeleeAutoAttack_Damage,ability_system,true,,,,,,datamine,,
GE_UB_BossMarcassCree_Minion_ChanneledAttack_Damage,ability_system,true,,,,,,datamine,,
GE_UB_BossMarcassCree_Minion_ChanneledAttack_Stun,ability_system,true,Infinite,Stunned,You are stunned,AggregateByTarget,,datamine,,
GE_UB_BossMarcassCree_Minion_Jump_Bleed,ability_system,true,HasDuration,Skullsaber Ambush,Bleeding for moderate damage every second for a short duration.,,1.0,datamine,,
GE_UB_BossMarcassCree_Minion_MeleeAutoAttack_Damage,ability_system,true,,,,,,datamine,,
GE_UB_BossMarcassCree_PairUp_Debuff,ability_system,false,HasDuration,Bind Souls,"You are taking damage over time. The further away you are from your linked partner, the more damage you take.",AggregateByTarget,1.0,datamine,,
GE_UB_BossMarcassCree_Stampede_Bleed,ability_system,true,HasDuration,Skullsaber Assault,You are taking physical damage over time,,1.0,datamine,,
GE_UB_BossOperator_MeleeAutoAttack,ability_system,true,,,,,,datamine,,
GE_UB_BossOperator_Mounted_ImmuneBuff,ability_system,true,Infinite,,,,,datamine,,
GE_UB_BossSiegeGraveyard_CastHomingProjectileSpawnCorpse_ProjectileDamage,ability_system,true,,,,,,datamine,,
GE_UB_BossSiegeGraveyard_MeleeAutoAttack_Damage,ability_system,true,,,,,,datamine,,
GE_UB_BossSiegeGraveyard_SpawnAddPassive_StackBuff,ability_system,false,Infinite,Exhuming Corpses,Every time the Carrion collector takes 10% of their max health in damage. A Soulstained Shambler spawns at their feet,AggregateByTarget,,datamine,,
GE_UB_BossSiegeGraveyard_TriggerNearbyCorpseAOE_ExplosionDamage,ability_system,true,,,,,,datamine,,
GE_UB_BossSiegeGraveyard_TriggerNearbyCorpseAOE_UnavoidableDamage,ability_system,true,,,,,,datamine,,
GE_UB_BossWarMachine_AoeCircles_Damage,ability_system,true,,,,,,datamine,,
GE_UB_BossWarMachine_BonusStackDot_Dot,ability_system,true,HasDuration,You're HOT! ;),Taking damage over time,AggregateByTarget,1.0,datamine,,
GE_UB_BossWarMachine_Dismounted_Heal,ability_system,true,Infinite,,,,1.0,datamine,,
GE_UB_BossWarMachine_Dismounted_ImmuneBuff,ability_system,true,Infinite,,,,,datamine,,
GE_UB_BossWarMachine_FireSweep_Dot,ability_system,false,Infinite,Soulpowder Flame,You are taking damage over time,,1.0,datamine,,
GE_UB_BossWarMachine_LinkTargets_Dot,ability_system,false,Infinite,Chained,You're taking damage and being slowed,AggregateByTarget,1.0,datamine,,
GE_UB_BossWarMachine_LinkTargets_Slow,ability_system,false,Infinite,,,AggregateByTarget,,datamine,,
GE_UB_BossWarMachine_MeleeAutoAttack_Damage,ability_system,true,,,,,,datamine,,
GE_UB_BossWarMachine_MeleeRangeAoeExplosion_Damage,ability_system,true,,,,,,datamine,,
GE_UB_BossWarband_BleedBuff_Dot,ability_system,true,HasDuration,Bleed,"You are bleeding, taking damage over time.",AggregateByTarget,1.0,datamine,,
GE_UB_BossWarband_DotAura_Dot,ability_system,true,Infinite,Rising Heat,You are taking damage over time from the nearby Soulstained Incinerator,AggregateByTarget,1.0,datamine,,
GE_UB_BossWarband_SharedHealth_Damage,ability_system,true,,,,,,datamine,,
GE_UB_BossWarband_SharedHealth_Heal,ability_system,true,,,,,,datamine,,
GE_UB_BossWarmachine_MassAoeDot_Dot,ability_system,false,Infinite,You're smoked! =),,AggregateByTarget,2.0,datamine,,
GE_UB_BossWarrior_FrontalConeAttack_Damage,ability_system,true,,,,,,datamine,,
GE_UB_BossWarrior_MeleeAutoAttack_Damage,ability_system,true,,,,,,datamine,,
GE_UB_BossWarrior_RangedDotProjectile_Bleed,ability_system,true,HasDuration,,,,1.0,datamine,,
GE_UB_BossWarrior_RangedDotProjectile_Damage,ability_system,true,,,,,,datamine,,
GE_UB_BossWarrior_RangedDotProjectile_HealReduction,ability_system,true,HasDuration,,,,,datamine,,
GE_UB_CadavrianBannerman_AoeStun_Damage,ability_system,true,,,,,,datamine,,
GE_UB_CadavrianBannerman_AoeStun_Stun,ability_system,true,HasDuration,Warhorse Stomp,You are stunned,,,datamine,,
GE_UB_CadavrianBannerman_CastedHighestThreatAoe_Damage,ability_system,true,,,,,,datamine,,
GE_UB_CadavrianBannerman_ChargeFurthestTargetAoe_AoeDamage,ability_system,true,Infinite,,,AggregateByTarget,1.0,datamine,,
GE_UB_CadavrianBannerman_ChargeFurthestTargetAoe_Damage,ability_system,true,,,,,,datamine,,
GE_UB_CadavrianBannerman_MeleeAutoAttack_Damage,ability_system,true,,,,,,datamine,,
GE_UB_CadavrianBannerman_WarHorn_Buff,ability_system,true,HasDuration,War Horn,You deal increased damage,AggregateByTarget,,datamine,,
GE_UB_CarrionCollector_CastHomingProjectileSpawnCorpse_ProjectileDamage,ability_system,true,,,,,,datamine,,
GE_UB_CarrionCollector_MeleeAutoAttack_Damage,ability_system,true,,,,,,datamine,,
GE_UB_CarrionCollector_TriggerNearbyCorpseAOE_ExplosionDamage,ability_system,true,,,,,,datamine,,
GE_UB_CarrionCollector_TriggerNearbyCorpseAOE_UnavoidableDamage,ability_system,true,,,,,,datamine,,
GE_UB_Corpse_MeleeAutoAttack_Damage,ability_system,true,,,,,,datamine,,
GE_UB_Crusader_CastedHighestThreatAoe_Damage,ability_system,true,,,,,,datamine,,
GE_UB_Crusader_CastedHighestThreatDot_Dot,ability_system,true,HasDuration,Bleed,You are losing blood!,AggregateByTarget,1.0,datamine,,
GE_UB_Crusader_MeleeAutoAttack_Damage,ability_system,true,,,,,,datamine,,
GE_UB_DeadeyeArbalest_LineAttack_Damage,ability_system,true,,,,,,datamine,,
GE_UB_DeadeyeArbalest_LineAttack_Debuff,ability_system,true,HasDuration,Soulpiercer,"Main stat reduced by 25% and chance to Dodge, Block and Parry reduced by 25%.",AggregateByTarget,,datamine,,
GE_UB_DeadeyeArbalest_RangedAutoAttack_Damage,ability_system,true,,,,,,datamine,,
GE_UB_DefendingArcher_ExitCombatBuff_Buff,ability_system,true,HasDuration,Archer's Support,You have increased movement speed,AggregateByTarget,,datamine,,
GE_UB_DefendingArcher_RangedAutoAttack_Damage,ability_system,true,,,,,,datamine,,
GE_UB_DefendingArcher_Volley_Dot,ability_system,true,Infinite,Volley,,,1.0,datamine,,
GE_UB_DefendingCleric_CastedProjectile_Damage,ability_system,true,,,,,,datamine,,
GE_UB_DefendingCleric_ExitCombatBuff_Hot,ability_system,true,HasDuration,Cleric's Support,You have increased movement speed,AggregateByTarget,1.0,datamine,,
GE_UB_DefendingCleric_Heal_Hot,ability_system,true,Infinite,Desperate Prayer,You are healing over time,,1.0,datamine,,
GE_UB_DefendingCleric_MeleeAutoAttack_Damage,ability_system,true,,,,,,datamine,,
GE_UB_DefendingKnight_ExitCombatBuff_Buff,ability_system,true,HasDuration,Knight's Oath,You deal increased damage,AggregateByTarget,,datamine,,
GE_UB_DefendingKnight_FrontalCone_Damage,ability_system,true,,,,,,datamine,,
GE_UB_DefendingKnight_MeleeAutoAttack_Damage,ability_system,true,,,,,,datamine,,
GE_UB_FallenCleric_CastedProjectile_Damage,ability_system,true,,,,,,datamine,,
GE_UB_FallenCleric_HealDebuff_Debuff,ability_system,true,HasDuration,Corrupting Prayer,Your healing received is reduced,AggregateByTarget,,datamine,,
GE_UB_FallenCleric_MeleeAutoAttack_Damage,ability_system,true,,,,,,datamine,,
GE_UB_FerventSoldier_MeleeAutoAttack_Buff,ability_system,true,HasDuration,Fervor,2% increased Haste per stack.,AggregateByTarget,,datamine,,
GE_UB_FerventSoldier_MeleeAutoAttack_Damage,ability_system,true,,,,,,datamine,,
GE_UB_Healer_CastedAoeHeal_Heal,ability_system,true,,,,,,datamine,,
GE_UB_Healer_CastedAoeHeal_HealBuff,ability_system,true,Infinite,Unholy Pulse,Heals all nearby enemies by 2% of their maximum health for 10 seconds.,,,datamine,,
GE_UB_Healer_CastedDamageReductionAoe_Buff,ability_system,true,Infinite,Protection,The enemy takes 25% less damage,,,datamine,,
GE_UB_Healer_MeleeAutoAttack_Damage,ability_system,true,,,,,,datamine,,
GE_UB_HealingMinion_Heal,ability_system,true,,,,,,datamine,,
GE_UB_HealingMinion_PostDeathCleanse_Buff,ability_system,true,Infinite,Cleanse,,,,datamine,,
GE_UB_NecroticMas_CastedReviveAndConvert_BeingRevived,ability_system,true,Infinite,,,,,datamine,,
GE_UB_NecroticMass_DebuffAuraPassive_Debuff,ability_system,false,HasDuration,Necrotic Miasma,Damage taken increased by 1% per stack,AggregateByTarget,,datamine,,
GE_UB_NecroticMass_PreSpawnedStatus,ability_system,true,Infinite,,,,,datamine,,
GE_UB_NecroticMass_SpawnExplosionDamage,ability_system,true,,,,,,datamine,,
GE_UB_NightclawBreacher_CastedAoeStun_Damage,ability_system,true,,,,,,datamine,,
GE_UB_NightclawBreacher_CastedAoeStun_Stun,ability_system,true,HasDuration,Stunned,Unable to move,,,datamine,,
GE_UB_NightclawBreacher_Fear_Fear,ability_system,false,HasDuration,Terrifying Howl,You are terrified,AggregateByTarget,,datamine,,
GE_UB_NightclawBreacher_MeleeAutoAttack_Damage,ability_system,true,,,,,,datamine,,
GE_UB_NightclawBreacher_Slam_Damage,ability_system,true,,,,,,datamine,,
GE_UB_NightclawBreacher_ThrowRock_Damage,ability_system,true,,,,,,datamine,,
GE_UB_NightclawBreacher_ThrowRock_Stun,ability_system,true,HasDuration,Stun,You are stunned,,,datamine,,
GE_UB_RaisedKnight_FrontalCone_Damage,ability_system,true,,,,,,datamine,,
GE_UB_RaisedKnight_FrontalCone_Debuff,ability_system,true,HasDuration,Rot-Twisted Wound,Damage taken is increased by 25%.,AggregateByTarget,,datamine,,
GE_UB_RaisedKnight_MeleeAutoAttack_Damage,ability_system,true,,,,,,datamine,,
GE_UB_ReanimatedArcher_RangedAutoAttack_Damage,ability_system,true,,,,,,datamine,,
GE_UB_ReanimatedArcher_Volley_Dot,ability_system,true,Infinite,Dark Volley,Deals damage over time.,,1.0,datamine,,
GE_UB_ShadowboundPhalanx_MeleeAutoAttack_Damage,ability_system,true,,,,,,datamine,,
GE_UB_SoulSpreader_MeleeAutoAttack_Damage,ability_system,true,,,,,,datamine,,
GE_UB_SoulstainedIncinerator_CastedRangedProjectile_Damage,ability_system,true,,,,,,datamine,,
GE_UB_SoulstainedIncinerator_CastedTargetAoeCone_Damage,ability_system,true,,,,,,datamine,,
GE_UB_SoulstainedIncinerator_FireRing_Dot,ability_system,true,HasDuration,Ring of Fire,You are taking damage over time,AggregateBySource,1.0,datamine,,
GE_UB_SoulstainedIncinerator_MeleeAutoAttack_Damage,ability_system,true,,,,,,datamine,,
GE_UB_SoulstainedIncinerator_MeleeDot_Dot,ability_system,true,HasDuration,Burning Hands,You are taking damage over time,,1.0,datamine,,
GE_UB_SoulstainedShambler_MeleeAutoAttack_Damage,ability_system,true,,,,,,datamine,,
GE_UB_SoulstainedShambler_PassiveDotMonitor_Dot,ability_system,true,HasDuration,Crumble,Slowly falling apart,,1.0,datamine,,
GE_UC_BossBaptist_AutoAttackMelee_Damage,ability_system,true,,,,,,datamine,,
GE_UC_BossBaptist_CastedPushBack_Damage,ability_system,true,,,,,,datamine,,
GE_UC_BossBaptist_CircleDebuff,ability_system,true,HasDuration,Contagious Rot,,,1.0,datamine,,
GE_UC_BossBaptist_CircleDebuff_WaveDamage,ability_system,true,Infinite,,,,1.0,datamine,,
GE_UC_BossBaptist_CircleDebuff_WaveIncreaseDamageDebuff,ability_system,false,HasDuration,,,AggregateByTarget,,datamine,,
GE_UC_BossBaptist_HighestThreatSplitDamageDot_InitialDamage,ability_system,true,,,,,0.8,datamine,,
GE_UC_BossBaptist_HighestThreatSplitDamageDot_SplitDamageDot,ability_system,true,HasDuration,Split Bringer,,,1.0,datamine,,
GE_UC_BossSoulKing_AutoAttackMelee_Damage,ability_system,true,,,,,,datamine,,
GE_UC_BossSoulKing_CoffinInteractBuff,ability_system,true,HasDuration,,,AggregateByTarget,5.0,datamine,,
GE_UC_BossSoulKing_ConeAOE_Damage,ability_system,true,,,,,,datamine,,
GE_UC_BossSoulKing_ConeAOE_DestructableMissSelfBuff,ability_system,true,Infinite,Missed Destructable Anger,DamageScale Increased,AggregateByTarget,,datamine,,
GE_UC_BossSoulKing_ConeAOE_Stun,ability_system,true,HasDuration,Stunned!,,,,datamine,,
GE_UC_BossSoulKing_Incarcerate_ImmobalizeDebuff,ability_system,true,Infinite,,,,,datamine,,
GE_UC_BossSoulKing_LargeHomingProjectile_Damage,ability_system,true,,,,,,datamine,,
GE_UC_BossSoulKing_LargeSpewAOE_DebuffMovementSpeedReduction,ability_system,true,Infinite,,,,,datamine,,
GE_UC_BossSoulKing_LargeSpewAOE_DoT,ability_system,true,HasDuration,Surge of Souls,Stacking Damage over Time debuff,AggregateByTarget,0.515,datamine,,
GE_UC_BossSoulKing_PassiveAOEPools_Dot,ability_system,true,Infinite,Corrupted Blood,While standing in the blood you take damage every 1 second.,AggregateByTarget,1.5,datamine,,
GE_UC_BossSoulKing_SingleRoot_Debuff,ability_system,true,HasDuration,Rooted!,,,,datamine,,
GE_UC_BossSoulKing_TankFrontalConeAOE_Damage,ability_system,true,,,,,,datamine,,
GE_UC_CadavrianArbalist_AutoAttack_Damage,ability_system,true,,,,,,datamine,,
GE_UC_CadavrianArbalist_RangedSlow_Debuff,ability_system,true,HasDuration,Crippling Shot,Reduces Movement speed by 30%.,AggregateByTarget,,datamine,,
GE_UC_CadavrianCrusader_AutoAttackMelee_Damage,ability_system,true,,,,,,datamine,,
GE_UC_CadavrianCrusader_ChanneledAOE_Damage,ability_system,true,,,,,,datamine,,
GE_UC_CadavrianCrusader_Charge_Bleed,ability_system,true,HasDuration,Bleeding,Damage over Time debuff,,1.0,datamine,,
GE_UC_CadavrianCrusader_Charge_Damage,ability_system,true,,,,,,datamine,,
GE_UC_CadavrianCrusader_Charge_Stun,ability_system,true,HasDuration,Stunned,You are stunned.,,,datamine,,
GE_UC_CadavrianDeathPriest_AutoAttackMelee_Damage,ability_system,true,,,,,,datamine,,
GE_UC_CadavrianDeathPriest_ChannelMultiTargetHeal_HasteBuff,ability_system,false,Infinite,Unholy Aura: Inspiration,Increasing haste by 100% and heal the target.,,,datamine,,
GE_UC_CadavrianDeathPriest_ChanneledMultiTargetHeal_HealBuff,ability_system,false,Infinite,,,,1.0,datamine,,
GE_UC_CadavrianDeathPriest_TwoTargetDot_Damage,ability_system,true,HasDuration,Corrupt Soul,Deals damage over  time.,,1.0,datamine,,
GE_UC_CadavrianDeathPriest_TwoTargetDot_ExpireDamage,ability_system,true,,,,,,datamine,,
GE_UC_CadavrianDeathPriest_highThreatChannel_Damage,ability_system,true,,,,,,datamine,,
GE_UC_CadavrianMonk_AutoAttackMelee_Damage,ability_system,true,,,,,,datamine,,
GE_UC_CadavrianMonk_DeathBurstAOE_Damage,ability_system,true,,,,,,datamine,,
GE_UC_CadavrianMonk_TankFrontalConeAOE_Damage,ability_system,true,,,,,,datamine,,
GE_UC_CadavrianSharpShooter_AimedShot_Bleed,ability_system,true,HasDuration,Bleeding,Damage over Time debuff,,1.0,datamine,,
GE_UC_CadavrianSharpshooter_AimedShot_Damage,ability_system,true,,,,,,datamine,,
GE_UC_CadavrianSharpshooter_AutoAttackDamage,ability_system,true,,,,,,datamine,,
GE_UC_CadavrianSharpshooter_ShadowmeldHideBuff,ability_system,true,HasDuration,,,AggregateByTarget,,datamine,,
GE_UC_ConvertedSoldier_AutoAttackMelee_Damage,ability_system,true,,,,,,datamine,,
GE_UC_EvilSpirit_AutoAttackMelee_Damage,ability_system,true,,,,,,datamine,,
GE_UC_EvilSpirit_PassiveFixate_Buff,ability_system,true,Infinite,Death Throes,Fixating an enemy and gains 50% increased Haste and 50% Life Steal on attacks.,,,datamine,,
GE_UC_RotBringer_AutoAttackMelee_Damage,ability_system,true,,,,,,datamine,,
GE_UC_RotBringer_MagicProjectile_Damage,ability_system,true,,,,,,datamine,,
GE_UC_RotBringer_SpreadingAoeDot_Debuff_Pool_Dot,ability_system,true,Infinite,Corrupted Blood,While standing in the blood you take damage every 1 second.,AggregateByTarget,1.0,datamine,,
GE_UC_RotBringer_SpreadingAoeDot_Dot,ability_system,false,HasDuration,Rot,Dealing damage over time to the target and its nearby allies.,AggregateByTarget,1.0,datamine,,
GE_UC_RotBringer_SpreadingAoeDot_Dot_OnExpireInstantDamage,ability_system,true,,,,AggregateByTarget,,datamine,,
GE_UC_RottenWretchHands_AutoAttackMelee_Damage,ability_system,true,,,,,,datamine,,
GE_UC_RottenWretchHands_PassiveAOEPools_Dot,ability_system,true,Infinite,Corrupted Blood,While standing in the blood you take damage every 1 second.,AggregateByTarget,1.5,datamine,,
GE_UC_UndyingGuardian_AoeFear,ability_system,true,HasDuration,Fear,,AggregateByTarget,,datamine,,
GE_UC_UndyingGuardian_AutoAttackMelee_Damage,ability_system,true,,,,,,datamine,,
GE_UC_UndyingGuardian_CastedAoeRoot_Root,ability_system,true,HasDuration,Shackle,Rooted in place.,,,datamine,,
GE_UM_BossDrazhulTheFleshbroker_AoEDamageSlow_Damage,ability_system,true,,,,,,datamine,,
GE_UM_BossDrazhulTheFleshbroker_AoeSoak_SoakedDamage,ability_system,true,,,,,,datamine,,
GE_UM_BossDrazhulTheFleshbroker_AoeSoak_UnsoakedDamage,ability_system,true,,,,,,datamine,,
GE_UM_BossDrazhulTheFleshbroker_AutoAttack_Damage,ability_system,true,,,,,,datamine,,
GE_UM_BossDrazhulTheFleshbroker_ChanneledAoeDamage_Damage,ability_system,true,,,,,,datamine,,
GE_UM_BossDrazhulTheFleshbroker_ConjureScythe_Damage,ability_system,true,,,,,1.0,datamine,,
GE_UM_BossDrazhulTheFleshbroker_ConjureScythe_DamageCooldown,ability_system,true,HasDuration,,,,,datamine,,
GE_UM_BossDrazhulTheFleshbroker_ConjureScythe_Dot,ability_system,true,HasDuration,Bleeding,You are taking physical damage over time.,AggregateByTarget,1.0,datamine,,
GE_UM_BossSlavetraderBrull_Aina_Shared_Enrage_FinalBuff,ability_system,false,Infinite,Enraged,Damage Dealt is increased by 2% for each stack. Stacks are now increasing over time,AggregateBySource,,datamine,,
GE_UM_BossSlavetraderBrull_Aina_Shared_Enrage_StackingBuff,ability_system,false,Infinite,Enraged,Damage Dealt is increased by 2% for each stack. Stacks are added for every 1% more health compared to the other boss,AggregateBySource,,datamine,,
GE_UM_BossSlavetraderBrull_AutoAttack_Damage,ability_system,true,,,,,,datamine,,
GE_UM_BossSlavetraderBrull_CastDebuffProjectile_Damage,ability_system,true,,,,,,datamine,,
GE_UM_BossSlavetraderBrull_CastFillerProjectile_Damage,ability_system,true,,,,,,datamine,,
GE_UM_BossSlavetraderBrull_CastHealDebuff_Debuff,ability_system,true,HasDuration,Coldbrine Curse,Heals are received as damage instead,,,datamine,,
GE_UM_BossSlavetraderBrull_PlacedSlowAoe_AoeDot,ability_system,false,Infinite,Wildroot Thorns,"Reduces movement speed, impact of forced movement and deals magic damage over time.",,1.0,datamine,,
GE_UM_BossSlavetraderBrull_PlacedSlowAoe_CastCounter,ability_system,true,Infinite,,,,,datamine,,
GE_UM_BossSlavetraderBrull_PlacedSlowAoe_EmpoweredDot,ability_system,false,Infinite,Rotten Undergrowth,"Reduces movement speed, impact of forced movement and deals heavy magic damage over time.",,1.0,datamine,,
GE_UM_BossSlavetraderBrull_PlacedSlowAoe_SlowEffect,ability_system,false,Infinite,,,,,datamine,,
GE_UM_BossSlavetraderBrull_SummonVine_Damage,ability_system,true,,,,,,datamine,,
GE_UM_CageDeath_Buff,ability_system,true,HasDuration,Breaker of Chains,Your cooldowns are counting down faster.,AggregateByTarget,,datamine,,
GE_UM_Desecrater_AoeSoak_SoakedDamage,ability_system,true,,,,,,datamine,,
GE_UM_Desecrater_AoeSoak_UnsoakedDamage,ability_system,true,,,,,,datamine,,
GE_UM_Desecrater_ChannelRandomTargetAoe_Damage,ability_system,true,,,,,,datamine,,
GE_UM_Desecrater_MeleeAutoAttack_Damage,ability_system,true,,,,,,datamine,,
GE_UM_Desecrater_RangedAutoAttack_Damage,ability_system,true,,,,,,datamine,,
GE_UM_GorestainedButcher_ChanneledAoeDamage_Damage,ability_system,true,,,,,,datamine,,
GE_UM_GorestainedButcher_ChanneledAttack_Damage,ability_system,true,,,,,,datamine,,
GE_UM_GorestainedButcher_ChanneledAttack_SelfSlow,ability_system,true,Infinite,,,,,datamine,,
GE_UM_GorestainedButcher_Enrage,ability_system,true,Infinite,Numbing Rage XX,Absorbs damage and has massively increased attack speed and movement speed while the absorption shield is up.,AggregateByTarget,,datamine,,
GE_UM_GorestainedButcher_Enrage_Cooldown,ability_system,true,HasDuration,,,,,datamine,,
GE_UM_GorestainedButcher_MeleeAutoAttack_Damage,ability_system,true,,,,,,datamine,,
GE_UM_HornedSeer_CastProjectile_Damage,ability_system,true,,,,,,datamine,,
GE_UM_HornedSeer_ChanneledOrbProjectiles_SelfDamage,ability_system,true,,,,,,datamine,,
GE_UM_HornedSeer_MeleeAutoAttack_Damage,ability_system,true,,,,,,datamine,,
GE_UM_HornedSeer_OrbProjectile_Damage,ability_system,true,,,,,,datamine,,
GE_UM_HornedSeer_OrbProjectile_Debuff,ability_system,true,HasDuration,Defiled Blood,Increased damage by 20%.,AggregateByTarget,,datamine,,
GE_UM_HornedSeer_OrbProjectile_SelfDamage,ability_system,true,,,,,,datamine,,
GE_UM_Outrunner_ChargeTank_Damage,ability_system,true,,,,,,datamine,,
GE_UM_Outrunner_MeleeAutoAttack_Damage,ability_system,true,,,,,,datamine,,
GE_UM_Outrunner_RangedSlow_Damage,ability_system,true,,,,,,datamine,,
GE_UM_Outrunner_RangedSlow_Debuff,ability_system,true,HasDuration,Bola Throw,Reduces movement speed by 40%.,AggregateByTarget,,datamine,,
GE_UM_SlaveCage_DebuffAura,ability_system,false,Infinite,Slavebinding Aura,Your primary attributes are reduced by 20%.,,,datamine,,
GE_UM_SlaveCage_Guard_DamageImmunity,ability_system,false,Infinite,Guarded,"One or more enemies is guarding this Totem, preventing it from taking damage. Kill the enemies Guarding this Totem to make it vulnerable.",,,datamine,,
GE_UM_SlaveCage_Guard_Guard,ability_system,false,Infinite,Guarding Totem,Prevents a nearby Slavebind Totem from taking damage.,AggregateByTarget,,datamine,,
GE_UM_UrrakSlaver_CastedMeleeKnockback_Damage,ability_system,true,,,,,,datamine,,
GE_UM_UrrakSlaver_MeleeAutoAttack_Damage,ability_system,true,,,,,,datamine,,
GE_UM_UrrakSlaver_ProximityChain_Debuff,ability_system,false,HasDuration,Barbed Chain,"Taking damage over time. 

Damage is increased the farther you are from each other.",AggregateBySource,1.0,datamine,,
GE_UM_UrrakWitch_CastProjectile_Damage,ability_system,true,,,,,,datamine,,
GE_UM_UrrakWitch_GroundRoots_Damage,ability_system,true,,,,,,datamine,,
GE_UM_UrrakWitch_GroundRoots_Dot,ability_system,false,Infinite,Grasping Vines,You are taking magic damage over time.,,1.0,datamine,,
GE_UM_UrrakWitch_GroundRoots_Stun,ability_system,false,HasDuration,Stun,Stunned.,AggregateByTarget,,datamine,,
GE_UM_UrrakWitch_MeleeAutoAttack_Damage,ability_system,true,,,,,,datamine,,
GE_UM_UrrakWitch_ProjectileVolley_Dot,ability_system,true,HasDuration,Jungle Rot,Deals magic damage over time.,AggregateByTarget,1.0,datamine,,
GE_VC_BossBrute_ChanneledAttack_Damage,ability_system,true,,,,,,datamine,,
GE_VC_BossBrute_DotAura_Buff,ability_system,true,Infinite,Boiling Blood,Dealing damage over time to nearby enemies,AggregateByTarget,,datamine,,
GE_VC_BossBrute_DotAura_Dot,ability_system,false,Infinite,Boiling,You are taking damage over time from Boiling Blood,AggregateBySource,1.0,datamine,,
GE_VC_BossBrute_DropTreasure_Buff,ability_system,true,HasDuration,Hemoglobule,You deal increased damage,AggregateByTarget,,datamine,,
GE_VC_BossBrute_Enrage,ability_system,true,Infinite,Numbing Rage,Absorbs damage and has massively increased attack speed and movement speed while the absorption shield is up.,AggregateByTarget,,datamine,,
GE_VC_BossBrute_Enrage_Cooldown,ability_system,true,HasDuration,,,,,datamine,,
GE_VC_BossBrute_MeleeAutoAttack_Damage,ability_system,true,,,,,,datamine,,
GE_VV_BlackburnMystic_CastProjectile_Damage,ability_system,true,,,,,,datamine,,
GE_VV_BlackburnMystic_CastProjectile_Slow,ability_system,true,HasDuration,Frost Bolt,You are slowed,AggregateByTarget,,datamine,,
GE_VV_BlackburnMystic_Heal_Buff,ability_system,true,HasDuration,Invigorate,Increased size and damage,,,datamine,,
GE_VV_BlackburnMystic_Heal_Heal,ability_system,true,,,,,,datamine,,
GE_VV_BlackburnMystic_MeleeAutoAttack_Damage,ability_system,true,,,,,,datamine,,
GE_VV_BlackburnMystic_RotatingOrb_Dot,ability_system,false,Infinite,Blackburn Eye,Taking damage from standing in a beam.,,1.0,datamine,,
GE_VV_BlackburnSlaver_CastedMeleeKnockback_Damage,ability_system,true,,,,,,datamine,,
GE_VV_BlackburnSlaver_MeleeAutoAttack_Damage,ability_system,true,,,,,,datamine,,
GE_VV_BlackburnSlaver_ProximityChain_Debuff,ability_system,false,HasDuration,Barbed Chain,"Taking damage over time. 

Damage is increased the farther you are from each other.",AggregateBySource,1.0,datamine,,
GE_VV_BlackmistCutthroat_Backstab_Damage,ability_system,true,,,,,,datamine,,
GE_VV_BlackmistCutthroat_ChannelCone_ActivationCharge,ability_system,true,HasDuration,,,,,datamine,,
GE_VV_BlackmistCutthroat_ChannelCone_Damage,ability_system,true,,,,,,datamine,,
GE_VV_BlackmistCutthroat_MeleeAutoAttack_Damage,ability_system,true,,,,,,datamine,,
GE_VV_BlackmistCutthroat_Teleport_Fade,ability_system,true,HasDuration,,,,,datamine,,
GE_VV_BlackmistShadow_MagicSlam_Damage,ability_system,true,,,,,,datamine,,
GE_VV_BlackmistShadow_MeleeAutoAttack_Damage,ability_system,true,,,,,,datamine,,
GE_VV_BlackmistWhisperer_AoeDebuff_Debuff,ability_system,false,Infinite,Blinding Fog,You deal reduced damage,,,datamine,,
GE_VV_BlackmistWhisperer_AoeDebuff_Linger,ability_system,false,HasDuration,Blinding Fog,You deal reduced damage,AggregateByTarget,,datamine,,
GE_VV_BlackmistWhisperer_CastProjectile_Damage,ability_system,true,,,,,,datamine,,
GE_VV_BlackmistWhisperer_MeleeAutoAttack_Damage,ability_system,true,,,,,,datamine,,
GE_VV_BlackmistWhisperer_Silence_Silence,ability_system,true,HasDuration,SIlence,You are silenced,AggregateByTarget,,datamine,,
GE_VV_BossChilgar_AutoAttack_Damage,ability_system,true,,,,,,datamine,,
GE_VV_BossChilgar_IceColdWater_Dot_Linger,ability_system,false,Infinite,,,AggregateByTarget,1.0,datamine,,
GE_VV_BossChilgar_IceColdWater_Slow_Linger,ability_system,true,HasDuration,Freezing,Reduces movement speed by 50% and deals damage over time.,AggregateByTarget,,datamine,,
GE_VV_BossChilgar_LinearProjectiles_Charges,ability_system,true,Infinite,,,,,datamine,,
GE_VV_BossChilgar_LinearProjectiles_Damage,ability_system,true,,,,,,datamine,,
GE_VV_BossChilgar_ReformBuff,ability_system,true,Infinite,Surging Power,Each stack increases damage of its non-projectile abilities by 5%. Waves and swirls move 5% faster per stack. Each Water Orb that reaches the boss grants an additional stack of this buff.,AggregateByTarget,,datamine,,
GE_VV_BossChilgar_Shared_Orb_Explode_Damage,ability_system,true,,,,,,datamine,,
GE_VV_BossChilgar_Shared_Orb_PulsingDamage_Damage,ability_system,true,,,,,,datamine,,
GE_VV_BossChilgar_SwirlProjectile_Damage,ability_system,true,,,,,,datamine,,
GE_VV_BossChilgar_TankSoakAoe_Damage,ability_system,true,,,,,,datamine,,
GE_VV_BossChilgar_TankSoakAoe_SpikeDamage,ability_system,true,,,,,,datamine,,
GE_VV_BossFrostTroll_DotAura_Buff,ability_system,true,Infinite,Burning Aura,Applies Burning to heroes when they move!,AggregateByTarget,,datamine,,
GE_VV_BossFrostTroll_DotAura_Dot,ability_system,true,Infinite,Burning,Taking damage over time. Moving during Burning Aura will add stacks. Remain still for several seconds to remove stacks.,AggregateByTarget,1.0,datamine,,
GE_VV_BossFrostTroll_FirePhase,ability_system,true,Infinite,,,,,datamine,,
GE_VV_BossFrostTroll_IceBlock_Freeze_Stun,ability_system,true,Infinite,Ice Tomb,You are frozen in a block of ice. Destroy the Ice Tomb to be freed. Ice Tomb takes damage from Blazing Earth.,,,datamine,,
GE_VV_BossFrostTroll_IcePhase,ability_system,true,Infinite,,,,,datamine,,
GE_VV_BossFrostTroll_IceTomb_CastTargetDebuff,ability_system,false,Infinite,Targeted: Ice Tomb,You're about to be frozen solid!,,,datamine,,
GE_VV_BossFrostTroll_Kaldurson_Fire,ability_system,false,Infinite,Strength of Eldsupptok,"While Kaldurson Eldsupptok is alive, Fodir Kaldur's [Burning Aura]  is empowered.

Killing Kaldurson Eldsupptok permanently reduces [Burning Aura] damage by 50%, but increases Fodir Kaldur's damage dealt by all other abilities by 5%.",,,datamine,,
GE_VV_BossFrostTroll_Kaldurson_FireIsDeadBuff,ability_system,false,Infinite,Grieving Eldsupptok,"Fodir Kaldur's [Burning Aura] damage is reduced by 50%.

Increases Fodir Kaldur's damage dealt by all other abilities by 5%.",,,datamine,,
GE_VV_BossFrostTroll_Kaldurson_Ice,ability_system,false,Infinite,Strength of Isilagður,"While Kaldurson Isilagður is still alive, Fodir Kaldur's [Freezing Aura] is empowered.

Killing Kaldurson Isilagður permanently reduces [Freezing Aura] damage by 50%, but increases Fodir Kaldur's damage dealt by all other abilities by 5%.",,,datamine,,
GE_VV_BossFrostTroll_Kaldurson_IceIsDeadBuff,ability_system,false,Infinite,Grieving Isilagður,"Fodir Kaldur's [Freezing Aura] damage is reduced by 50%.

Increases Fodir Kaldur's damage dealt by all other abilities by 5%.",,,datamine,,
GE_VV_BossFrostTroll_MeleeAutoAttack_Damage,ability_system,true,,,,,,datamine,,
GE_VV_BossFrostTroll_SingleTargetDot_DamageReduction,ability_system,true,Infinite,,,,,datamine,,
GE_VV_BossFrostTroll_SingleTargetDot_Dot,ability_system,false,HasDuration,Frost Bite,Take high damage periodically for a short duration.,,1.0,datamine,,
GE_VV_BossFrostTroll_SingleTargetDot_Dummy,ability_system,true,HasDuration,,,,,datamine,,
GE_VV_BossFrostTroll_SingleTargetDot_LargeDamageExpire,ability_system,true,,Frost Bite Expire Burst,Take a burst of damage on Frost Bite expiration.,,,datamine,,
GE_VV_BossFrostTroll_SlowAura_Slow,ability_system,false,Infinite,Frigid Presence,You are slowed.,,,datamine,,
GE_VV_BossFrostTroll_StationaryAura_Buff,ability_system,true,Infinite,Freezing Aura,Applies Freezing to heroes who are not moving. Slows movement speed of all heroes by 20%.,AggregateByTarget,,datamine,,
GE_VV_BossFrostTroll_StationaryDot_Debuff,ability_system,true,Infinite,Freezing,Taking damage over time. Moving for several seconds will remove stacks.,AggregateByTarget,1.0,datamine,,
GE_VV_BossFrostTroll_Stomp_Damage,ability_system,true,,,,,,datamine,,
GE_VV_BossFrostTroll_Stomp_IceBlockDot,ability_system,false,Infinite,Blazing Earth,You are taking damage over time.,,1.0,datamine,,
GE_VV_BossFrostTroll_Stomp_ParentEffect,ability_system,false,Infinite,,,,,datamine,,
GE_VV_BossFrostTroll_Stomp_PlayerDot,ability_system,false,Infinite,Blazing Earth,Taking magic damage over time.,,1.0,datamine,,
GE_VV_BossFrostTroll_Stomp_RockDamage,ability_system,true,,,,,,datamine,,
GE_VV_BossKaldursonFire_BossBuff,ability_system,false,Infinite,Strength of Eldsupptok,"While Kaldurson Eldsupptok is alive, Fodir Kaldur's [Burning Aura]  is empowered.

Killing Kaldurson Eldsupptok permanently reduces [Burning Aura] damage by 50%, but increases Fodir Kaldur's damage dealt by all other abilities by 5%.",,,datamine,,
GE_VV_BossKaldursonFire_DotAura_Buff,ability_system,true,Infinite,Burning Aura,Applies Burning to heroes when they move!,AggregateByTarget,,datamine,,
GE_VV_BossKaldursonFire_DotAura_Dot,ability_system,true,Infinite,Burning,"Taking damage over time. Moving applies Burning during Kaldurson's Burning Aura. 

Remain still for several seconds to remove stacks.",AggregateByTarget,1.0,datamine,,
GE_VV_BossKaldursonFire_MeleeAutoAttack_Damage,ability_system,true,,,,,,datamine,,
GE_VV_BossKaldursonFire_Stomp_Damage,ability_system,true,,,,,,datamine,,
GE_VV_BossKaldursonFire_Stomp_IceBlockDot,ability_system,false,Infinite,Furious Stomp,You are taking magic damage over time.,,1.0,datamine,,
GE_VV_BossKaldursonFire_Stomp_ParentEffect,ability_system,false,Infinite,,,,,datamine,,
GE_VV_BossKaldursonFire_Stomp_PlayerDot,ability_system,false,Infinite,Blazing Earth,Taking magic damage over time.,,1.0,datamine,,
GE_VV_BossKaldursonFire_Stomp_RockDamage,ability_system,true,,,,,,datamine,,
GE_VV_BossKaldursonIce_BossBuff,ability_system,false,Infinite,Strength of Isilagður,"While Kaldurson Isilagður is still alive, Fodir Kaldur's [Freezing Aura] is empowered.

Killing Kaldurson Isilagður permanently reduces [Freezing Aura] damage by 50%, but increases Fodir Kaldur's damage dealt by all other abilities by 5%.",,,datamine,,
GE_VV_BossKaldursonIce_DotAura_Buff,ability_system,true,Infinite,Freezing Aura,Applies Freezing to heroes who are not moving. Slows movement speed of all heroes by 20%.,AggregateByTarget,,datamine,,
GE_VV_BossKaldursonIce_IceSpikes_Damage,ability_system,true,,,,,,datamine,,
GE_VV_BossKaldursonIce_IceTomb_CastTargetDebuff,ability_system,false,Infinite,Targeted: Ice Tomb,You're about to be frozen solid!,,,datamine,,
GE_VV_BossKaldursonIce_MeleeAutoAttack_Damage,ability_system,true,,,,,,datamine,,
GE_VV_BossKaldursonIce_SlowAura_Slow,ability_system,false,Infinite,Frigid Presence,You are slowed.,,,datamine,,
GE_VV_BossKaldursonIce_StationaryDot_Debuff,ability_system,true,Infinite,Freezing,Taking damage over time. Moving for several seconds will remove stacks.,AggregateByTarget,1.0,datamine,,
GE_VV_BossVikingMystic_ChanneledAoeDamage_Damage,ability_system,true,,,,,,datamine,,
GE_VV_BossVikingMystic_ChanneledAoeDamage_DoLines,ability_system,true,Infinite,,,,,datamine,,
GE_VV_BossVikingMystic_CrossLines_Damage,ability_system,true,,,,,,datamine,,
GE_VV_BossVikingMystic_GoBackToPhase1_PartyBuff,ability_system,true,HasDuration,Haste,+50% haste,,,datamine,,
GE_VV_BossVikingMystic_MeleeAutoAttack_Damage,ability_system,true,,,,,,datamine,,
GE_VV_BossVikingMystic_Phase2Invulnerability,ability_system,true,Infinite,,,,,datamine,,
GE_VV_BossVikingMystic_RuneCharge,ability_system,false,Infinite,,,AggregateByTarget,,datamine,,
GE_VV_BossVikingMystic_RunePuzzle_KillWrongStun,ability_system,true,HasDuration,Stun,You are stunned because you killed trhe wrong thing.,,,datamine,,
GE_VV_BossVikingMystic_TankNuke_Damage,ability_system,true,,,,,,datamine,,
GE_VV_BossVikingMystic_TeleportAttack_Damage,ability_system,true,,,,,,datamine,,
GE_VV_BossVikingMystic_TeleportAttack_Stun,ability_system,false,HasDuration,Revelation,You are immobilized.,,,datamine,,
GE_VV_BossVikingMystic_TransferableDebuff_Dot,ability_system,false,Infinite,,,AggregateByTarget,1.0,datamine,,
GE_VV_BossVikingMystic_TransferableDebuff_Fear,ability_system,true,HasDuration,Blinding Fear,You are feared and are taking damage over time. This effect spreads to nearby allies.,AggregateByTarget,,datamine,,
GE_VV_BossVikingMystic_TransferableDebuff_Transfer,ability_system,false,Infinite,,,,,datamine,,
GE_VV_ChilgarSpike_Hide,ability_system,true,Infinite,,,,,datamine,,
GE_VV_ChilgarSpike_Tether_Tethered,ability_system,false,Infinite,Frigid Shackles,Destroy the Ice Spike to be freed!,,,datamine,,
GE_VV_ColdbrineElementalist_AoeImmobilize_Immobilize,ability_system,true,HasDuration,Frost Nova,You are immobilized,,,datamine,,
GE_VV_ColdbrineElementalist_CastProjectile_Damage,ability_system,true,,,,,,datamine,,
GE_VV_ColdbrineElementalist_MeleeAutoAttack_Damage,ability_system,true,,,,,,datamine,,
GE_VV_ColdbrineFiend_CastBigProjectile_Damage,ability_system,true,,,,,,datamine,,
GE_VV_ColdbrineFiend_CastProjectile_Damage,ability_system,true,,,,,,datamine,,
GE_VV_ColdbrineFiend_MeleeAutoAttack_Damage,ability_system,true,,,,,,datamine,,
GE_VV_CravenHiisi_AttachedAttack_Damage,ability_system,true,,,,,,datamine,,
GE_VV_CravenHiisi_Dot,ability_system,true,HasDuration,Craven Wound,You are taking damage over time,AggregateByTarget,1.0,datamine,,
GE_VV_CravenHiisi_Jump_Attack_HeroDebuff,ability_system,true,HasDuration,,,,,datamine,,
GE_VV_CravenHiisi_MeleeAutoAttack_Damage,ability_system,true,,,,,,datamine,,
GE_VV_FrenziedLooter_DropTreasure_Buff,ability_system,true,HasDuration,Greedy,You deal increased damage but have reduced movement speed.,AggregateByTarget,,datamine,,
GE_VV_FrenziedLooter_MeleeAutoAttack_Damage,ability_system,true,,,,,,datamine,,
GE_VV_IcebitePIllager_Enrage_Buff,ability_system,true,Infinite,Blood Frenzy,"Gaining 1 stack each time something dies nearby.

<bold>Haste</>, <bold>Damage</> and <bold>Max Health</> increased by 10% per stack.",AggregateBySource,,datamine,,
GE_VV_IcebitePIllager_Enrage_MaxHealthIncrease,ability_system,true,Infinite,,,,,datamine,,
GE_VV_IcebitePIllager_Enrage_OrcMarker,ability_system,false,Infinite,,,,,datamine,,
GE_VV_IcebitePillager_MeleeAutoAttack_Damage,ability_system,true,,,,,,datamine,,
GE_VV_IcebiteReaver_HasteBuff_Buff,ability_system,true,HasDuration,Frostbitten Strength,"Increases attack speed, damage dealt, and damage received by 25%.",AggregateByTarget,,datamine,,
GE_VV_IcebiteReaver_MeleeAutoAttack_Damage,ability_system,true,,,,,,datamine,,
GE_VV_IcebiteReaver_Slam_Damage,ability_system,true,,,,,,datamine,,
GE_VV_Shared_IceBite,ability_system,true,HasDuration,Creeping Frostbite,Increases damage taken by 5%.,AggregateByTarget,,datamine,,
GE_VV_SootstainedArsonist_CastedSingleTargetProjectile_Damage,ability_system,true,,,,,,datamine,,
GE_VV_SootstainedArsonist_Cone_Damage,ability_system,true,,,,,,datamine,,
GE_VV_SootstainedArsonist_Dot,ability_system,true,HasDuration,Arsonist's Flames,Taking Fire Damage over time.,AggregateByTarget,1.0,datamine,,
GE_VV_SootstainedArsonist_MeleeAutoAttack_Damage,ability_system,true,,,,,,datamine,,
GE_Vigor_CastedSingleTargetDamageDoubleHit_Passive,hero,true,HasDuration,Redemption,Condemn will do an extra hit,AggregateBySource,,datamine,,
GE_Vigor_CastedSingleTargetDamage_Damage,hero,true,,,,,,datamine,,
GE_Vigor_CastedSingleTargetDamage_ResourceCost,hero,true,,,,,,datamine,,
GE_Vigor_CastedSingleTargetHeal_Heal,hero,true,,,,,,datamine,,
GE_Vigor_CastedSingleTargetHeal_ResourceCost,hero,true,,,,,,datamine,,
GE_Vigor_ChargedMovementSpeedSelfBuff_Cost,hero,true,,,,,,datamine,,
GE_Vigor_ChargedMovementSpeedSelfBuff_SelfBuff,hero,true,HasDuration,Levitate,Movement speed is increased by 70%,AggregateBySource,,datamine,,
GE_Vigor_DamageReductionAndImmunityBuff,hero,true,HasDuration,Lightshaper's Ward,All damage taken reduced by 20%,AggregateByTarget,,datamine,,
GE_Vigor_DamageReductionAndImmunityBuff_CastingCost,hero,true,,,,,,datamine,,
GE_Vigor_Echo_Heal,hero,true,,,,,,datamine,,
GE_Vigor_InstantAoeHeal_Cost,hero,true,,,,,,datamine,,
GE_Vigor_InstantAoeHeal_Heal,hero,true,,,,,,datamine,,
GE_Vigor_InstantFrontalConeDamageHeal_Cost,hero,true,,,,,,datamine,,
GE_Vigor_InstantFrontalConeDamageHeal_Damage,hero,true,,,,,,datamine,,
GE_Vigor_InstantFrontalConeDamageHeal_Heal,hero,true,,,,,,datamine,,
GE_Vigor_InstantResourceGain,hero,true,,,,,,datamine,,
GE_Vigor_InstantResourceGain_Buff,hero,true,HasDuration,Runic Proliferation,"Any Rune Abilities that you cast are empowered, increasing their effectiveness by 20%.",AggregateByTarget,,datamine,,
GE_Vigor_InstantResourceGain_ManaCost,hero,true,,,,,,datamine,,
GE_Vigor_MetaResource_Gain,hero,true,,,,,,datamine,,
GE_Vigor_PartyHealAndSelfBuff_Heal,hero,true,,,,,,datamine,,
GE_Vigor_PartyHealAndSelfBuff_ResourceCost,hero,true,,,,,,datamine,,
GE_Vigor_PartyHealAndSelfBuff_Visual,hero,true,HasDuration,,,AggregateBySource,,datamine,,
GE_Vigor_Passive_Talent_SkillshotAoeProjectile_HealsApplyAbsorb_Absorb,hero,true,HasDuration,Meticulous Runesmith,Absorbs incoming damage.,AggregateByTarget,,datamine,,
GE_Vigor_Shared_Absorb_DamageReduction,hero,true,Infinite,,,,,datamine,,
GE_Vigor_SingleAllyDispel_Dispel,hero,true,,,,,,datamine,,
GE_Vigor_SingleAllyDispel_ResourceCost,hero,true,,,,,,datamine,,
GE_Vigor_SingleTargetAbsorb_Absorb,hero,true,HasDuration,Luminous Barrier,Absorbs incoming damage,AggregateByTarget,,datamine,,
GE_Vigor_SingleTargetAbsorb_Cost,hero,true,,,,,,datamine,,
GE_Vigor_SingleTargetAbsorb_UponRemovalBuff,hero,true,HasDuration,Residual Luminosity,,AggregateByTarget,,datamine,,
GE_Vigor_SingleTargetChargedHot_DirectHeal,hero,true,,,,,,datamine,,
GE_Vigor_SingleTargetChargedHot_ResourceCost,hero,true,,,,,,datamine,,
GE_Vigor_SingleTargetDot_BuffActiveAdditionalDirectDamage,hero,true,,Soulbrand: Remnant,"When <rt.absorb>Soulbrand</> is applied to an enemy that already has the effect applied it triggers <rt.effect>Soulbrand: Remnant</>, instantly dealing damage to them.",,,datamine,,
GE_Vigor_SingleTargetDot_Dot,hero,true,HasDuration,Soulbrand,Taking damage every 3 seconds.,AggregateBySource,3.0,datamine,,
GE_Vigor_SingleTargetDot_ResourceCost,hero,true,,,,,,datamine,,
GE_Vigor_SingleTargetEchoProccer_Buff,hero,true,HasDuration,Rune of Renewal,Vigour's direct healing effects on you echo for an addional 25% of the initial heal's value.,AggregateByTarget,2.0,datamine,,
GE_Vigor_SingleTargetProjectileStun_ResourceCost,hero,true,,,,,,datamine,,
GE_Vigor_SingleTargetProjectileStun_Stun,hero,true,HasDuration,Stunned by a book,,,,datamine,,
GE_Vigor_SkillshotAoeProjectile_ActiveProjectileProc,hero,true,,,,,,datamine,,
GE_Vigor_SkillshotAoeProjectile_Damage,hero,true,,,,,,datamine,,
GE_Vigor_SkillshotAoeProjectile_Heal,hero,true,,,,,,datamine,,
GE_Vigor_SkillshotAoeProjectile_ResourceCost,hero,true,,,,,,datamine,,
GE_Vigor_StackForDoubleHitBuff_Passive,hero,true,Infinite,Cursed Knowledge,This buff will transform into <rt.bold>Redemption</> at 10 stacks,AggregateBySource,,datamine,,
GE_Vigor_Talent_CastedSingleTargetDamage_GlobalCooldown,hero,true,HasDuration,,,,,datamine,,
GE_Vigor_Talent_CastedSingleTargetDamage_ManaRegenBuff,hero,true,HasDuration,Expansive Mind,+20% Spirit and replenishing 2% max mana every 3 seconds.,AggregateByTarget,3.0,datamine,,
GE_Vigor_Talent_CastedSingleTargetDamage_ReducedCastTime,hero,true,HasDuration,Resplendent Dawn,Your <bold>Dawnflare's</> cast time is reduced by 0.1 seconds per stack.,AggregateBySource,,datamine,,
GE_Vigor_Talent_CastedSingleTargetDamage_SingleTargetChargedHot_HealAlly_Heal,hero,true,,,,,,datamine,,
GE_Vigor_Talent_CastedSingleTargetDamage_StatBonusBuff,hero,true,HasDuration,Expansive Mind,+20% Spirit and +25% Mana regeneration.,AggregateByTarget,,datamine,,
GE_Vigor_Talent_CastedSingleTargetHeal_CheaperInstantCast_Proc,hero,true,Infinite,Epiphany,Your <bold>Greater Heal</> is instant cast and costs 50% less Mana.,AggregateBySource,,datamine,,
GE_Vigor_Talent_CastedSingleTargetHeal_ReducedCastTime,hero,true,Infinite,,,,,datamine,,
GE_Vigor_Talent_IncreasedMaxMana,hero,true,Infinite,,,,,datamine,,
GE_Vigor_Talent_InstantAoeHeal_DamageReduction_AoeBuff,hero,true,Infinite,Ceremony of Light,Taking 10% reduced damage,,,datamine,,
GE_Vigor_Talent_InstantAoeHeal_Hot,hero,true,HasDuration,Enduring Light,Healing over time.,,1.5,datamine,,
GE_Vigor_Talent_InstantAoeHeal_ReducedCost,hero,true,Infinite,,,,,datamine,,
GE_Vigor_Talent_InstantFrontalConeDamageHeal_DotProc_Proc,hero,true,Infinite,Beacon in the Dark,Your next <bold>Radiant Blast</> has +50% increased critical strike chance.,AggregateBySource,,datamine,,
GE_Vigor_Talent_InstantFrontalConeDamageHeal_IncreasedHeal,hero,true,Infinite,,,,,datamine,,
GE_Vigor_Talent_InstantFrontalConeDamageHeal_InstantAoeHeal_FreePowerProc_ActualProc,hero,true,,,,AggregateBySource,,datamine,,
GE_Vigor_Talent_InstantFrontalConeDamageHeal_InstantAoeHeal_FreePowerProc_Proc,hero,true,,Divine Light,,AggregateBySource,,datamine,,
GE_Vigor_Talent_InstantFrontalConeDamageHeal_Tier2_BoostProc,hero,true,Infinite,Divine Justice,Your next Righteous Blast deals 50% Increased damage.,AggregateByTarget,,datamine,,
GE_Vigor_Talent_ReducedIncomingAoeDamage,hero,true,Infinite,,,,,datamine,,
GE_Vigor_Talent_ReducedIncomingMagicDamage,hero,true,Infinite,,,,,datamine,,
GE_Vigor_Talent_Runes_IncreasedDuration,hero,true,Infinite,,,,,datamine,,
GE_Vigor_Talent_SingleTargetAbsorb_ReducedIncomingDamage,hero,true,Infinite,Sacred Barrier,Taking 10% reduced damage.,AggregateBySource,,datamine,,
GE_Vigor_Talent_SingleTargetChargedHot_BuffIncreasesMaxHealth_Buff,hero,true,Infinite,,,,,datamine,,
GE_Vigor_Talent_SingleTargetDot_BuffActiveAdditionalDirectDamage_DamageHealsAlly_Heal,hero,true,,,,,,datamine,,
GE_Vigor_Talent_SingleTargetDot_DamageToAoe_Damage,hero,true,,Ruptured Soul,When an enemy dies while <rt.absorb>Soulbrand</> is active on them you instantly gain <rt.mana>50% of the Radiant Rune power it would have generated</> in the time that was remaining and trigger an explosion <rt.warning>dealing 25% of the damage that was remaining to all nearby enemies</>.,,,datamine,,
GE_Vigor_Talent_SingleTargetDot_DamageToAoe_ResourceGain,hero,true,,,,,,datamine,,
GE_Vigor_Talent_SingleTargetDot_IncreasedDamage,hero,true,Infinite,,,,,datamine,,
GE_Vigor_Talent_SkillshotAoeProjectile_IncreasedCriticalStrikeChance,hero,true,Infinite,,,,,datamine,,
GE_Vigor_Talent_SpiritProcBuff_NextRuneSpenderIncreasedPower_Proc,hero,true,HasDuration,Harmonizing Refractions,"Your next <bold>Soulbrand</>, <bold>Rune of Renewal</>, <bold>Luminous Barrier</>, or <bold>Dawnbreaker Orb</> has 50% increased power.",AggregateBySource,,datamine,,
GE_Warmaster_AoeIncite_FriendlyAura_Buff,hero,true,Infinite,Grand Melee,Taking 20% reduced magic damage.,,,datamine,,
GE_Warmaster_AoeIncite_InciteTarget,hero,true,Infinite,Grand Melee,"Can only auto attack, and is forced to attack Helena.",,,datamine,,
GE_Warmaster_AoeIncite_SelfBuff,hero,true,HasDuration,Grand Melee,"Enemies are incited, causing them to only use auto attacks and only attack you for the duration.

Allies within a large radius of you take 20% reduced magic damage.",,,datamine,,
GE_Warmaster_BouncyProjectile_Damage,hero,true,,,,,,datamine,,
GE_Warmaster_DefenceBuff_Buff,hero,true,HasDuration,Shields Up,,AggregateByTarget,,datamine,,
GE_Warmaster_DefenceBuff_TemporaryToughnessLossProtection,hero,true,HasDuration,,,AggregateBySource,,datamine,,
GE_Warmaster_HeavyMelee_CleaveDamage,hero,true,,,,,,datamine,,
GE_Warmaster_HeavyMelee_Damage,hero,true,,,,,,datamine,,
GE_Warmaster_InstantMeleeCleave_BleedDebuff,hero,false,HasDuration,Sweeping Strike,Taking physical damage over time.,AggregateBySource,1.0,datamine,,
GE_Warmaster_InstantMeleeCleave_BleedDebuff_EnfeeblingEffect,hero,true,HasDuration,,,AggregateBySource,,datamine,,
GE_Warmaster_InstantMeleeCleave_Damage,hero,true,,,,,,datamine,,
GE_Warmaster_LightMelee_Damage,hero,true,,,,,,datamine,,
GE_Warmaster_MeleeAoeSlow_Damage,hero,true,,,,,,datamine,,
GE_Warmaster_MeleeAoeSlow_Debuff,hero,true,HasDuration,,,AggregateBySource,,datamine,,
GE_Warmaster_MeleeAoeSlow_DebuffIcon,hero,true,HasDuration,Shockwave,Movement Speed reduced.,AggregateBySource,,datamine,,
GE_Warmaster_MeleeAoeSlow_ResourceCost,hero,true,,,,,,datamine,,
GE_Warmaster_MeleeAoeSlow_Stun,hero,true,HasDuration,Stunned,Unable to move or take any actions.,,,datamine,,
GE_Warmaster_MeleeAutoAttack_Damage,hero,true,,,,,,datamine,,
GE_Warmaster_MeleeCleaveBonusProc,hero,true,Infinite,Sword & Board,Your next <bold>Shield Slam</> generates additional <bold>Toughness</> and is free.,AggregateByTarget,,datamine,,
GE_Warmaster_MeleeCleave_Absorb,hero,true,HasDuration,Empowered Shield Slam: Barrier,Absorbs incoming damage,AggregateByTarget,,datamine,,
GE_Warmaster_MeleeCleave_AbsorbBuff_SelfBuff,hero,true,HasDuration,Empowered Shield Slam,Your next Shield Slam applies an Absorb Shield on you.,AggregateByTarget,,datamine,,
GE_Warmaster_MeleeCleave_CleaveDamage,hero,true,,,,,,datamine,,
GE_Warmaster_MeleeCleave_Damage,hero,true,,,,,,datamine,,
GE_Warmaster_MeleeCleave_ReducedIncomingDamageFromTarget_Debuff,hero,true,HasDuration,Lingering Concussion,Dealing 3% reduced damage to you per stack.,AggregateBySource,,datamine,,
GE_Warmaster_MeleeCleave_ReducedIncomingDamageFromTarget_SelfBuff,hero,true,,,,AggregateBySource,,datamine,,
GE_Warmaster_MeleeInterrupt_Interrupt,hero,true,,,,,,datamine,,
GE_Warmaster_MeleeInterrupt_Lockout,hero,true,,Interrupted,Cannot cast spells for a short duration.,,,datamine,,
GE_Warmaster_MoveSpeedBuff_AllyBuff,hero,true,HasDuration,Battle Command,25% increased movement speed,AggregateByTarget,,datamine,,
GE_Warmaster_MoveSpeedBuff_SelfBuff,hero,true,HasDuration,Battle Command,50% increased movement speed,AggregateByTarget,,datamine,,
GE_Warmaster_MoveToTargetStun_Damage,hero,true,,,,,,datamine,,
GE_Warmaster_MoveToTargetStun_Stun,hero,true,HasDuration,Stunned,Stunned for a short duration.,,,datamine,,
GE_Warmaster_NoResourceLossSelfBuff_Buff,hero,true,HasDuration,Iron Wall,Your <bold>Toughness</> cannot be reduced.,AggregateByTarget,,datamine,,
GE_Warmaster_PassiveHealthRegen,hero,true,HasDuration,Sweeping Strike: Blood Rally,Replenishing health over time.,AggregateByTarget,1.0,datamine,,
GE_Warmaster_RangedTaunt_Debuff,hero,true,HasDuration,Taunted,Forced to attack Helena,,,datamine,,
GE_Warmaster_SharedToughnessAura_PartyBuff,hero,true,Infinite,Martial Command,Helena is reducing all damage you take based on her <bold>Toughness</> mechanic.,,,datamine,,
GE_Warmaster_SharedToughnessAura_SelfBuff,hero,true,HasDuration,Martial Command,"All allies gain the damage reduction provided by your Toughness.

You are dealing 25 more damage%.",,,datamine,,
GE_Warmaster_ShieldSelfBuff_Buff,hero,true,HasDuration,Siegebreaker,"Damage taken is reduced by 25%.

The cooldown reduction granted by your <bold>Veteran of War</> is doubled.

Your <bold>Shield Slam</>, <bold>Shield Throw</>, and <bold>Shockwave</> abilities deal 25% increased damage.",AggregateByTarget,,datamine,,
GE_Warmaster_ShieldSelfBuff_DamageReductionBuff,hero,true,HasDuration,,,AggregateByTarget,,datamine,,
GE_Warmaster_ShieldSelfBuff_SpiritCost,hero,true,,,,,,datamine,,
GE_Warmaster_Talent_BlockToIncreasedPower_Proc,hero,true,,Punishing Strikes,"Your next Meassured Strike will now deal 100% increased damage and have 100% increased ""Veteran of War"" effect.",AggregateBySource,,datamine,,
GE_Warmaster_Talent_BouncyProjectile_ChanceAoeDamage_Damage,hero,true,,,,,,datamine,,
GE_Warmaster_Talent_BouncyProjectile_FirstHitAoeDamageDebuff_Debuff,hero,true,HasDuration,Agonizing Wound,,AggregateBySource,,datamine,,
GE_Warmaster_Talent_BouncyProjectile_FirstHitAoeDamageDebuff_Debuff_OwnerEffect,hero,true,,,,AggregateBySource,,datamine,,
GE_Warmaster_Talent_BouncyProjectile_IncreasedCritChance,hero,true,Infinite,,,,,datamine,,
GE_Warmaster_Talent_BouncyProjectile_IncreasedDamageProc,hero,true,HasDuration,The Best Defense,Your next <bold>Shield Throw</> deals 20% increased damage,AggregateByTarget,,datamine,,
GE_Warmaster_Talent_DefenceBuff_IncreasedBlockChance,hero,true,,,,,,datamine,,
GE_Warmaster_Talent_DefenceBuff_MeleeCleaveIncreasedDamageHeal,hero,true,Infinite,Gleaming Shield,"Your <bold>Shield Slam</> deals 40% increased damage.

All healing effects on you are increased by 20% and your <bold>Block Chance</> is increased by 20%.",,,datamine,,
GE_Warmaster_Talent_HeavyMelee_SweepingStrikeApplied_IncreasedDamage_OwnerEffect,hero,true,,,,AggregateBySource,,datamine,,
GE_Warmaster_Talent_IncreasedArmor,hero,true,Infinite,,,AggregateBySource,,datamine,,
GE_Warmaster_Talent_IncreasedArmorFromAbilities_Buff,hero,true,HasDuration,Gleaming Shield,3.0% increased Armor per stack,AggregateBySource,,datamine,,
GE_Warmaster_Talent_IncreasedBlockChance,hero,true,,,,,,datamine,,
GE_Warmaster_Talent_IncreasedMeleeCleaveAndHeavyMeleeDamage,hero,true,Infinite,,,,,datamine,,
GE_Warmaster_Talent_IncreasedSpirit,hero,true,Infinite,,,,,datamine,,
GE_Warmaster_Talent_IncreasedToughnessGenBuff,hero,true,HasDuration,Vanguard,You generate 8% <bold>Toughness</> every 1 sec over 6 sec,AggregateByTarget,1.0,datamine,,
GE_Warmaster_Talent_InstantMeleeCleave_ReducedAttackSpeed_Debuff,hero,true,HasDuration,Sharpened Blade,Attack Speed reduced by 20%.,AggregateBySource,,datamine,,
GE_Warmaster_Talent_LowHealthBuff,hero,true,,Defiance,,AggregateBySource,,datamine,,
GE_Warmaster_Talent_MeleeAoeSlow_ReducedIncomingDamageFromTarget,hero,true,HasDuration,Vanguard's Advance,Dealing 5% reduced physical damage to Helena,AggregateBySource,,datamine,,
GE_Warmaster_Talent_MeleeAoeSlow_ReducedIncomingDamageFromTarget_RealBuff,hero,true,,,,AggregateBySource,,datamine,,
GE_Warmaster_Talent_MeleeCleaveAbsorbBuff_ReducedDamageReflectDamage_Damage,hero,true,,,,,,datamine,,
GE_Warmaster_Talent_MeleeCleaveAbsorbBuff_ReducedDamageReflectDamage_DamageReduction,hero,true,Infinite,,,AggregateBySource,,datamine,,
GE_Warmaster_Talent_MeleeCleave_MeleeAoeSlow_IncreasedDamageStun_Debuff,hero,true,Infinite,Resonant Bulwark,"Your next Shockwave consumes all stacks, and deals 10% increased damage per stack consumed and stuns the target for 0.2s per stack consumed.",AggregateBySource,,datamine,,
GE_Warmaster_Talent_MeleeCleave_MeleeAoeSlow_IncreasedDamageStun_OwnerEffect,hero,true,,,,AggregateBySource,,datamine,,
GE_Warmaster_Talent_MeleeCleave_MeleeAoeSlow_IncreasedDamageStun_Stun,hero,true,HasDuration,Stunned,Stunned for a short duration.,,,datamine,,
GE_Warmaster_Talent_MeleeCleave_Tier2_MeleeCleaveDamageIncreaseFreeCastProc,hero,true,Infinite,Sword & Board,Shield Slam does not cost any resources and deals 50% increased damage,AggregateBySource,,datamine,,
GE_Warmaster_Talent_MeleeCleave_Tier3b_IncreasedAbilityDamagePerStack_Buff,hero,false,HasDuration,Heavy Metal,"Your Shield Slam, Shield Throw, and Shockwave abilities deal 10% increased damage per stack for 15 seconds. 20 Max Stacks",AggregateBySource,,datamine,,
GE_Warmaster_Talent_MoveSpeedBuff_PartyAndIncreasedSpeed_SelfBuff,hero,true,HasDuration,Commander's Advance,50% increased movement speed,AggregateByTarget,,datamine,,
GE_Warmaster_Talent_MoveSpeedBuff_PartyAndIncreasedSpeed_TargetBuff,hero,true,HasDuration,Commander's Advance,25% increased movement speed,AggregateByTarget,,datamine,,
GE_Warmaster_Talent_MoveToTargetStun_ArrivalMeleeAoeSlow_TargetExtraWarmasterDamage,hero,true,HasDuration,Aftershock,Taking 30% extra damage from Helena's attacks,AggregateBySource,,datamine,,
GE_Warmaster_Talent_MoveToTargetStun_ArrivalMeleeAoeSlow_TargetExtraWarmasterDamage_OwnerEffect,hero,true,,,,AggregateBySource,,datamine,,
GE_Warmaster_Talent_MoveToTargetStun_IncreasedMoveSpeed,hero,true,HasDuration,Rushing Advance,20% increased movement speed,AggregateBySource,,datamine,,
GE_Warmaster_Talent_ReducedMagicDamageTaken,hero,true,Infinite,,,AggregateBySource,,datamine,,
GE_Warmaster_Talent_ToughnessBuff_Buff,hero,true,HasDuration,Second Wind,Strength increased by 20%.,AggregateByTarget,,datamine,,
GE_Warmaster_Talent_ToughnessBuff_Stacker,hero,true,Infinite,Second Wind: Build up,"When your <bold>Toughness</> has reduced an amount of damage equal to 30% of your maximum health, you gain 20% increased Strength for 8 sec.",AggregateByTarget,,datamine,,
GE_Warmaster_Toughness,hero,true,Infinite,,,,,datamine,,
GE_Warmaster_ToughnessLevel_0,hero,true,,,,AggregateBySource,,datamine,,
GE_Warmaster_ToughnessLevel_1,hero,true,,Toughness - Rank 1,Damage taken reduced by 5%.,AggregateBySource,,datamine,,
GE_Warmaster_ToughnessLevel_2,hero,true,,Toughness - Rank 2,Damage taken reduced by 15%.,AggregateBySource,,datamine,,
GE_Warmaster_ToughnessLevel_3,hero,true,,Toughness - Rank 3,Damage taken reduced by 25%.,AggregateBySource,,datamine,,
GE_Warmaster_ToughnessLevel_4,hero,true,,Toughness - Rank 4,Damage taken reduced by 35%.,AggregateBySource,,datamine,,
GE_Warmaster_ToughnessLevel_Base,hero,false,Infinite,,,,,datamine,,
GE_Weapon_AbsorbDelayedAoeDamage_Absorb,ability_system,true,HasDuration,Sahril's Aegis,"Absorbs damage taken.

Explodes upon removal, dealing fire damage to nearby enemies.",AggregateByTarget,,datamine,,
GE_Weapon_AbsorbDelayedAoeDamage_AoeDamage,ability_system,true,,,,,,datamine,,
GE_Weapon_CastedBuffStacksHealOnDamage_Buff,ability_system,true,HasDuration,Frozen Light,"Each time you take damage, 1 stack is consumed and you get healed.",AggregateBySource,,datamine,,
GE_Weapon_CastedBuffStacksHealOnDamage_Heal,ability_system,true,,,,,,datamine,,
GE_Weapon_CastedChainHealDamage_Damage,ability_system,true,,,,,,datamine,,
GE_Weapon_CastedChainHealDamage_Heal,ability_system,true,,,,,,datamine,,
GE_Weapon_CastedHealAndDamageChannel_AoeDamage,ability_system,true,,,,,,datamine,,
GE_Weapon_CastedHealAndDamageChannel_Damage,ability_system,true,,,,,,datamine,,
GE_Weapon_CastedHealAndDamageChannel_Heal,ability_system,true,,,,,,datamine,,
GE_Weapon_CastedRepetitivelyAOEDamageDebuff_Damage,ability_system,true,,,,,,datamine,,
GE_Weapon_CastedRepetitivelyAOEDamageDebuff_Dot,ability_system,true,Infinite,Curse of An'zhyr,"Taking frost damage over time.

Taking +200% increased damage from the direct damage of Icicles of An'zhyr.",AggregateBySource,1.0,datamine,,
GE_Weapon_CastedRepetitivelyAOEDamageDebuff_ExtraDamageDebuff,ability_system,true,Infinite,,,AggregateBySource,,datamine,,
GE_Weapon_CastedRepetitivelyAOEDamageDebuff_ExtraDamageDebuff_OwnerEffect,ability_system,true,,,,AggregateBySource,,datamine,,
GE_Weapon_ChanneledCooldownReducer_AoeDamage,ability_system,true,,,,,,datamine,,
GE_Weapon_ChanneledCooldownReducer_Buff,ability_system,true,Infinite,Asha's Arcane Embrace,Reduces incoming damage and reduces cooldown each tick,,,datamine,,
GE_Weapon_CleaveDamageBuffCooldownReduction_Buff,ability_system,true,HasDuration,Glorious Purpose,,AggregateByTarget,,datamine,,
GE_Weapon_CleaveDamageBuffCooldownReduction_CleaveDamage,ability_system,true,,,,,,datamine,,
GE_Weapon_CleaveDamageBuffCooldownReduction_MainDamage,ability_system,true,,,,,,datamine,,
GE_Weapon_FrontalAOEConeRepeatingStunDamage_Damage_Final,ability_system,true,,,,,,datamine,,
GE_Weapon_FrontalAOEConeRepeatingStunDamage_Damage_Initial,ability_system,true,,,,,,datamine,,
GE_Weapon_FrontalAOEConeRepeatingStunDamage_Damage_Repeating,ability_system,true,,,,,,datamine,,
GE_Weapon_FrontalAOEConeRepeatingStunDamage_Stun,ability_system,true,HasDuration,Stunned,Stunned for a short duration.,AggregateBySource,,datamine,,
GE_Weapon_InstantAoeDamageBuff_Buff,ability_system,true,HasDuration,Sundering Wrath,+6% increased critical strike chance per stack.,AggregateByTarget,,datamine,,
GE_Weapon_InstantAoeDamageBuff_Damage,ability_system,true,,,,,,datamine,,
GE_Weapon_InstantChargedProjectileHealOrDamage_Damage,ability_system,true,,,,,,datamine,,
GE_Weapon_InstantChargedProjectileHealOrDamage_Heal,ability_system,true,,,,,,datamine,,
GE_Weapon_InstantChargedProjectileHealOrDamage_PowerCharge,ability_system,true,Infinite,Twilight Skybolt: Eclipse,Increases the damage of your next Twilight Skybolt by 100% per stack.,AggregateByTarget,,datamine,,
GE_Weapon_InstantDamageAccumulativeDebuff_Damage,ability_system,true,,,,,,datamine,,
GE_Weapon_InstantDamageAccumulativeDebuff_Debuff,ability_system,true,HasDuration,Voidbringer's Touch,"Will deal 10% of all accumulated damage that the source character has done at expiration, or when the accumulated damage reaches 4250% of the source's primary attribute.",AggregateBySource,,datamine,,
GE_Weapon_StunDotAoeDamageSlow_AoeDamage,ability_system,true,,,,,,datamine,,
GE_Weapon_StunDotAoeDamageSlow_Debuff,ability_system,true,Infinite,Al'zerac's Shackle: Slow,The target's movement speed and attack speed is reduced by 30%. It also takes damage every 1.5 seconds.,AggregateBySource,,datamine,,
GE_Weapon_StunDotAoeDamageSlow_SlowDot,ability_system,true,HasDuration,Al'zerac's Shackle: Slow,"Taking frost damage over time.

Movement speed is reduced by 65%.
Attack speed is reduced by 40%.",AggregateBySource,1.0,datamine,,
GE_Weapon_StunDotAoeDamageSlow_Stun,ability_system,true,HasDuration,Al'zerac's Shackle: Freeze,Target is immobilized and takes damage every second.,AggregateBySource,,datamine,,
GE_Weapon_StunDotAoeDamageSlow_StunDot,ability_system,true,HasDuration,Al'zerac's Shackle: Freeze,Target is immobilized and takes damage every second.,AggregateBySource,1.0,datamine,,
