id,ordinal,value
GE_ArmorSetBonus_CritChanceBonus,0,EffectLogic.System
GE_ArmorSetBonus_ExpertiseBonus,0,EffectLogic.System
GE_ArmorSetBonus_GemPowerBonus,0,EffectLogic.System
GE_ArmorSetBonus_HasteBonus,0,EffectLogic.System
GE_ArmorSetBonus_HasteBuffOnAbilityUse_Buff,0,EffectType.Beneficial
GE_ArmorSetBonus_HasteBuffOnAbilityUse_Buff,1,EffectType.Buff
GE_ArmorSetBonus_HasteBuffOnAbilityUse_Buff,2,EffectType.Magic
GE_ArmorSetBonus_HasteBuffOnAbilityUse_Buff,3,EffectLogic.RemoveOnDeath
GE_ArmorSetBonus_HasteBuffOnAbilityUse_Buff,4,EffectVisualization.Icon
GE_ArmorSetBonus_HeroismPowerAndDamageReductionBonus_Buff,0,EffectType.Beneficial
GE_ArmorSetBonus_HeroismPowerAndDamageReductionBonus_Buff,1,EffectType.Magic
GE_ArmorSetBonus_HeroismPowerAndDamageReductionBonus_Buff,2,EffectVisualization.Icon
GE_ArmorSetBonus_HeroismPowerAndDamageReductionBonus_Buff,3,EffectLogic.RemoveOnDeath
GE_ArmorSetBonus_MagicResistBonus,0,EffectLogic.System
GE_ArmorSetBonus_MaxHealth,0,EffectLogic.System
GE_ArmorSetBonus_MaxManaBonus,0,EffectLogic.System
GE_ArmorSetBonus_MoveSpeedBonus,0,EffectLogic.System
GE_ArmorSetBonus_PowerBonusAndAutoHeal,0,EffectLogic.System
GE_ArmorSetBonus_PowerBonusAndAutoHeal_Heal,0,EffectType.Beneficial
GE_ArmorSetBonus_PowerBonusAndAutoHeal_Heal,1,EffectType.Healing
GE_ArmorSetBonus_PowerBonusAndAutoHeal_Heal,2,EffectType.Magic
GE_ArmorSetBonus_PowerBonusAndAutoHeal_Heal_CooldownVisualBuff,0,EffectVisualization.Icon
GE_ArmorSetBonus_PowerBonusAndAutoHeal_Heal_CooldownVisualBuff,1,EffectType.Harmful
GE_ArmorSetBonus_PowerBonusAndAutoHeal_Heal_CooldownVisualBuff,2,EffectType.Debuff
GE_ArmorSetBonus_PowerBonusAndAutoHeal_Heal_CooldownVisualBuff,3,EffectLogic.NotDispellable
GE_ArmorSetBonus_PowerBonusAndAutoHeal_Heal_CooldownVisualBuff,4,EffectType.Magic.Shadow
GE_ArmorSetBonus_PowerBonusAndAutoHeal_Heal_CooldownVisualBuff,5,EffectLogic.System
GE_ArmorSetBonus_PowerBonusOnCrit_Buff,0,EffectType.Beneficial
GE_ArmorSetBonus_PowerBonusOnCrit_Buff,1,EffectType.Buff
GE_ArmorSetBonus_PowerBonusOnCrit_Buff,2,EffectType.Magic
GE_ArmorSetBonus_PowerBonusOnCrit_Buff,3,EffectVisualization.Icon
GE_ArmorSetBonus_PowerBonusOnCrit_Buff,4,EffectLogic.RemoveOnDeath
GE_ArmorSetBonus_PowerBonusOnCrit_Buff,5,EffectLogic.NotDispellable
GE_ArmorSetBonus_Quickplay_CritChanceBonus,0,EffectLogic.System
GE_ArmorSetBonus_Quickplay_ExpertiseBonus,0,EffectLogic.System
GE_ArmorSetBonus_Quickplay_HasteBonus,0,EffectLogic.System
GE_ArmorSetBonus_Quickplay_SpiritBonus,0,EffectLogic.System
GE_ArmorSetBonus_SpiritBonus,0,EffectLogic.System
GE_ArmorSetBonus_TargetLowHealthDamageBonus,0,EffectLogic.System
GE_ArmorSetBonus_ThreatDecrease,0,EffectLogic.System
GE_ArmorSetBonus_ThreatIncrease,0,EffectLogic.System
GE_Ascension_BossBoost,0,GameplayEffect.PermanentNotRemovable
GE_Ascension_BossBoost,1,EffectLogic.System
GE_Ascension_BossBoost_HeroBuff,0,GameplayEffect.PermanentNotRemovable
GE_Ascension_BossBoost_HeroBuff,1,EffectLogic.System
GE_Ascension_DispelAndInterrupt_HeroBuff,0,GameplayEffect.PermanentNotRemovable
GE_Ascension_DispelAndInterrupt_HeroBuff,1,EffectLogic.System
GE_Ascension_EnemyBoost,0,GameplayEffect.PermanentNotRemovable
GE_Ascension_EnemyBoost,1,EffectLogic.System
GE_Ascension_EnemyBoost_HeroBuff,0,GameplayEffect.PermanentNotRemovable
GE_Ascension_EnemyBoost_HeroBuff,1,EffectLogic.System
GE_Ascension_ThreatManagement_HeroBuff,0,GameplayEffect.PermanentNotRemovable
GE_Ascension_ThreatManagement_HeroBuff,1,EffectLogic.System
GE_Ascension_ThreatManagement_ThreatDebuff,0,GameplayEffect.PermanentNotRemovable
GE_Ascension_ThreatManagement_ThreatDebuff,1,EffectLogic.System
GE_Ascension_TimerKillScore_HeroBuff,0,GameplayEffect.PermanentNotRemovable
GE_Ascension_TimerKillScore_HeroBuff,1,EffectLogic.System
GE_BaseLogic_Disorient,0,EffectType.CrowdControl
GE_BaseLogic_Disorient,1,EffectType.GeneratesThreat
GE_BaseLogic_Disorient,2,EffectType.Harmful
GE_BaseLogic_Disorient,3,EffectType.Silencing
GE_BaseLogic_Disorient,4,EffectLogic.RemoveOnDeath
GE_BaseLogic_Disorient,5,EffectLogic.System
GE_BaseLogic_Fear,0,EffectType.CrowdControl
GE_BaseLogic_Fear,1,EffectType.GeneratesThreat
GE_BaseLogic_Fear,2,EffectType.Harmful
GE_BaseLogic_Fear,3,EffectType.Silencing
GE_BaseLogic_Fear,4,EffectLogic.RemoveOnDeath
GE_BaseLogic_Fear,5,EffectLogic.System
GE_BlackmistShadowMinion_Cast_Buff,0,EffectVisualization.Icon
GE_BlackmistShadowMinion_Cast_Buff,1,EffectType.Buff
GE_BlackmistShadowMinion_Cast_Buff,2,EffectType.Beneficial
GE_BlackmistShadowMinion_Cast_Buff,3,EffectType.Magic.Shadow
GE_BlackmistShadowMinion_Cast_Buff,4,EffectLogic.NotDispellable
GE_BlackmistShadowMinion_Cast_Damage,0,EffectType.Harmful
GE_BlackmistShadowMinion_Cast_Damage,1,EffectType.Magic.Shadow
GE_BlackmistShadowMinion_Cast_Debuff,0,EffectType.Harmful
GE_BlackmistShadowMinion_Cast_Debuff,1,EffectType.Debuff
GE_BlackmistShadowMinion_Cast_Debuff,2,EffectType.Magic.Shadow
GE_BlackmistShadowMinion_Cast_Debuff,3,EffectLogic.NotDispellable
GE_BlackmistShadowMinion_Cast_Debuff,4,EffectVisualization.Icon
GE_BlackmistShadowMinion_Cast_HasteBuff,0,EffectType.Buff
GE_BlackmistShadowMinion_Cast_HasteBuff,1,EffectType.Beneficial
GE_BlackmistShadowMinion_Cast_HasteBuff,2,EffectType.Magic.Shadow
GE_BlackmistShadowMinion_Cast_HasteBuff,3,EffectLogic.NotDispellable
GE_BlackmistShadowMinion_OnDeathExplosion_Damage,0,EffectType.Harmful
GE_BlackmistShadowMinion_OnDeathExplosion_Damage,1,EffectType.Magic.Shadow
GE_BlackmistShadowMinion_OnDeathExplosion_FriendlyDamage,0,EffectType.Harmful
GE_BlackmistShadowMinion_OnDeathExplosion_FriendlyDamage,1,EffectType.Magic.Shadow
GE_BlackmistShadowMinion_OnDeathExplosion_Stun,0,EffectType.Harmful
GE_BlackmistShadowMinion_OnDeathExplosion_Stun,1,EffectType.Magic.Shadow
GE_BlackmistShadowMinion_OnDeathExplosion_Stun,2,EffectType.Stun
GE_BlackmistShadowMinion_OnDeathExplosion_Stun,3,EffectType.CrowdControl
GE_BlackmistShadowMinion_OnDeathExplosion_Stun,4,EffectType.Debuff
GE_BlackmistShadowMinion_OnDeathExplosion_Stun,5,EffectVisualization.Icon
GE_BlackmistShadowMinion_OnDeathExplosion_Stun,6,EffectLogic.NotDispellable
GE_BlackmistShadowMinion_OnDeathExplosion_Stun,7,EffectLogic.RemoveOnDeath
GE_BossVikingMystic_RuneMinion_Cast_Buff,0,EffectVisualization.Icon
GE_BossVikingMystic_RuneMinion_Cast_Buff,1,EffectType.Buff
GE_BossVikingMystic_RuneMinion_Cast_Buff,2,EffectType.Beneficial
GE_BossVikingMystic_RuneMinion_Cast_Buff,3,EffectType.Magic.Shadow
GE_BossVikingMystic_RuneMinion_Cast_Buff,4,EffectLogic.NotDispellable
GE_BossVikingMystic_RuneMinion_Cast_Damage,0,EffectType.Harmful
GE_BossVikingMystic_RuneMinion_Cast_Damage,1,EffectType.Magic.Shadow
GE_BossVikingMystic_RuneMinion_Cast_Debuff,0,EffectType.Harmful
GE_BossVikingMystic_RuneMinion_Cast_Debuff,1,EffectType.Debuff
GE_BossVikingMystic_RuneMinion_Cast_Debuff,2,EffectType.Magic.Shadow
GE_BossVikingMystic_RuneMinion_Cast_Debuff,3,EffectLogic.NotDispellable
GE_BossVikingMystic_RuneMinion_Cast_Debuff,4,EffectVisualization.Icon
GE_BossVikingMystic_RuneMinion_Cast_HasteBuff,0,EffectType.Buff
GE_BossVikingMystic_RuneMinion_Cast_HasteBuff,1,EffectType.Beneficial
GE_BossVikingMystic_RuneMinion_Cast_HasteBuff,2,EffectType.Magic.Shadow
GE_BossVikingMystic_RuneMinion_Cast_HasteBuff,3,EffectLogic.NotDispellable
GE_BossVikingMystic_RuneMinion_OnDeathExplosion_Damage,0,EffectType.Harmful
GE_BossVikingMystic_RuneMinion_OnDeathExplosion_Damage,1,EffectType.Magic.Shadow
GE_Bowguy_AimSlow,0,EffectLogic.System
GE_Bowguy_AimSlow,1,EffectLogic.RemoveOnDeath
GE_Bowguy_AoeProjectileDamage_Damage,0,EffectType.GeneratesThreat
GE_Bowguy_AoeProjectileDamage_Damage,1,EffectType.Harmful
GE_Bowguy_AoeProjectileDamage_Damage,2,EffectType.Physical
GE_Bowguy_AoeProjectileDamage_Damage,3,CustomAssetTags.Bowguy.AoeProjectileDamage.Damage
GE_Bowguy_AoeProjectileDamage_Damage_Magical,0,EffectType.GeneratesThreat
GE_Bowguy_AoeProjectileDamage_Damage_Magical,1,EffectType.Harmful
GE_Bowguy_AoeProjectileDamage_Damage_Magical,2,EffectType.Magic.Arcane
GE_Bowguy_AoeProjectileDamage_Damage_Magical,3,CustomAssetTags.Bowguy.AoeProjectileDamage.Damage
GE_Bowguy_AoeProjectileDamage_Proc,0,EffectLogic.System
GE_Bowguy_AoeProjectileDamage_Proc,1,EffectLogic.RemoveOnDeath
GE_Bowguy_AoeProjectileDamage_Proc,2,EffectType.Beneficial
GE_Bowguy_CastedBouncyProjectileDamage_Damage,0,EffectType.GeneratesThreat
GE_Bowguy_CastedBouncyProjectileDamage_Damage,1,EffectType.Harmful
GE_Bowguy_CastedBouncyProjectileDamage_Damage,2,EffectType.Physical
GE_Bowguy_CastedProjectileDamage_Buff,0,EffectVisualization.Icon
GE_Bowguy_CastedProjectileDamage_Buff,1,EffectType.Beneficial
GE_Bowguy_CastedProjectileDamage_Buff,2,EffectLogic.RemoveOnDeath
GE_Bowguy_CastedProjectileDamage_Buff,3,EffectVisualization.IconOnPartyUnitFrame
GE_Bowguy_CastedProjectileDamage_Damage,0,EffectType.GeneratesThreat
GE_Bowguy_CastedProjectileDamage_Damage,1,EffectType.Harmful
GE_Bowguy_CastedProjectileDamage_Damage,2,EffectType.Physical
GE_Bowguy_CastedProjectileDamage_Damage,3,EffectType.SourceAbility.Basic
GE_Bowguy_CastedProjectileHeavyDamage_Damage,0,EffectType.GeneratesThreat
GE_Bowguy_CastedProjectileHeavyDamage_Damage,1,EffectType.Harmful
GE_Bowguy_CastedProjectileHeavyDamage_Damage,2,EffectType.Physical
GE_Bowguy_ChanneledMultiProjectileDebuff_Damage,0,EffectType.GeneratesThreat
GE_Bowguy_ChanneledMultiProjectileDebuff_Damage,1,EffectType.Harmful
GE_Bowguy_ChanneledMultiProjectileDebuff_Damage,2,EffectType.Physical
GE_Bowguy_ChanneledMultiProjectileDebuff_Damage,3,CustomAssetTags.Bowguy.ChanneledMultiProjectileDebuff
GE_Bowguy_ChanneledMultiProjectileDebuff_Damage,4,CustomAssetTags.Bowguy.Talent.TargetedAoeDamage.IncreasedInstantMarkTriggerChance.ChanneledMultiTargetDebuff
GE_Bowguy_ChargedMoveWithDirection_Active,0,EffectLogic.System
GE_Bowguy_ChargedMoveWithDirection_Active,1,EffectLogic.RemoveOnDeath
GE_Bowguy_DurationalAoeDamage_Buff,0,EffectType.Beneficial
GE_Bowguy_DurationalAoeDamage_Buff,1,EffectLogic.RemoveOnDeath
GE_Bowguy_DurationalAoeDamage_Buff,2,EffectVisualization.Icon
GE_Bowguy_DurationalAoeDamage_Buff,3,EffectVisualization.IconOnPartyUnitFrame
GE_Bowguy_DurationalAoeDamage_Buff,4,EffectLogic.AlwaysApply
GE_Bowguy_DurationalAoeDamage_Buff,5,EffectLogic.NotDispellable
GE_Bowguy_DurationalAoeDamage_Buff,6,EffectType.Magic.Arcane
GE_Bowguy_DurationalAoeDamage_Visual,0,EffectLogic.RemoveOnDeath
GE_Bowguy_DurationalAoeDamage_Visual,1,EffectLogic.System
GE_Bowguy_InstantMarkTarget_AoeDamage,0,EffectType.GeneratesThreat
GE_Bowguy_InstantMarkTarget_AoeDamage,1,EffectType.Harmful
GE_Bowguy_InstantMarkTarget_AoeDamage,2,EffectType.Magic.Arcane
GE_Bowguy_InstantMarkTarget_AoeDamage,3,CustomAssetTags.Bowguy.InstantMarkTarget.RelevantDamageEffect
GE_Bowguy_InstantMarkTarget_Damage,0,EffectType.GeneratesThreat
GE_Bowguy_InstantMarkTarget_Damage,1,EffectType.Harmful
GE_Bowguy_InstantMarkTarget_Damage,2,EffectType.Magic.Arcane
GE_Bowguy_InstantMarkTarget_Damage,3,CustomAssetTags.Bowguy.InstantMarkTarget.RelevantDamageEffect
GE_Bowguy_InstantMarkTarget_Debuff,0,EffectVisualization.Icon
GE_Bowguy_InstantMarkTarget_Debuff,1,EffectLogic.RemoveOnDeath
GE_Bowguy_InstantMarkTarget_Debuff,2,EffectType.Debuff
GE_Bowguy_InstantMarkTarget_Debuff,3,EffectType.Harmful
GE_Bowguy_InstantMarkTarget_Debuff,4,EffectType.Magic.Arcane
GE_Bowguy_InstantMarkTarget_Debuff,5,CustomAssetTags.Bowguy.InstantMarkTarget.RelevantDebuff
GE_Bowguy_InstantSingleInterrupt_Interrupt,0,EffectType.Harmful
GE_Bowguy_InstantSingleInterrupt_Interrupt,1,EffectType.GeneratesThreat
GE_Bowguy_InstantSingleInterrupt_Interrupt,2,EffectType.Magic.Frost
GE_Bowguy_ProcHasteBuff_Buff,0,EffectVisualization.Icon
GE_Bowguy_ProcHasteBuff_Buff,1,EffectType.Beneficial
GE_Bowguy_ProcHasteBuff_Buff,2,EffectLogic.RemoveOnDeath
GE_Bowguy_ProcHasteBuff_Buff,3,CustomAssetTags.Bowguy.ProcHasteBuff
GE_Bowguy_ProcHasteBuff_Buff,4,EffectVisualization.HeroSuperBuffbar
GE_Bowguy_RangedAutoAttack_Damage,0,EffectType.Physical
GE_Bowguy_RangedAutoAttack_Damage,1,EffectType.Harmful
GE_Bowguy_RangedAutoAttack_Damage,2,EffectType.GeneratesThreat
GE_Bowguy_RangedAutoAttack_Damage,3,EffectType.AutoAttack
GE_Bowguy_RangedAutoAttack_Damage,4,CustomAssetTags.Bowguy.InstantMarkTarget.RelevantDebuff
GE_Bowguy_RangedAutoAttack_Proc,0,EffectLogic.System
GE_Bowguy_RangedAutoAttack_Proc,1,EffectLogic.RemoveOnDeath
GE_Bowguy_RangedAutoAttack_Proc,2,EffectType.Beneficial
GE_Bowguy_RangedAutoAttack_Proc,3,EffectVisualization.Icon
GE_Bowguy_RangedAutoAttack_Proc,4,EffectVisualization.HeroSuperBuffbar
GE_Bowguy_ReducedCostCooldownRecoveryBuff_CooldownRecoveryBuff,0,EffectLogic.System
GE_Bowguy_ReducedCostCooldownRecoveryBuff_SelfBuff,0,EffectType.Beneficial
GE_Bowguy_ReducedCostCooldownRecoveryBuff_SelfBuff,1,EffectLogic.RemoveOnDeath
GE_Bowguy_ReducedCostCooldownRecoveryBuff_SelfBuff,2,EffectVisualization.Icon
GE_Bowguy_ReducedCostCooldownRecoveryBuff_SelfBuff,3,EffectLogic.AlwaysApply
GE_Bowguy_ReducedCostCooldownRecoveryBuff_SelfBuff,4,EffectLogic.NotDispellable
GE_Bowguy_ReducedCostCooldownRecoveryBuff_SelfBuff,5,EffectType.Magic.Arcane
GE_Bowguy_ReducedCostCooldownRecoveryBuff_SelfBuff,6,EffectVisualization.HeroSuperBuffbar
GE_Bowguy_ReducedCostCooldownRecoveryBuff_Visual,0,EffectLogic.RemoveOnDeath
GE_Bowguy_ReducedCostCooldownRecoveryBuff_Visual,1,EffectLogic.System
GE_Bowguy_SelfBuffForAoeProjectile_SelfBuff,0,EffectVisualization.Icon
GE_Bowguy_SelfBuffForAoeProjectile_SelfBuff,1,EffectType.Beneficial
GE_Bowguy_SelfBuffForAoeProjectile_SelfBuff,2,EffectLogic.RemoveOnDeath
GE_Bowguy_SelfBuffForAoeProjectile_SelfBuff,3,EffectVisualization.HeroSuperBuffbar
GE_Bowguy_SelfDefenceBuff_SelfBuff,0,EffectLogic.RemoveOnDeath
GE_Bowguy_SelfDefenceBuff_SelfBuff,1,EffectType.Beneficial
GE_Bowguy_SelfDefenceBuff_SelfBuff,2,EffectType.GeneratesThreat
GE_Bowguy_SelfDefenceBuff_SelfBuff,3,EffectVisualization.Icon
GE_Bowguy_SelfDefenceBuff_SelfBuff,4,EffectVisualization.IconOnPartyUnitFrame
GE_Bowguy_SelfDefenceBuff_SelfBuff,5,EffectVisualization.HeroSuperBuffbar
GE_Bowguy_SelfDefenceBuff_SelfBuff,6,CustomAssetTags.Bowguy.SelfDefenceBuff.Buff
GE_Bowguy_SingleProjectileDamage_Damage,0,EffectType.GeneratesThreat
GE_Bowguy_SingleProjectileDamage_Damage,1,EffectType.Harmful
GE_Bowguy_SingleProjectileDamage_Damage,2,EffectType.Magic.Arcane
GE_Bowguy_SingleProjectileDamage_Damage,3,EffectType.SourceAbility.Basic
GE_Bowguy_Talent_CastedProjectileDamage_AoeProjectileDamageEmpowered_SelfBuff,0,EffectVisualization.Icon
GE_Bowguy_Talent_CastedProjectileDamage_AoeProjectileDamageEmpowered_SelfBuff,1,EffectType.Beneficial
GE_Bowguy_Talent_CastedProjectileDamage_AoeProjectileDamageEmpowered_SelfBuff,2,EffectLogic.RemoveOnDeath
GE_Bowguy_Talent_CastedProjectileDamage_AoeProjectileDamageEmpowered_SelfBuff,3,EffectVisualization.HeroSuperBuffbar
GE_Bowguy_Talent_CastedProjectileHeavyDamage_IncreasedIncomingDamageDebuff_Debuff,0,EffectLogic.RemoveOnDeath
GE_Bowguy_Talent_CastedProjectileHeavyDamage_IncreasedIncomingDamageDebuff_Debuff,1,EffectVisualization.Icon
GE_Bowguy_Talent_CastedProjectileHeavyDamage_IncreasedIncomingDamageDebuff_Debuff,2,EffectType.Harmful
GE_Bowguy_Talent_CastedProjectileHeavyDamage_IncreasedIncomingDamageDebuff_OwnerEffect,0,EffectLogic.System
GE_Bowguy_Talent_CastedProjectileHeavyDamage_InstantNoCooldownProc_Proc,0,EffectLogic.System
GE_Bowguy_Talent_CastedProjectileHeavyDamage_InstantNoCooldownProc_Proc,1,EffectLogic.RemoveOnDeath
GE_Bowguy_Talent_CastedProjectileHeavyDamage_InstantNoCooldownProc_Proc,2,EffectType.Beneficial
GE_Bowguy_Talent_CastedProjectileHeavyDamage_InstantNoCooldownProc_Proc,3,EffectVisualization.Icon
GE_Bowguy_Talent_CastedProjectileHeavyDamage_InstantNoCooldownProc_Proc,4,EffectVisualization.HeroSuperBuffbar
GE_Bowguy_Talent_CastedProjectileHeavyDamage_NoBounceBuff_SelfBuff,0,EffectVisualization.Icon
GE_Bowguy_Talent_CastedProjectileHeavyDamage_NoBounceBuff_SelfBuff,1,EffectType.Beneficial
GE_Bowguy_Talent_CastedProjectileHeavyDamage_NoBounceBuff_SelfBuff,2,EffectLogic.RemoveOnDeath
GE_Bowguy_Talent_CastedProjectileHeavyDamage_NoBounceBuff_SelfBuff,3,CustomAssetTags.Bowguy.Talent.CastedProjectileHeavyDamage.NoBounceBuff
GE_Bowguy_Talent_CastedProjectileHeavyDamage_StacksMoreDamageAndBounces_Proc,0,EffectLogic.System
GE_Bowguy_Talent_CastedProjectileHeavyDamage_StacksMoreDamageAndBounces_Proc,1,EffectType.Beneficial
GE_Bowguy_Talent_CastedProjectileHeavyDamage_StacksMoreDamageAndBounces_Proc,2,EffectLogic.RemoveOnDeath
GE_Bowguy_Talent_CastedProjectileHeavyDamage_StacksMoreDamageAndBounces_Stacker,0,EffectLogic.System
GE_Bowguy_Talent_CastedProjectileHeavyDamage_StacksMoreDamageAndBounces_Stacker,1,EffectLogic.RemoveOnDeath
GE_Bowguy_Talent_CastedProjectileHeavyDamage_StacksMoreDamageAndBounces_Stacker,2,EffectType.Beneficial
GE_Bowguy_Talent_CastedProjectileHeavyDamage_StacksMoreDamageAndBounces_Stacker,3,EffectVisualization.Icon
GE_Bowguy_Talent_CastedProjectileHeavyDamage_StacksMoreDamageAndBounces_Stacker,4,EffectVisualization.HeroSuperBuffbar
GE_Bowguy_Talent_ChanneledMultiProjectileDebuff_IncomingDamage_Debuff,0,EffectLogic.RemoveOnDeath
GE_Bowguy_Talent_ChanneledMultiProjectileDebuff_IncomingDamage_Debuff,1,EffectVisualization.Icon
GE_Bowguy_Talent_ChanneledMultiProjectileDebuff_IncomingDamage_Debuff,2,EffectVisualization.IconOnPartyUnitFrame
GE_Bowguy_Talent_ChanneledMultiProjectileDebuff_IncomingDamage_Debuff,3,EffectType.Harmful
GE_Bowguy_Talent_ChanneledMultiProjectileDebuff_ResetCooldownAndBuff_Proc,0,EffectLogic.System
GE_Bowguy_Talent_ChanneledMultiProjectileDebuff_ResetCooldownAndBuff_Proc,1,EffectType.Beneficial
GE_Bowguy_Talent_ChanneledMultiProjectileDebuff_ResetCooldownAndBuff_Proc,2,EffectLogic.AlwaysApply
GE_Bowguy_Talent_ChanneledMultiProjectileDebuff_ResetCooldownAndBuff_Proc,3,EffectLogic.RemoveOnDeath
GE_Bowguy_Talent_ChanneledMultiProjectileDebuff_ResetCooldownAndBuff_Proc,4,EffectType.Magic.Arcane
GE_Bowguy_Talent_ChanneledMultiProjectileDebuff_ResetCooldownAndBuff_Proc,5,EffectVisualization.Icon
GE_Bowguy_Talent_ChanneledMultiProjectileDebuff_ResetCooldownAndBuff_Proc,6,EffectVisualization.HeroSuperBuffbar
GE_Bowguy_Talent_IncomingAoeDamageReduction,0,EffectLogic.System
GE_Bowguy_Talent_IncomingAoeDamageReduction,1,EffectType.Beneficial
GE_Bowguy_Talent_IncreasedCritChanceAtLowHealth,0,EffectLogic.AlwaysApply
GE_Bowguy_Talent_IncreasedCritChanceAtLowHealth,1,EffectLogic.System
GE_Bowguy_Talent_IncreasedMovementSpeed,0,EffectLogic.AlwaysApply
GE_Bowguy_Talent_IncreasedMovementSpeed,1,EffectLogic.System
GE_Bowguy_Talent_ReducedIncomingMagicDamage,0,EffectLogic.System
GE_Bowguy_TargetedAoeDamage_Damage,0,EffectType.GeneratesThreat
GE_Bowguy_TargetedAoeDamage_Damage,1,EffectType.Harmful
GE_Bowguy_TargetedAoeDamage_Damage,2,EffectType.Magic.Arcane
GE_Bowguy_TargetedAoeDamage_Damage,3,CustomAssetTags.Bowguy.Talent.TargetedAoeDamage.IncreasedInstantMarkTriggerChance.TargetedAoeDamage
GE_Bowguy_TargetedAoeDamage_MainTargetBuff,0,EffectLogic.System
GE_Bowguy_TargetedAoeDamage_Talent_BuffWhileActive,0,EffectType.Beneficial
GE_Bowguy_TargetedAoeDamage_Talent_BuffWhileActive,1,EffectLogic.RemoveOnDeath
GE_Bowguy_TargetedAoeDamage_Talent_BuffWhileActive,2,EffectType.Magic.Arcane
GE_Bowguy_TargetedAoeDamage_Talent_BuffWhileActive,3,CustomAssetTags.Bowguy.Talent.TargetedAoeDamage.BuffWhileActive
GE_Bowguy_TargetedAoePull_Pull,0,EffectType.GeneratesThreat
GE_Bowguy_TargetedAoePull_Pull,1,EffectType.Harmful
GE_Bowguy_TargetedAoePull_Pull,2,EffectType.Physical
GE_Bowguy_TargetedAoePull_Pull,3,EffectType.Knockback
GE_Bowguy_TargetedAoePull_Pull,4,EffectVisualization.Icon
GE_Bowguy_TargetedAoePull_Pull,5,EffectType.MovementImpairing
GE_Bowguy_TargetedAoePull_Pull,6,EffectLogic.RemoveOnDeath
GE_Bowguy_TargetedAoePull_Slow,0,EffectLogic.RemoveOnDeath
GE_Bowguy_TargetedAoePull_Slow,1,EffectType.Harmful
GE_Bowguy_TargetedAoePull_Slow,2,EffectType.GeneratesThreat
GE_Bowguy_TargetedAoePull_Slow,3,EffectVisualization.IconOnPartyUnitFrame
GE_Bowguy_TargetedAoePull_Slow,4,EffectVisualization.Icon
GE_Bowguy_TargetedAoePull_Slow,5,EffectType.MovementImpairing
GE_CCImmune,0,GameplayEffect.PermanentNotRemovable
GE_CM_BlackburnMantrader_CastedRangedProjectile_SlowDebuff,0,Effect.Debuff
GE_CM_BlackburnMantrader_CastedRangedProjectile_SlowDebuff,1,EffectType.Debuff
GE_CM_BlackburnMantrader_CastedRangedProjectile_SlowDebuff,2,EffectType.Harmful
GE_CM_BlackburnMantrader_CastedRangedProjectile_SlowDebuff,3,EffectType.Magic
GE_CM_BlackburnMantrader_CastedRoot_Debuff,0,Effect.Debuff
GE_CM_BlackburnMantrader_CastedRoot_Debuff,1,EffectType.Debuff
GE_CM_BlackburnMantrader_CastedRoot_Debuff,2,EffectType.Harmful
GE_CM_BlackburnMantrader_CastedRoot_Debuff,3,EffectType.Magic
GE_CM_BlackburnMantrader_MeleeAutoAttack_Damage,0,EffectType.Harmful
GE_CM_BlackburnMantrader_MeleeAutoAttack_Damage,1,EffectType.Physical
GE_CM_BossAina_CastDebuffProjectile_Damage,0,EffectType.Harmful
GE_CM_BossAina_CastDebuffProjectile_Damage,1,EffectType.Magic.Nature
GE_CM_BossAina_CastDebuffProjectile_Debuff,0,EffectType.Debuff
GE_CM_BossAina_CastDebuffProjectile_Debuff,1,EffectType.Harmful
GE_CM_BossAina_CastDebuffProjectile_Debuff,2,EffectVisualization.Icon
GE_CM_BossAina_CastDebuffProjectile_Debuff,3,EffectType.Magic.Nature
GE_CM_BossAina_CastFillerProjectile_Damage,0,EffectType.Harmful
GE_CM_BossAina_CastFillerProjectile_Damage,1,EffectType.Magic.Nature
GE_CM_BossAina_CastHealDebuff_Debuff,0,EffectType.Harmful
GE_CM_BossAina_CastHealDebuff_Debuff,1,EffectType.Debuff
GE_CM_BossAina_CastHealDebuff_Debuff,2,Effect.Debuff
GE_CM_BossAina_CastHealDebuff_Debuff,3,EffectLogic.RemoveOnDeath
GE_CM_BossAina_PlacedSlowAoe_SlowEffect,0,Effect.Debuff
GE_CM_BossAina_PlacedSlowAoe_SlowEffect,1,GameplayEffect.RemoveOnDeath
GE_CM_BossAina_PlacedSlowAoe_SlowEffect,2,EffectType.Debuff
GE_CM_BossAina_PlacedSlowAoe_SlowEffect,3,EffectLogic.RemoveOnDeath
GE_CM_BossAina_PlacedSlowAoe_SlowEffect,4,EffectType.Harmful
GE_CM_BossTroll_AutoAttack_CrushStack,0,Effect.Buff
GE_CM_BossTroll_FallingRocks_Slow,0,GameplayEffect.RemoveOnDeath
GE_CM_BossTroll_FallingRocks_Slow,1,Effect.Debuff
GE_CM_BossWhisperingCore_PlatformAoEDamage_Dot,0,EffectType.Dot
GE_CM_BossWhisperingCore_PlatformAoEDamage_Dot,1,EffectType.Magic
GE_CM_BossWhisperingCore_PlatformAoEDamage_Dot,2,EffectType.Harmful
GE_CM_BossWhisperingCore_TankSlam_Damage,0,EffectType.Harmful
GE_CM_BossWhisperingCore_TankSlam_Damage,1,EffectType.Physical
GE_CM_BossYrsa_Aina_Shared_Enrage_FinalBuff,0,EffectLogic.RemoveOnDeath
GE_CM_BossYrsa_Aina_Shared_Enrage_FinalBuff,1,GameplayEffect.RemoveOnDeath
GE_CM_BossYrsa_Aina_Shared_Enrage_FinalBuff,2,GameplayEffect.NotDispellable
GE_CM_BossYrsa_Aina_Shared_Enrage_FinalBuff,3,EffectType.Buff
GE_CM_BossYrsa_Aina_Shared_Enrage_FinalBuff,4,EffectType.Beneficial
GE_CM_BossYrsa_Aina_Shared_Enrage_FinalBuff,5,Effect.Buff
GE_CM_BossYrsa_Aina_Shared_Enrage_StackingBuff,0,EffectLogic.RemoveOnDeath
GE_CM_BossYrsa_Aina_Shared_Enrage_StackingBuff,1,GameplayEffect.RemoveOnDeath
GE_CM_BossYrsa_Aina_Shared_Enrage_StackingBuff,2,GameplayEffect.NotDispellable
GE_CM_BossYrsa_Aina_Shared_Enrage_StackingBuff,3,EffectType.Buff
GE_CM_BossYrsa_Aina_Shared_Enrage_StackingBuff,4,EffectType.Beneficial
GE_CM_BossYrsa_Aina_Shared_Enrage_StackingBuff,5,Effect.Buff
GE_CM_BossYrsa_ConjureScythe_Damage,0,EffectType.CM_BossYrsa.ConjurnedScythe
GE_CM_Charged_Construct_Ghost_SelfDamageDebuff,0,Effect.Debuff
GE_CM_CrystalConstructCharged_MeleeAutoAttack_Damage,0,EffectType.Harmful
GE_CM_CrystalConstructCharged_MeleeAutoAttack_Damage,1,EffectType.Physical
GE_CM_CrystalConstructCharged_RotatingBeam_Dot,0,EffectType.Dot
GE_CM_CrystalConstructCharged_RotatingBeam_Dot,1,EffectType.Debuff
GE_CM_CrystalConstructCharged_RotatingBeam_Dot,2,EffectType.Magic.Holy
GE_CM_CrystalConstructCharged_RotatingBeam_Dot,3,EffectType.Harmful
GE_CM_CrystalConstructCharged_RotatingBeam_Dot,4,EffectVisualization.Icon
GE_CM_CrystalConstructCharged_RotatingBeam_Dot,5,EffectLogic.NotDispellable
GE_CM_EarthElemental_AutoAttack_Damage,0,EffectType.Harmful
GE_CM_EarthElemental_AutoAttack_Damage,1,EffectType.Physical
GE_CM_EarthElemental_BurrowBuff,0,Effect.Buff
GE_CM_EarthElemental_CastAoeDamage_Damage,0,EffectType.Magic.Earth
GE_CM_EarthElemental_CastAoeDamage_Damage,1,EffectType.Harmful
GE_CM_EarthElemental_CastAoeDamage_Damage,2,CustomAssetTags.CM.EarthElemental.CastAoeDamage.Damage
GE_CM_EarthElemental_CastAoeDamage_Debuff,0,EffectType.Harmful
GE_CM_EarthElemental_CastAoeDamage_Debuff,1,EffectType.Magic.Earth
GE_CM_EarthElemental_CastAoeDamage_Debuff,2,EffectType.Debuff
GE_CM_EarthElemental_CastAoeDamage_Debuff,3,EffectVisualization.Icon
GE_CM_EarthElemental_CastAoeDamage_Debuff,4,EffectLogic.RemoveOnDeath
GE_CM_EarthElemental_EarthBreaker_Slow,0,Effect.Debuff
GE_CM_ElfEnforcer_AutoAttack_Damage,0,EffectType.Harmful
GE_CM_ElfEnforcer_AutoAttack_Damage,1,EffectType.Physical
GE_CM_ElfEnforcer_Protect_Buff,0,EffectType.Beneficial
GE_CM_ElfEnforcer_Protect_Buff,1,EffectType.Buff
GE_CM_ElfEnforcer_Protect_Buff,2,EffectLogic.NotDispellable
GE_CM_ElfEnforcer_Protect_Buff,3,EffectVisualization.Icon
GE_CM_ElfEnforcer_Protect_Buff,4,EffectType.Absorption
GE_CM_ElfEnforcer_Protect_Damage,0,EffectType.Harmful
GE_CM_ElfEnforcer_Protect_Damage,1,EffectType.Physical
GE_CM_ElfEnforcer_TankSlam_Damage,0,EffectType.Harmful
GE_CM_ElfEnforcer_TankSlam_Damage,1,EffectType.Physical
GE_CM_ElfEnforcer_TankSlam_Debuff,0,EffectType.Debuff
GE_CM_ElfEnforcer_TankSlam_Debuff,1,EffectType.Harmful
GE_CM_ElfEnforcer_TankSlam_Debuff,2,EffectType.CrowdControl
GE_CM_ElfEnforcer_TankSlam_Debuff,3,EffectType.MovementImpairing
GE_CM_ElfEnforcer_TankSlam_Debuff,4,EffectType.Physical
GE_CM_ElfEnforcer_TankSlam_Debuff,5,EffectVisualization.Icon
GE_CM_ElfEnforcer_TankSlam_Debuff,6,EffectLogic.RemoveOnDeath
GE_CM_ElfGoon_FirstThreatProjectile_Damage,0,EffectType.Harmful
GE_CM_ElfGoon_FirstThreatProjectile_Damage,1,EffectType.Physical
GE_CM_ElfInterrogator_AutoAttack_Damage,0,EffectType.Harmful
GE_CM_ElfInterrogator_AutoAttack_Damage,1,EffectType.Physical
GE_CM_ElfInterrogator_IncreaseDamageTakenDebuff,0,Effect.Debuff
GE_CM_ElfInterrogator_IncreaseDamageTakenDebuff,1,EffectType.Debuff
GE_CM_ElfInterrogator_IncreaseDamageTakenDebuff,2,GameplayEffect.RemoveOnDeath
GE_CM_ElfInterrogator_IncreaseDamageTakenDebuff,3,EffectLogic.RemoveOnDeath
GE_CM_ElfInterrogator_PoisonDagger_ConvertHealingDebuff,0,EffectType.Harmful
GE_CM_ElfInterrogator_PoisonDagger_ConvertHealingDebuff,1,EffectVisualization.Icon
GE_CM_ElfInterrogator_PoisonDagger_ConvertHealingDebuff,2,EffectType.Magic
GE_CM_ElfInterrogator_PoisonDagger_ConvertHealingDebuff,3,EffectLogic.RemoveOnDeath
GE_CM_ElfInterrogator_WickedStrike_Damage,0,EffectType.Harmful
GE_CM_ElfInterrogator_WickedStrike_Damage,1,EffectType.Physical
GE_CM_ElfInterrogator_WickedStrike_Dot,0,EffectType.Debuff
GE_CM_ElfInterrogator_WickedStrike_Dot,1,EffectType.Harmful
GE_CM_ElfInterrogator_WickedStrike_Dot,2,EffectType.Magic.Poison
GE_CM_ElfInterrogator_WickedStrike_Dot,3,EffectVisualization.Icon
GE_CM_ElfInterrogator_WickedStrike_Dot,4,EffectType.Dot
GE_CM_ElfInterrogator_WickedStrike_Dot,5,EffectLogic.RemoveOnDeath
GE_CM_ElfInterrogator_WickedStrike_HideBuff,0,Effect.Buff
GE_CM_ElfInterrogator_WickedStrike_Marked,0,GameplayEffect.RemoveOnDeath
GE_CM_ElfInterrogator_WickedStrike_Marked,1,Effect.Debuff
GE_CM_ElfInterrogator_WickedStrike_Stun,0,EffectType.Harmful
GE_CM_ElfInterrogator_WickedStrike_Stun,1,EffectType.Stun
GE_CM_ElfInterrogator_WickedStrike_Stun,2,EffectType.Debuff
GE_CM_ElfInterrogator_WickedStrike_Stun,3,EffectType.Physical
GE_CM_ElfInterrogator_WickedStrike_Stun,4,EffectVisualization.Icon
GE_CM_ElfInterrogator_WickedStrike_Stun,5,EffectLogic.RemoveOnDeath
GE_CM_ElfInterrogator_WickedStrike_Stun,6,EffectType.CrowdControl
GE_CM_ElfInterrogator_WickedStrike_Stun,7,EffectLogic.RemoveOnSourceDeath
GE_CM_ElfLookout_AutoAttack_Damage,0,EffectType.Harmful
GE_CM_ElfLookout_AutoAttack_Damage,1,EffectType.Physical
GE_CM_ElfLookout_MeleeAutoAttack_Damage,0,EffectType.Harmful
GE_CM_ElfLookout_MeleeAutoAttack_Damage,1,EffectType.Physical
GE_CM_ElfLookout_QuickShots_Damage,0,EffectType.Harmful
GE_CM_ElfLookout_QuickShots_Damage,1,EffectType.Physical
GE_CM_ElfTaskmaster_ConePull_Damage,0,EffectType.Physical
GE_CM_ElfTaskmaster_ConePull_Damage,1,EffectType.Harmful
GE_CM_ElfTaskmaster_ConePull_Dot,0,EffectType.Debuff
GE_CM_ElfTaskmaster_ConePull_Dot,1,EffectType.Dot
GE_CM_ElfTaskmaster_ConePull_Dot,2,EffectType.Harmful
GE_CM_ElfTaskmaster_ConePull_Dot,3,EffectType.Physical.Bleed
GE_CM_ElfTaskmaster_ConePull_Dot,4,EffectVisualization.Icon
GE_CM_ElfTaskmaster_ConePull_Dot,5,EffectLogic.RemoveOnDeath
GE_CM_ElfTaskmaster_ConePull_PullDebuff,0,EffectType.Debuff
GE_CM_ElfTaskmaster_ConePull_PullDebuff,1,EffectType.Harmful
GE_CM_ElfTaskmaster_MarkForPull_Mark,0,EffectType.Debuff
GE_CM_ElfTaskmaster_MarkForPull_Mark,1,EffectType.Harmful
GE_CM_ElfTaskmaster_MarkForPull_Mark,2,EffectType.Physical
GE_CM_ElfTaskmaster_MarkForPull_Mark,3,EffectLogic.RemoveOnSourceDeath
GE_CM_ElfTaskmaster_MarkForPull_Mark,4,EffectVisualization.Icon
GE_CM_ElfTaskmaster_MarkForPull_Mark,5,CustomAssetTags.CM.ElfTaskMaster.MarkForPull.Mark
GE_CM_ElfTaskmaster_MarkForPull_Mark,6,EffectLogic.RemoveOnDeath
GE_CM_ElfWarden_CastSingleBlast_Damage,0,EffectType.Harmful
GE_CM_ElfWarden_CastSingleBlast_Damage,1,EffectType.Magic.Arcane
GE_CM_ElfWarden_Fear_Damage,0,EffectType.Magic.Shadow
GE_CM_ElfWarden_Fear_Damage,1,EffectType.Harmful
GE_CM_ElfWarden_Fear_Fear,0,EffectType.CrowdControl
GE_CM_ElfWarden_Fear_Fear,1,EffectType.Harmful
GE_CM_ElfWarden_Fear_Fear,2,EffectType.Magic
GE_CM_ElfWarden_Fear_Fear,3,EffectVisualization.Icon
GE_CM_ElfWarden_Fear_Fear,4,EffectLogic.RemoveOnDeath
GE_CM_Elf_Goon_AutoAttack_Damage,0,EffectType.Harmful
GE_CM_Elf_Goon_AutoAttack_Damage,1,EffectType.Physical
GE_CM_Elf_Taskmaster_AutoAttack_Damage,0,EffectType.Harmful
GE_CM_Elf_Taskmaster_AutoAttack_Damage,1,EffectType.Physical
GE_CM_Elf_Warden_BurstingBarrier_Buff,0,EffectType.Absorption
GE_CM_Elf_Warden_BurstingBarrier_Buff,1,Effect.Buff
GE_CM_Elf_Warden_DrainMana_Damage,0,EffectType.Magic.Arcane
GE_CM_Elf_Warden_DrainMana_Damage,1,EffectType.Harmful
GE_CM_ImpatientBrawler_MeleeAutoAttack_Damage,0,EffectType.Harmful
GE_CM_ImpatientBrawler_MeleeAutoAttack_Damage,1,EffectType.Physical
GE_CM_ReflectedHero_DeathBuff,0,Effect.Buff
GE_CM_RubiliteAurastone_ChasingLaser_Dot,0,EffectType.Harmful
GE_CM_RubiliteAurastone_ChasingLaser_Dot,1,EffectType.Dot
GE_CM_RubiliteAurastone_ChasingLaser_Dot,2,EffectType.Debuff
GE_CM_RubiliteAurastone_ChasingLaser_Dot,3,EffectType.Magic.Holy
GE_CM_RubiliteAurastone_ChasingLaser_Dot,4,EffectVisualization.Icon
GE_CM_RubiliteAurastone_ChasingLaser_Dot,5,EffectLogic.NotDispellable
GE_CM_RubiliteAurastone_LockOnLaser_Dot,0,EffectType.Harmful
GE_CM_RubiliteAurastone_LockOnLaser_Dot,1,EffectType.Dot
GE_CM_RubiliteAurastone_LockOnLaser_Dot,2,EffectType.Debuff
GE_CM_RubiliteAurastone_LockOnLaser_Dot,3,EffectType.Magic.Holy
GE_CM_RubiliteAurastone_LockOnLaser_Dot,4,EffectLogic.NotDispellable
GE_CM_RubiliteAurastone_Vulnerable_SelfStun,0,EffectVisualization.Icon
GE_CM_RubiliteAurastone_Vulnerable_SelfStun,1,EffectType.Harmful
GE_CM_RubiliteAurastone_Vulnerable_SelfStun,2,EffectType.Debuff
GE_CM_RubiliteFocus_Laser_Damage,0,EffectType.Harmful
GE_CM_RubiliteFocus_Laser_Damage,1,EffectType.Magic.Holy
GE_CM_RubiliteFocus_Laser_Stun,0,EffectType.Debuff
GE_CM_RubiliteFocus_Laser_Stun,1,EffectType.Harmful
GE_CM_RubiliteFocus_Laser_Stun,2,EffectVisualization.Icon
GE_CM_RubiliteFocus_Laser_Stun,3,EffectType.Magic.Holy
GE_CM_RubiliteFocus_Laser_Stun,4,EffectType.Stun
GE_CM_RubiliteFocus_Vulnerable_Buff,0,EffectType.Beneficial
GE_CM_RubiliteFocus_Vulnerable_Buff,1,EffectType.Buff
GE_CM_RubiliteFocus_Vulnerable_Buff,2,EffectType.Magic.Holy
GE_CM_RubiliteFocus_Vulnerable_Buff,3,EffectLogic.NotDispellable
GE_CM_RubiliteFocus_Vulnerable_Buff,4,EffectVisualization.Icon
GE_CM_RubiliteFocus_Vulnerable_Buff,5,GameplayEffect.PermanentNotRemovable
GE_CM_RubiliteFocus_Vulnerable_SelfStun,0,EffectVisualization.Icon
GE_CM_RubiliteFocus_Vulnerable_SelfStun,1,EffectType.Harmful
GE_CM_RubiliteFocus_Vulnerable_SelfStun,2,EffectType.Debuff
GE_CM_RubiliteTriggerstone_Trap_Dot,0,EffectType.Harmful
GE_CM_RubiliteTriggerstone_Trap_Dot,1,EffectVisualization.Icon
GE_CM_RubiliteTriggerstone_Trap_Dot,2,EffectType.Magic.Blood
GE_CM_RubiliteTriggerstone_Trap_Dot,3,EffectType.Magic.Shadow
GE_CM_RubiliteTriggerstone_Trap_Dot,4,EffectLogic.RemoveOnDeath
GE_CM_RubiliteTriggerstone_Trap_Immobilize,0,EffectType.Harmful
GE_CM_RubiliteTriggerstone_Trap_Immobilize,1,EffectType.CrowdControl
GE_CM_RubiliteTriggerstone_Trap_Immobilize,2,EffectType.Magic.Holy
GE_CM_RubiliteTriggerstone_Trap_Immobilize,3,EffectType.Stun
GE_CM_RubiliteTriggerstone_Trap_Immobilize,4,EffectType.Debuff
GE_CM_RubiliteTriggerstone_Trap_Immobilize,5,EffectLogic.RemoveOnDeath
GE_CM_TrollBoss_Charge_Stun,0,EffectType.Harmful
GE_CM_TrollBoss_Charge_Stun,1,EffectType.Debuff
GE_CM_TrollBoss_Charge_Stun,2,EffectType.CrowdControl
GE_CM_TrollBoss_Charge_Stun,3,EffectType.Physical
GE_CM_TrollBoss_Charge_Stun,4,EffectVisualization.Icon
GE_CM_TrollBoss_Charge_Stun,5,EffectLogic.IgnoreImmunities
GE_CM_TrollBoss_CrushAoeDamage,0,EffectType.Harmful
GE_CM_TrollBoss_CrushAoeDamage,1,EffectType.Physical
GE_CM_VolatileConstruct_CastProjectile_Damage,0,EffectType.Harmful
GE_CM_VolatileConstruct_CastProjectile_Damage,1,EffectType.Magic.Holy
GE_CM_VolatileConstruct_JaggedCrystal_Debuff,0,Effect.Debuff
GE_CM_VolatileConstruct_JaggedCrystal_Debuff,1,GameplayEffect.NotDispellable
GE_CM_VolatileConstruct_JaggedCrystal_Debuff,2,GameplayEffect.RemoveOnDeath
GE_Critter_Chicken_AutoAttack_Damage,0,EffectType.Physical
GE_Critter_Chicken_AutoAttack_Damage,1,EffectType.Harmful
GE_DD_Arbalist_AutoAttack_Damage,0,EffectType.Harmful
GE_DD_Arbalist_AutoAttack_Damage,1,EffectType.Physical
GE_DD_Arbalist_LineAttack_Damage,0,EffectType.Harmful
GE_DD_Arbalist_LineAttack_Damage,1,EffectType.Magic.Necromancy
GE_DD_Arbalist_LineAttack_Debuff,0,EffectType.Debuff
GE_DD_Arbalist_LineAttack_Debuff,1,EffectType.Harmful
GE_DD_Arbalist_LineAttack_Debuff,2,EffectVisualization.Icon
GE_DD_Arbalist_LineAttack_Debuff,3,EffectType.Magic.Necromancy
GE_DD_Arbalist_LineAttack_Debuff,4,EffectLogic.RemoveOnDeath
GE_DD_Arbalist_MeleeAutoAttack_Damage,0,EffectType.Harmful
GE_DD_Arbalist_MeleeAutoAttack_Damage,1,EffectType.Physical
GE_DD_Arbalist_Trap_Damage,0,EffectType.Harmful
GE_DD_Arbalist_Trap_Damage,1,EffectType.Physical
GE_DD_Arbalist_Trap_Damage,2,EffectLogic.NoOutgoingThreat
GE_DD_Arbalist_Trap_Root,0,EffectType.MovementImpairing
GE_DD_Arbalist_Trap_Root,1,EffectVisualization.Icon
GE_DD_Arbalist_Trap_Root,2,EffectType.Harmful
GE_DD_Arbalist_Trap_Root,3,EffectType.Physical
GE_DD_Arbalist_Trap_Root,4,EffectLogic.RemoveOnDeath
GE_DD_BossCadavrianMagi_MeleeAutoAttack_Damage,0,EffectType.Harmful
GE_DD_BossCadavrianMagi_MeleeAutoAttack_Damage,1,EffectType.Physical
GE_DD_BossCadavrianMagi_MoonCast_Damage,0,EffectType.Harmful
GE_DD_BossCadavrianMagi_MoonCast_Damage,1,EffectType.Magic.Frost
GE_DD_BossCadavrianMagi_MoonCast_Slow,0,EffectType.Debuff
GE_DD_BossCadavrianMagi_MoonCast_Slow,1,EffectType.Harmful
GE_DD_BossCadavrianMagi_MoonCast_Slow,2,EffectType.CrowdControl
GE_DD_BossCadavrianMagi_MoonCast_Slow,3,EffectVisualization.Icon
GE_DD_BossCadavrianMagi_MoonCast_Slow,4,EffectType.Magic.Frost
GE_DD_BossCadavrianMagi_ShadowCast_Damage,0,EffectType.Harmful
GE_DD_BossCadavrianMagi_ShadowCast_Damage,1,EffectType.Magic.Shadow
GE_DD_BossCadavrianMagi_SunCast_Debuff,0,EffectType.Dot
GE_DD_BossCadavrianMagi_SunCast_Debuff,1,EffectType.Debuff
GE_DD_BossCadavrianMagi_SunCast_Debuff,2,EffectType.Harmful
GE_DD_BossCadavrianMagi_SunCast_Debuff,3,EffectType.Magic.Fire
GE_DD_BossCadavrianMagi_SunCast_Debuff,4,EffectVisualization.Icon
GE_DD_DesertBrute_AoEPulse_Damage,0,EffectType.Harmful
GE_DD_DesertBrute_AoEPulse_Damage,1,EffectType.Magic.Shadow
GE_DD_DesertBrute_CastedGrowingEarthStomp_Damage,0,EffectType.Harmful
GE_DD_DesertBrute_CastedGrowingEarthStomp_Damage,1,EffectType.Magic.Shadow
GE_DD_DesertBrute_MeleeAutoAttack_Damage,0,EffectType.Physical
GE_DD_DesertBrute_MeleeAutoAttack_Damage,1,EffectType.Harmful
GE_DD_DesertBrute_MeleeAutoAttack_Damage,2,EffectLogic.HolyTrinityNerf.IgnoreAoeIncomingDamageMultiplier
GE_DD_DesertNomad_MeleeAutoAttack_Buff,0,EffectType.Beneficial
GE_DD_DesertNomad_MeleeAutoAttack_Buff,1,EffectType.Buff
GE_DD_DesertNomad_MeleeAutoAttack_Buff,2,EffectVisualization.Icon
GE_DD_DesertNomad_MeleeAutoAttack_Buff,3,EffectLogic.RemoveOnDeath
GE_DD_DesertNomad_MeleeAutoAttack_Damage,0,EffectType.Harmful
GE_DD_DesertNomad_MeleeAutoAttack_Damage,1,EffectType.Physical
GE_DD_DesertWarrior_AutoAttackMelee_Damage,0,EffectType.Physical
GE_DD_DesertWarrior_AutoAttackMelee_Damage,1,EffectType.Harmful
GE_DD_DesertWarrior_ChanneledAOE_Damage,0,EffectType.Physical
GE_DD_DesertWarrior_ChanneledAOE_Damage,1,EffectType.Harmful
GE_DD_DesertWarrior_Charge_Bleed,0,EffectType.Debuff
GE_DD_DesertWarrior_Charge_Bleed,1,EffectLogic.RemoveOnDeath
GE_DD_DesertWarrior_Charge_Bleed,2,GameplayEffect.RemoveOnDeath
GE_DD_DesertWarrior_Charge_Bleed,3,EffectType.Dot
GE_DD_DesertWarrior_Charge_Bleed,4,EffectType.Physical.Bleed
GE_DD_DesertWarrior_Charge_Damage,0,EffectType.Physical
GE_DD_DesertWarrior_Charge_Damage,1,EffectType.Harmful
GE_DD_DesertWarrior_Charge_Stun,0,Effect.Debuff
GE_DD_DesertWarrior_Charge_Stun,1,EffectType.Debuff
GE_DD_DesertWarrior_Charge_Stun,2,EffectType.CrowdControl
GE_DD_DesertWarrior_Charge_Stun,3,EffectType.Physical
GE_DD_DesertWarrior_Charge_Stun,4,EffectLogic.RemoveOnDeath
GE_DD_DesertWarrior_Charge_Stun,5,GameplayEffect.RemoveOnDeath
GE_DD_DesertWarrior_Charge_Stun,6,EffectType.Stun
GE_DD_DesertWarrior_Charge_Stun,7,EffectVisualization.Icon
GE_DD_DesertWarrior_Charge_Stun,8,EffectType.Harmful
GE_DD_NightboundMagi_CastedPartyAoeDebuff_Damage,0,EffectType.Harmful
GE_DD_NightboundMagi_CastedPartyAoeDebuff_Damage,1,EffectType.Magic.Shadow
GE_DD_NightboundMagi_CastedPartyAoeDebuff_Debuff,0,Effect.Debuff
GE_DD_NightboundMagi_CastedPartyAoeDebuff_Debuff,1,EffectType.Debuff
GE_DD_NightboundMagi_CastedPartyAoeDebuff_Debuff,2,CustomAssetTags.SoulSpreader.CastedPartyAoeDebuff
GE_DD_NightboundMagi_CastedPartyAoeDebuff_Debuff,3,EffectType.Magic.Shadow
GE_DD_NightboundMagi_CastedPartyAoeDebuff_Debuff,4,EffectType.Harmful
GE_DD_NightboundMagi_CastedPartyAoeDebuff_Debuff,5,EffectLogic.RemoveOnDeath
GE_DD_NightboundMagi_CastedRangedProjectile_Damage,0,EffectType.Harmful
GE_DD_NightboundMagi_CastedRangedProjectile_Damage,1,EffectType.Magic.Necromancy
GE_DD_NightboundMagi_ChanneledFriendlyBuff_Buff,0,Effect.Buff
GE_DD_NightboundMagi_ChanneledFriendlyBuff_Buff,1,EffectType.Beneficial
GE_DD_NightboundMagi_ChanneledFriendlyBuff_Buff,2,EffectType.Buff
GE_DD_NightboundMagi_ChanneledFriendlyBuff_Buff,3,EffectType.Magic.Necromancy
GE_DD_NightboundMagi_MeleeAutoAttack_Damage,0,EffectType.Physical
GE_DD_NightboundMagi_MeleeAutoAttack_Damage,1,EffectType.Harmful
GE_DD_NightboundMagi_MultiAoeSoak_SoakedDamage,0,EffectType.Harmful
GE_DD_NightboundMagi_MultiAoeSoak_SoakedDamage,1,EffectType.Magic.Shadow
GE_DD_NightboundMagi_MultiAoeSoak_UnsoakedDamage,0,EffectType.Harmful
GE_DD_NightboundMagi_MultiAoeSoak_UnsoakedDamage,1,EffectType.Magic.Shadow
GE_DD_NightboundMagi_SoakDebuff_Damage,0,EffectType.Harmful
GE_DD_NightboundMagi_SoakDebuff_Damage,1,EffectType.Magic.Necromancy
GE_DD_NightboundMagi_SoakDebuff_Debuff,0,EffectType.Harmful
GE_DD_NightboundMagi_SoakDebuff_Debuff,1,EffectVisualization.Icon
GE_DD_NightboundMagi_SoakDebuff_Debuff,2,EffectType.Debuff
GE_DD_NightboundMagi_SoakDebuff_Debuff,3,EffectLogic.RemoveOnDeath
GE_DD_NightboundMagi_SoakDebuff_Debuff,4,EffectLogic.AlwaysApply
GE_DD_NightboundMagi_SoakDebuff_Debuff,5,EffectType.Magic.Necromancy
GE_DD_NightboundMagi_SoakDebuff_Debuff,6,EffectLogic.NotDispellable
GE_DD_WitheringMagiPeriodicDamage_Buff,0,EffectType.Beneficial
GE_DD_WitheringMagiPeriodicDamage_Buff,1,EffectType.Buff
GE_DD_WitheringMagiPeriodicDamage_Buff,2,EffectVisualization.Icon
GE_DD_WitheringMagiPeriodicDamage_Buff,3,EffectType.Magic.Shadow
GE_DD_WitheringMagiPeriodicDamage_Damage,0,EffectType.Harmful
GE_DD_WitheringMagiPeriodicDamage_Damage,1,EffectType.Magic.Shadow
GE_DD_WitheringMagi_CastedRangedInstantProjectile_Damage,0,EffectType.Harmful
GE_DD_WitheringMagi_CastedRangedInstantProjectile_Damage,1,EffectType.Magic.Necromancy
GE_DD_WitheringMagi_CastedRangedProjectileDot_Damage,0,EffectType.Harmful
GE_DD_WitheringMagi_CastedRangedProjectileDot_Damage,1,EffectVisualization.Icon
GE_DD_WitheringMagi_CastedRangedProjectileDot_Damage,2,EffectLogic.RemoveOnDeath
GE_DD_WitheringMagi_CastedRangedProjectileDot_Damage,3,EffectType.Magic.Necromancy
GE_DD_WitheringMagi_MeleeAutoAttack_Damage,0,EffectType.Harmful
GE_DD_WitheringMagi_MeleeAutoAttack_Damage,1,EffectType.Physical
GE_DM_ClockworkRat_MoveToTarget_Buff,0,EffectType.Beneficial
GE_DM_ClockworkRat_MoveToTarget_Buff,1,EffectLogic.AlwaysApply
GE_DM_ClockworkRat_OnDeathAoe_Damage,0,EffectType.Harmful
GE_DM_ClockworkRat_OnDeathAoe_Damage,1,EffectType.Physical
GE_DM_ClockworkRat_SaveSelf,0,EffectLogic.AlwaysApply
GE_DM_ClockworkRat_SaveSelf,1,EffectType.Beneficial
GE_DM_FriendlyClockworkRat_OnHit_Dammage,0,EffectType.Harmful
GE_DM_FriendlyClockworkRat_OnHit_Dammage,1,EffectType.Physical
GE_DM_FriendlyClockworkRat_Projectile_Damage,0,EffectType.Harmful
GE_DM_FriendlyClockworkRat_Projectile_Damage,1,EffectType.Physical
GE_DM_MiniBoss_Disengaged,0,EffectLogic.System
GE_DM_MiniBoss_Disengaged,1,EffectLogic.AlwaysApply
GE_DM_MiniBoss_Engaged,0,EffectLogic.AlwaysApply
GE_DM_MiniBoss_Engaged,1,EffectLogic.RemoveOnDeath
GE_DM_MiniBoss_Engaged,2,EffectType.Beneficial
GE_DM_MiniBoss_Engaged,3,EffectType.Environmental
GE_DM_MiniBoss_Engaged,4,EffectType.Magic.Frost
GE_DM_Shared_CappedDifficultyDamageScale,0,EffectLogic.AlwaysApply
GE_DM_Shared_CappedDifficultyDamageScale,1,EffectLogic.System
GE_DM_WInterWitch_CastProjectile_Damage,0,EffectType.Harmful
GE_DM_WInterWitch_CastProjectile_Damage,1,EffectType.Magic.Frost
GE_DM_WinterGiantFriendly_BossChannelDamage_Damage,0,EffectType.Harmful
GE_DM_WinterGiantFriendly_BossChannelDamage_Damage,1,EffectType.Physical
GE_DM_WinterGiantFriendly_BossChannelDamage_Damage,2,EffectLogic.NoThreatGeneration
GE_DM_WinterGiantFriendly_BossChannelDamage_Damage,3,EffectLogic.NoOutgoingThreat
GE_DM_WinterGiantFriendly_BossChannelDamage_Hidden,0,EffectLogic.AlwaysApply
GE_DM_WinterGiantFriendly_BossChannelDamage_Hidden,1,EffectLogic.NoLogging
GE_DM_WinterGiantFriendly_BossChannelDamage_Hidden,2,EffectLogic.System
GE_DM_WinterGiantFriendly_BossChannelDamage_OutOfCombat,0,EffectLogic.AlwaysApply
GE_DM_WinterGiantFriendly_BossChannelDamage_OutOfCombat,1,EffectLogic.NoLogging
GE_DM_WinterGiantFriendly_BossChannelDamage_OutOfCombat,2,EffectLogic.System
GE_DM_WinterGiantFriendly_BossChannelDamage_StayPut,0,EffectLogic.AlwaysApply
GE_DM_WinterGiantFriendly_BossChannelDamage_StayPut,1,EffectLogic.NoLogging
GE_DM_WinterGiantFriendly_BossChannelDamage_StayPut,2,EffectLogic.System
GE_DM_WinterGiant_AutoAttackCleave_Damage,0,EffectType.Physical
GE_DM_WinterGiant_AutoAttackCleave_Damage,1,EffectType.Harmful
GE_DM_WinterGiant_CastSoakDebuff_Damage,0,EffectType.Harmful
GE_DM_WinterGiant_CastSoakDebuff_Damage,1,EffectType.Magic.Frost
GE_DM_WinterGiant_CastSoakDebuff_Debuff,0,EffectType.Debuff
GE_DM_WinterGiant_CastSoakDebuff_Debuff,1,EffectType.Harmful
GE_DM_WinterGiant_CastSoakDebuff_Debuff,2,EffectLogic.RemoveOnDeath
GE_DM_WinterGiant_CastSoakDebuff_Debuff,3,EffectType.Magic.Frost
GE_DM_WinterGiant_CastSoakDebuff_Debuff,4,EffectVisualization.Icon
GE_DM_WinterGiant_CastSoakDebuff_Debuff,5,EffectLogic.NotDispellable
GE_DM_WinterGiant_ChannelAoePullToSelf_Damage,0,EffectType.Physical
GE_DM_WinterGiant_ChannelAoePullToSelf_Damage,1,EffectType.Harmful
GE_DM_WinterGiant_CrossAOE_Damage,0,EffectType.Harmful
GE_DM_WinterGiant_CrossAOE_Damage,1,EffectType.Magic.Frost
GE_DM_WinterGiant_MeleeChannelDamage_Damage,0,EffectType.Harmful
GE_DM_WinterGiant_MeleeChannelDamage_Damage,1,EffectType.Physical
GE_DM_WinterTrickster_AoEKnockback_Damage,0,EffectType.Harmful
GE_DM_WinterTrickster_AoEKnockback_Damage,1,EffectType.Physical
GE_DM_WinterTrickster_AoEKnockback_Damage,2,EffectLogic.NoOutgoingThreat
GE_DM_WinterTrickster_Charge_Damage,0,EffectType.Physical
GE_DM_WinterTrickster_Charge_Damage,1,EffectType.Harmful
GE_DM_WinterTrickster_DropBuffs_HasteAndMovementSpeedBuff,0,EffectLogic.System
GE_DM_WinterTrickster_DropBuffs_HasteAndMovementSpeedBuff,1,EffectType.Beneficial
GE_DM_WinterTrickster_DropBuffs_HasteAndMovementSpeedBuff,2,EffectVisualization.Icon
GE_DM_WinterTrickster_DropBuffs_HasteAndMovementSpeedBuff,3,EffectLogic.RemoveOnDeath
GE_DM_WinterTrickster_DropBuffs_Landing_Damage,0,EffectType.Harmful
GE_DM_WinterTrickster_DropBuffs_Landing_Damage,1,EffectType.Physical
GE_DM_WinterTrickster_DropBuffs_Landing_Damage,2,EffectLogic.NoOutgoingThreat
GE_DM_WinterTrickster_DropBuffs_Landing_UnavoidableDamage,0,EffectType.Harmful
GE_DM_WinterTrickster_DropBuffs_Landing_UnavoidableDamage,1,EffectType.Physical
GE_DM_WinterTrickster_DropBuffs_Landing_UnavoidableDamage,2,EffectLogic.NoOutgoingThreat
GE_DM_WinterTrickster_EngageCombat_HasEngaged,0,EffectLogic.RemoveOnDeath
GE_DM_WinterTrickster_EngageCombat_HasEngaged,1,EffectLogic.RemoveOnSourceFellowshipReset
GE_DM_WinterTrickster_EngageCombat_HasEngaged,2,EffectLogic.AlwaysApply
GE_DM_WinterWitch_AutoAttackMelee_Damage,0,EffectType.Harmful
GE_DM_WinterWitch_AutoAttackMelee_Damage,1,EffectType.Physical
GE_DM_WinterWitch_CastAoeImmobalize_Damage,0,EffectType.Harmful
GE_DM_WinterWitch_CastAoeImmobalize_Damage,1,EffectType.Magic.Frost
GE_DM_WinterWitch_CastAoeImmobalize_ImmobalizeDebuff,0,EffectType.CrowdControl
GE_DM_WinterWitch_CastAoeImmobalize_ImmobalizeDebuff,1,EffectType.Debuff
GE_DM_WinterWitch_CastAoeImmobalize_ImmobalizeDebuff,2,EffectType.Magic.Frost
GE_DM_WinterWitch_CastAoeImmobalize_ImmobalizeDebuff,3,EffectType.MovementImpairing
GE_DM_WinterWitch_CastAoeImmobalize_ImmobalizeDebuff,4,EffectLogic.RemoveOnDeath
GE_DM_WinterWitch_CastAoeImmobalize_ImmobalizeDebuff,5,EffectVisualization.Icon
GE_DM_WinterWitch_CastAoeImmobalize_ImmobalizeDebuff,6,Effect.Debuff
GE_DM_WinterWitch_CastAoeImmobalize_ImmobalizeDebuff,7,EffectType.Harmful
GE_DM_WinterWitch_CastDelayedAoeSequence_DirectDamage,0,EffectType.Harmful
GE_DM_WinterWitch_CastDelayedAoeSequence_DirectDamage,1,EffectType.Magic.Frost
GE_DM_WinterWitch_CastDelayedAoeSequence_NearbyDamage,0,EffectType.Harmful
GE_DM_WinterWitch_CastDelayedAoeSequence_NearbyDamage,1,EffectType.Magic.Frost
GE_DM_WinterWitch_CastSelfAbsorbHot_Buff,0,EffectType.Absorption
GE_DM_WinterWitch_CastSelfAbsorbHot_Buff,1,EffectType.Beneficial
GE_DM_WinterWitch_CastSelfAbsorbHot_Buff,2,EffectLogic.RemoveOnDeath
GE_DM_WinterWitch_CastSelfAbsorbHot_Buff,3,EffectVisualization.Icon
GE_DM_WinterWitch_CastSelfAbsorbHot_Buff,4,EffectType.Magic.Frost
GE_DM_WinterWitch_CastSelfAbsorbHot_Buff,5,EffectType.Buff
GE_DM_WinterWitch_CastSelfAbsorbHot_Buff,6,EffectType.Hot
GE_DM_WinterWitch_ChannelAoeDamage_Damage,0,EffectType.Harmful
GE_DM_WinterWitch_ChannelAoeDamage_Damage,1,EffectType.Magic.Frost
GE_DM_WinterWitch_ChannelAoeDamage_SlowDebuff,0,EffectType.CrowdControl
GE_DM_WinterWitch_ChannelAoeDamage_SlowDebuff,1,EffectType.Debuff
GE_DM_WinterWitch_ChannelAoeDamage_SlowDebuff,2,EffectType.Magic.Frost
GE_DM_WinterWitch_ChannelAoeDamage_SlowDebuff,3,EffectType.MovementImpairing
GE_DM_WinterWitch_ChannelAoeDamage_SlowDebuff,4,EffectLogic.RemoveOnDeath
GE_DM_WinterWitch_ChannelAoeDamage_SlowDebuff,5,EffectVisualization.Icon
GE_DM_WinterWitch_ChannelAoeDamage_SlowDebuff,6,Effect.Debuff
GE_DM_WinterWitch_ChannelAoeDamage_SlowDebuff,7,EffectType.Harmful
GE_DM_WinterWitch_ChannelAoeDamage_SlowDebuff,8,CustomAssetTags.Modifiers.WinterWitch.ChannelAoeDamage.SlowDebuffEffect
GE_DM_WinterWitch_ChannelAoeDamage_SlowDebuffOverflow,0,EffectType.Debuff
GE_DM_WinterWitch_ChannelAoeDamage_SlowDebuffOverflow,1,EffectType.Magic.Frost
GE_DM_WinterWitch_ChannelAoeDamage_SlowDebuffOverflow,2,EffectType.Harmful
GE_DM_WinterWitch_EngageCombat_HasEngaged,0,EffectLogic.RemoveOnDeath
GE_DM_WinterWitch_EngageCombat_HasEngaged,1,EffectLogic.RemoveOnSourceFellowshipReset
GE_DM_WinterWitch_EngageCombat_HasEngaged,2,EffectLogic.AlwaysApply
GE_DR_BarbedRoot_AutoAttackMelee_Damage,0,EffectType.Physical
GE_DR_BarbedRoot_AutoAttackMelee_Damage,1,EffectType.Harmful
GE_DR_BarbedRoot_CastedSlam_Damage,0,EffectType.Harmful
GE_DR_BarbedRoot_CastedSlam_Damage,1,EffectType.Physical
GE_DR_BarbedRoot_ChanneledAoe_ActiveTag,0,EffectLogic.System
GE_DR_BarbedRoot_ChanneledAoe_Damage,0,EffectType.Harmful
GE_DR_BarbedRoot_ChanneledAoe_Damage,1,EffectType.Magic.Nature
GE_DR_BarbedRoot_Grip_ChainProjectile,0,EffectLogic.RemoveOnDeath
GE_DR_BarbedRoot_Grip_ChainProjectile,1,EffectLogic.NotDispellable
GE_DR_BarbedRoot_Grip_Damage,0,EffectType.Harmful
GE_DR_BarbedRoot_Grip_Damage,1,EffectType.Physical
GE_DR_BarbedRoot_Grip_Immobilize,0,EffectLogic.NotDispellable
GE_DR_BarbedRoot_Grip_Immobilize,1,EffectType.Harmful
GE_DR_BarbedRoot_Grip_Immobilize,2,EffectLogic.AlwaysApply
GE_DR_BarbedRoot_Grip_Immobilize,3,EffectLogic.RemoveOnDeath
GE_DR_BarbedRoot_Grip_Immobilize,4,EffectLogic.RemoveOnSourceDeath
GE_DR_BarbedRoot_Grip_Immobilize,5,EffectType.CrowdControl
GE_DR_BarbedRoot_Grip_Immobilize,6,EffectType.MovementImpairing
GE_DR_BarbedRoot_Grip_Slow,0,EffectVisualization.Icon
GE_DR_BarbedRoot_Grip_Slow,1,EffectType.Harmful
GE_DR_BarbedRoot_Grip_Slow,2,EffectLogic.RemoveOnDeath
GE_DR_BarbedRoot_Grip_Slow,3,EffectType.MovementImpairing
GE_DR_BarbedRoot_Grip_Slow,4,EffectLogic.NotDispellable
GE_DR_BarbedRoot_Grip_Slow,5,EffectType.Physical
GE_DR_BarbedRoot_RangedAutoAttack_Damage,0,EffectType.Harmful
GE_DR_BarbedRoot_RangedAutoAttack_Damage,1,EffectType.Physical
GE_DR_BloodfangMauler_AOECone_Damage,0,EffectType.Harmful
GE_DR_BloodfangMauler_AOECone_Damage,1,EffectType.Physical
GE_DR_BloodfangMauler_AOECone_Damage,2,EffectLogic.HolyTrinityNerf.IgnoreAoeIncomingDamageMultiplier
GE_DR_BloodfangMauler_MarkedByJump,0,EffectLogic.RemoveOnDeath
GE_DR_BloodfangMauler_MeleeAutoAttack_Damage,0,EffectType.Harmful
GE_DR_BloodfangMauler_MeleeAutoAttack_Damage,1,EffectType.Physical
GE_DR_BossCultLeader_BeamHeroDebuff_DamageIncrease,0,EffectLogic.RemoveOnDeath
GE_DR_BossCultLeader_BeamHeroDebuff_DamageIncrease,1,EffectType.Beneficial
GE_DR_BossCultLeader_BeamHeroDebuff_DamageIncrease,2,EffectLogic.NotDispellable
GE_DR_BossCultLeader_BeamHeroDebuff_DamageIncrease,3,EffectVisualization.Icon
GE_DR_BossCultLeader_BeamHeroDebuff_Dot,0,EffectType.Harmful
GE_DR_BossCultLeader_BeamHeroDebuff_Dot,1,EffectLogic.NotDispellable
GE_DR_BossCultLeader_BeamHeroDebuff_Dot,2,EffectType.Dot
GE_DR_BossCultLeader_BeamHeroDebuff_Dot,3,EffectType.Magic
GE_DR_BossCultLeader_BeamNPCDebuff_DamageIncrease,0,EffectLogic.RemoveOnDeath
GE_DR_BossCultLeader_BeamNPCDebuff_DamageIncrease,1,EffectType.Beneficial
GE_DR_BossCultLeader_BeamNPCDebuff_DamageIncrease,2,EffectLogic.NotDispellable
GE_DR_BossCultLeader_BeamNPCDebuff_DamageIncrease,3,EffectVisualization.Icon
GE_DR_BossCultLeader_BloodPoolSlow,0,EffectVisualization.Icon
GE_DR_BossCultLeader_BloodPoolSlow,1,EffectType.Harmful
GE_DR_BossCultLeader_BloodPoolSlow,2,EffectLogic.RemoveOnDeath
GE_DR_BossCultLeader_BloodPool_SelfBuff,0,EffectType.Buff
GE_DR_BossCultLeader_BloodPool_SelfBuff,1,EffectType.Beneficial
GE_DR_BossCultLeader_BloodPool_SelfBuff,2,EffectType.Magic.Blood
GE_DR_BossCultLeader_BloodPool_SelfBuff,3,EffectLogic.NotDispellable
GE_DR_BossCultLeader_BloodPool_SelfBuff,4,EffectVisualization.Icon
GE_DR_BossCultLeader_BloodPool_SelfBuff_Linger,0,EffectType.Buff
GE_DR_BossCultLeader_BloodPool_SelfBuff_Linger,1,EffectType.Beneficial
GE_DR_BossCultLeader_BloodPool_SelfBuff_Linger,2,EffectType.Magic.Blood
GE_DR_BossCultLeader_BloodPool_SelfBuff_Linger,3,EffectLogic.NotDispellable
GE_DR_BossCultLeader_BloodPool_SelfBuff_Linger,4,EffectVisualization.Icon
GE_DR_BossCultLeader_ChoosenBuff,0,EffectLogic.RemoveOnDeath
GE_DR_BossCultLeader_Defile_Damage,0,EffectType.Harmful
GE_DR_BossCultLeader_Defile_Damage,1,EffectType.Magic.Shadow
GE_DR_BossCultLeader_Grip_BlockOtherGripsEffect,0,EffectLogic.System
GE_DR_BossCultLeader_Grip_BlockOtherGripsEffect,1,EffectLogic.AlwaysApply
GE_DR_BossCultLeader_Grip_BlockOtherGripsEffect,2,EffectLogic.RemoveOnDeath
GE_DR_BossCultLeader_Grip_BlockOtherGripsEffect,3,EffectType.Harmful
GE_DR_BossCultLeader_Grip_ChainProjectile,0,EffectLogic.RemoveOnDeath
GE_DR_BossCultLeader_Grip_ChainProjectile,1,EffectLogic.NotDispellable
GE_DR_BossCultLeader_Grip_Damage,0,EffectType.Harmful
GE_DR_BossCultLeader_Grip_Damage,1,EffectType.Physical
GE_DR_BossCultLeader_Grip_Immobilize,0,EffectLogic.NotDispellable
GE_DR_BossCultLeader_Grip_Immobilize,1,EffectType.Harmful
GE_DR_BossCultLeader_Grip_Immobilize,2,EffectLogic.AlwaysApply
GE_DR_BossCultLeader_Grip_Immobilize,3,EffectLogic.RemoveOnDeath
GE_DR_BossCultLeader_Grip_Immobilize,4,EffectLogic.RemoveOnSourceDeath
GE_DR_BossCultLeader_Grip_Immobilize,5,EffectType.CrowdControl
GE_DR_BossCultLeader_Grip_Immobilize,6,EffectType.MovementImpairing
GE_DR_BossCultLeader_Grip_SingleInstantPullNPC,0,EffectLogic.RemoveOnDeath
GE_DR_BossCultLeader_Grip_SingleInstantPullNPC,1,EffectType.Harmful
GE_DR_BossCultLeader_Grip_SingleInstantPullNPC,2,EffectType.Knockback
GE_DR_BossCultLeader_Grip_SingleInstantPullNPC,3,EffectType.MovementImpairing
GE_DR_BossCultLeader_Grip_SingleInstantPullNPC,4,EffectType.Physical
GE_DR_BossCultLeader_Grip_Slow,0,EffectVisualization.Icon
GE_DR_BossCultLeader_Grip_Slow,1,EffectType.Harmful
GE_DR_BossCultLeader_Grip_Slow,2,EffectLogic.RemoveOnDeath
GE_DR_BossCultLeader_Grip_Slow,3,EffectType.MovementImpairing
GE_DR_BossCultLeader_Grip_Slow,4,EffectLogic.NotDispellable
GE_DR_BossCultLeader_Grip_Slow,5,EffectType.Physical
GE_DR_BossCultLeader_Grip_WarningOnIntendedTarget,0,EffectType.Harmful
GE_DR_BossCultLeader_Grip_WarningOnIntendedTarget,1,EffectLogic.NotDispellable
GE_DR_BossCultLeader_Grip_WarningOnIntendedTarget,2,EffectLogic.RemoveOnDeath
GE_DR_BossCultLeader_Grip_WarningOnIntendedTarget,3,EffectLogic.LockedDuration
GE_DR_BossCultLeader_MeleeAutoAttack_Damage,0,EffectType.Physical
GE_DR_BossCultLeader_MeleeAutoAttack_Damage,1,EffectType.Harmful
GE_DR_BossCultLeader_ResizingAoeCircles_Damage,0,EffectType.Physical
GE_DR_BossCultLeader_ResizingAoeCircles_Damage,1,EffectType.Harmful
GE_DR_BossCultLeader_ResizingAoeCircles_Dot,0,EffectType.Physical
GE_DR_BossCultLeader_ResizingAoeCircles_Dot,1,EffectLogic.RemoveOnDeath
GE_DR_BossCultLeader_ResizingAoeCircles_Dot,2,EffectType.Dot
GE_DR_BossCultLeader_ResizingAoeCircles_Dot,3,EffectType.Harmful
GE_DR_BossCultLeader_ResizingAoeCircles_Dot,4,EffectLogic.NotDispellable
GE_DR_BossCultLeader_ResizingAoeCircles_Dot,5,EffectVisualization.Icon
GE_DR_BossCultLeader_RotatingCross_Damage,0,EffectLogic.RemoveOnDeath
GE_DR_BossCultLeader_RotatingCross_Damage,1,EffectType.Dot
GE_DR_BossCultLeader_RotatingCross_Damage,2,EffectType.Harmful
GE_DR_BossCultLeader_RotatingCross_Damage,3,EffectLogic.NotDispellable
GE_DR_BossCultLeader_RotatingCross_Damage,4,EffectType.Magic.Shadow
GE_DR_BossDemonPlant_Dormant,0,EffectLogic.NotDispellable
GE_DR_BossDemonPlant_MeleeAutoAttack_Damage,0,EffectType.Harmful
GE_DR_BossDemonPlant_MeleeAutoAttack_Damage,1,EffectType.Physical
GE_DR_BossDemonPlant_SharedHealth,0,EffectType.Beneficial
GE_DR_BossDemonPlant_SharedHealth,1,EffectType.Buff
GE_DR_BossDemonPlant_SharedHealth,2,EffectVisualization.Icon
GE_DR_BossDemonPlant_SharedHealth,3,EffectLogic.NotDispellable
GE_DR_BossDemonPlant_SharedHealth,4,GameplayEffect.PermanentNotRemovable
GE_DR_BossDemonPlant_SharedHealth_BossIcon,0,EffectType.Beneficial
GE_DR_BossDemonPlant_SharedHealth_BossIcon,1,EffectType.Buff
GE_DR_BossDemonPlant_SharedHealth_BossIcon,2,EffectVisualization.Icon
GE_DR_BossDemonPlant_SharedHealth_BossIcon,3,EffectLogic.NotDispellable
GE_DR_BossDemonPlant_SharedHealth_BossIcon,4,GameplayEffect.PermanentNotRemovable
GE_DR_BossDemonPlant_SharedHealth_Damage,0,EffectType.Harmful
GE_DR_BossDemonPlant_SpawnVine_Damage,0,EffectType.Harmful
GE_DR_BossDemonPlant_SpawnVine_Damage,1,EffectType.Magic.Nature
GE_DR_BossDemonPlant_TankSlamAoe_Damage,0,EffectType.Physical
GE_DR_BossDemonPlant_TankSlamAoe_Damage,1,EffectType.Harmful
GE_DR_BossDemonPlant_TankSlamAoe_Damage,2,EffectLogic.HolyTrinityNerf.IgnoreAoeIncomingDamageMultiplier
GE_DR_BossDemonPlant_WakeUpAdds_SelfDebuff,0,EffectType.Harmful
GE_DR_BossDemonPlant_WakeUpAdds_SelfDebuff,1,EffectType.Debuff
GE_DR_BossDemonPlant_WakeUpAdds_SelfDebuff,2,EffectType.CrowdControl
GE_DR_BossDemonPlant_WakeUpAdds_SelfDebuff,3,EffectVisualization.Icon
GE_DR_BossDemonPlant_WakeUpAdds_SelfDebuff,4,EffectLogic.IgnoreImmunities
GE_DR_BossGateWizard_AbsorbDamagePulse_Damage,0,EffectType.Harmful
GE_DR_BossGateWizard_AbsorbDamagePulse_Damage,1,EffectType.Magic.Fire
GE_DR_BossGateWizard_DangerZoneDamage,0,EffectVisualization.Icon
GE_DR_BossGateWizard_DangerZoneDamage,1,EffectType.Harmful
GE_DR_BossGateWizard_DangerZoneDamage,2,EffectType.Magic
GE_DR_BossGateWizard_FirePillar_Damage,0,EffectType.Harmful
GE_DR_BossGateWizard_FirePillar_Damage,1,EffectType.Magic.Fire
GE_DR_BossGateWizard_FirePillar_Dot,0,EffectType.Harmful
GE_DR_BossGateWizard_FirePillar_Dot,1,EffectType.Magic.Fire
GE_DR_BossGateWizard_FootballFromPlayer_Stun,0,EffectLogic.NotDispellable
GE_DR_BossGateWizard_FootballFromPlayer_Stun,1,EffectType.CrowdControl
GE_DR_BossGateWizard_FootballFromPlayer_Stun,2,EffectType.Harmful
GE_DR_BossGateWizard_FootballFromPlayer_Stun,3,EffectType.Physical
GE_DR_BossGateWizard_FootballFromPlayer_Stun,4,EffectLogic.RemoveOnDeath
GE_DR_BossGateWizard_FootballFromPlayer_Stun,5,EffectVisualization.Icon
GE_DR_BossGateWizard_FootballHitPulse_Damage,0,EffectType.Harmful
GE_DR_BossGateWizard_FootballHitPulse_Damage,1,EffectType.Magic.Fire
GE_DR_BossGateWizard_Football_PlayerDamage,0,EffectType.Harmful
GE_DR_BossGateWizard_Football_PlayerDamage,1,EffectType.Magic.Blood
GE_DR_BossGateWizard_KickFootballDebuff,0,EffectType.Harmful
GE_DR_BossGateWizard_KickFootballDebuff,1,EffectVisualization.Icon
GE_DR_BossGateWizard_KickFootballDebuff,2,EffectType.Magic.Blood
GE_DR_BossGateWizard_KickFootballDebuff,3,EffectType.Dot
GE_DR_BossGateWizard_KickFootballDebuff,4,EffectType.Debuff
GE_DR_BossGateWizard_KickFootballDebuff,5,EffectLogic.NotDispellable
GE_DR_BossGateWizard_KickFootballDebuff,6,EffectLogic.RemoveOnDeath
GE_DR_BossGateWizard_KickFootballDebuff,7,EffectLogic.RemoveOnSourceDeath
GE_DR_BossGateWizard_MeleeAutoAttack_Damage,0,EffectType.Harmful
GE_DR_BossGateWizard_MeleeAutoAttack_Damage,1,EffectType.Physical
GE_DR_BossGateWizard_TankDot_Bleed,0,EffectType.Dot
GE_DR_BossGateWizard_TankDot_Bleed,1,EffectType.Harmful
GE_DR_BossGateWizard_TankDot_Bleed,2,EffectType.Physical.Bleed
GE_DR_BossGateWizard_TankDot_Bleed,3,EffectVisualization.Icon
GE_DR_BossGateWizard_TankDot_Bleed,4,EffectLogic.NotDispellable
GE_DR_BossGateWizard_TankDot_Bleed,5,EffectLogic.RemoveOnDeath
GE_DR_BossGateWizard_TankDot_Bleed,6,EffectLogic.RemoveOnSourceDeath
GE_DR_BossSummonedDemon_ChanneledHellfire_Absorb,0,EffectType.Absorption
GE_DR_BossSummonedDemon_ChanneledHellfire_Absorb,1,EffectType.Beneficial
GE_DR_BossSummonedDemon_ChanneledHellfire_Damage,0,EffectType.Harmful
GE_DR_BossSummonedDemon_ChanneledHellfire_Damage,1,EffectType.Magic.Fire
GE_DR_BossSummonedDemon_ChanneledHellfire_Heal,0,EffectType.Beneficial
GE_DR_BossSummonedDemon_ChanneledHellfire_Heal,1,EffectType.Healing
GE_DR_BossSummonedDemon_Debuff,0,EffectType.Harmful
GE_DR_BossSummonedDemon_Debuff,1,EffectType.Magic.Demonic
GE_DR_BossSummonedDemon_Debuff,2,EffectVisualization.Icon
GE_DR_BossSummonedDemon_Enrage,0,EffectType.Beneficial
GE_DR_BossSummonedDemon_Enrage,1,EffectVisualization.Icon
GE_DR_BossSummonedDemon_LeapSlam_BurningGround_Damage,0,EffectType.Dot
GE_DR_BossSummonedDemon_LeapSlam_BurningGround_Damage,1,EffectType.Harmful
GE_DR_BossSummonedDemon_LeapSlam_BurningGround_Damage,2,EffectType.Magic.Fire
GE_DR_BossSummonedDemon_LeapSlam_BurningGround_Damage,3,EffectVisualization.Icon
GE_DR_BossSummonedDemon_LeapSlam_Damage,0,EffectType.Harmful
GE_DR_BossSummonedDemon_LeapSlam_Damage,1,EffectType.Physical
GE_DR_BossSummonedDemon_LeapSlam_FriendlyDamage,0,EffectType.Harmful
GE_DR_BossSummonedDemon_LeapSlam_FriendlyDamage,1,EffectType.Physical
GE_DR_BossSummonedDemon_LeapSlam_InAir,0,EffectType.Beneficial
GE_DR_BossSummonedDemon_MeleeAutoAttack_Damage,0,EffectType.Physical
GE_DR_BossSummonedDemon_PortalDemon_MeleeAutoAttack_Damage,0,EffectType.Physical
GE_DR_BossSummonedDemon_Portal_Demon_AoePulse_Damage,0,EffectType.Harmful
GE_DR_BossSummonedDemon_Portal_Demon_AoePulse_Damage,1,EffectType.Magic.Fire
GE_DR_BossSummonedDemon_Portal_ShootProjectiles_Damage,0,EffectType.Harmful
GE_DR_BossSummonedDemon_Portal_ShootProjectiles_Damage,1,EffectType.Magic.Fire
GE_DR_BurningDemon_Bombardment_Damage,0,EffectType.Harmful
GE_DR_BurningDemon_Bombardment_Damage,1,EffectType.Magic.Demonic
GE_DR_BurningDemon_Immolation_SelfDot,0,EffectType.Dot
GE_DR_BurningDemon_Immolation_SelfDot,1,EffectType.Harmful
GE_DR_BurningDemon_Immolation_SelfDot,2,EffectType.Magic.Fire
GE_DR_BurningDemon_Immolation_SelfDot,3,EffectLogic.NotDispellable
GE_DR_BurningDemon_Immolation_SelfDot,4,EffectVisualization.Icon
GE_DR_CultistCaster_CastedRangedInstantProjectile_Damage,0,EffectType.Harmful
GE_DR_CultistCaster_CastedRangedInstantProjectile_Damage,1,EffectType.Magic.Shadow
GE_DR_CultistCaster_CastedRangedProjectileDot_Damage,0,EffectType.Harmful
GE_DR_CultistCaster_CastedRangedProjectileDot_Damage,1,EffectVisualization.Icon
GE_DR_CultistCaster_CastedRangedProjectileDot_Damage,2,EffectLogic.RemoveOnDeath
GE_DR_CultistCaster_CastedRangedProjectileDot_Damage,3,EffectType.Magic.Shadow
GE_DR_CultistCaster_CastedRangedProjectileDot_Damage,4,EffectType.Dot
GE_DR_CultistCaster_CastedRangedProjectileDot_Damage,5,EffectType.Debuff
GE_DR_CultistCaster_MeleeAutoAttack_Damage,0,EffectType.Harmful
GE_DR_CultistCaster_MeleeAutoAttack_Damage,1,EffectType.Physical
GE_DR_CultistMajorCaster_CastedRangedProjectile_Damage,0,EffectType.Harmful
GE_DR_CultistMajorCaster_CastedRangedProjectile_Damage,1,EffectType.Magic.Demonic
GE_DR_CultistMajorCaster_CastedSingleTargetHeal_Heal,0,EffectType.Beneficial
GE_DR_CultistMajorCaster_CastedSingleTargetHeal_Heal,1,EffectLogic.RemoveOnDeath
GE_DR_CultistMajorCaster_CastedSingleTargetHeal_Heal,2,EffectType.Magic.Water
GE_DR_CultistMajorCaster_CastedSingleTargetHeal_Heal,3,EffectType.Healing
GE_DR_CultistMajorCaster_GrowingCircleCast_Damage,0,EffectType.Harmful
GE_DR_CultistMajorCaster_GrowingCircleCast_Damage,1,EffectType.Magic.Demonic
GE_DR_CultistMajorCaster_MeleeAutoAttack_Damage,0,EffectType.Harmful
GE_DR_CultistMajorCaster_MeleeAutoAttack_Damage,1,EffectType.Physical
GE_DR_CultistSickle_InitialRangedAttack_Damage,0,EffectType.Harmful
GE_DR_CultistSickle_InitialRangedAttack_Damage,1,EffectType.Physical
GE_DR_CultistSickle_MeleeAutoAttack_Damage,0,EffectType.Harmful
GE_DR_CultistSickle_MeleeAutoAttack_Damage,1,EffectType.Physical
GE_DR_DangerousBrute_Cleave_Damage,0,EffectType.Harmful
GE_DR_DangerousBrute_Cleave_Damage,1,EffectType.Physical
GE_DR_DangerousBrute_Cleave_Damage,2,EffectLogic.HolyTrinityNerf.IgnoreAoeIncomingDamageMultiplier
GE_DR_DangerousBrute_Cleave_Debuff,0,EffectType.Harmful
GE_DR_DangerousBrute_Cleave_Debuff,1,EffectType.Physical
GE_DR_DangerousBrute_Cleave_Debuff,2,EffectLogic.NotDispellable
GE_DR_DangerousBrute_Cleave_Debuff,3,EffectVisualization.Icon
GE_DR_DangerousBrute_Cleave_Debuff,4,EffectType.Debuff
GE_DR_DangerousBrute_Cleave_Debuff,5,EffectLogic.RemoveOnDeath
GE_DR_DangerousBrute_MeleeAutoAttack_Damage,0,EffectType.Harmful
GE_DR_DangerousBrute_MeleeAutoAttack_Damage,1,EffectType.Physical
GE_DR_FlyingImp_MeleeAutoAttack,0,EffectType.GeneratesThreat
GE_DR_FlyingImp_MeleeAutoAttack,1,EffectType.Harmful
GE_DR_FlyingImp_MeleeAutoAttack,2,EffectType.Physical
GE_DR_FranticImp_MeleeAutoAttack_Damage,0,EffectType.Harmful
GE_DR_FranticImp_MeleeAutoAttack_Damage,1,EffectType.Physical
GE_DR_FranticImp_SingelTargetAttackAndMoveBack_Damage,0,EffectType.Harmful
GE_DR_FranticImp_SingelTargetAttackAndMoveBack_Damage,1,EffectType.Physical
GE_DR_HornedDemon_Charge_Damage,0,EffectType.Harmful
GE_DR_HornedDemon_Charge_Damage,1,EffectType.Physical
GE_DR_HornedDemon_Enrage_Buff,0,Effect.Buff
GE_DR_HornedDemon_Enrage_Buff,1,EffectVisualization.Icon
GE_DR_HornedDemon_Enrage_Buff,2,EffectLogic.RemoveOnDeath
GE_DR_HornedDemon_Enrage_Buff,3,EffectType.Beneficial
GE_DR_HornedDemon_MeleeAutoAttack_Damage,0,EffectType.Harmful
GE_DR_HornedDemon_MeleeAutoAttack_Damage,1,EffectType.Physical
GE_DR_Mancatcher_AOECone_Damage,0,EffectType.Harmful
GE_DR_Mancatcher_AOECone_Damage,1,EffectType.Physical
GE_DR_Mancatcher_AOECone_Damage,2,EffectLogic.HolyTrinityNerf.IgnoreAoeIncomingDamageMultiplier
GE_DR_Mancatcher_Grip_Damage,0,EffectType.Harmful
GE_DR_Mancatcher_Grip_Damage,1,EffectType.Physical
GE_DR_Mancatcher_MeleeAutoAttack_Damage,0,EffectType.Harmful
GE_DR_Mancatcher_MeleeAutoAttack_Damage,1,EffectType.Physical
GE_DR_Ritualist_SacrificeDot,0,EffectLogic.RemoveOnDeath
GE_DR_Ritualist_SacrificeDot,1,EffectType.Dot
GE_DR_Ritualist_SacrificeDot,2,EffectType.Harmful
GE_DR_Ritualist_SacrificeDot,3,EffectLogic.IgnoreImmunities
GE_DR_Ritualist_SacrificeDot,4,EffectVisualization.Icon
GE_DR_Ritualist_SacrificeDot,5,EffectType.Magic.Shadow
GE_DR_Ritualist_SacrificeDot,6,EffectLogic.NotDispellable
GE_DR_Ritualist_SacrificeDot,7,EffectLogic.RemoveOnSourceDeath
GE_DR_Ritualist_TurretDot,0,EffectLogic.RemoveOnDeath
GE_DR_Ritualist_TurretDot,1,EffectType.Dot
GE_DR_Ritualist_TurretDot,2,EffectType.Harmful
GE_DR_Ritualist_TurretDot,3,EffectLogic.NotDispellable
GE_DR_Ritualist_TurretDot,4,EffectType.Magic.Shadow
GE_DR_RuinsLasher_AutoAttackMelee_Damage,0,EffectType.Physical
GE_DR_RuinsLasher_AutoAttackMelee_Damage,1,EffectType.Harmful
GE_DR_RuinsLasher_PassiveAOEPools_Dot,0,EffectType.Debuff
GE_DR_RuinsLasher_PassiveAOEPools_Dot,1,EffectType.Dot
GE_DR_RuinsLasher_PassiveAOEPools_Dot,2,EffectType.Harmful
GE_DR_RuinsLasher_PassiveAOEPools_Dot,3,EffectLogic.RemoveOnDeath
GE_DR_RuinsLasher_PassiveAOEPools_Dot,4,EffectLogic.Fortified
GE_DR_RuinsLasher_PassiveAOEPools_Dot,5,EffectType.Magic.Nature
GE_DR_RuinsLasher_PassiveAOEPools_Dot,6,EffectVisualization.Icon
GE_DR_RuinsLasher_PassiveAOEPools_Dot,7,EffectLogic.NotDispellable
GE_DR_SlaughterVine_ReflectDamage,0,EffectType.Beneficial
GE_DR_SlaughterVine_ReflectDamage,1,EffectType.Buff
GE_DR_SlaughterVine_ReflectDamage,2,EffectVisualization.Icon
GE_DR_SlaughterVine_ReflectDamage,3,EffectLogic.NotDispellable
GE_DR_SlaughterVine_ReflectDamage,4,GameplayEffect.PermanentNotRemovable
GE_DR_SlaughterVine_ReflectDamage,5,EffectLogic.RemoveOnDeath
GE_DR_SlaughtervineArchephyte_AutoAttackMelee_Damage,0,EffectType.Physical
GE_DR_SlaughtervineArchephyte_AutoAttackMelee_Damage,1,EffectType.Harmful
GE_DR_SlaughtervineArchephyte_SlowMovingAOE_Damage,0,EffectType.Harmful
GE_DR_SlaughtervineArchephyte_SlowMovingAOE_Damage,1,EffectType.Physical
GE_DR_SlaughtervineArchephyte_SlowMovingAOE_Slow,0,EffectType.Harmful
GE_DR_Slaughtervine_AutoAttackMelee_Damage,0,EffectType.Physical
GE_DR_Slaughtervine_AutoAttackMelee_Damage,1,EffectType.Harmful
GE_DR_Slaughtervine_Dormant,0,EffectLogic.NotDispellable
GE_Default_DispelAllDebuffs,0,EffectType.Beneficial
GE_Default_DispelAllDebuffs,1,EffectType.GeneratesThreat
GE_Default_DispelAllDebuffs,2,EffectType.Magic
GE_DungeonModifier_AnomalousOrbs_BlockAllSkills_SelfDebuff,0,EffectType.Magic
GE_DungeonModifier_AnomalousOrbs_BlockAllSkills_SelfDebuff,1,EffectVisualization.Icon
GE_DungeonModifier_AnomalousOrbs_BlockAllSkills_SelfDebuff,2,EffectLogic.RemoveOnDeath
GE_DungeonModifier_AnomalousOrbs_BlockAllSkills_SelfDebuff,3,EffectType.Harmful
GE_DungeonModifier_AnomalousOrbs_Buff_Base,0,EffectType.Beneficial
GE_DungeonModifier_AnomalousOrbs_Buff_Base,1,EffectType.Magic
GE_DungeonModifier_AnomalousOrbs_Buff_Base,2,EffectVisualization.Icon
GE_DungeonModifier_AnomalousOrbs_Buff_Base,3,EffectLogic.RemoveOnDeath
GE_DungeonModifier_AnomalousOrbs_Buff_Diamond,0,EffectType.Beneficial
GE_DungeonModifier_AnomalousOrbs_Buff_Diamond,1,EffectType.Magic
GE_DungeonModifier_AnomalousOrbs_Buff_Diamond,2,EffectVisualization.Icon
GE_DungeonModifier_AnomalousOrbs_Buff_Diamond,3,EffectLogic.RemoveOnDeath
GE_DungeonModifier_AnomalousOrbs_Buff_Emerald,0,EffectType.Beneficial
GE_DungeonModifier_AnomalousOrbs_Buff_Emerald,1,EffectType.Magic
GE_DungeonModifier_AnomalousOrbs_Buff_Emerald,2,EffectVisualization.Icon
GE_DungeonModifier_AnomalousOrbs_Buff_Emerald,3,EffectLogic.RemoveOnDeath
GE_DungeonModifier_AnomalousOrbs_Buff_Ruby,0,EffectType.Beneficial
GE_DungeonModifier_AnomalousOrbs_Buff_Ruby,1,EffectType.Magic
GE_DungeonModifier_AnomalousOrbs_Buff_Ruby,2,EffectVisualization.Icon
GE_DungeonModifier_AnomalousOrbs_Buff_Ruby,3,EffectLogic.RemoveOnDeath
GE_DungeonModifier_AnomalousOrbs_Buff_Sapphire,0,EffectType.Beneficial
GE_DungeonModifier_AnomalousOrbs_Buff_Sapphire,1,EffectType.Magic
GE_DungeonModifier_AnomalousOrbs_Buff_Sapphire,2,EffectVisualization.Icon
GE_DungeonModifier_AnomalousOrbs_Buff_Sapphire,3,EffectLogic.RemoveOnDeath
GE_DungeonModifier_AnomalousOrbs_Buff_Topaz,0,EffectType.Beneficial
GE_DungeonModifier_AnomalousOrbs_Buff_Topaz,1,EffectType.Magic
GE_DungeonModifier_AnomalousOrbs_Buff_Topaz,2,EffectVisualization.Icon
GE_DungeonModifier_AnomalousOrbs_Buff_Topaz,3,EffectLogic.RemoveOnDeath
GE_DungeonModifier_AnomalousOrbs_Orb_Damage,0,EffectType.Harmful
GE_DungeonModifier_AnomalousOrbs_Orb_Damage,1,EffectType.Magic
GE_DungeonModifier_BloodShardVolley_Damage,0,EffectType.GeneratesThreat
GE_DungeonModifier_BloodShardVolley_Damage,1,EffectType.Harmful
GE_DungeonModifier_BloodShardVolley_Damage,2,EffectType.Magic.Blood
GE_DungeonModifier_BloodShardVolley_HeroStackingExpertiseBuff,0,EffectLogic.System
GE_DungeonModifier_BloodShardVolley_HeroStackingExpertiseBuff,1,EffectType.Buff
GE_DungeonModifier_BloodShardVolley_HeroStackingExpertiseBuff,2,Effect.Buff
GE_DungeonModifier_BloodShardVolley_HeroStackingExpertiseBuff,3,EffectType.Beneficial
GE_DungeonModifier_BloodShardVolley_HeroStackingExpertiseBuff,4,EffectLogic.AlwaysApply
GE_DungeonModifier_BloodShardVolley_HeroStackingExpertiseBuff,5,EffectVisualization.Icon
GE_DungeonModifier_BloodShardVolley_HeroStackingExpertiseBuff,6,EffectLogic.RemoveOnDeath
GE_DungeonModifier_Carnage_HeroBuff,0,GameplayEffect.PermanentNotRemovable
GE_DungeonModifier_Carnage_HeroBuff,1,EffectLogic.System
GE_DungeonModifier_Carnage_HeroBuff,2,Effect.Buff
GE_DungeonModifier_Carnage_HeroBuff,3,EffectType.Buff
GE_DungeonModifier_Carnage_HeroBuff,4,EffectType.Beneficial
GE_DungeonModifier_Carnage_HeroBuff,5,EffectType.Magic
GE_DungeonModifier_Carnage_HeroDebuffDot,0,EffectType.Curse
GE_DungeonModifier_Carnage_HeroDebuffDot,1,EffectType.Debuff
GE_DungeonModifier_Carnage_HeroDebuffDot,2,EffectType.Harmful
GE_DungeonModifier_Carnage_HeroDebuffDot,3,EffectType.Dot
GE_DungeonModifier_Carnage_HeroDebuffDot,4,EffectType.Magic.Demonic
GE_DungeonModifier_Carnage_HeroDebuffDot,5,EffectLogic.AlwaysApply
GE_DungeonModifier_Carnage_HeroDebuffDot,6,Effect.Debuff
GE_DungeonModifier_Carnage_HeroDebuffDot,7,EffectLogic.RemoveOnDeath
GE_DungeonModifier_Carnage_HeroDebuffDot,8,EffectLogic.RemoveOnMatchComplete
GE_DungeonModifier_Carnage_HeroDebuffDot,9,EffectVisualization.Icon
GE_DungeonModifier_Carnage_HeroDebuffDot,10,EffectVisualization.IconOnPartyUnitFrame
GE_DungeonModifier_Carnage_TeamLifeTapHeal,0,EffectType.Beneficial
GE_DungeonModifier_Carnage_TeamLifeTapHeal,1,EffectType.Healing
GE_DungeonModifier_Carnage_TeamLifeTapHeal,2,EffectLogic.NoDamageNumbers
GE_DungeonModifier_Carnage_TeamLifeTapHeal,3,EffectType.Magic
GE_DungeonModifier_ColdSnap_Damage,0,EffectType.Harmful
GE_DungeonModifier_ColdSnap_Damage,1,EffectType.Magic.Frost
GE_DungeonModifier_ColdSnap_Root,0,EffectType.Harmful
GE_DungeonModifier_ColdSnap_Root,1,EffectType.Magic.Frost
GE_DungeonModifier_ColdSnap_Root,2,EffectLogic.RemoveOnDeath
GE_DungeonModifier_ColdSnap_Root,3,EffectVisualization.Icon
GE_DungeonModifier_ColdSnap_Root,4,EffectType.CrowdControl
GE_DungeonModifier_ColdSnap_Root,5,EffectType.MovementImpairing
GE_DungeonModifier_ColdSnap_Stun,0,EffectType.Harmful
GE_DungeonModifier_ColdSnap_Stun,1,EffectType.Magic.Frost
GE_DungeonModifier_ColdSnap_Stun,2,EffectType.Stun
GE_DungeonModifier_ColdSnap_Stun,3,EffectLogic.RemoveOnDeath
GE_DungeonModifier_ColdSnap_Stun,4,EffectVisualization.Icon
GE_DungeonModifier_ColdSnap_Stun,5,EffectType.MovementImpairing
GE_DungeonModifier_ColdSnap_TargetMarker,0,EffectLogic.RemoveOnDeath
GE_DungeonModifier_ColdSnap_TargetMarker,1,EffectLogic.System
GE_DungeonModifier_ColdSnap_TargetMarker,2,EffectType.Harmful
GE_DungeonModifier_ColdSnap_TargetMarker,3,EffectVisualization.Icon
GE_DungeonModifier_ColdSnap_TargetMarker,4,AbilityType.Magic.Frost
GE_DungeonModifier_HolyTrinityNerf_EnemyHealthModifier,0,EffectLogic.System
GE_DungeonModifier_HolyTrinityNerf_EnemyHealthModifier,1,EffectType.Harmful
GE_DungeonModifier_HolyTrinityNerf_EnemyHealthModifier,2,EffectType.Debuff
GE_DungeonModifier_HolyTrinityNerf_EnemyHealthModifier,3,EffectLogic.NoThreatGeneration
GE_DungeonModifier_HolyTrinityNerf_EnemyPowerModifier,0,EffectLogic.System
GE_DungeonModifier_HolyTrinityNerf_EnemyPowerModifier,1,EffectType.Harmful
GE_DungeonModifier_HolyTrinityNerf_EnemyPowerModifier,2,EffectType.Debuff
GE_DungeonModifier_HolyTrinityNerf_EnemyPowerModifier,3,EffectLogic.NoThreatGeneration
GE_DungeonModifier_HolyTrinityNerf_HeroDamageModifier,0,EffectLogic.System
GE_DungeonModifier_HolyTrinityNerf_HeroDamageModifier,1,EffectType.Beneficial
GE_DungeonModifier_HolyTrinityNerf_HeroDamageModifier,2,EffectType.Buff
GE_DungeonModifier_HolyTrinityNerf_HeroDamageModifier,3,EffectLogic.NoThreatGeneration
GE_DungeonModifier_HolyTrinityNerf_HeroIncomingHealingAndAbsorbModifier,0,EffectLogic.System
GE_DungeonModifier_HolyTrinityNerf_HeroIncomingHealingAndAbsorbModifier,1,EffectType.Beneficial
GE_DungeonModifier_HolyTrinityNerf_HeroIncomingHealingAndAbsorbModifier,2,EffectType.Buff
GE_DungeonModifier_HolyTrinityNerf_HeroIncomingHealingAndAbsorbModifier,3,EffectLogic.NoThreatGeneration
GE_DungeonModifier_HolyTrinityNerf_MoreHealersEnemyDebuff,0,EffectLogic.System
GE_DungeonModifier_HolyTrinityNerf_MoreHealersEnemyDebuff,1,EffectType.Harmful
GE_DungeonModifier_HolyTrinityNerf_MoreHealersEnemyDebuff,2,EffectType.Debuff
GE_DungeonModifier_HolyTrinityNerf_MoreHealersEnemyDebuff,3,EffectLogic.NoThreatGeneration
GE_DungeonModifier_HolyTrinityNerf_NoDpsEnemyDebuff_IncomingDamageScaler,0,EffectType.Harmful
GE_DungeonModifier_HolyTrinityNerf_NoDpsEnemyDebuff_IncomingDamageScaler,1,EffectType.Debuff
GE_DungeonModifier_HolyTrinityNerf_NoDpsEnemyDebuff_IncomingDamageScaler,2,CustomAssetTags.Modifiers.HolyTrinityNerf.NoDpsEnemyDebuff
GE_DungeonModifier_HolyTrinityNerf_NoDpsEnemyDebuff_IncomingDamageScaler,3,EffectLogic.System
GE_DungeonModifier_HolyTrinityNerf_NoDpsEnemyDebuff_IncomingDamageScaler,4,EffectLogic.NoThreatGeneration
GE_DungeonModifier_HolyTrinityNerf_NoHealerBuff,0,EffectLogic.System
GE_DungeonModifier_HolyTrinityNerf_NoHealerBuff,1,EffectType.Buff
GE_DungeonModifier_HolyTrinityNerf_NoHealerBuff,2,EffectType.Beneficial
GE_DungeonModifier_HolyTrinityNerf_NoHealerBuff,3,EffectLogic.NoThreatGeneration
GE_DungeonModifier_HolyTrinityNerf_NoTankBuff,0,EffectLogic.System
GE_DungeonModifier_HolyTrinityNerf_NoTankBuff,1,EffectType.Buff
GE_DungeonModifier_HolyTrinityNerf_NoTankBuff,2,EffectType.Beneficial
GE_DungeonModifier_HolyTrinityNerf_NoTankBuff,3,EffectLogic.NoThreatGeneration
GE_DungeonModifier_MeteorRain_Fragment_Damage,0,EffectType.GeneratesThreat
GE_DungeonModifier_MeteorRain_Fragment_Damage,1,EffectType.Harmful
GE_DungeonModifier_MeteorRain_Fragment_Damage,2,EffectType.Magic.Fire
GE_DungeonModifier_MeteorRain_Fragment_Stun,0,EffectType.GeneratesThreat
GE_DungeonModifier_MeteorRain_Fragment_Stun,1,EffectType.Harmful
GE_DungeonModifier_MeteorRain_Fragment_Stun,2,EffectType.Magic.Fire
GE_DungeonModifier_MeteorRain_Fragment_Stun,3,EffectType.MovementImpairing
GE_DungeonModifier_MeteorRain_Fragment_Stun,4,EffectType.Stun
GE_DungeonModifier_MeteorRain_Fragment_Stun,5,EffectType.CrowdControl
GE_DungeonModifier_MeteorRain_Fragment_Stun,6,EffectVisualization.Icon
GE_DungeonModifier_MeteorRain_Fragment_Stun,7,EffectLogic.RemoveOnDeath
GE_DungeonModifier_MeteorRain_Meteor_Damage,0,EffectType.GeneratesThreat
GE_DungeonModifier_MeteorRain_Meteor_Damage,1,EffectType.Harmful
GE_DungeonModifier_MeteorRain_Meteor_Damage,2,EffectType.Magic.Fire
GE_DungeonModifier_MeteorRain_Meteor_Stun,0,EffectType.GeneratesThreat
GE_DungeonModifier_MeteorRain_Meteor_Stun,1,EffectType.Harmful
GE_DungeonModifier_MeteorRain_Meteor_Stun,2,EffectType.Magic.Fire
GE_DungeonModifier_MeteorRain_Meteor_Stun,3,EffectType.MovementImpairing
GE_DungeonModifier_MeteorRain_Meteor_Stun,4,EffectType.Stun
GE_DungeonModifier_MeteorRain_Meteor_Stun,5,EffectType.CrowdControl
GE_DungeonModifier_MeteorRain_Meteor_Stun,6,EffectVisualization.Icon
GE_DungeonModifier_ShadowLord_MeleeAutoAttack_Damage,0,EffectType.Harmful
GE_DungeonModifier_ShadowLord_MeleeAutoAttack_Damage,1,EffectType.Physical
GE_DungeonModifier_ShadowLord_OnDeathGrantBuff_Buff,0,EffectType.Magic.Shadow
GE_DungeonModifier_ShadowLord_OnDeathGrantBuff_Buff,1,EffectLogic.NotDispellable
GE_DungeonModifier_ShadowLord_OnDeathGrantBuff_Buff,2,EffectVisualization.Icon
GE_DungeonModifier_ShadowLord_OnDeathGrantBuff_Buff,3,EffectType.Beneficial
GE_DungeonModifier_ShadowLord_OnDeathGrantBuff_Buff,4,Effect.Buff
GE_DungeonModifier_ShadowLord_OnDeathGrantBuff_Buff,5,EffectType.Buff
GE_DungeonModifier_ShadowLord_OnDeathGrantBuff_Buff,6,EffectLogic.RemoveOnDeath
GE_DungeonModifier_ShadowLord_TickingAoE_Damage,0,EffectType.Magic.Shadow
GE_DungeonModifier_ShadowLord_TickingAoE_Damage,1,EffectType.Harmful
GE_DungeonModifier_ShadowLord_TickingAoE_Damage,2,CustomAssetTag.DungeonModifiers.ShadowLord.TickingAoeDamageEffect
GE_DungeonModifier_ShadowLord_TickingAoE_Debuff,0,EffectType.Magic.Shadow
GE_DungeonModifier_ShadowLord_TickingAoE_Debuff,1,EffectType.Harmful
GE_DungeonModifier_ShadowLord_TickingAoE_Debuff,2,Effect.Debuff
GE_DungeonModifier_ShadowLord_TickingAoE_Debuff,3,EffectType.Debuff
GE_DungeonModifier_ShadowLord_TickingAoE_Debuff,4,EffectLogic.AlwaysApply
GE_DungeonModifier_ShadowLord_TickingAoE_Debuff,5,EffectLogic.NotDispellable
GE_DungeonModifier_ShadowLord_TickingAoE_Debuff,6,EffectVisualization.Icon
GE_DungeonModifier_ShadowLord_TickingAoE_Debuff,7,EffectLogic.RemoveOnDeath
GE_DungeonModifier_StoneSkin_DeathAbility_Dot,0,EffectType.Harmful
GE_DungeonModifier_StoneSkin_DeathAbility_Dot,1,EffectType.Physical
GE_DungeonModifier_StoneSkin_DeathAbility_Dot,2,EffectType.Dot
GE_DungeonModifier_StoneSkin_DeathAbility_Dot,3,EffectType.Debuff
GE_DungeonModifier_StoneSkin_DeathAbility_Dot,4,EffectVisualization.Icon
GE_DungeonModifier_StoneSkin_DeathAbility_Dot,5,EffectVisualization.OverheadStatus
GE_DungeonModifier_StoneSkin_DeathAbility_Dot,6,EffectVisualization.ShowNonLocalSource
GE_DungeonModifier_StoneSkin_EnemyMaxHealthbuff,0,EffectType.Buff
GE_DungeonModifier_StoneSkin_EnemyMaxHealthbuff,1,Effect.Buff
GE_DungeonModifier_StoneSkin_EnemyMaxHealthbuff,2,EffectType.Beneficial
GE_DungeonModifier_StoneSkin_EnemyMaxHealthbuff,3,EffectLogic.AlwaysApply
GE_DungeonModifier_StoneSkin_EnemyMaxHealthbuff,4,EffectLogic.System
GE_DungeonModifier_StoneSkin_EnemyMaxHealthbuff,5,EffectType.Physical
GE_DungeonModifier_StoneSkin_HeroBuff,0,GameplayEffect.PermanentNotRemovable
GE_DungeonModifier_StoneSkin_HeroBuff,1,EffectLogic.System
GE_DungeonModifier_StoneSkin_HeroBuff,2,Effect.Buff
GE_DungeonModifier_StoneSkin_HeroBuff,3,EffectType.Buff
GE_DungeonModifier_StoneSkin_HeroBuff,4,EffectType.Beneficial
GE_DungeonModifier_StormShield_Damage,0,EffectType.Harmful
GE_DungeonModifier_StormShield_Damage,1,EffectType.Magic.Lightning
GE_DungeonModifier_StormShield_ShieldBuff_Buff,0,EffectLogic.RemoveOnDeath
GE_DungeonModifier_StormShield_ShieldBuff_Buff,1,EffectType.Beneficial
GE_DungeonModifier_StormShield_ShieldBuff_Buff,2,EffectType.Buff
GE_DungeonModifier_StormShield_ShieldBuff_Buff,3,EffectVisualization.Icon
GE_DungeonModifier_StormShield_ShieldBuff_Buff,4,EffectVisualization.IconOnPartyUnitFrame
GE_DungeonModifier_StormShield_ShieldBuff_CritBonusBuff,0,EffectType.Beneficial
GE_DungeonModifier_StormShield_ShieldBuff_CritBonusBuff,1,EffectType.Buff
GE_DungeonModifier_StormShield_ShieldBuff_CritBonusBuff,2,EffectLogic.System
GE_DungeonModifier_StormShield_ShieldBuff_CritBonusBuff,3,EffectVisualization.Icon
GE_DungeonModifier_StormShield_ShieldBuff_CritBonusBuff,4,EffectVisualization.IconOnPartyUnitFrame
GE_DungeonModifier_StormShield_ShieldBuff_CritBonusBuff,5,EffectLogic.RemoveOnDeath
GE_DungeonModifier_StormShield_ShieldBuff_DR,0,EffectLogic.RemoveOnDeath
GE_DungeonModifier_StormShield_ShieldBuff_DR,1,EffectType.Beneficial
GE_DungeonModifier_StormShield_ShieldBuff_DR,2,EffectType.Buff
GE_DungeonModifier_StormShield_ShieldBuff_DR,3,EffectLogic.System
GE_DungeonModifier_StormShield_ShieldBuff_Link,0,EffectLogic.System
GE_DungeonModifier_Truesight_Damage,0,EffectType.Harmful
GE_DungeonModifier_Truesight_Damage,1,EffectType.Magic.Blood
GE_DungeonModifier_Truesight_PlayerBuff,0,EffectType.Beneficial
GE_DungeonModifier_Truesight_PlayerBuff,1,EffectType.Buff
GE_DungeonModifier_Truesight_PlayerBuff,2,EffectType.Magic.Blood
GE_DungeonModifier_Truesight_PlayerBuff,3,EffectVisualization.Icon
GE_DungeonModifier_Truesight_PlayerBuff,4,EffectLogic.RemoveOnDeath
GE_DungeonModifier_Truesight_Truesight,0,EffectType.Buff
GE_DungeonModifier_Truesight_Truesight,1,EffectType.Beneficial
GE_DungeonModifier_Truesight_Truesight,2,EffectType.Magic.Blood
GE_DungeonModifier_Truesight_Truesight,3,EffectLogic.NotDispellable
GE_DungeonModifier_Truesight_Truesight,4,EffectVisualization.Icon
GE_DungeonModifier_Truesight_Truesight,5,EffectLogic.RemoveOnDeath
GE_DungeonModifier_Truesight_Truesight_Duration,0,EffectType.Buff
GE_DungeonModifier_Truesight_Truesight_Duration,1,EffectType.Beneficial
GE_DungeonModifier_Truesight_Truesight_Duration,2,EffectType.Magic.Blood
GE_DungeonModifier_Truesight_Truesight_Duration,3,EffectLogic.NotDispellable
GE_DungeonModifier_Truesight_Truesight_Duration,4,EffectVisualization.Icon
GE_DungeonModifier_Truesight_Truesight_Duration,5,EffectLogic.RemoveOnDeath
GE_DungeonModifier_WinterGiant_BoonActivated,0,EffectType.Beneficial
GE_DungeonModifier_WinterGiant_BoonActivated,1,EffectVisualization.Icon
GE_DungeonModifier_WinterGiant_BoonActivated,2,EffectType.Buff
GE_DungeonModifier_WinterGiant_BoonActivated,3,EffectLogic.AlwaysApply
GE_DungeonModifier_WinterGiant_BoonActivated,4,EffectLogic.System
GE_DungeonModifier_WinterTrickster_BoonActivated,0,EffectType.Beneficial
GE_DungeonModifier_WinterTrickster_BoonActivated,1,EffectVisualization.Icon
GE_DungeonModifier_WinterTrickster_BoonActivated,2,EffectType.Buff
GE_DungeonModifier_WinterTrickster_BoonActivated,3,EffectLogic.AlwaysApply
GE_DungeonModifier_WinterTrickster_BoonActivated,4,EffectLogic.System
GE_DungeonModifier_WinterWitch_BoonActivated,0,EffectType.Beneficial
GE_DungeonModifier_WinterWitch_BoonActivated,1,EffectVisualization.Icon
GE_DungeonModifier_WinterWitch_BoonActivated,2,EffectType.Buff
GE_DungeonModifier_WinterWitch_BoonActivated,3,EffectLogic.AlwaysApply
GE_DungeonModifier_WinterWitch_BoonActivated,4,EffectLogic.System
GE_DungeonModifier_WinterWitch_BoonAoeBuff,0,EffectType.Absorption
GE_DungeonModifier_WinterWitch_BoonAoeBuff,1,EffectType.Beneficial
GE_DungeonModifier_WinterWitch_BoonAoeBuff,2,EffectLogic.RemoveOnDeath
GE_DungeonModifier_WinterWitch_BoonAoeBuff,3,EffectVisualization.Icon
GE_DungeonModifier_WinterWitch_BoonAoeBuff,4,EffectType.Magic.Frost
GE_DungeonModifier_WinterWitch_BoonAoeBuff,5,EffectType.Buff
GE_DungeonModifier_WinterWitch_BoonAoeBuff,6,EffectType.Hot
GE_DungeonModifier_WinterWitch_BoonAoeBuff,7,CustomAssetTags.Modifiers.WinterWitch.BoonBuffEffect
GE_DungeonModifiers_EmpoweredMinions_EmpoweredEnemyBuff,0,EffectLogic.AlwaysApply
GE_DungeonModifiers_EmpoweredMinions_EmpoweredEnemyBuff,1,EffectLogic.System
GE_DungeonModifiers_EmpoweredMinions_EmpoweredEnemyBuff,2,EffectVisualization.Icon
GE_DungeonModifiers_EmpoweredMinions_EmpoweredEnemyBuff,3,EffectVisualization.ShowNonLocalSource
GE_DungeonModifiers_EmpoweredMinions_EmpoweredEnemyBuff,4,EffectType.Harmful
GE_DungeonModifiers_EmpoweredMinions_MinionKilledBuff_HasteAndMovespeedBuff,0,EffectLogic.System
GE_DungeonModifiers_EmpoweredMinions_MinionKilledBuff_HasteAndMovespeedBuff,1,EffectType.Buff
GE_DungeonModifiers_EmpoweredMinions_MinionKilledBuff_HasteAndMovespeedBuff,2,Effect.Buff
GE_DungeonModifiers_EmpoweredMinions_MinionKilledBuff_HasteAndMovespeedBuff,3,EffectType.Beneficial
GE_DungeonModifiers_EmpoweredMinions_MinionKilledBuff_HasteAndMovespeedBuff,4,EffectLogic.AlwaysApply
GE_DungeonModifiers_EmpoweredMinions_MinionKilledBuff_HasteAndMovespeedBuff,5,EffectLogic.RemoveOnDeath
GE_DungeonModifiers_PathFinder_Buff,0,EffectLogic.AlwaysApply
GE_DungeonModifiers_PathFinder_Buff,1,EffectLogic.System
GE_DungeonModifiers_PathFinder_Buff,2,EffectLogic.RemoveOnDeath
GE_DungeonModifiers_PathFinder_Buff,3,EffectVisualization.Icon
GE_DungeonModifiers_PathFinder_Buff,4,EffectType.Beneficial
GE_DungeonModifiers_PathFinder_Buff_Stacker,0,EffectLogic.AlwaysApply
GE_DungeonModifiers_PathFinder_Buff_Stacker,1,EffectLogic.System
GE_DungeonModifiers_PathFinder_Buff_Stacker,2,EffectLogic.RemoveOnDeath
GE_DungeonModifiers_PathFinder_Buff_Stacker,3,EffectType.Beneficial
GE_DungeonModifiers_PathFinder_DebuffIcon,0,EffectLogic.AlwaysApply
GE_DungeonModifiers_PathFinder_DebuffIcon,1,EffectLogic.System
GE_DungeonModifiers_PathFinder_DebuffIcon,2,EffectLogic.RemoveOnDeath
GE_DungeonModifiers_PathFinder_DebuffIcon,3,EffectVisualization.Icon
GE_DungeonModifiers_PathFinder_DebuffIcon,4,EffectVisualization.IconOnPartyUnitFrame
GE_DungeonModifiers_PathFinder_DebuffIcon,5,EffectType.Harmful
GE_DungeonModifiers_PathFinder_DebuffIcon,6,EffectVisualization.ShowNonLocalSource
GE_DungeonModifiers_PathFinder_Visual,0,EffectLogic.AlwaysApply
GE_DungeonModifiers_PathFinder_Visual,1,EffectLogic.System
GE_DungeonModifiers_PathFinder_Visual,2,EffectLogic.RemoveOnDeath
GE_DungeonModifiers_PathFinder_Visual,3,EffectType.Harmful
GE_DungeonModifiers_PromotedEnemies_EnemyBuff,0,EffectLogic.AlwaysApply
GE_DungeonModifiers_PromotedEnemies_EnemyBuff,1,EffectLogic.System
GE_DungeonModifiers_PromotedEnemies_EnemyBuff,2,EffectLogic.RemoveOnDeath
GE_DungeonModifiers_PromotedEnemies_EnemyBuff,3,EffectVisualization.Icon
GE_DungeonModifiers_PromotedEnemies_EnemyBuff,4,EffectVisualization.ShowNonLocalSource
GE_DungeonModifiers_PromotedEnemies_EnemyBuff,5,EffectType.Harmful
GE_DungeonModifiers_ShadowLord_OrbBuffStacks,0,EffectLogic.System
GE_DungeonModifiers_ShadowLord_OrbBuffStacks,1,EffectType.Buff
GE_DungeonModifiers_ShadowLord_OrbBuffStacks,2,Effect.Buff
GE_DungeonModifiers_ShadowLord_OrbBuffStacks,3,EffectType.Beneficial
GE_DungeonModifiers_ShadowLord_OrbBuffStacks,4,EffectLogic.AlwaysApply
GE_DungeonModifiers_ShadowLord_OrbBuffStacks,5,EffectVisualization.Icon
GE_EM_BossGiantTrol_KnockbackVolume_Immune,0,EffectLogic.NotDispellable
GE_EM_BossGiantTroll_AoeSequence_Damage,0,EffectType.Harmful
GE_EM_BossGiantTroll_AoeSequence_Damage,1,EffectType.Magic.Arcane
GE_EM_BossGiantTroll_ChanneledAoeDamage_Damage,0,EffectType.Physical
GE_EM_BossGiantTroll_ChanneledAoeDamage_Damage,1,EffectType.Harmful
GE_EM_BossGiantTroll_MeleeAutoAttack_Damage,0,EffectType.Harmful
GE_EM_BossGiantTroll_MeleeAutoAttack_Damage,1,EffectType.Physical
GE_EM_BossGiantTroll_MultiSoak_SoakedDamage,0,EffectType.Harmful
GE_EM_BossGiantTroll_MultiSoak_SoakedDamage,1,EffectType.Physical
GE_EM_BossGiantTroll_MultiSoak_SoakedDamage,2,EffectLogic.HolyTrinityNerf.IgnoreAoeIncomingDamageMultiplier
GE_EM_BossGiantTroll_MultiSoak_UnsoakedDamage,0,EffectType.Harmful
GE_EM_BossGiantTroll_MultiSoak_UnsoakedDamage,1,EffectType.Physical
GE_EM_BossGiantTroll_SummonAdds_DamageBossOnDeath,0,EffectType.Debuff
GE_EM_BossGiantTroll_SummonAdds_DamageBossOnDeath,1,EffectType.Harmful
GE_EM_BossGiantTroll_SummonAdds_DamageBossOnDeath,2,EffectVisualization.Icon
GE_EM_BossGiantTroll_SummonAdds_DamageBossOnDeath_Damage,0,EffectType.Harmful
GE_EM_BossGiantTroll_SummonAdds_DamageBossOnDeath_Damage,1,EffectType.Physical
GE_EM_BossVaerith_BombDebuff_Damage,0,EffectType.Harmful
GE_EM_BossVaerith_BombDebuff_Damage,1,EffectType.Magic.Arcane
GE_EM_BossVaerith_BombDebuff_Dot,0,EffectType.Harmful
GE_EM_BossVaerith_BombDebuff_Dot,1,EffectType.Dot
GE_EM_BossVaerith_BombDebuff_Dot,2,EffectType.Debuff
GE_EM_BossVaerith_BombDebuff_Dot,3,EffectVisualization.Icon
GE_EM_BossVaerith_BombDebuff_Dot,4,EffectType.Magic.Arcane
GE_EM_BossVaerith_BombDebuff_Dot,5,EffectLogic.RemoveOnDeath
GE_EM_BossVaerith_BombDebuff_Dot,6,EffectLogic.RemoveOnMatchComplete
GE_EM_BossVaerith_BombDebuff_Dot,7,EffectLogic.RemoveOnSourceFellowshipReset
GE_EM_BossVaerith_BuffTroll_Buff,0,EffectType.Beneficial
GE_EM_BossVaerith_BuffTroll_Buff,1,EffectType.Buff
GE_EM_BossVaerith_BuffTroll_Buff,2,EffectType.Magic.Arcane
GE_EM_BossVaerith_BuffTroll_Buff,3,EffectLogic.NotDispellable
GE_EM_BossVaerith_BuffTroll_Buff,4,EffectVisualization.Icon
GE_EM_BossVaerith_BuffTroll_Buff,5,EffectLogic.RemoveOnDeath
GE_EM_BossVaerith_BuffTroll_Buff,6,EffectLogic.RemoveOnSourceFellowshipReset
GE_EM_BossVaerith_BuffTroll_Buff,7,EffectLogic.RemoveOnMatchComplete
GE_EM_BossVaerith_BuffTroll_Buff,8,EffectLogic.RemoveOnSourceDeath
GE_EM_BossVaerith_Immune,0,EffectLogic.AlwaysApply
GE_EM_BossVaerith_Immune,1,EffectType.Buff
GE_EM_BossVaerith_Immune,2,GameplayEffect.PermanentNotRemovable
GE_EM_BossVaerith_Levitate,0,EffectType.Beneficial
GE_EM_BossVaerith_Levitate,1,EffectType.Magic.Arcane
GE_EM_BossVaerith_Levitate,2,EffectLogic.NotDispellable
GE_EM_BossVaerith_Levitate,3,EffectVisualization.Icon
GE_EM_BossVaerith_OnTrollDeathFlyAway_Levitate,0,EffectLogic.AlwaysApply
GE_EM_BossVaerith_OnTrollDeathFlyAway_Levitate,1,EffectLogic.System
GE_EM_BossVaerith_PassiveProjectiles_Damage,0,EffectType.Harmful
GE_EM_BossVaerith_PassiveProjectiles_Damage,1,EffectType.Magic.Arcane
GE_EM_Miner_MeleeAutoAttack_Damage,0,EffectType.Harmful
GE_EM_Miner_MeleeAutoAttack_Damage,1,EffectType.Physical
GE_Environmental_FireDot_Linger,0,EffectLogic.NotDispellable
GE_Environmental_FireDot_Linger,1,EffectType.Dot
GE_Environmental_FireDot_Linger,2,EffectType.Harmful
GE_Environmental_FireDot_Linger,3,EffectType.Magic.Fire
GE_Environmental_FireDot_Linger,4,EffectVisualization.Icon
GE_Environmental_FireDot_Linger,5,EffectType.Environmental
GE_Environmental_FireDot_Linger,6,EffectLogic.RemoveOnDeath
GE_Environmental_IceColdWater_Dot,0,EffectLogic.NotDispellable
GE_Environmental_IceColdWater_Dot,1,EffectType.Dot
GE_Environmental_IceColdWater_Dot,2,EffectType.Harmful
GE_Environmental_IceColdWater_Dot,3,EffectType.Environmental
GE_Environmental_IceColdWater_Dot,4,EffectType.Magic.Nature
GE_Environmental_IceColdWater_Dot,5,EffectType.MovementImpairing
GE_Environmental_IceColdWater_Dot,6,EffectLogic.RemoveOnDeath
GE_Environmental_IceColdWater_Dot_Linger,0,EffectLogic.NotDispellable
GE_Environmental_IceColdWater_Dot_Linger,1,EffectType.Dot
GE_Environmental_IceColdWater_Dot_Linger,2,EffectType.Harmful
GE_Environmental_IceColdWater_Dot_Linger,3,EffectType.Environmental
GE_Environmental_IceColdWater_Dot_Linger,4,EffectType.Magic.Nature
GE_Environmental_IceColdWater_Dot_Linger,5,EffectType.MovementImpairing
GE_Environmental_IceColdWater_Dot_Linger,6,EffectLogic.RemoveOnDeath
GE_Environmental_IceColdWater_Slow,0,EffectLogic.NotDispellable
GE_Environmental_IceColdWater_Slow,1,EffectType.Harmful
GE_Environmental_IceColdWater_Slow,2,EffectVisualization.Icon
GE_Environmental_IceColdWater_Slow,3,EffectType.Environmental
GE_Environmental_IceColdWater_Slow,4,EffectType.Magic.Nature
GE_Environmental_IceColdWater_Slow,5,EffectType.MovementImpairing
GE_Environmental_IceColdWater_Slow,6,EffectLogic.RemoveOnDeath
GE_Environmental_IceColdWater_Slow_Linger,0,EffectLogic.NotDispellable
GE_Environmental_IceColdWater_Slow_Linger,1,EffectType.Harmful
GE_Environmental_IceColdWater_Slow_Linger,2,EffectVisualization.Icon
GE_Environmental_IceColdWater_Slow_Linger,3,EffectType.Environmental
GE_Environmental_IceColdWater_Slow_Linger,4,EffectType.Magic.Nature
GE_Environmental_IceColdWater_Slow_Linger,5,EffectType.MovementImpairing
GE_Environmental_IceColdWater_Slow_Linger,6,EffectLogic.RemoveOnDeath
GE_Environmental_InstantKill_Crushed,0,EffectLogic.NotDispellable
GE_Environmental_InstantKill_Crushed,1,EffectType.Harmful
GE_Environmental_InstantKill_Crushed,2,EffectType.Environmental
GE_Environmental_InstantKill_Crushed,3,EffectType.Magic.Nature
GE_Environmental_LightningBolts_Damage,0,EffectType.Harmful
GE_Environmental_LightningBolts_Damage,1,EffectType.Magic.Lightning
GE_Environmental_LightningBolts_Damage,2,EffectType.Environmental
GE_Environmental_SmallFireDot_Sustained,0,EffectLogic.NotDispellable
GE_Environmental_SmallFireDot_Sustained,1,EffectType.Dot
GE_Environmental_SmallFireDot_Sustained,2,EffectType.Harmful
GE_Environmental_SmallFireDot_Sustained,3,EffectType.Magic.Fire
GE_Environmental_SmallFireDot_Sustained,4,EffectVisualization.Icon
GE_Environmental_SmallFireDot_Sustained,5,EffectType.Environmental
GE_Environmental_SmallFireDot_Sustained,6,EffectLogic.RemoveOnDeath
GE_Environmental_SpecialFallDamage,0,EffectType.Beneficial
GE_FK_BossElfDragon_AutoAttack_Damage,0,EffectType.Harmful
GE_FK_BossElfDragon_AutoAttack_Damage,1,EffectType.Physical
GE_FK_BossElfDragon_BlockFierySoakEffect,0,EffectLogic.AlwaysApply
GE_FK_BossElfDragon_BlockFierySoakEffect,1,EffectLogic.Fortified
GE_FK_BossElfDragon_BlockFierySoakEffect,2,EffectLogic.RemoveOnDeath
GE_FK_BossElfDragon_DashTargetDebuff,0,Effect.Debuff
GE_FK_BossElfDragon_DashTargetDebuff,1,GameplayEffect.NotDispellable
GE_FK_BossElfDragon_DashTargetDebuff,2,GameplayEffect.RemoveOnDeath
GE_FK_BossElfDragon_DashTargetDebuff,3,GameplayEffect.FK_BossElfDragon.DashTarget
GE_FK_BossElfDragon_DashTargetDebuff,4,GameplayEffect.RemoveOnBossKill
GE_FK_BossElfDragon_EnragedPhaseHasteBuff,0,Effect.Buff
GE_FK_BossElfDragon_EnragedPhaseHasteBuff,1,GameplayEffect.AlwaysApply
GE_FK_BossElfDragon_EnragedPhaseHasteBuff,2,GameplayEffect.RemoveOnDeath
GE_FK_BossElfDragon_FierySoak_PoolAOEDamage,0,GameplayEffect.RemoveOnDeath
GE_FK_BossElfDragon_FierySoak_PoolAOEDamage,1,EffectType.Magic.Arcane
GE_FK_BossElfDragon_FierySoak_PoolAOEDamage,2,EffectType.Harmful
GE_FK_BossElfDragon_FierySoak_SoakDamage,0,EffectType.Harmful
GE_FK_BossElfDragon_FierySoak_SoakDamage,1,EffectType.Magic.Frost
GE_FK_BossElfDragon_KnockbackConeOrRadialSuckIn_PullDebuff,0,Effect.Debuff
GE_FK_BossElfDragon_KnockbackConeOrRadialSuckIn_PullDebuff,1,GameplayEffect.NotDispellable
GE_FK_BossElfDragon_KnockbackConeOrRadialSuckIn_PullDebuff,2,GameplayEffect.FK_BossElfDragon.PullDebuff
GE_FK_BossElfDragon_KnockbackConeRoot,0,EffectType.Harmful
GE_FK_BossElfDragon_KnockbackConeRoot,1,EffectLogic.RemoveOnDeath
GE_FK_BossElfDragon_KnockbackConeRoot,2,EffectVisualization.Icon
GE_FK_BossElfDragon_KnockbackConeRoot,3,EffectType.Magic.Frost
GE_FK_BossElfDragon_KnockbackConeRoot,4,EffectLogic.NotDispellable
GE_FK_BossElfDragon_KnockbackConeRoot,5,CustomAssettags.FK.BossElfDragon.KnockBackConeDebuff
GE_FK_BossElfDragon_KnockbackConeRoot,6,Effect.Debuff
GE_FK_BossElfDragon_KnockbackCone_AoeDamage,0,EffectType.Harmful
GE_FK_BossElfDragon_KnockbackCone_AoeDamage,1,EffectType.Magic.Frost
GE_FK_BossElfDragon_KnockbackCone_AoeDamage,2,EffectLogic.HolyTrinityNerf.IgnoreAoeIncomingDamageMultiplier
GE_FK_BossElfDragon_MultiDashArrivalAOEDamage,0,EffectType.Harmful
GE_FK_BossElfDragon_MultiDashArrivalAOEDamage,1,EffectType.Physical
GE_FK_BossElfDragon_MultiDashArrivalBleedDebuff,0,GameplayEffect.NotDispellable
GE_FK_BossElfDragon_MultiDashArrivalBleedDebuff,1,GameplayEffect.RemoveOnDeath
GE_FK_BossElfDragon_MultiDashArrivalBleedDebuff,2,Effect.Debuff
GE_FK_BossElfDragon_MultiDashArrivalBleedDebuff,3,EffectType.Physical.Bleed
GE_FK_BossElfDragon_MultiDashArrivalBleedDebuff,4,EffectType.Harmful
GE_FK_BossElfDragon_MultiDashArrivalBleedDebuff,5,EffectLogic.RemoveOnSourceDeath
GE_FK_BossElfDragon_MultiDash_PreferNonTank,0,EffectLogic.AlwaysApply
GE_FK_BossElfDragon_ShrinkingArenaDebuff_Dot,0,GameplayEffect.RemoveOnDeath
GE_FK_BossElfDragon_ShrinkingArenaDebuff_Dot,1,EffectType.Magic.Frost
GE_FK_BossElfDragon_ShrinkingArenaDebuff_Dot,2,EffectType.Harmful
GE_FK_BossElfDragon_ShrinkingArenaDebuff_Slow,0,Effect.Debuff
GE_FK_BossElfDragon_ShrinkingArenaDebuff_Slow,1,GameplayEffect.RemoveOnDeath
GE_FK_BossFreezingWaterLord_AutoAttackDamage,0,EffectType.Harmful
GE_FK_BossFreezingWaterLord_AutoAttackDamage,1,EffectType.Physical
GE_FK_BossFreezingWaterLord_ExplosiveOrbDamage,0,EffectType.Harmful
GE_FK_BossFreezingWaterLord_ExplosiveOrbDamage,1,EffectType.Magic.Arcane
GE_FK_BossFreezingWaterLord_ExplosiveOrb_PeriodicAoeDamage,0,EffectType.Harmful
GE_FK_BossFreezingWaterLord_ExplosiveOrb_PeriodicAoeDamage,1,EffectType.Magic.Arcane
GE_FK_BossFreezingWaterLord_FreezingCone_Freeze,0,Effect.Debuff
GE_FK_BossFreezingWaterLord_FreezingCone_Freeze,1,GameplayEffect.RemoveOnDeath
GE_FK_BossFreezingWaterLord_FreezingCone_Freeze,2,GameplayEffect.NotDispellable
GE_FK_BossFreezingWaterLord_FreezingCone_NormalDamage,0,EffectType.Harmful
GE_FK_BossFreezingWaterLord_FreezingCone_NormalDamage,1,EffectType.Magic.Frost
GE_FK_BossFreezingWaterLord_GreaterWaterNova_Dot,0,EffectType.Magic.Frost
GE_FK_BossFreezingWaterLord_GreaterWaterNova_Dot,1,EffectType.Dot
GE_FK_BossFreezingWaterLord_GreaterWaterNova_Dot,2,EffectType.Debuff
GE_FK_BossFreezingWaterLord_GreaterWaterNova_Dot,3,EffectType.Harmful
GE_FK_BossFreezingWaterLord_GreaterWaterNova_Dot,4,EffectLogic.RemoveOnDeath
GE_FK_BossFreezingWaterLord_GreaterWaterNova_Dot,5,EffectVisualization.Icon
GE_FK_BossFreezingWaterLord_GreaterWaterNova_Dot_Debuff,0,EffectType.Magic.Frost
GE_FK_BossFreezingWaterLord_GreaterWaterNova_Dot_Debuff,1,EffectType.Debuff
GE_FK_BossFreezingWaterLord_GreaterWaterNova_Dot_Debuff,2,EffectType.Harmful
GE_FK_BossFreezingWaterLord_GreaterWaterNova_Dot_Debuff,3,EffectLogic.RemoveOnDeath
GE_FK_BossFreezingWaterLord_GreaterWaterNova_Dot_Debuff,4,EffectVisualization.Icon
GE_FK_BossFreezingWaterLord_GreaterWaterNova_Dot_Slow,0,EffectType.Magic.Frost
GE_FK_BossFreezingWaterLord_GreaterWaterNova_Dot_Slow,1,EffectType.Harmful
GE_FK_BossFreezingWaterLord_GreaterWaterNova_Dot_Slow,2,EffectType.MovementImpairing
GE_FK_BossFreezingWaterLord_GreaterWaterNova_Dot_Slow,3,EffectLogic.RemoveOnDeath
GE_FK_BossFreezingWaterLord_GreaterWaterNova_Dot_Slow,4,EffectType.Debuff
GE_FK_BossFreezingWaterLord_IceSoak_IncreasedDamageDebuff,0,EffectType.Harmful
GE_FK_BossFreezingWaterLord_IceSoak_IncreasedDamageDebuff,1,EffectLogic.NotDispellable
GE_FK_BossFreezingWaterLord_IceSoak_IncreasedDamageDebuff,2,EffectLogic.RemoveOnDeath
GE_FK_BossFreezingWaterLord_IceSoak_IncreasedDamageDebuff,3,EffectVisualization.Icon
GE_FK_BossFreezingWaterLord_IceSoak_IncreasedDamageDebuff,4,EffectType.Magic.Arcane
GE_FK_BossFreezingWaterLord_IceSoak_SoakDamage,0,EffectType.Harmful
GE_FK_BossFreezingWaterLord_IceSoak_SoakDamage,1,EffectType.Magic.Arcane
GE_FK_BossFreezingWaterLord_IceSoak_SoakDamage,2,EffectLogic.HolyTrinityNerf.IgnoreAoeIncomingDamageMultiplier
GE_FK_BossFreezingWaterlord_ExplodePuddles_Damage,0,EffectType.Harmful
GE_FK_BossFreezingWaterlord_ExplodePuddles_Damage,1,EffectType.Magic.Arcane
GE_FK_BossFreezingWaterlord_IceSoak_AboutToSpawnPuddle,0,EffectType.Debuff
GE_FK_BossFreezingWaterlord_IceSoak_AboutToSpawnPuddle,1,EffectType.Harmful
GE_FK_BossFreezingWaterlord_IceSoak_AboutToSpawnPuddle,2,EffectType.Magic.Arcane
GE_FK_BossFreezingWaterlord_IceSoak_AboutToSpawnPuddle,3,EffectVisualization.Icon
GE_FK_BossFreezingWaterlord_IceSoak_AboutToSpawnPuddle,4,EffectLogic.RemoveOnSourceDeath
GE_FK_BossFreezingWaterlord_IceSoak_AboutToSpawnPuddle,5,EffectLogic.NotDispellable
GE_FK_BossFreezingWaterlord_IceSoak_AboutToSpawnPuddle,6,EffectLogic.RemoveOnDeath
GE_FK_BossRangerCaptain_AutoAttackMelee_Damage,0,EffectType.Physical
GE_FK_BossRangerCaptain_AutoAttackMelee_Damage,1,EffectType.Harmful
GE_FK_BossRangerCaptain_AutoAttack_Damage,0,EffectType.Harmful
GE_FK_BossRangerCaptain_AutoAttack_Damage,1,EffectType.Physical
GE_FK_BossRangerCaptain_BigCross_Damage,0,EffectType.Harmful
GE_FK_BossRangerCaptain_BigCross_Damage,1,EffectType.Magic.Frost
GE_FK_BossRangerCaptain_ExplosiveShot_Damage,0,EffectType.Harmful
GE_FK_BossRangerCaptain_ExplosiveShot_Damage,1,EffectType.Magic.Arcane
GE_FK_BossRangerCaptain_ExplosiveShot_Debuff,0,EffectType.Magic.Arcane
GE_FK_BossRangerCaptain_ExplosiveShot_Debuff,1,EffectType.Harmful
GE_FK_BossRangerCaptain_ExplosiveShot_Debuff,2,EffectType.Debuff
GE_FK_BossRangerCaptain_ExplosiveShot_Debuff,3,EffectVisualization.Icon
GE_FK_BossRangerCaptain_ExplosiveShot_Debuff,4,EffectLogic.NotDispellable
GE_FK_BossRangerCaptain_ExplosiveShot_Debuff,5,EffectLogic.RemoveOnSourceDeath
GE_FK_BossRangerCaptain_ExplosiveShot_Debuff,6,EffectLogic.RemoveOnDeath
GE_FK_BossRangerCaptain_HailOfArrows_Damage,0,EffectType.Harmful
GE_FK_BossRangerCaptain_HailOfArrows_Damage,1,EffectType.Magic.Arcane
GE_FK_BossRangerCaptain_HailOfArrows_DoT,0,EffectType.Harmful
GE_FK_BossRangerCaptain_HailOfArrows_DoT,1,EffectLogic.RemoveOnDeath
GE_FK_BossRangerCaptain_HailOfArrows_DoT,2,EffectVisualization.Icon
GE_FK_BossRangerCaptain_HailOfArrows_DoT,3,EffectType.Magic.Arcane
GE_FK_BossRangerCaptain_IceTrap_Damage,0,EffectType.Harmful
GE_FK_BossRangerCaptain_IceTrap_Damage,1,EffectType.Physical
GE_FK_BossRangerCaptain_IceTrap_Root,0,EffectType.MovementImpairing
GE_FK_BossRangerCaptain_IceTrap_Root,1,EffectVisualization.Icon
GE_FK_BossRangerCaptain_IceTrap_Root,2,EffectType.Harmful
GE_FK_BossRangerCaptain_IceTrap_Root,3,EffectType.Physical
GE_FK_BossRangerCaptain_IceTrap_Root,4,EffectLogic.RemoveOnDeath
GE_FK_BossRangerCaptain_LeapCharge,0,GameplayEffect.AlwaysApply
GE_FK_BossRangerCaptain_LeapCharge,1,GameplayEffect.RemoveOnDeath
GE_FK_Elf_Cleric_AutoAttackMelee_Damage,0,EffectType.Physical
GE_FK_Elf_Cleric_AutoAttackMelee_Damage,1,EffectType.Harmful
GE_FK_Elf_Cleric_DrainLife_Damage,0,EffectType.Harmful
GE_FK_Elf_Cleric_DrainLife_Damage,1,EffectType.Magic.Necromancy
GE_FK_Elf_Cleric_DrainLife_Visual,0,EffectType.Harmful
GE_FK_Elf_Cleric_DrainLife_Visual,1,EffectLogic.IgnoreImmunities
GE_FK_Elf_Cleric_DrainLife_Visual,2,EffectLogic.NotDispellable
GE_FK_Elf_Cleric_DrainLife_Visual,3,EffectType.Magic.Necromancy
GE_FK_Elf_Cleric_LifeLeech_SelfBuff,0,EffectType.Beneficial
GE_FK_Elf_Cleric_LifeLeech_SelfBuff,1,EffectType.Magic
GE_FK_Elf_Cleric_LifeLeech_SelfBuff,2,EffectLogic.IgnoreImmunities
GE_FK_Elf_Cleric_LifeLeech_SelfBuff,3,EffectLogic.NotDispellable
GE_FK_Elf_Cleric_LifeLeech_SelfBuff,4,EffectVisualization.Icon
GE_FK_Elf_Cleric_LifeLeech_SelfBuff,5,GameplayEffect.PermanentNotRemovable
GE_FK_Elf_Cleric_Redemption_Damage,0,EffectType.Magic.Frost
GE_FK_Elf_Cleric_Redemption_Damage,1,EffectType.Harmful
GE_FK_Elf_Cleric_Redemption_Damage,2,EffectType.Debuff
GE_FK_Elf_Cleric_Redemption_Damage,3,EffectType.Dot
GE_FK_Elf_Cleric_Redemption_DoT,0,EffectType.Harmful
GE_FK_Elf_Cleric_Redemption_DoT,1,EffectLogic.RemoveOnDeath
GE_FK_Elf_Cleric_Redemption_DoT,2,EffectVisualization.Icon
GE_FK_Elf_Cleric_Redemption_DoT,3,EffectType.Magic.Frost
GE_FK_Elf_Cleric_SoulBolt_Damage,0,EffectType.Harmful
GE_FK_Elf_Cleric_SoulBolt_Damage,1,EffectType.Magic.Frost
GE_FK_Elf_Duelist_AutoAttack_Damage,0,EffectType.Harmful
GE_FK_Elf_Duelist_AutoAttack_Damage,1,EffectType.Physical
GE_FK_Elf_Duelist_IceBreaker_Damage,0,EffectType.Harmful
GE_FK_Elf_Duelist_IceBreaker_Damage,1,EffectType.Physical
GE_FK_Elf_Duelist_IceBreaker_EnragedBuff,0,Effect.Buff
GE_FK_Elf_Duelist_IceBreaker_EnragedBuff,1,EffectVisualization.Icon
GE_FK_Elf_Duelist_IceBreaker_EnragedBuff,2,EffectLogic.RemoveOnDeath
GE_FK_Elf_Duelist_IceBreaker_EnragedBuff,3,EffectType.Beneficial
GE_FK_Elf_Duelist_SpinningIceSword_Damage,0,EffectType.Harmful
GE_FK_Elf_Duelist_SpinningIceSword_Damage,1,EffectType.Physical
GE_FK_Elf_Duelist_SpinningIceSword_SelfSlow,0,EffectType.MovementImpairing
GE_FK_Elf_Duelist_SpinningIceSword_SelfSlow,1,EffectType.Harmful
GE_FK_Elf_Duelist_SpinningIceSword_SelfSlow,2,EffectLogic.System
GE_FK_Elf_Duelist_SpinningIceSword_SelfSlow,3,EffectLogic.RemoveOnDeath
GE_FK_Elf_Duelist_SpinningIceSword_SelfSlow,4,EffectLogic.AlwaysApply
GE_FK_Elf_Goon_AutoAttack_Damage,0,EffectType.Harmful
GE_FK_Elf_Goon_AutoAttack_Damage,1,EffectType.Physical
GE_FK_Elf_Guard_AutoAttack_Damage,0,EffectType.Physical
GE_FK_Elf_Guard_AutoAttack_Damage,1,EffectType.Harmful
GE_FK_Elf_Guard_ShatteringBarrier_Absorb,0,EffectType.Absorption
GE_FK_Elf_Guard_ShatteringBarrier_Absorb,1,EffectType.Beneficial
GE_FK_Elf_Guard_ShatteringBarrier_Absorb,2,EffectType.Magic
GE_FK_Elf_Guard_ShatteringBarrier_Absorb,3,EffectLogic.RemoveOnDeath
GE_FK_Elf_Guard_ShatteringBarrier_Absorb,4,EffectVisualization.Icon
GE_FK_Elf_Guard_ShatteringBarrier_AoeDamage,0,EffectType.Harmful
GE_FK_Elf_Guard_ShatteringBarrier_AoeDamage,1,EffectType.Magic.Frost
GE_FK_Elf_Guard_ShatteringBarrier_BlockOtherEffect,0,EffectLogic.System
GE_FK_Elf_Guard_ShatteringBarrier_BlockOtherEffect,1,EffectLogic.AlwaysApply
GE_FK_Elf_Guard_ShatteringBarrier_BlockOtherEffect,2,EffectLogic.RemoveOnDeath
GE_FK_Elf_Guard_ShatteringBarrier_BlockOtherEffect,3,EffectType.Harmful
GE_FK_Elf_Illusionist_AutoAttackMelee_Damage,0,EffectType.Physical
GE_FK_Elf_Illusionist_AutoAttackMelee_Damage,1,EffectType.Harmful
GE_FK_Elf_Illusionist_CastSingleFrost_Damage,0,EffectType.Magic.Arcane
GE_FK_Elf_Illusionist_CastSingleFrost_Damage,1,EffectType.Harmful
GE_FK_Elf_Illusionist_ChanneledDamageAoe_Damage,0,EffectType.Harmful
GE_FK_Elf_Illusionist_ChanneledDamageAoe_Damage,1,EffectType.Magic.Arcane
GE_FK_Elf_Illusionist_ExplosiveOrb_Damage,0,EffectType.GeneratesThreat
GE_FK_Elf_Illusionist_ExplosiveOrb_Damage,1,EffectType.Harmful
GE_FK_Elf_Illusionist_ExplosiveOrb_Damage,2,EffectType.Magic.Arcane
GE_FK_Elf_Illusionist_ExplosiveOrb_PeriodicAoeDamage,0,EffectType.Harmful
GE_FK_Elf_Illusionist_ExplosiveOrb_PeriodicAoeDamage,1,EffectType.Magic.Arcane
GE_FK_Elf_Ranger_AutoAttack_Damage,0,EffectType.Harmful
GE_FK_Elf_Ranger_AutoAttack_Damage,1,EffectType.Physical
GE_FK_Elf_Ranger_IceTrap_Damage,0,EffectType.Harmful
GE_FK_Elf_Ranger_IceTrap_Damage,1,EffectType.Physical
GE_FK_Elf_Ranger_IceTrap_Root,0,EffectType.MovementImpairing
GE_FK_Elf_Ranger_IceTrap_Root,1,EffectVisualization.Icon
GE_FK_Elf_Ranger_IceTrap_Root,2,EffectType.Harmful
GE_FK_Elf_Ranger_IceTrap_Root,3,EffectType.Physical
GE_FK_Elf_Ranger_IceTrap_Root,4,EffectLogic.RemoveOnDeath
GE_FK_Elf_Ranger_MeleeAutoAttack_Damage,0,EffectType.Harmful
GE_FK_Elf_Ranger_MeleeAutoAttack_Damage,1,EffectType.Physical
GE_FK_Elf_Ranger_RapidFire_Damage,0,EffectType.Harmful
GE_FK_Elf_Ranger_RapidFire_Damage,1,EffectType.Physical
GE_FK_Elf_Shardling_AutoAttack_Damage,0,EffectType.Physical
GE_FK_Elf_Shardling_AutoAttack_Damage,1,EffectType.Harmful
GE_FK_Elf_Shardling_DeathExplosionDotDebuff,0,EffectType.Harmful
GE_FK_Elf_Shardling_DeathExplosionDotDebuff,1,EffectLogic.RemoveOnDeath
GE_FK_Elf_Shardling_DeathExplosionDotDebuff,2,EffectType.Magic.Frost
GE_FK_Elf_Shardling_DeathExplosionSlowDebuff,0,EffectType.Harmful
GE_FK_Elf_Shardling_DeathExplosionSlowDebuff,1,EffectType.MovementImpairing
GE_FK_Elf_Shardling_DeathExplosionSlowDebuff,2,EffectVisualization.Icon
GE_FK_Elf_Shardling_DeathExplosionSlowDebuff,3,EffectType.Magic
GE_FK_Elf_Shardling_DeathExplosionSlowDebuff,4,EffectLogic.RemoveOnDeath
GE_FK_IceGolem_AutoAttack_Damage,0,EffectType.Physical
GE_FK_IceGolem_AutoAttack_Damage,1,EffectType.Harmful
GE_FK_IceGolem_SpikeAOE_Damage,0,EffectType.Harmful
GE_FK_IceGolem_SpikeAOE_Damage,1,EffectType.Physical
GE_FK_MirroredElementalImage_AutoAttack_Damage,0,EffectType.Harmful
GE_FK_MirroredElementalImage_AutoAttack_Damage,1,EffectType.Physical
GE_FK_MirroredRangerCaptain_BattleCry_Debuff,0,Effect.Debuff
GE_FK_MirroredRangerCaptain_BattleCry_Debuff,1,GameplayEffect.RemoveOnDeath
GE_FK_MirroredRangerCaptain_BattleCry_Debuff,2,GameplayEffect.NotDispellable
GE_FM_AshenArsonist_Cone_Damage,0,EffectType.Magic.Fire
GE_FM_AshenArsonist_Cone_Damage,1,EffectType.Harmful
GE_FM_AshenArsonist_MeleeAutoAttack_Damage,0,EffectType.Harmful
GE_FM_AshenArsonist_MeleeAutoAttack_Damage,1,EffectType.Physical
GE_FM_Bear_AutoAttack_Damage,0,EffectType.Harmful
GE_FM_Bear_AutoAttack_Damage,1,EffectType.Physical
GE_FM_Bear_HomingCharge_Damage,0,EffectType.Harmful
GE_FM_Bear_HomingCharge_Damage,1,EffectType.Physical
GE_FM_BigSpider_AutoAttack_Damage,0,EffectType.Harmful
GE_FM_BigSpider_AutoAttack_Damage,1,EffectType.Physical
GE_FM_BullyBasher_BuffAllies_Buff,0,EffectType.Beneficial
GE_FM_BullyBasher_BuffAllies_Buff,1,EffectType.Buff
GE_FM_BullyBasher_BuffAllies_Buff,2,EffectType.Physical
GE_FM_BullyBasher_BuffAllies_Buff,3,EffectVisualization.Icon
GE_FM_BullyBasher_BuffAllies_Buff,4,EffectLogic.RemoveOnDeath
GE_FM_BullyBasher_MeleeAutoAttack_Damage,0,EffectType.Harmful
GE_FM_BullyBasher_MeleeAutoAttack_Damage,1,EffectType.Physical
GE_FM_BullyBasher_TankSlam_Damage,0,EffectType.Physical
GE_FM_BullyBasher_TankSlam_Damage,1,EffectType.Harmful
GE_FM_Environmental_Spiderweb_Dot,0,EffectType.Debuff
GE_FM_Environmental_Spiderweb_Dot,1,EffectType.Dot
GE_FM_Environmental_Spiderweb_Dot,2,EffectType.Harmful
GE_FM_Environmental_Spiderweb_Dot,3,EffectLogic.RemoveOnDeath
GE_FM_Environmental_Spiderweb_Dot,4,EffectType.Magic.Poison
GE_FM_Environmental_Spiderweb_Dot,5,EffectLogic.NotDispellable
GE_FM_Environmental_Spiderweb_Slow,0,EffectType.Debuff
GE_FM_Environmental_Spiderweb_Slow,1,EffectType.MovementImpairing
GE_FM_Environmental_Spiderweb_Slow,2,EffectLogic.RemoveOnDeath
GE_FM_Environmental_Spiderweb_Slow,3,EffectType.Harmful
GE_FM_Environmental_Spiderweb_Slow,4,EffectType.Magic.Poison
GE_FM_Environmental_Spiderweb_Slow,5,EffectVisualization.Icon
GE_FM_Environmental_Spiderweb_Slow,6,EffectLogic.NotDispellable
GE_FM_Facestabber_AttachedAttack_Damage,0,EffectType.Harmful
GE_FM_Facestabber_AttachedAttack_Damage,1,EffectType.Physical
GE_FM_Facestabber_Jump_Attack_HeroDebuff,0,EffectLogic.RemoveOnDeath
GE_FM_Facestabber_MeleeAutoAttack_Damage,0,EffectType.Harmful
GE_FM_Facestabber_MeleeAutoAttack_Damage,1,EffectType.Physical
GE_FM_FrenziedLooter_DropTreasure_Buff,0,EffectType.Debuff
GE_FM_FrenziedLooter_DropTreasure_Buff,1,EffectType.Harmful
GE_FM_FrenziedLooter_DropTreasure_Buff,2,EffectType.Magic.Holy
GE_FM_FrenziedLooter_DropTreasure_Buff,3,EffectVisualization.Icon
GE_FM_FrenziedLooter_DropTreasure_Buff,4,EffectLogic.RemoveOnDeath
GE_FM_FrenziedLooter_MeleeAutoAttack_Damage,0,EffectType.Harmful
GE_FM_FrenziedLooter_MeleeAutoAttack_Damage,1,EffectType.Physical
GE_FM_GoblinBrute_AutoAttack_Damage,0,EffectType.Harmful
GE_FM_GoblinBrute_AutoAttack_Damage,1,EffectType.Physical
GE_FM_GoblinCaster_AutoAttack_Damage,0,EffectType.Harmful
GE_FM_GoblinCaster_AutoAttack_Damage,1,EffectType.Physical
GE_FM_GoblinCaster_CastProjectile_Damage,0,EffectType.Harmful
GE_FM_GoblinCaster_CastProjectile_Damage,1,EffectType.Magic.Frost
GE_FM_GoblinGrunt_AutoAttack_Damage,0,EffectType.Harmful
GE_FM_GoblinGrunt_AutoAttack_Damage,1,EffectType.Physical
GE_FM_GravesnareKidnapper_CallChildren_ReducedMaxHealth,0,EffectLogic.NotDispellable
GE_FM_GravesnareKidnapper_CallChildren_ReducedMaxHealth,1,EffectType.Debuff
GE_FM_GravesnareKidnapper_CallChildren_ReducedMaxHealth,2,EffectType.Harmful
GE_FM_GravesnareKidnapper_ConeAoeProjectiles_Damage,0,EffectType.Harmful
GE_FM_GravesnareKidnapper_ConeAoeProjectiles_Damage,1,EffectType.Physical
GE_FM_GravesnareKidnapper_ConeAoeProjectiles_Dot,0,EffectType.Debuff
GE_FM_GravesnareKidnapper_ConeAoeProjectiles_Dot,1,EffectType.Dot
GE_FM_GravesnareKidnapper_ConeAoeProjectiles_Dot,2,EffectType.Harmful
GE_FM_GravesnareKidnapper_ConeAoeProjectiles_Dot,3,EffectLogic.RemoveOnDeath
GE_FM_GravesnareKidnapper_ConeAoeProjectiles_Dot,4,EffectType.Magic.Poison
GE_FM_GravesnareKidnapper_ConeAoeProjectiles_Dot,5,EffectLogic.NotDispellable
GE_FM_GravesnareKidnapper_ConeAoeProjectiles_Slow,0,EffectType.Debuff
GE_FM_GravesnareKidnapper_ConeAoeProjectiles_Slow,1,EffectType.MovementImpairing
GE_FM_GravesnareKidnapper_ConeAoeProjectiles_Slow,2,EffectLogic.RemoveOnDeath
GE_FM_GravesnareKidnapper_ConeAoeProjectiles_Slow,3,EffectType.Harmful
GE_FM_GravesnareKidnapper_ConeAoeProjectiles_Slow,4,EffectType.Magic.Poison
GE_FM_GravesnareKidnapper_ConeAoeProjectiles_Slow,5,EffectVisualization.Icon
GE_FM_GravesnareKidnapper_ConeAoeProjectiles_Slow,6,EffectLogic.NotDispellable
GE_FM_GravesnareKidnapper_MeleeAutoAttack_Damage,0,EffectType.Harmful
GE_FM_GravesnareKidnapper_MeleeAutoAttack_Damage,1,EffectType.Physical
GE_FM_Invoker_CastedRangedInstantProjectile_Damage,0,EffectType.Harmful
GE_FM_Invoker_CastedRangedInstantProjectile_Damage,1,EffectType.Magic.Shadow
GE_FM_OrcCaster_AutoAttack_Damage,0,EffectType.Harmful
GE_FM_OrcCaster_AutoAttack_Damage,1,EffectType.Physical
GE_FM_OrcCaster_CastProjectile_Damage,0,EffectType.Harmful
GE_FM_OrcCaster_CastProjectile_Damage,1,EffectType.Magic.Frost
GE_FM_OrcGrunt_AutoAttack_Damage,0,EffectType.Harmful
GE_FM_OrcGrunt_AutoAttack_Damage,1,EffectType.Physical
GE_FM_PIllager_Enrage_Buff,0,Effect.Buff
GE_FM_PIllager_Enrage_Buff,1,EffectVisualization.Icon
GE_FM_PIllager_Enrage_Buff,2,EffectLogic.RemoveOnDeath
GE_FM_PIllager_Enrage_Buff,3,EffectType.Beneficial
GE_FM_PIllager_Enrage_MaxHealthIncrease,0,EffectLogic.RemoveOnDeath
GE_FM_PIllager_Enrage_MaxHealthIncrease,1,EffectType.Beneficial
GE_FM_PIllager_Enrage_OrcMarker,0,GameplayEffect.PermanentNotRemovable
GE_FM_PIllager_Enrage_OrcMarker,1,EffectLogic.NotDispellable
GE_FM_Pillager_MeleeAutoAttack_Damage,0,EffectType.Harmful
GE_FM_Pillager_MeleeAutoAttack_Damage,1,EffectType.Physical
GE_FM_RotheartRecluse_DotProjectile_DotDamage,0,EffectType.Debuff
GE_FM_RotheartRecluse_DotProjectile_DotDamage,1,EffectType.Dot
GE_FM_RotheartRecluse_DotProjectile_DotDamage,2,EffectType.Harmful
GE_FM_RotheartRecluse_DotProjectile_DotDamage,3,EffectType.Magic.Nature
GE_FM_RotheartRecluse_DotProjectile_DotDamage,4,EffectVisualization.Icon
GE_FM_RotheartRecluse_DotProjectile_DotDamage,5,EffectLogic.RemoveOnDeath
GE_FM_RotheartRecluse_DotProjectile_EndDamage,0,EffectType.Harmful
GE_FM_RotheartRecluse_DotProjectile_EndDamage,1,EffectType.Magic.Nature
GE_FM_RotheartRecluse_DotProjectile_Slow,0,EffectType.Debuff
GE_FM_RotheartRecluse_DotProjectile_Slow,1,EffectType.Harmful
GE_FM_RotheartRecluse_DotProjectile_Slow,2,EffectType.Magic.Nature
GE_FM_RotheartRecluse_DotProjectile_Slow,3,EffectType.MovementImpairing
GE_FM_RotheartRecluse_DotProjectile_Slow,4,EffectLogic.RemoveOnDeath
GE_FM_RotheartRecluse_MeleeAutoAttack_Damage,0,EffectType.Harmful
GE_FM_RotheartRecluse_MeleeAutoAttack_Damage,1,EffectType.Physical
GE_FM_RotheartRecluse_MeleeDot,0,EffectType.Debuff
GE_FM_RotheartRecluse_MeleeDot,1,EffectType.Harmful
GE_FM_RotheartRecluse_MeleeDot,2,EffectType.Magic.Nature
GE_FM_RotheartRecluse_MeleeDot,3,EffectType.Dot
GE_FM_RotheartRecluse_MeleeDot,4,EffectVisualization.Icon
GE_FM_RotheartRecluse_MeleeDot,5,EffectLogic.RemoveOnDeath
GE_FM_Shared_NPCCombatBuff_DpsBuff,0,EffectLogic.AlwaysApply
GE_FM_Shared_NPCCombatBuff_DpsBuff,1,EffectLogic.System
GE_FM_Shared_NPCCombatBuff_Elite_DpsBuff,0,EffectLogic.AlwaysApply
GE_FM_Shared_NPCCombatBuff_Elite_DpsBuff,1,EffectLogic.System
GE_FM_Shared_NPCCombatBuff_Elite_HealerBuff,0,EffectLogic.AlwaysApply
GE_FM_Shared_NPCCombatBuff_Elite_HealerBuff,1,EffectLogic.System
GE_FM_Shared_NPCCombatBuff_Elite_TankBuff,0,EffectLogic.AlwaysApply
GE_FM_Shared_NPCCombatBuff_Elite_TankBuff,1,EffectLogic.System
GE_FM_Shared_NPCCombatBuff_HealerBuff,0,EffectLogic.AlwaysApply
GE_FM_Shared_NPCCombatBuff_HealerBuff,1,EffectLogic.System
GE_FM_Shared_NPCCombatBuff_TankBuff,0,EffectLogic.AlwaysApply
GE_FM_Shared_NPCCombatBuff_TankBuff,1,EffectLogic.System
GE_FM_Shinchopper_MeleeAutoAttack_Damage,0,EffectType.Harmful
GE_FM_Shinchopper_MeleeAutoAttack_Damage,1,EffectType.Physical
GE_FM_Slaver_CastedMeleeKnockback_Damage,0,EffectType.Harmful
GE_FM_Slaver_CastedMeleeKnockback_Damage,1,EffectType.Physical
GE_FM_Slaver_Grip_BlockOtherGripsEffect,0,EffectLogic.System
GE_FM_Slaver_Grip_BlockOtherGripsEffect,1,EffectLogic.AlwaysApply
GE_FM_Slaver_Grip_BlockOtherGripsEffect,2,EffectLogic.RemoveOnDeath
GE_FM_Slaver_Grip_BlockOtherGripsEffect,3,EffectType.Harmful
GE_FM_Slaver_Grip_ChainProjectile,0,EffectLogic.RemoveOnDeath
GE_FM_Slaver_Grip_ChainProjectile,1,EffectLogic.NotDispellable
GE_FM_Slaver_Grip_Damage,0,EffectType.Harmful
GE_FM_Slaver_Grip_Damage,1,EffectType.Physical
GE_FM_Slaver_Grip_Immobilize,0,EffectLogic.NotDispellable
GE_FM_Slaver_Grip_Immobilize,1,EffectType.Harmful
GE_FM_Slaver_Grip_Immobilize,2,EffectLogic.AlwaysApply
GE_FM_Slaver_Grip_Immobilize,3,EffectLogic.RemoveOnDeath
GE_FM_Slaver_Grip_Immobilize,4,EffectLogic.RemoveOnSourceDeath
GE_FM_Slaver_Grip_Immobilize,5,EffectType.CrowdControl
GE_FM_Slaver_Grip_Immobilize,6,EffectType.MovementImpairing
GE_FM_Slaver_Grip_Slow,0,EffectVisualization.Icon
GE_FM_Slaver_Grip_Slow,1,EffectType.Harmful
GE_FM_Slaver_Grip_Slow,2,EffectLogic.RemoveOnDeath
GE_FM_Slaver_Grip_Slow,3,EffectType.MovementImpairing
GE_FM_Slaver_Grip_Slow,4,EffectLogic.NotDispellable
GE_FM_Slaver_Grip_Slow,5,EffectType.Physical
GE_FM_Slaver_MeleeAutoAttack_Damage,0,EffectType.Harmful
GE_FM_Slaver_MeleeAutoAttack_Damage,1,EffectType.Physical
GE_FM_Spiderling_AutoAttack_Damage,0,EffectType.Harmful
GE_FM_Spiderling_AutoAttack_Damage,1,EffectType.Physical
GE_FM_Stag_AutoAttack_Damage,0,EffectType.Harmful
GE_FM_Stag_AutoAttack_Damage,1,EffectType.Physical
GE_FM_Wolf_AutoAttack_Damage,0,EffectType.Harmful
GE_FM_Wolf_AutoAttack_Damage,1,EffectType.Physical
GE_FM_Wolf_Bleed_Dot,0,EffectType.Debuff
GE_FM_Wolf_Bleed_Dot,1,EffectType.Dot
GE_FM_Wolf_Bleed_Dot,2,EffectType.Harmful
GE_FM_Wolf_Bleed_Dot,3,EffectType.Physical.Bleed
GE_FM_Wolf_Bleed_Dot,4,EffectVisualization.Icon
GE_FallDamage,0,EffectType.Environmental
GE_FallDamage,1,EffectType.Harmful
GE_FallDamage,2,EffectType.Physical
GE_Finesse_BasicToAoe_Counter,0,EffectLogic.System
GE_Finesse_BasicToAoe_Counter,1,EffectType.Beneficial
GE_Finesse_BasicToAoe_Counter,2,EffectVisualization.Icon
GE_Finesse_BasicToAoe_Counter,3,EffectLogic.RemoveOnSourceLoadoutChange
GE_Finesse_BasicToAoe_Counter,4,EffectVisualization.HeroSuperBuffbar
GE_Finesse_BasicToAoe_Damage,0,EffectType.Harmful
GE_Finesse_BasicToAoe_Damage,1,EffectType.Poison
GE_Finesse_BasicToAoe_Damage,2,EffectType.Magic
GE_Finesse_BasicToIncreasedPower,0,EffectLogic.System
GE_Finesse_BasicToIncreasedPower,1,EffectType.Beneficial
GE_Finesse_BasicToIncreasedPower,2,EffectLogic.RemoveOnDeath
GE_Finesse_BasicToIncreasedPower,3,EffectVisualization.Icon
GE_Finesse_CritChanceToHealOrDamage_Damage,0,EffectType.Harmful
GE_Finesse_CritChanceToHealOrDamage_Damage,1,EffectType.Physical
GE_Finesse_CritChanceToHealOrDamage_Heal,0,EffectType.Healing
GE_Finesse_CritChanceToHealOrDamage_Heal,1,EffectType.Beneficial
GE_Finesse_CritChanceToHealOrDamage_Heal,2,EffectType.Magic
GE_Finesse_CurrentSpiritToBuff_Buff,0,EffectType.Beneficial
GE_Finesse_CurrentSpiritToBuff_Buff,1,EffectType.Buff
GE_Finesse_CurrentSpiritToBuff_Buff,2,EffectLogic.RemoveOnDeath
GE_Finesse_CurrentSpiritToBuff_Buff,3,EffectVisualization.Icon
GE_Finesse_CurrentSpiritToBuff_Buff,4,EffectLogic.CarryOverDuration
GE_Finesse_DrainHealthBasedOnPrimaryStat_Damage,0,EffectType.Harmful
GE_Finesse_DrainHealthBasedOnPrimaryStat_Damage,1,EffectType.Physical
GE_Finesse_DrainHealthBasedOnPrimaryStat_Heal,0,EffectType.Beneficial
GE_Finesse_DrainHealthBasedOnPrimaryStat_Heal,1,EffectType.Healing
GE_Finesse_DrainHealthBasedOnPrimaryStat_Heal,2,EffectType.Magic
GE_Finesse_MajorIncreasedCooldownRecoveryPerHaste,0,EffectLogic.System
GE_Finesse_MajorIncreasedCooldownRecoveryPerHaste,1,EffectType.Beneficial
GE_Finesse_Passive_MajorToReducedControlCooldown_DamageBonusToLowHealth,0,EffectLogic.System
GE_Finesse_Passive_MajorToReducedControlCooldown_DamageBonusToLowHealth,1,EffectType.Beneficial
GE_Finesse_Passive_MajorToReducedControlCooldown_DamageBonusToLowHealth,2,EffectLogic.RemoveOnDeath
GE_Finesse_Passive_PowerIncreasedCritChanceAndPower,0,EffectLogic.System
GE_Finesse_Passive_PowerIncreasedCritChanceAndPower,1,EffectType.Beneficial
GE_Finesse_Passive_PowerIncreasedCritChanceAndPower,2,EffectLogic.RemoveOnDeath
GE_Finesse_PeriodicHasteBuff_Buff,0,EffectLogic.RemoveOnDeath
GE_Finesse_PeriodicHasteBuff_Buff,1,EffectType.Beneficial
GE_Finesse_PeriodicHasteBuff_Buff,2,EffectType.Buff
GE_Finesse_PeriodicHasteBuff_Buff,3,EffectVisualization.Icon
GE_Finesse_PeriodicHasteBuff_Cooldown,0,EffectType.Beneficial
GE_Finesse_PeriodicHasteBuff_Cooldown,1,EffectType.Buff
GE_Finesse_PeriodicHasteBuff_Cooldown,2,EffectVisualization.Icon
GE_Finesse_PeriodicHasteBuff_Cooldown,3,EffectLogic.System
GE_Finesse_PowerToIncreasedCritChance,0,EffectLogic.System
GE_Finesse_PowerToIncreasedCritChance,1,EffectType.Beneficial
GE_Finesse_PowerToIncreasedCritChance,2,EffectLogic.RemoveOnDeath
GE_Finesse_PowerToIncreasedCritChance,3,EffectVisualization.Icon
GE_Finnese_StartWithSpiritPoints_HasBeenApplied,0,EffectLogic.System
GE_Firemage_CastedDotBoostProjectile_DamageAndDotBoost,0,EffectType.GeneratesThreat
GE_Firemage_CastedDotBoostProjectile_DamageAndDotBoost,1,EffectType.Harmful
GE_Firemage_CastedDotBoostProjectile_DamageAndDotBoost,2,EffectType.Magic.Fire
GE_Firemage_CastedDotBoostProjectile_DamageAndDotBoost,3,CustomAssetTags.Firemage.CastedDotBoostProjectile.Talent.DamageSpreadToCastedSingleDot.RelevantDamageEffect
GE_Firemage_CastedDotBoostProjectile_DamageAndDotBoost,4,EffectType.SourceAbility.Basic
GE_Firemage_CastedDotBoostProjectile_Talent_DamageSpreadToCastedSingleDot_Damage,0,EffectType.Harmful
GE_Firemage_CastedDotBoostProjectile_Talent_DamageSpreadToCastedSingleDot_Damage,1,EffectType.GeneratesThreat
GE_Firemage_CastedDotBoostProjectile_Talent_DamageSpreadToCastedSingleDot_Damage,2,EffectType.Magic.Fire
GE_Firemage_CastedDotDetonate_CustomGlobalCooldown,0,EffectLogic.System
GE_Firemage_CastedDotDetonate_CustomGlobalCooldown,1,EffectLogic.TimeRateInfluencedByCooldownRecovery
GE_Firemage_CastedDotDetonate_Damage,0,EffectType.GeneratesThreat
GE_Firemage_CastedDotDetonate_Damage,1,EffectType.Harmful
GE_Firemage_CastedDotDetonate_Damage,2,EffectType.Magic.Fire
GE_Firemage_CastedDotDetonate_DetonationDebuff,0,EffectLogic.RemoveOnDeath
GE_Firemage_CastedDotDetonate_DetonationDebuff,1,EffectType.GeneratesThreat
GE_Firemage_CastedDotDetonate_DetonationDebuff,2,EffectType.Harmful
GE_Firemage_CastedDotDetonate_DetonationDebuff,3,EffectType.Magic.Fire
GE_Firemage_CastedDotDetonate_DetonationDebuff,4,EffectLogic.NotDispellable
GE_Firemage_CastedPlacedAoe_Damage,0,EffectType.Harmful
GE_Firemage_CastedPlacedAoe_Damage,1,EffectType.GeneratesThreat
GE_Firemage_CastedPlacedAoe_Damage,2,EffectType.Magic.Fire
GE_Firemage_CastedSingleDot_Dot,0,EffectType.Dot
GE_Firemage_CastedSingleDot_Dot,1,EffectType.GeneratesThreat
GE_Firemage_CastedSingleDot_Dot,2,EffectType.Harmful
GE_Firemage_CastedSingleDot_Dot,3,EffectType.Magic.Fire
GE_Firemage_CastedSingleDot_Dot,4,EffectLogic.RemoveOnDeath
GE_Firemage_CastedSingleDot_Dot,5,EffectVisualization.Icon
GE_Firemage_CastedSingleDot_Dot,6,CustomAssetTags.Firemage.Talent.FireFrogOnDotCrit.RelevantDot
GE_Firemage_CastedSingleDot_Dot,7,CustomAssetTags.Firemage.Talent.DotDoubleDamageAndHeal.RelevantDot
GE_Firemage_CastedSingleDot_Dot,8,CustomAssetTags.Firemage.Talent.CastedDotDetonate.InstantCastedSingleDot.SingleTargetBonusDamage.Dot1
GE_Firemage_CastedSingleDot_Dot,9,EffectLogic.CarryOverDuration
GE_Firemage_CastedSingleDot_Dot,10,CustomAssetTags.Firemage.CoreKitDot
GE_Firemage_CastedSingleHeavyDot_Dot,0,EffectType.Dot
GE_Firemage_CastedSingleHeavyDot_Dot,1,EffectType.GeneratesThreat
GE_Firemage_CastedSingleHeavyDot_Dot,2,EffectType.Harmful
GE_Firemage_CastedSingleHeavyDot_Dot,3,EffectType.Magic.Fire
GE_Firemage_CastedSingleHeavyDot_Dot,4,EffectLogic.RemoveOnDeath
GE_Firemage_CastedSingleHeavyDot_Dot,5,EffectVisualization.Icon
GE_Firemage_CastedSingleHeavyDot_Dot,6,CustomAssetTags.Firemage.Talent.FireFrogOnDotCrit.RelevantDot
GE_Firemage_CastedSingleHeavyDot_Dot,7,CustomAssetTags.Firemage.Talent.DotDoubleDamageAndHeal.RelevantDot
GE_Firemage_CastedSingleHeavyDot_Dot,8,CustomAssetTags.Firemage.Talent.CastedDotDetonate.InstantCastedSingleDot.SingleTargetBonusDamage.Dot1
GE_Firemage_CastedSingleHeavyDot_Dot,9,EffectLogic.CarryOverDuration
GE_Firemage_CastedSingleHeavyDot_Dot,10,CustomAssetTags.Firemage.CoreKitDot
GE_Firemage_CastedSingleHeavyDot_Talent_BoostsIncomingDamage_Debuff,0,EffectLogic.System
GE_Firemage_CastedSingleHeavyDot_Talent_BoostsIncomingDamage_Debuff,1,EffectType.Debuff
GE_Firemage_CastedSingleHeavyDot_Talent_BoostsIncomingDamage_Debuff,2,EffectType.Harmful
GE_Firemage_CastedSingleHeavyDot_Talent_BoostsIncomingDamage_Debuff_OwnerEffect,0,EffectLogic.System
GE_Firemage_ChanneledForwardAoeDamage_Damage,0,EffectType.Harmful
GE_Firemage_ChanneledForwardAoeDamage_Damage,1,EffectType.GeneratesThreat
GE_Firemage_ChanneledForwardAoeDamage_Damage,2,EffectType.Magic.Fire
GE_Firemage_ChanneledForwardAoeDamage_Dot,0,EffectType.Dot
GE_Firemage_ChanneledForwardAoeDamage_Dot,1,EffectType.GeneratesThreat
GE_Firemage_ChanneledForwardAoeDamage_Dot,2,EffectType.Harmful
GE_Firemage_ChanneledForwardAoeDamage_Dot,3,EffectType.Magic.Fire
GE_Firemage_ChanneledForwardAoeDamage_Dot,4,EffectLogic.RemoveOnDeath
GE_Firemage_ChanneledForwardAoeDamage_Dot,5,EffectVisualization.Icon
GE_Firemage_ChanneledForwardAoeDamage_Dot,6,CustomAssetTags.Firemage.Talent.FireFrogOnDotCrit.RelevantDot
GE_Firemage_FireFrog_DirectDamage,0,EffectType.GeneratesThreat
GE_Firemage_FireFrog_DirectDamage,1,EffectType.Harmful
GE_Firemage_FireFrog_DirectDamage,2,EffectType.Magic.Fire
GE_Firemage_FireFrog_Dot,0,EffectType.GeneratesThreat
GE_Firemage_FireFrog_Dot,1,EffectType.Harmful
GE_Firemage_FireFrog_Dot,2,EffectType.Magic.Fire
GE_Firemage_FireFrog_Dot,3,EffectType.Dot
GE_Firemage_FireFrog_Dot,4,EffectLogic.RemoveOnDeath
GE_Firemage_FireFrog_Dot,5,EffectVisualization.Icon
GE_Firemage_FireFrog_Dot,6,CustomAssetTags.Firemage.FireFrog.Dot
GE_Firemage_FireFrog_Dot,7,CustomAssetTags.Firemage.Talent.FireFrogOnDotCrit.RelevantDot
GE_Firemage_FireFrog_Dot,8,EffectLogic.TickrateNotAffectedByHasteExclusively
GE_Firemage_InstantDotSpread_DotBonusBuff,0,EffectType.Magic.Fire
GE_Firemage_InstantDotSpread_DotBonusBuff,1,EffectLogic.RemoveOnDeath
GE_Firemage_InstantDotSpread_DotBonusBuff,2,EffectVisualization.Icon
GE_Firemage_InstantDotSpread_DotBonusBuff,3,EffectType.Beneficial
GE_Firemage_InstantDotSpread_DotBonusBuff,4,EffectVisualization.HeroSuperBuffbar
GE_Firemage_InstantDoubleDot_Buff,0,EffectLogic.System
GE_Firemage_InstantDoubleDot_Buff,1,EffectLogic.AlwaysApply
GE_Firemage_InstantDoubleDot_Buff,2,EffectType.Beneficial
GE_Firemage_InstantDoubleDot_Buff,3,EffectType.Magic.Fire
GE_Firemage_InstantDoubleDot_Buff,4,EffectLogic.RemoveOnDeath
GE_Firemage_InstantDoubleDot_Buff,5,EffectVisualization.Icon
GE_Firemage_InstantDoubleDot_MainTargetBonus_Damage,0,EffectType.GeneratesThreat
GE_Firemage_InstantDoubleDot_MainTargetBonus_Damage,1,EffectType.Harmful
GE_Firemage_InstantDoubleDot_MainTargetBonus_Damage,2,EffectType.Magic.Fire
GE_Firemage_InstantSingleDisorient_Damage,0,EffectType.GeneratesThreat
GE_Firemage_InstantSingleDisorient_Damage,1,EffectType.Harmful
GE_Firemage_InstantSingleDisorient_Damage,2,EffectType.Magic.Fire
GE_Firemage_InstantSingleDisorient_Debuff,0,EffectType.Debuff
GE_Firemage_InstantSingleDisorient_Debuff,1,EffectType.CrowdControl
GE_Firemage_InstantSingleDisorient_Debuff,2,EffectType.GeneratesThreat
GE_Firemage_InstantSingleDisorient_Debuff,3,EffectType.Harmful
GE_Firemage_InstantSingleDisorient_Debuff,4,EffectType.Magic.Fire
GE_Firemage_InstantSingleDisorient_Debuff,5,EffectLogic.RemoveOnDeath
GE_Firemage_InstantSingleDisorient_Debuff,6,EffectVisualization.Icon
GE_Firemage_InstantSingleDisorient_Debuff,7,EffectLogic.RemoveOnDamage
GE_Firemage_InstantSingleInterrupt_Interrupt,0,EffectType.Harmful
GE_Firemage_InstantSingleInterrupt_Interrupt,1,EffectType.GeneratesThreat
GE_Firemage_InstantSingleInterrupt_Interrupt,2,EffectType.Magic.Fire
GE_Firemage_InstantSingleTargetDot_Dot,0,EffectType.Dot
GE_Firemage_InstantSingleTargetDot_Dot,1,EffectType.GeneratesThreat
GE_Firemage_InstantSingleTargetDot_Dot,2,EffectType.Harmful
GE_Firemage_InstantSingleTargetDot_Dot,3,EffectType.Magic.Fire
GE_Firemage_InstantSingleTargetDot_Dot,4,EffectLogic.RemoveOnDeath
GE_Firemage_InstantSingleTargetDot_Dot,5,EffectVisualization.Icon
GE_Firemage_InstantSingleTargetDot_Dot,6,CustomAssetTags.Firemage.Talent.FireFrogOnDotCrit.RelevantDot
GE_Firemage_InstantSingleTargetDot_Dot,7,CustomAssetTags.Firemage.Talent.DotDoubleDamageAndHeal.RelevantDot
GE_Firemage_InstantSingleTargetDot_Dot,8,CustomAssetTags.Firemage.Talent.CastedDotDetonate.InstantCastedSingleDot.SingleTargetBonusDamage.Dot2
GE_Firemage_InstantSingleTargetDot_Dot,9,CustomAssetTags.Firemage.CastedDotBoostProjectile.Talent.DamageSpreadToCastedSingleDot.RelevantDot
GE_Firemage_InstantSingleTargetDot_Dot,10,EffectLogic.CarryOverDuration
GE_Firemage_InstantSingleTargetDot_Dot,11,CustomAssetTags.Firemage.CoreKitDot
GE_Firemage_InstantSingleTargetDot_Dot,12,CustomAssetTags.Firemage.Talent.CastedDotDetonate.ExtendsInstantSingleTargetDot.RelevantDot
GE_Firemage_PlacedProjectileAoe_Damage,0,EffectType.GeneratesThreat
GE_Firemage_PlacedProjectileAoe_Damage,1,EffectType.Harmful
GE_Firemage_PlacedProjectileAoe_Damage,2,EffectType.Magic.Fire
GE_Firemage_PlacedProjectileAoe_DirectDamageBased_Dot,0,EffectType.GeneratesThreat
GE_Firemage_PlacedProjectileAoe_DirectDamageBased_Dot,1,EffectType.Dot
GE_Firemage_PlacedProjectileAoe_DirectDamageBased_Dot,2,EffectType.Magic.Fire
GE_Firemage_PlacedProjectileAoe_DirectDamageBased_Dot,3,EffectType.Harmful
GE_Firemage_PlacedProjectileAoe_DirectDamageBased_Dot,4,EffectLogic.RemoveOnDeath
GE_Firemage_PlacedProjectileAoe_DirectDamageBased_Dot,5,EffectVisualization.Icon
GE_Firemage_PlacedProjectileAoe_DirectDamageBased_Dot,6,CustomAssetTags.Firemage.Talent.FireFrogOnDotCrit.RelevantDot
GE_Firemage_PlacedProjectileAoe_DirectDamageBased_Dot,7,CustomAssetTags.Firemage.PlacedAoeProjectile.Dot
GE_Firemage_PlacedProjectileAoe_DirectDamageBased_Dot,8,EffectLogic.TickrateNotAffectedByHasteExclusively
GE_Firemage_PlacedProjectileAoe_Talent_CastedDotBoostProjectileBonusBuff,0,EffectType.Beneficial
GE_Firemage_PlacedProjectileAoe_Talent_CastedDotBoostProjectileBonusBuff,1,EffectType.Magic.Fire
GE_Firemage_PlacedProjectileAoe_Talent_CastedDotBoostProjectileBonusBuff,2,EffectLogic.RemoveOnDeath
GE_Firemage_PlacedProjectileAoe_Talent_CastedDotBoostProjectileBonusBuff,3,EffectVisualization.Icon
GE_Firemage_PlacedProjectileAoe_Talent_CastedDotBoostProjectileBonusBuff,4,CustomAssetTags.Firemage.CastedDotBoostProjectile.BonusBuff
GE_Firemage_Proc_FreeCastedSingleDot,0,EffectType.Beneficial
GE_Firemage_Proc_FreeCastedSingleDot,1,EffectLogic.NotDispellable
GE_Firemage_Proc_FreeCastedSingleDot,2,EffectLogic.RemoveOnDeath
GE_Firemage_ResourceGain_SetByCaller,0,EffectLogic.System
GE_Firemage_ResourceRemove,0,EffectLogic.System
GE_Firemage_SelfDefenceBuff_SelfBuff,0,EffectLogic.RemoveOnDeath
GE_Firemage_SelfDefenceBuff_SelfBuff,1,EffectType.Buff
GE_Firemage_SelfDefenceBuff_SelfBuff,2,EffectType.Beneficial
GE_Firemage_SelfDefenceBuff_SelfBuff,3,EffectType.GeneratesThreat
GE_Firemage_SelfDefenceBuff_SelfBuff,4,EffectVisualization.Icon
GE_Firemage_SelfDefenceBuff_SelfBuff,5,EffectType.Magic.Fire
GE_Firemage_SelfDefenceBuff_SelfBuff,6,EffectVisualization.IconOnPartyUnitFrame
GE_Firemage_SelfDefenceBuff_SelfBuff,7,EffectVisualization.HeroSuperBuffbar
GE_Firemage_SelfDefenceBuff_SelfBuff,8,CustomAssetTags.Firemage.SelfDefenceBuff.Buff
GE_Firemage_Talent_CastedDotBoostProjectile_IncreasedCritChance_Proc,0,EffectLogic.System
GE_Firemage_Talent_CastedDotBoostProjectile_IncreasedCritChance_Proc,1,EffectType.Beneficial
GE_Firemage_Talent_CastedDotBoostProjectile_IncreasedCritChance_Proc,2,EffectLogic.RemoveOnDeath
GE_Firemage_Talent_CastedDotBoostProjectile_IncreasedCritChance_Stacker,0,EffectLogic.System
GE_Firemage_Talent_CastedDotBoostProjectile_IncreasedCritChance_Stacker,1,EffectType.Beneficial
GE_Firemage_Talent_CastedDotBoostProjectile_IncreasedCritChance_Stacker,2,EffectVisualization.Icon
GE_Firemage_Talent_CastedDotBoostProjectile_IncreasedCritChance_Stacker,3,EffectLogic.RemoveOnDeath
GE_Firemage_Talent_CastedDotBoostProjectile_IncreasedCritChance_Stacker,4,EffectVisualization.HeroSuperBuffbar
GE_Firemage_Talent_CastedDotDetonate_FreeProc,0,EffectLogic.System
GE_Firemage_Talent_CastedDotDetonate_FreeProc,1,EffectType.Beneficial
GE_Firemage_Talent_CastedDotDetonate_FreeProc,2,EffectLogic.RemoveOnDeath
GE_Firemage_Talent_CastedDotDetonate_FreeProc,3,EffectVisualization.Icon
GE_Firemage_Talent_CastedDotDetonate_FreeProc,4,EffectVisualization.HeroSuperBuffbar
GE_Firemage_Talent_CastedPlacedAoe_DamageBasedDot_Dot,0,EffectType.GeneratesThreat
GE_Firemage_Talent_CastedPlacedAoe_DamageBasedDot_Dot,1,EffectType.Dot
GE_Firemage_Talent_CastedPlacedAoe_DamageBasedDot_Dot,2,EffectType.Magic.Fire
GE_Firemage_Talent_CastedPlacedAoe_DamageBasedDot_Dot,3,EffectType.Harmful
GE_Firemage_Talent_CastedPlacedAoe_DamageBasedDot_Dot,4,EffectLogic.RemoveOnDeath
GE_Firemage_Talent_CastedPlacedAoe_DamageBasedDot_Dot,5,EffectVisualization.Icon
GE_Firemage_Talent_CastedPlacedAoe_DamageBasedDot_Dot,6,EffectLogic.TickrateNotAffectedByHasteExclusively
GE_Firemage_Talent_CastedPlacedAoe_StunAndCooldownReduction_Stun,0,EffectType.CrowdControl
GE_Firemage_Talent_CastedPlacedAoe_StunAndCooldownReduction_Stun,1,EffectType.MovementImpairing
GE_Firemage_Talent_CastedPlacedAoe_StunAndCooldownReduction_Stun,2,EffectType.Physical
GE_Firemage_Talent_CastedPlacedAoe_StunAndCooldownReduction_Stun,3,EffectLogic.RemoveOnDeath
GE_Firemage_Talent_CastedPlacedAoe_StunAndCooldownReduction_Stun,4,EffectType.GeneratesThreat
GE_Firemage_Talent_CastedPlacedAoe_StunAndCooldownReduction_Stun,5,EffectType.Harmful
GE_Firemage_Talent_CastedPlacedAoe_StunAndCooldownReduction_Stun,6,EffectVisualization.Icon
GE_Firemage_Talent_DotDoubleDamageAndHeal_Heal,0,EffectType.Beneficial
GE_Firemage_Talent_DotDoubleDamageAndHeal_Heal,1,EffectType.Healing
GE_Firemage_Talent_DotDoubleDamageAndHeal_Heal,2,EffectType.Magic.Fire
GE_Firemage_Talent_InstantDotSpread_SpiritAndCritBuff,0,EffectLogic.System
GE_Firemage_Talent_InstantDotSpread_SpiritAndCritBuff,1,EffectType.Beneficial
GE_Firemage_Talent_PlacedProjectileAoe_ResetCooldownDamageBuff,0,EffectLogic.System
GE_Firemage_Talent_PlacedProjectileAoe_ResetCooldownDamageBuff,1,EffectLogic.AlwaysApply
GE_Firemage_Talent_PlacedProjectileAoe_ResetCooldownDamageBuff,2,EffectType.Beneficial
GE_Firemage_Talent_PlacedProjectileAoe_ResetCooldownDamageBuff,3,EffectType.Magic.Fire
GE_Firemage_Talent_PlacedProjectileAoe_ResetCooldownDamageBuff,4,EffectLogic.RemoveOnDeath
GE_Firemage_Talent_PlacedProjectileAoe_ResetCooldownDamageBuff,5,EffectVisualization.Icon
GE_Firemage_Talent_PlacedProjectileAoe_ResetCooldownDamageBuff,6,EffectVisualization.HeroSuperBuffbar
GE_Firemage_Talent_ReducedAoeDamage,0,EffectLogic.System
GE_Firemage_Talent_ReducedMagicDamage,0,EffectLogic.System
GE_Firemage_Talent_SelfDefenceBuff_Absorb,0,EffectType.Absorption
GE_Firemage_Talent_SelfDefenceBuff_Absorb,1,EffectType.Beneficial
GE_Firemage_Talent_SelfDefenceBuff_Absorb,2,EffectType.Magic.Fire
GE_Firemage_Talent_SelfDefenceBuff_Absorb,3,EffectLogic.RemoveOnDeath
GE_Firemage_Talent_SelfDefenceBuff_Absorb,4,EffectVisualization.Icon
GE_Firemage_Talent_SelfDefenceBuff_Absorb,5,EffectVisualization.HeroSuperBuffbar
GE_Firemage__Talent_CastedDotBoostProjectile_DirectDamageBased_Dot,0,EffectType.GeneratesThreat
GE_Firemage__Talent_CastedDotBoostProjectile_DirectDamageBased_Dot,1,EffectType.Dot
GE_Firemage__Talent_CastedDotBoostProjectile_DirectDamageBased_Dot,2,EffectType.Magic.Fire
GE_Firemage__Talent_CastedDotBoostProjectile_DirectDamageBased_Dot,3,EffectType.Harmful
GE_Firemage__Talent_CastedDotBoostProjectile_DirectDamageBased_Dot,4,EffectLogic.RemoveOnDeath
GE_Firemage__Talent_CastedDotBoostProjectile_DirectDamageBased_Dot,5,EffectVisualization.Icon
GE_Firemage__Talent_CastedDotBoostProjectile_DirectDamageBased_Dot,6,CustomAssetTags.Firemage.Talent.FireFrogOnDotCrit.RelevantDot
GE_Firemage__Talent_CastedDotBoostProjectile_DirectDamageBased_Dot,7,EffectLogic.TickrateNotAffectedByHasteExclusively
GE_GemBonus_AddedMaxSpiritPointsMedium,0,EffectLogic.System
GE_GemBonus_AddedMaxSpiritPointsMedium,1,EffectType.Beneficial
GE_GemBonus_AddedMaxSpiritPointsMedium,2,EffectLogic.AlwaysApply
GE_GemBonus_AddedMaxSpiritPointsSmall,0,EffectLogic.System
GE_GemBonus_AddedMaxSpiritPointsSmall,1,EffectType.Beneficial
GE_GemBonus_AddedMaxSpiritPointsSmall,2,EffectLogic.AlwaysApply
GE_GemBonus_ApplyPeriodicAbsorb_AbsorbEffect_Medium,0,EffectType.Absorption
GE_GemBonus_ApplyPeriodicAbsorb_AbsorbEffect_Medium,1,EffectType.Beneficial
GE_GemBonus_ApplyPeriodicAbsorb_AbsorbEffect_Medium,2,EffectType.Magic
GE_GemBonus_ApplyPeriodicAbsorb_AbsorbEffect_Medium,3,EffectLogic.RemoveOnDeath
GE_GemBonus_ApplyPeriodicAbsorb_AbsorbEffect_Medium,4,EffectVisualization.Icon
GE_GemBonus_ApplyPeriodicAbsorb_AbsorbEffect_Small,0,EffectType.Absorption
GE_GemBonus_ApplyPeriodicAbsorb_AbsorbEffect_Small,1,EffectType.Beneficial
GE_GemBonus_ApplyPeriodicAbsorb_AbsorbEffect_Small,2,EffectType.Magic
GE_GemBonus_ApplyPeriodicAbsorb_AbsorbEffect_Small,3,EffectLogic.RemoveOnDeath
GE_GemBonus_ApplyPeriodicAbsorb_AbsorbEffect_Small,4,EffectVisualization.Icon
GE_GemBonus_AutoHealOnLowHealth_Heal_Medium,0,EffectType.Healing
GE_GemBonus_AutoHealOnLowHealth_Heal_Medium,1,EffectType.Beneficial
GE_GemBonus_AutoHealOnLowHealth_Heal_Medium,2,EffectType.Magic
GE_GemBonus_AutoHealOnLowHealth_Heal_Small,0,EffectType.Healing
GE_GemBonus_AutoHealOnLowHealth_Heal_Small,1,EffectType.Beneficial
GE_GemBonus_AutoHealOnLowHealth_Heal_Small,2,EffectType.Magic
GE_GemBonus_CooldownReductionMedium,0,EffectType.Beneficial
GE_GemBonus_CooldownReductionMedium,1,EffectType.Buff
GE_GemBonus_CooldownReductionMedium,2,EffectType.Magic
GE_GemBonus_CooldownReductionMedium,3,EffectLogic.System
GE_GemBonus_CooldownReductionSmall,0,EffectType.Beneficial
GE_GemBonus_CooldownReductionSmall,1,EffectType.Buff
GE_GemBonus_CooldownReductionSmall,2,EffectType.Magic
GE_GemBonus_CooldownReductionSmall,3,EffectLogic.System
GE_GemBonus_CritChanceBonusAgainstHalfHealthTargetMedium,0,EffectLogic.System
GE_GemBonus_CritChanceBonusAgainstHalfHealthTargetSmall,0,EffectLogic.System
GE_GemBonus_CriticalChanceHasteExpertiseAndSpiritBonusMedium,0,EffectLogic.System
GE_GemBonus_CriticalChanceHasteExpertiseAndSpiritBonusMedium,1,EffectType.Beneficial
GE_GemBonus_CriticalChanceHasteExpertiseAndSpiritBonusMedium,2,EffectVisualization.Icon
GE_GemBonus_CriticalChanceHasteExpertiseAndSpiritBonusSmall,0,EffectLogic.System
GE_GemBonus_CriticalChanceHasteExpertiseAndSpiritBonusSmall,1,EffectType.Beneficial
GE_GemBonus_CriticalChanceHasteExpertiseAndSpiritBonusSmall,2,EffectVisualization.Icon
GE_GemBonus_CriticalChanceHasteExpertiseAndSpiritBonusSmall,3,Currency.Category.ItemUpgrade
GE_GemBonus_CriticalPowerBonusPercentageMedium,0,EffectLogic.System
GE_GemBonus_CriticalPowerBonusPercentageSmall,0,EffectLogic.System
GE_GemBonus_CriticalStrikePercentageBonusMedium,0,EffectLogic.System
GE_GemBonus_CriticalStrikePercentageBonusSmall,0,EffectLogic.System
GE_GemBonus_DamageHealingAbsorbBonusInBossBattleMedium,0,EffectLogic.System
GE_GemBonus_DamageHealingAbsorbBonusInBossBattleMedium,1,EffectType.Buff
GE_GemBonus_DamageHealingAbsorbBonusInBossBattleMedium,2,EffectType.Beneficial
GE_GemBonus_DamageHealingAbsorbBonusInBossBattleMedium,3,EffectVisualization.Icon
GE_GemBonus_DamageHealingAbsorbBonusInBossBattleMedium,4,EffectVisualization.IconOnPartyUnitFrame
GE_GemBonus_DamageHealingAbsorbBonusInBossBattleSmall,0,EffectLogic.System
GE_GemBonus_DamageHealingAbsorbBonusInBossBattleSmall,1,EffectType.Buff
GE_GemBonus_DamageHealingAbsorbBonusInBossBattleSmall,2,EffectType.Beneficial
GE_GemBonus_DamageHealingAbsorbBonusInBossBattleSmall,3,EffectVisualization.Icon
GE_GemBonus_DamageHealingAbsorbBonusInBossBattleSmall,4,EffectVisualization.IconOnPartyUnitFrame
GE_GemBonus_ExpertisePercentageBonusMedium,0,EffectLogic.System
GE_GemBonus_ExpertisePercentageBonusSmall,0,EffectLogic.System
GE_GemBonus_ExpertiseStacksOnFirstDamage_ExpertiseEffect_Medium,0,EffectLogic.RemoveOnDeath
GE_GemBonus_ExpertiseStacksOnFirstDamage_ExpertiseEffect_Medium,1,EffectType.Beneficial
GE_GemBonus_ExpertiseStacksOnFirstDamage_ExpertiseEffect_Medium,2,EffectType.Buff
GE_GemBonus_ExpertiseStacksOnFirstDamage_ExpertiseEffect_Medium,3,EffectVisualization.Icon
GE_GemBonus_ExpertiseStacksOnFirstDamage_ExpertiseEffect_Small,0,EffectLogic.RemoveOnDeath
GE_GemBonus_ExpertiseStacksOnFirstDamage_ExpertiseEffect_Small,1,EffectType.Beneficial
GE_GemBonus_ExpertiseStacksOnFirstDamage_ExpertiseEffect_Small,2,EffectType.Buff
GE_GemBonus_ExpertiseStacksOnFirstDamage_ExpertiseEffect_Small,3,EffectVisualization.Icon
GE_GemBonus_HastePercentageBonusMedium,0,EffectLogic.System
GE_GemBonus_HastePercentageBonusSmall,0,EffectLogic.System
GE_GemBonus_HastePercentageBonusWhenTargettingUnhealthyTargetsMedium,0,EffectLogic.System
GE_GemBonus_HastePercentageBonusWhenTargettingUnhealthyTargetsMedium,1,EffectVisualization.Icon
GE_GemBonus_HastePercentageBonusWhenTargettingUnhealthyTargetsMedium,2,EffectType.Beneficial
GE_GemBonus_HastePercentageBonusWhenTargettingUnhealthyTargetsMedium,3,EffectLogic.RemoveOnDeath
GE_GemBonus_HastePercentageBonusWhenTargettingUnhealthyTargetsMedium,4,EffectType.Buff
GE_GemBonus_HastePercentageBonusWhenTargettingUnhealthyTargetsSmall,0,EffectLogic.System
GE_GemBonus_HastePercentageBonusWhenTargettingUnhealthyTargetsSmall,1,EffectVisualization.Icon
GE_GemBonus_HastePercentageBonusWhenTargettingUnhealthyTargetsSmall,2,EffectType.Beneficial
GE_GemBonus_HastePercentageBonusWhenTargettingUnhealthyTargetsSmall,3,EffectLogic.RemoveOnDeath
GE_GemBonus_HastePercentageBonusWhenTargettingUnhealthyTargetsSmall,4,EffectType.Buff
GE_GemBonus_HastePercentageBonusWhileNotHeroismMedium,0,EffectLogic.System
GE_GemBonus_HastePercentageBonusWhileNotHeroismMedium,1,EffectVisualization.Icon
GE_GemBonus_HastePercentageBonusWhileNotHeroismMedium,2,EffectType.Buff
GE_GemBonus_HastePercentageBonusWhileNotHeroismMedium,3,EffectType.Beneficial
GE_GemBonus_HastePercentageBonusWhileNotHeroismSmall,0,EffectLogic.System
GE_GemBonus_HastePercentageBonusWhileNotHeroismSmall,1,EffectVisualization.Icon
GE_GemBonus_HastePercentageBonusWhileNotHeroismSmall,2,EffectType.Buff
GE_GemBonus_HastePercentageBonusWhileNotHeroismSmall,3,EffectType.Beneficial
GE_GemBonus_HealthPercentageAsAbsorbBonus,0,EffectType.Absorption
GE_GemBonus_HealthPercentageAsAbsorbBonus,1,EffectType.Beneficial
GE_GemBonus_HealthPercentageAsAbsorbBonus,2,EffectVisualization.Icon
GE_GemBonus_HealthRegenBonusInCombatMedium,0,EffectType.Beneficial
GE_GemBonus_HealthRegenBonusInCombatMedium,1,EffectType.Magic
GE_GemBonus_HealthRegenBonusInCombatMedium,2,EffectLogic.System
GE_GemBonus_HealthRegenBonusInCombatMedium,3,EffectLogic.NoDamageNumbers
GE_GemBonus_HealthRegenBonusInCombatMedium,4,EffectLogic.NotReflectable
GE_GemBonus_HealthRegenBonusInCombatSmall,0,EffectType.Beneficial
GE_GemBonus_HealthRegenBonusInCombatSmall,1,EffectType.Magic
GE_GemBonus_HealthRegenBonusInCombatSmall,2,EffectLogic.System
GE_GemBonus_HealthRegenBonusInCombatSmall,3,EffectLogic.NoDamageNumbers
GE_GemBonus_HealthRegenBonusInCombatSmall,4,EffectLogic.NotReflectable
GE_GemBonus_HoTOnTouchedTargetDeath_HoT_Medium,0,EffectLogic.RemoveOnDeath
GE_GemBonus_HoTOnTouchedTargetDeath_HoT_Medium,1,EffectType.Beneficial
GE_GemBonus_HoTOnTouchedTargetDeath_HoT_Medium,2,EffectType.Buff
GE_GemBonus_HoTOnTouchedTargetDeath_HoT_Medium,3,EffectType.Hot
GE_GemBonus_HoTOnTouchedTargetDeath_HoT_Medium,4,EffectVisualization.Icon
GE_GemBonus_HoTOnTouchedTargetDeath_HoT_Medium,5,EffectVisualization.IconOnPartyUnitFrame
GE_GemBonus_HoTOnTouchedTargetDeath_HoT_Medium,6,EffectType.Magic
GE_GemBonus_HoTOnTouchedTargetDeath_HoT_Small,0,EffectLogic.RemoveOnDeath
GE_GemBonus_HoTOnTouchedTargetDeath_HoT_Small,1,EffectType.Beneficial
GE_GemBonus_HoTOnTouchedTargetDeath_HoT_Small,2,EffectType.Buff
GE_GemBonus_HoTOnTouchedTargetDeath_HoT_Small,3,EffectType.Hot
GE_GemBonus_HoTOnTouchedTargetDeath_HoT_Small,4,EffectVisualization.Icon
GE_GemBonus_HoTOnTouchedTargetDeath_HoT_Small,5,EffectVisualization.IconOnPartyUnitFrame
GE_GemBonus_HoTOnTouchedTargetDeath_HoT_Small,6,EffectType.Magic
GE_GemBonus_IncomingHealMultiplierForMissingHealth_IncHealBuff,0,EffectLogic.RemoveOnDeath
GE_GemBonus_MagicResistBonusOnDamageTaken_Medium,0,EffectLogic.RemoveOnDeath
GE_GemBonus_MagicResistBonusOnDamageTaken_Medium,1,EffectType.Beneficial
GE_GemBonus_MagicResistBonusOnDamageTaken_Medium,2,EffectType.Buff
GE_GemBonus_MagicResistBonusOnDamageTaken_Medium,3,EffectVisualization.Icon
GE_GemBonus_MagicResistBonusOnDamageTaken_Medium,4,EffectVisualization.IconOnPartyUnitFrame
GE_GemBonus_MagicResistBonusOnDamageTaken_Small,0,EffectLogic.RemoveOnDeath
GE_GemBonus_MagicResistBonusOnDamageTaken_Small,1,EffectType.Beneficial
GE_GemBonus_MagicResistBonusOnDamageTaken_Small,2,EffectType.Buff
GE_GemBonus_MagicResistBonusOnDamageTaken_Small,3,EffectVisualization.Icon
GE_GemBonus_MagicResistBonusOnDamageTaken_Small,4,EffectVisualization.IconOnPartyUnitFrame
GE_GemBonus_MaxHealthPercentageBonusMedium,0,EffectLogic.System
GE_GemBonus_MaxHealthPercentageBonusSmall,0,EffectLogic.System
GE_GemBonus_PrimaryAttributeAndStaminaBonusMedium,0,EffectLogic.System
GE_GemBonus_PrimaryAttributeAndStaminaBonusSmall,0,EffectLogic.System
GE_GemBonus_PrimaryAttributeBonusWhenHealthyMedium,0,EffectLogic.System
GE_GemBonus_PrimaryAttributeBonusWhenHealthyMedium,1,EffectVisualization.Icon
GE_GemBonus_PrimaryAttributeBonusWhenHealthyMedium,2,EffectType.Beneficial
GE_GemBonus_PrimaryAttributeBonusWhenHealthyMedium,3,EffectType.Buff
GE_GemBonus_PrimaryAttributeBonusWhenHealthySmall,0,EffectLogic.System
GE_GemBonus_PrimaryAttributeBonusWhenHealthySmall,1,EffectVisualization.Icon
GE_GemBonus_PrimaryAttributeBonusWhenHealthySmall,2,EffectType.Beneficial
GE_GemBonus_PrimaryAttributeBonusWhenHealthySmall,3,EffectType.Buff
GE_GemBonus_PrimaryAttributeBonusWhileHeroismMedium,0,EffectLogic.System
GE_GemBonus_PrimaryAttributeBonusWhileHeroismMedium,1,EffectType.Beneficial
GE_GemBonus_PrimaryAttributeBonusWhileHeroismMedium,2,EffectVisualization.Icon
GE_GemBonus_PrimaryAttributeBonusWhileHeroismSmall,0,EffectLogic.System
GE_GemBonus_PrimaryAttributeBonusWhileHeroismSmall,1,EffectType.Beneficial
GE_GemBonus_PrimaryAttributeBonusWhileHeroismSmall,2,EffectVisualization.Icon
GE_GemBonus_PrimaryBonus_Medium,0,EffectLogic.System
GE_GemBonus_PrimaryBonus_Small,0,EffectLogic.System
GE_GemBonus_ReducedSpiritAbilityCostMedium,0,EffectLogic.System
GE_GemBonus_ReducedSpiritAbilityCostSmall,0,EffectLogic.System
GE_GemBonus_RelicCooldownReductionBonusMedium,0,EffectLogic.System
GE_GemBonus_RelicCooldownReductionBonusMedium,1,Gems.Relics.CooldownReduction
GE_GemBonus_RelicCooldownReductionBonusSmall,0,EffectLogic.System
GE_GemBonus_RelicCooldownReductionBonusSmall,1,Gems.Relics.CooldownReduction
GE_GemBonus_SpiritPercentageBonusMedium,0,EffectLogic.System
GE_GemBonus_SpiritPercentageBonusSmall,0,EffectLogic.System
GE_GemBonus_StaminaAndCritRatingBonusMedium,0,EffectLogic.System
GE_GemBonus_StaminaAndCritRatingBonusSmall,0,EffectLogic.System
GE_GemBonus_StaminaAndExpertiseRatingBonusMedium,0,EffectLogic.System
GE_GemBonus_StaminaAndExpertiseRatingBonusSmall,0,EffectLogic.System
GE_GemBonus_StaminaAndHasteRatingBonusMedium,0,EffectLogic.System
GE_GemBonus_StaminaAndHasteRatingBonusSmall,0,EffectLogic.System
GE_GemBonus_StaminaAndPrimaryAttributeBonusMedium,0,EffectLogic.System
GE_GemBonus_StaminaAndPrimaryAttributeBonusSmall,0,EffectLogic.System
GE_GemBonus_StaminaAndSpiritRatingBonusMedium,0,EffectLogic.System
GE_GemBonus_StaminaAndSpiritRatingBonusSmall,0,EffectLogic.System
GE_GlobalCooldown,0,EffectLogic.System
GE_Gunde_AbilityToBuffChance_Buff,0,EffectType.Buff
GE_Gunde_AbilityToBuffChance_Buff,1,EffectType.Beneficial
GE_Gunde_AbilityToBuffChance_Buff,2,EffectLogic.RemoveOnDeath
GE_Gunde_AbilityToBuffChance_Buff,3,EffectVisualization.Icon
GE_Gunde_AbilityToBuffChance_Buff,4,EffectVisualization.HeroSuperBuffbar
GE_Gunde_AoeDamageAndStun_Damage,0,EffectType.GeneratesThreat
GE_Gunde_AoeDamageAndStun_Damage,1,EffectType.Harmful
GE_Gunde_AoeDamageAndStun_Damage,2,EffectType.Physical
GE_Gunde_AoeDamageAndStun_Stun,0,EffectType.CrowdControl
GE_Gunde_AoeDamageAndStun_Stun,1,EffectType.MovementImpairing
GE_Gunde_AoeDamageAndStun_Stun,2,EffectType.Physical
GE_Gunde_AoeDamageAndStun_Stun,3,EffectLogic.RemoveOnDeath
GE_Gunde_AoeDamageAndStun_Stun,4,EffectType.GeneratesThreat
GE_Gunde_AoeDamageAndStun_Stun,5,EffectType.Harmful
GE_Gunde_AoeDamageAndStun_Stun,6,EffectVisualization.Icon
GE_Gunde_BasicSingleTargetAttack_Damage,0,EffectType.GeneratesThreat
GE_Gunde_BasicSingleTargetAttack_Damage,1,EffectType.Harmful
GE_Gunde_BasicSingleTargetAttack_Damage,2,EffectType.Physical
GE_Gunde_BasicSingleTargetAttack_Damage,3,CustomAssetTags.Gunde.PerTargetAccumulatedBleed.RelevantDamageEffect
GE_Gunde_BasicSingleTargetAttack_Damage,4,EffectType.SourceAbility.Basic
GE_Gunde_BasicSingleTargetMelee_Damage,0,EffectType.GeneratesThreat
GE_Gunde_BasicSingleTargetMelee_Damage,1,EffectType.Harmful
GE_Gunde_BasicSingleTargetMelee_Damage,2,EffectType.Physical
GE_Gunde_BoostedDotDamage_TargetDamageMod,0,EffectLogic.System
GE_Gunde_BoostedDotDamage_TargetDebuff,0,EffectLogic.RemoveOnDeath
GE_Gunde_BoostedDotDamage_TargetDebuff,1,EffectType.Harmful
GE_Gunde_BoostedDotDamage_TargetDebuff,2,EffectType.Physical
GE_Gunde_BoostedDotDamage_TargetDebuff,3,EffectVisualization.Icon
GE_Gunde_BoostedDotDamage_TargetDebuff,4,EffectVisualization.IconOnPartyUnitFrame
GE_Gunde_BoostedDotDamage_TargetDebuff,5,CustomAssetTags.Gunde.BoostedDotDamage
GE_Gunde_ClampedHealthWithEruption_Bleed,0,EffectType.Dot
GE_Gunde_ClampedHealthWithEruption_Bleed,1,EffectType.Harmful
GE_Gunde_ClampedHealthWithEruption_Bleed,2,EffectType.GeneratesThreat
GE_Gunde_ClampedHealthWithEruption_Bleed,3,EffectType.Physical.Bleed
GE_Gunde_ClampedHealthWithEruption_Bleed,4,EffectLogic.RemoveOnDeath
GE_Gunde_ClampedHealthWithEruption_Bleed,5,EffectVisualization.Icon
GE_Gunde_ClampedHealthWithEruption_Bleed,6,CustomAssetTags.Gunde.Bleed
GE_Gunde_ClampedHealthWithEruption_Damage,0,EffectType.GeneratesThreat
GE_Gunde_ClampedHealthWithEruption_Damage,1,EffectType.Harmful
GE_Gunde_ClampedHealthWithEruption_Damage,2,EffectType.Physical
GE_Gunde_ClampedHealthWithEruption_SelfBuff,0,EffectType.Beneficial
GE_Gunde_ClampedHealthWithEruption_SelfBuff,1,EffectType.Buff
GE_Gunde_ClampedHealthWithEruption_SelfBuff,2,EffectType.Physical
GE_Gunde_ClampedHealthWithEruption_SelfBuff,3,EffectLogic.RemoveOnDeath
GE_Gunde_ClampedHealthWithEruption_SelfBuff,4,EffectVisualization.Icon
GE_Gunde_DamageBlockHealthDrain_SelfBleed,0,EffectType.Beneficial
GE_Gunde_DamageBlockHealthDrain_SelfBleed,1,EffectType.Dot
GE_Gunde_DamageBlockHealthDrain_SelfBleed,2,EffectType.Physical.Bleed
GE_Gunde_DamageBlockHealthDrain_SelfBleed,3,EffectVisualization.Icon
GE_Gunde_DamageBlockHealthDrain_SelfBleed,4,EffectLogic.TickrateNotAffectedByHaste
GE_Gunde_DamageBlockHealthDrain_SelfBleed,5,CustomAssetTags.Gunde.DamageBlockHealthDrain.Bleed
GE_Gunde_DamageBlockHealthDrain_SelfBuff,0,EffectType.Beneficial
GE_Gunde_DamageBlockHealthDrain_SelfBuff,1,EffectType.Buff
GE_Gunde_DamageBlockHealthDrain_SelfBuff,2,EffectLogic.RemoveOnDeath
GE_Gunde_DamageBlockHealthDrain_SelfBuff,3,EffectType.Physical
GE_Gunde_DamageBlockHealthDrain_SelfBuff,4,EffectVisualization.Icon
GE_Gunde_DamageReductionSelfBuff_SelfBuff,0,EffectLogic.RemoveOnDeath
GE_Gunde_DamageReductionSelfBuff_SelfBuff,1,EffectType.Beneficial
GE_Gunde_DamageReductionSelfBuff_SelfBuff,2,EffectType.Physical
GE_Gunde_DamageReductionSelfBuff_SelfBuff,3,EffectType.Buff
GE_Gunde_DamageReductionSelfBuff_SelfBuff,4,EffectVisualization.Icon
GE_Gunde_DamageReductionSelfBuff_SelfBuff,5,EffectVisualization.HeroSuperBuffbar
GE_Gunde_DamageReductionSelfBuff_SelfBuff,6,EffectVisualization.IconOnPartyUnitFrame
GE_Gunde_DamageReductionSelfBuff_SelfBuff,7,CustomAssetTags.Gunde.DamageReductionSelfBuff.Buff
GE_Gunde_DashAttack_Damage,0,EffectType.Harmful
GE_Gunde_DashAttack_Damage,1,EffectType.GeneratesThreat
GE_Gunde_DashAttack_Damage,2,EffectType.Physical
GE_Gunde_DashAttack_Damage,3,CustomAssetTags.Gunde.NotRelevantForExtraDotDamageGain
GE_Gunde_DotTransfer_SelfBuff,0,EffectLogic.RemoveOnDeath
GE_Gunde_DotTransfer_SelfBuff,1,EffectType.Beneficial
GE_Gunde_DotTransfer_SelfBuff,2,EffectType.Buff
GE_Gunde_DotTransfer_SelfBuff,3,EffectType.Physical
GE_Gunde_DotTransfer_SelfBuff,4,EffectVisualization.Icon
GE_Gunde_DotTransfer_SelfBuff,5,EffectVisualization.HeroSuperBuffbar
GE_Gunde_DotTransfer_SelfBuff,6,CustomAssetTags.Gunde.DotTransfer.SelfBuff
GE_Gunde_DurationalAoeDotAndBuff_Damage,0,EffectType.GeneratesThreat
GE_Gunde_DurationalAoeDotAndBuff_Damage,1,EffectType.Harmful
GE_Gunde_DurationalAoeDotAndBuff_Damage,2,CustomAssetTags.Gunde.PerTargetAccumulatedBleed.RelevantDamageEffect
GE_Gunde_DurationalAoeDotAndBuff_Damage,3,EffectType.Magic.Blood
GE_Gunde_DurationalAoeDotAndBuff_SelfBuff,0,EffectType.Beneficial
GE_Gunde_DurationalAoeDotAndBuff_SelfBuff,1,EffectLogic.RemoveOnDeath
GE_Gunde_DurationalAoeDotAndBuff_SelfBuff,2,EffectVisualization.Icon
GE_Gunde_DurationalAoeDotAndBuff_SelfBuff,3,EffectVisualization.HeroSuperBuffbar
GE_Gunde_ExtraDotDamageBuff_SelfBuff,0,EffectLogic.RemoveOnDeath
GE_Gunde_ExtraDotDamageBuff_SelfBuff,1,EffectType.Beneficial
GE_Gunde_ExtraDotDamageBuff_SelfBuff,2,EffectType.Physical
GE_Gunde_ExtraDotDamageBuff_SelfBuff,3,EffectType.Buff
GE_Gunde_ExtraDotDamageBuff_SelfBuff,4,EffectVisualization.Icon
GE_Gunde_ExtraDotDamageBuff_SelfBuff,5,EffectVisualization.HeroSuperBuffbar
GE_Gunde_ExtraDotDamageGain_SelfBuff,0,EffectLogic.RemoveOnDeath
GE_Gunde_ExtraDotDamageGain_SelfBuff,1,EffectType.Beneficial
GE_Gunde_ExtraDotDamageGain_SelfBuff,2,EffectType.Physical
GE_Gunde_ExtraDotDamageGain_SelfBuff,3,EffectVisualization.Icon
GE_Gunde_ExtraDotDamageGain_SelfBuff,4,CustomAssetTags.Gunde.ExtraDotDamageGain.Buff
GE_Gunde_ExtraDotDamageGain_SelfBuff,5,EffectVisualization.HeroSuperBuffbar
GE_Gunde_ForwardDualProjectile_Bleed,0,EffectType.Dot
GE_Gunde_ForwardDualProjectile_Bleed,1,EffectType.Harmful
GE_Gunde_ForwardDualProjectile_Bleed,2,EffectType.GeneratesThreat
GE_Gunde_ForwardDualProjectile_Bleed,3,EffectType.Physical.Bleed
GE_Gunde_ForwardDualProjectile_Bleed,4,EffectLogic.RemoveOnDeath
GE_Gunde_ForwardDualProjectile_Bleed,5,EffectVisualization.Icon
GE_Gunde_ForwardDualProjectile_Bleed,6,CustomAssetTags.Gunde.Bleed
GE_Gunde_ForwardDualProjectile_Damage,0,EffectType.GeneratesThreat
GE_Gunde_ForwardDualProjectile_Damage,1,EffectType.Harmful
GE_Gunde_ForwardDualProjectile_Damage,2,EffectType.Physical
GE_Gunde_HealingStance,0,EffectLogic.System
GE_Gunde_HealingStance,1,EffectLogic.RemoveOnDeath
GE_Gunde_HealingStance,2,EffectLogic.AlwaysApply
GE_Gunde_HealingStance,3,EffectLogic.NotDispellable
GE_Gunde_HealingStance,4,EffectType.Beneficial
GE_Gunde_HealingStance,5,EffectType.Physical
GE_Gunde_HealingStance,6,EffectType.Buff
GE_Gunde_HealingStance,7,EffectVisualization.Icon
GE_Gunde_HealthAndBleedSelfBuff_SelfBuff,0,EffectLogic.RemoveOnDeath
GE_Gunde_HealthAndBleedSelfBuff_SelfBuff,1,EffectType.Beneficial
GE_Gunde_HealthAndBleedSelfBuff_SelfBuff,2,EffectType.Buff
GE_Gunde_HealthAndBleedSelfBuff_SelfBuff,3,EffectType.Physical
GE_Gunde_HealthAndBleedSelfBuff_SelfBuff,4,EffectVisualization.Icon
GE_Gunde_HealthCost_InstantDamage,0,EffectLogic.System
GE_Gunde_HealthCost_InstantDamage,1,EffectType.Harmful
GE_Gunde_HealthCost_InstantDamage,2,EffectLogic.NoDamageNumbers
GE_Gunde_HealthGain_InstantHeal,0,EffectLogic.System
GE_Gunde_HealthGain_InstantHeal,1,EffectType.Beneficial
GE_Gunde_HealthGain_InstantHeal,2,EffectType.Magic
GE_Gunde_HeavyMeleeDotBased_Damage,0,EffectType.GeneratesThreat
GE_Gunde_HeavyMeleeDotBased_Damage,1,EffectType.Harmful
GE_Gunde_HeavyMeleeDotBased_Damage,2,EffectType.Physical
GE_Gunde_HeavyMeleeDotBased_Damage,3,CustomAssetTags.Gunde.PerTargetAccumulatedBleed.RelevantDamageEffect
GE_Gunde_HeavyMeleeDotBased_Damage,4,CustomAssetTags.Gunde.HeavyMeleeDotBased.Damage
GE_Gunde_HeavyMeleeDotBased_DotBonusDamage,0,EffectType.GeneratesThreat
GE_Gunde_HeavyMeleeDotBased_DotBonusDamage,1,EffectType.Harmful
GE_Gunde_HeavyMeleeDotBased_DotBonusDamage,2,EffectType.Physical
GE_Gunde_HeavyMeleeDotBased_DotBonusDamage,3,CustomAssetTags.Gunde.HeavyMeleeDotBased.DotBonusDamage
GE_Gunde_HeavyMeleeDotBoost_Damage,0,EffectType.GeneratesThreat
GE_Gunde_HeavyMeleeDotBoost_Damage,1,EffectType.Harmful
GE_Gunde_HeavyMeleeDotBoost_Damage,2,EffectType.Physical
GE_Gunde_HeavyMeleeDotBoost_Damage,3,CustomAssetTags.Gunde.PerTargetAccumulatedBleed.RelevantDamageEffect
GE_Gunde_HeavyMeleeDotBoost_Damage,4,CustomAssetTags.Gunde.HeavyMeleeDotBoost.Damage
GE_Gunde_HeavySingleTargetMeleeWithHeal_Damage,0,EffectType.GeneratesThreat
GE_Gunde_HeavySingleTargetMeleeWithHeal_Damage,1,EffectType.Harmful
GE_Gunde_HeavySingleTargetMeleeWithHeal_Damage,2,EffectType.Physical
GE_Gunde_HeavySingleTargetMelee_Damage,0,EffectType.GeneratesThreat
GE_Gunde_HeavySingleTargetMelee_Damage,1,EffectType.Harmful
GE_Gunde_HeavySingleTargetMelee_Damage,2,EffectType.Physical
GE_Gunde_InstantAoeDot_Dot,0,EffectLogic.RemoveOnDeath
GE_Gunde_InstantAoeDot_Dot,1,EffectType.Dot
GE_Gunde_InstantAoeDot_Dot,2,EffectType.GeneratesThreat
GE_Gunde_InstantAoeDot_Dot,3,EffectType.Harmful
GE_Gunde_InstantAoeDot_Dot,4,EffectType.Physical.Bleed
GE_Gunde_InstantAoeDot_Dot,5,EffectVisualization.Icon
GE_Gunde_InstantAoeDot_Dot,6,EffectVisualization.IconOnPartyUnitFrame
GE_Gunde_InstantAoeDot_Dot,7,CustomAssetTags.Gunde.InstantAoeDot.Dot
GE_Gunde_InstantAoeDot_Dot,8,EffectLogic.TickrateNotAffectedByHaste
GE_Gunde_InstantAoeWithBuff_Damage,0,EffectType.GeneratesThreat
GE_Gunde_InstantAoeWithBuff_Damage,1,EffectType.Harmful
GE_Gunde_InstantAoeWithBuff_Damage,2,EffectType.Physical
GE_Gunde_InstantAoeWithBuff_Damage,3,CustomAssetTags.Gunde.PerTargetAccumulatedBleed.RelevantDamageEffect
GE_Gunde_InstantSpinAoe_Damage_Old,0,EffectType.GeneratesThreat
GE_Gunde_InstantSpinAoe_Damage_Old,1,EffectType.Harmful
GE_Gunde_InstantSpinAoe_Damage_Old,2,EffectType.Physical
GE_Gunde_InstantWhirlwindAoe_Damage,0,EffectType.GeneratesThreat
GE_Gunde_InstantWhirlwindAoe_Damage,1,EffectType.Harmful
GE_Gunde_InstantWhirlwindAoe_Damage,2,EffectType.Physical
GE_Gunde_InstantWhirlwindAoe_Damage,3,CustomAssetTags.Gunde.PerTargetAccumulatedBleed.RelevantDamageEffect
GE_Gunde_InstantWhirlwindAoe_Damage,4,CustomAssetTags.Gunde.InstantWhirlwindAoe.Damage
GE_Gunde_InstantWhirlwindAoe_Damage,5,EffectType.SourceAbility.Basic
GE_Gunde_MaxOrbResource,0,EffectLogic.System
GE_Gunde_MeleeAutoAttack_Damage,0,EffectType.GeneratesThreat
GE_Gunde_MeleeAutoAttack_Damage,1,EffectType.Harmful
GE_Gunde_MeleeAutoAttack_Damage,2,EffectType.Physical
GE_Gunde_MeleeAutoAttack_Damage_Old,0,EffectType.GeneratesThreat
GE_Gunde_MeleeAutoAttack_Damage_Old,1,EffectType.Harmful
GE_Gunde_MeleeAutoAttack_Damage_Old,2,EffectType.Physical
GE_Gunde_MoveToTargetBleed_Bleed,0,EffectType.Dot
GE_Gunde_MoveToTargetBleed_Bleed,1,EffectType.Harmful
GE_Gunde_MoveToTargetBleed_Bleed,2,EffectType.GeneratesThreat
GE_Gunde_MoveToTargetBleed_Bleed,3,EffectType.Physical.Bleed
GE_Gunde_MoveToTargetBleed_Bleed,4,EffectLogic.RemoveOnDeath
GE_Gunde_MoveToTargetBleed_Bleed,5,EffectVisualization.Icon
GE_Gunde_MoveToTargetBleed_Bleed,6,CustomAssetTags.Gunde.Bleed
GE_Gunde_PerTargetAccumulatedBleed,0,EffectVisualization.Icon
GE_Gunde_PerTargetAccumulatedBleed,1,EffectType.Harmful
GE_Gunde_PerTargetAccumulatedBleed,2,EffectType.Physical.Bleed
GE_Gunde_PerTargetAccumulatedBleed,3,EffectType.GeneratesThreat
GE_Gunde_PerTargetAccumulatedBleed,4,EffectType.Dot
GE_Gunde_PerTargetAccumulatedBleed,5,EffectLogic.RemoveOnDeath
GE_Gunde_PerTargetAccumulatedBleed,6,CustomAssetTags.Gunde.PerTargetAccumulatedBleed.Dot
GE_Gunde_PerTargetAccumulatedBleed,7,EffectLogic.TickrateNotAffectedByHasteExclusively
GE_Gunde_PerTargetAccumulatedBleed_Damage,0,EffectType.GeneratesThreat
GE_Gunde_PerTargetAccumulatedBleed_Damage,1,EffectType.Harmful
GE_Gunde_PerTargetAccumulatedBleed_Damage,2,EffectType.Dot
GE_Gunde_PerTargetAccumulatedBleed_Damage,3,EffectType.Physical.Bleed
GE_Gunde_PerTargetAccumulatedBleed_Damage,4,CustomAssetTags.Gunde.AffectedByBoostedDotDamage
GE_Gunde_PerTargetAccumulatedBleed_Damage,5,CustomAssetTags.Gunde.PerTargetAccumulatedBleed.Damage
GE_Gunde_SingleInstantPullEnemy_Damage,0,EffectType.GeneratesThreat
GE_Gunde_SingleInstantPullEnemy_Damage,1,EffectType.Harmful
GE_Gunde_SingleInstantPullEnemy_Damage,2,EffectType.Physical
GE_Gunde_SingleInstantPullEnemy_Pull,0,EffectType.GeneratesThreat
GE_Gunde_SingleInstantPullEnemy_Pull,1,EffectType.Harmful
GE_Gunde_SingleInstantPullEnemy_Pull,2,EffectType.Physical
GE_Gunde_SingleInstantPullEnemy_Pull,3,EffectType.Knockback
GE_Gunde_SingleInstantPullEnemy_Pull,4,EffectType.MovementImpairing
GE_Gunde_SingleInstantPullEnemy_Pull,5,EffectLogic.RemoveOnDeath
GE_Gunde_SingleTargetPull_Damage,0,EffectType.GeneratesThreat
GE_Gunde_SingleTargetPull_Damage,1,EffectType.Harmful
GE_Gunde_SingleTargetPull_Damage,2,EffectType.Physical
GE_Gunde_SingleTargetPull_Damage,3,CustomAssetTags.Gunde.NotRelevantForExtraDotDamageGain
GE_Gunde_SingleTargetPull_PullActivator,0,EffectType.Harmful
GE_Gunde_SingleTargetPull_PullActivator,1,EffectType.GeneratesThreat
GE_Gunde_SingleTargetPull_PullActivator,2,EffectType.CrowdControl
GE_Gunde_SingleTargetPull_PullActivator,3,EffectType.Physical
GE_Gunde_SingleTargetTaunt_Taunt,0,EffectLogic.RemoveOnDeath
GE_Gunde_SingleTargetTaunt_Taunt,1,EffectType.Physical
GE_Gunde_SingleTargetTaunt_Taunt,2,EffectType.GeneratesThreat
GE_Gunde_SingleTargetTaunt_Taunt,3,EffectVisualization.Icon
GE_Gunde_SingleTargetTaunt_Taunt,4,EffectType.Harmful
GE_Gunde_SingleTargetTaunt_Taunt,5,EffectType.Taunt
GE_Gunde_Talent_BasicSingleTargetMelee_BleedProc_Bleed,0,EffectLogic.RemoveOnDeath
GE_Gunde_Talent_BasicSingleTargetMelee_BleedProc_Bleed,1,EffectType.Debuff
GE_Gunde_Talent_BasicSingleTargetMelee_BleedProc_Bleed,2,EffectType.Dot
GE_Gunde_Talent_BasicSingleTargetMelee_BleedProc_Bleed,3,EffectType.GeneratesThreat
GE_Gunde_Talent_BasicSingleTargetMelee_BleedProc_Bleed,4,EffectType.Harmful
GE_Gunde_Talent_BasicSingleTargetMelee_BleedProc_Bleed,5,EffectType.Physical.Bleed
GE_Gunde_Talent_BasicSingleTargetMelee_BleedProc_Bleed,6,EffectVisualization.Icon
GE_Gunde_Talent_BasicSingleTargetMelee_BleedProc_Bleed,7,CustomAssetTags.Gunde.Bleed
GE_Gunde_Talent_BasicSingleTargetMelee_BleedProc_Proc,0,EffectLogic.System
GE_Gunde_Talent_BasicSingleTargetMelee_BleedProc_Proc,1,EffectLogic.RemoveOnDeath
GE_Gunde_Talent_BasicSingleTargetMelee_BleedProc_Proc,2,EffectType.Beneficial
GE_Gunde_Talent_BasicSingleTargetMelee_BleedProc_Proc,3,EffectType.Physical
GE_Gunde_Talent_BasicSingleTargetMelee_BleedProc_Proc,4,EffectVisualization.Icon
GE_Gunde_Talent_BasicSingleTargetMelee_BleedProc_ProcCooldown,0,EffectLogic.RemoveOnDeath
GE_Gunde_Talent_BasicSingleTargetMelee_BleedProc_ProcCooldown,1,EffectLogic.System
GE_Gunde_Talent_DashAttack_EmpoweredAbilities_Proc,0,EffectLogic.System
GE_Gunde_Talent_DashAttack_EmpoweredAbilities_Proc,1,EffectType.Beneficial
GE_Gunde_Talent_DashAttack_EmpoweredAbilities_Proc,2,EffectLogic.RemoveOnDeath
GE_Gunde_Talent_DashAttack_EmpoweredAbilities_Proc,3,EffectVisualization.Icon
GE_Gunde_Talent_DashAttack_EmpoweredAbilities_Proc,4,EffectVisualization.HeroSuperBuffbar
GE_Gunde_Talent_DotTransfer_AoeBasedOnStacks_Aoe,0,EffectType.Beneficial
GE_Gunde_Talent_DotTransfer_AoeBasedOnStacks_Aoe,1,EffectLogic.System
GE_Gunde_Talent_DotTransfer_AoeBasedOnStacks_Aoe,2,EffectLogic.RemoveOnDeath
GE_Gunde_Talent_DotTransfer_AoeBasedOnStacks_Aoe,3,EffectVisualization.Icon
GE_Gunde_Talent_DotTransfer_AoeBasedOnStacks_Aoe,4,EffectType.Buff
GE_Gunde_Talent_DotTransfer_AoeBasedOnStacks_Aoe,5,EffectVisualization.HeroSuperBuffbar
GE_Gunde_Talent_DotTransfer_AoeBasedOnStacks_Aoe,6,EffectLogic.TickrateNotAffectedByHaste
GE_Gunde_Talent_DotTransfer_AoeBasedOnStacks_Damage,0,EffectType.Harmful
GE_Gunde_Talent_DotTransfer_AoeBasedOnStacks_Damage,1,EffectType.Magic.Blood
GE_Gunde_Talent_DotTransfer_ExplosionOnPickup_Damage,0,EffectType.Harmful
GE_Gunde_Talent_DotTransfer_ExplosionOnPickup_Damage,1,EffectType.Physical
GE_Gunde_Talent_DotTransfer_IncreasedDamageOnSelf_Buff,0,EffectType.Beneficial
GE_Gunde_Talent_DotTransfer_IncreasedDamageOnSelf_Buff,1,EffectType.Buff
GE_Gunde_Talent_DotTransfer_IncreasedDamageOnSelf_Buff,2,EffectLogic.RemoveOnDeath
GE_Gunde_Talent_DotTransfer_IncreasedDamageOnSelf_VisualBuff,0,EffectType.Beneficial
GE_Gunde_Talent_DotTransfer_IncreasedDamageOnSelf_VisualBuff,1,EffectVisualization.Icon
GE_Gunde_Talent_DotTransfer_IncreasedDamageOnSelf_VisualBuff,2,EffectType.Buff
GE_Gunde_Talent_DotTransfer_IncreasedDamageOnSelf_VisualBuff,3,EffectLogic.RemoveOnDeath
GE_Gunde_Talent_DotTransfer_IncreasedDamageOnSelf_VisualBuff,4,EffectVisualization.HeroSuperBuffbar
GE_Gunde_Talent_DotTransfer_InstantAoeWithBuff_DamageAndOrbs_OrbDropper,0,EffectLogic.System
GE_Gunde_Talent_DotTransfer_InstantAoeWithBuff_DamageAndOrbs_OrbDropper,1,EffectType.Beneficial
GE_Gunde_Talent_DotTransfer_InstantAoeWithBuff_DamageAndOrbs_OrbDropper,2,EffectVisualization.Icon
GE_Gunde_Talent_DotTransfer_InstantAoeWithBuff_DamageAndOrbs_OrbDropper,3,EffectLogic.RemoveOnDeath
GE_Gunde_Talent_DotTransfer_InstantAoeWithBuff_DamageAndOrbs_OrbDropper,4,EffectLogic.RemoveOnSourceLoadoutChange
GE_Gunde_Talent_DotTransfer_InstantAoeWithBuff_DamageAndOrbs_OrbDropper,5,EffectLogic.TickrateNotAffectedByHaste
GE_Gunde_Talent_DotTransfer_InstantAoeWithBuff_DamageAndOrbs_OrbDropper,6,EffectVisualization.HeroSuperBuffbar
GE_Gunde_Talent_DotTransfer_InstantAoeWithBuff_DamageAndOrbs_Proc,0,EffectLogic.System
GE_Gunde_Talent_DotTransfer_InstantAoeWithBuff_DamageAndOrbs_Proc,1,EffectType.Beneficial
GE_Gunde_Talent_DotTransfer_InstantAoeWithBuff_DamageAndOrbs_Proc,2,EffectVisualization.Icon
GE_Gunde_Talent_DotTransfer_InstantAoeWithBuff_DamageAndOrbs_Proc,3,EffectLogic.RemoveOnDeath
GE_Gunde_Talent_DotTransfer_InstantAoeWithBuff_DamageAndOrbs_Proc,4,EffectLogic.RemoveOnSourceLoadoutChange
GE_Gunde_Talent_DotTransfer_InstantAoeWithBuff_DamageAndOrbs_Proc,5,EffectVisualization.HeroSuperBuffbar
GE_Gunde_Talent_ExtraDotDamageBuff_Haste,0,EffectLogic.System
GE_Gunde_Talent_ExtraDotDamageBuff_Haste,1,EffectType.Beneficial
GE_Gunde_Talent_ExtraDotDamageBuff_Haste,2,EffectLogic.RemoveOnSourceLoadoutChange
GE_Gunde_Talent_HeavyMeleeDotBased_CooldownAcceleration_Proc,0,EffectLogic.System
GE_Gunde_Talent_HeavyMeleeDotBased_CooldownAcceleration_Proc,1,EffectType.Beneficial
GE_Gunde_Talent_HeavyMeleeDotBased_CooldownAcceleration_Proc,2,EffectVisualization.Icon
GE_Gunde_Talent_HeavyMeleeDotBased_IncreasedDamageLowHealthTarget,0,EffectLogic.System
GE_Gunde_Talent_HeavyMeleeDotBased_IncreasedDamageLowHealthTarget,1,EffectType.Beneficial
GE_Gunde_Talent_HeavyMeleeDotBased_IncreasedDamageLowHealthTarget,2,GameplayEffect.PermanentNotRemovable
GE_Gunde_Talent_HeavyMeleeDotBoost_GuaranteedSpiritProcBuff__Proc,0,EffectLogic.System
GE_Gunde_Talent_HeavyMeleeDotBoost_GuaranteedSpiritProcBuff__Proc,1,EffectType.Beneficial
GE_Gunde_Talent_HeavyMeleeDotBoost_GuaranteedSpiritProcBuff__Proc,2,EffectVisualization.Icon
GE_Gunde_Talent_HeavyMeleeDotBoost_GuaranteedSpiritProcBuff__Proc,3,EffectVisualization.HeroSuperBuffbar
GE_Gunde_Talent_InstantAoeWithBuff_AdditionalStack_SelfBuff,0,EffectLogic.RemoveOnDeath
GE_Gunde_Talent_InstantAoeWithBuff_AdditionalStack_SelfBuff,1,EffectType.Beneficial
GE_Gunde_Talent_InstantAoeWithBuff_AdditionalStack_SelfBuff,2,EffectType.Physical
GE_Gunde_Talent_InstantAoeWithBuff_AdditionalStack_SelfBuff,3,EffectVisualization.Icon
GE_Gunde_Talent_InstantAoeWithBuff_AdditionalStack_SelfBuff,4,CustomAssetTags.Gunde.ExtraDotDamageGain.Buff
GE_Gunde_Talent_InstantAoeWithBuff_AdditionalStack_SelfBuff,5,EffectVisualization.HeroSuperBuffbar
GE_Gunde_Talent_InstantAoeWithBuff_AdditionalStack_SelfBuff,6,EffectLogic.RemoveOnSourceLoadoutChange
GE_Gunde_Talent_InstantAoeWithBuff_Empowered_Proc,0,EffectLogic.System
GE_Gunde_Talent_InstantAoeWithBuff_Empowered_Proc,1,EffectType.Beneficial
GE_Gunde_Talent_InstantAoeWithBuff_Empowered_Proc,2,EffectVisualization.Icon
GE_Gunde_Talent_InstantAoeWithBuff_Empowered_Proc,3,EffectVisualization.HeroSuperBuffbar
GE_Gunde_Talent_InstantDeathFromDot_Damage,0,EffectType.GeneratesThreat
GE_Gunde_Talent_InstantDeathFromDot_Damage,1,EffectType.Harmful
GE_Gunde_Talent_InstantDeathFromDot_Damage,2,EffectType.Physical
GE_Gunde_Talent_TargetedAoeProjectile_Empowered_Proc,0,EffectLogic.System
GE_Gunde_Talent_TargetedAoeProjectile_Empowered_Proc,1,EffectType.Beneficial
GE_Gunde_Talent_TargetedAoeProjectile_Empowered_Proc,2,EffectVisualization.Icon
GE_Gunde_Talent_TargetedAoeProjectile_Empowered_Proc,3,EffectVisualization.HeroSuperBuffbar
GE_Gunde_TargetedAoeProjectile_Damage,0,EffectType.GeneratesThreat
GE_Gunde_TargetedAoeProjectile_Damage,1,EffectType.Harmful
GE_Gunde_TargetedAoeProjectile_Damage,2,EffectType.Physical
GE_Gunde_TargetedAoeProjectile_Damage,3,CustomAssetTags.Gunde.PerTargetAccumulatedBleed.RelevantDamageEffect
GE_Gunde_TargetedAoeProjectile_Damage,4,CustomAssetTags.Gunde.TargetedAoeProjectile.Damage
GE_HeroAttributesBase,0,GameplayEffect.PermanentNotRemovable
GE_HeroAttributesBase,1,EffectLogic.System
GE_Hero_Shared_PaddingCooldown,0,EffectLogic.System
GE_IC_Assassin_AutoAttack_Damage,0,EffectType.Harmful
GE_IC_Assassin_AutoAttack_Damage,1,EffectType.Physical
GE_IC_Assassin_PoisonDagger_ConvertHealingDebuff,0,EffectType.Harmful
GE_IC_Assassin_PoisonDagger_ConvertHealingDebuff,1,EffectVisualization.Icon
GE_IC_Assassin_PoisonDagger_ConvertHealingDebuff,2,EffectLogic.RemoveOnDeath
GE_IC_Assassin_PoisonDagger_ConvertHealingDebuff,3,EffectType.Magic.Shadow
GE_IC_Assassin_PoisonDagger_Damage,0,EffectType.Harmful
GE_IC_Assassin_PoisonDagger_Damage,1,EffectType.Physical
GE_IC_Assassin_WickedStrike_Damage,0,EffectType.Harmful
GE_IC_Assassin_WickedStrike_Damage,1,EffectType.Physical
GE_IC_Assassin_WickedStrike_HideBuff,0,Effect.Buff
GE_IC_Assassin_WickedStrike_Marked,0,GameplayEffect.RemoveOnDeath
GE_IC_Assassin_WickedStrike_Marked,1,Effect.Debuff
GE_IC_Assassin_WickedStrike_Stun,0,EffectVisualization.Icon
GE_IC_Assassin_WickedStrike_Stun,1,EffectType.Harmful
GE_IC_Assassin_WickedStrike_Stun,2,EffectLogic.RemoveOnDeath
GE_IC_Assassin_WickedStrike_Stun,3,EffectType.CrowdControl
GE_IC_Assassin_WickedStrike_Stun,4,EffectType.GeneratesThreat
GE_IC_Assassin_WickedStrike_Stun,5,EffectType.Physical
GE_IC_Assassin_WickedStrike_Stun,6,EffectType.Stun
GE_IC_BossMagistrate_BigStun_Stun,0,EffectType.Environmental
GE_IC_BossMagistrate_BigStun_Stun,1,EffectType.Harmful
GE_IC_BossMagistrate_BigStun_Stun,2,EffectType.Magic.Frost
GE_IC_BossMagistrate_BigStun_Stun,3,EffectType.Stun
GE_IC_BossMagistrate_BigStun_Stun,4,EffectLogic.RemoveOnDeath
GE_IC_BossMagistrate_BigStun_Stun,5,EffectVisualization.Icon
GE_IC_BossMagistrate_FrigidMist_Damage,0,EffectType.Harmful
GE_IC_BossMagistrate_FrigidMist_Damage,1,EffectType.Magic.Frost
GE_IC_BossMagistrate_FrigidMist_Damage,2,EffectLogic.NotDispellable
GE_IC_BossMagistrate_FrigidMist_Slow,0,EffectType.Debuff
GE_IC_BossMagistrate_FrigidMist_Slow,1,EffectType.Harmful
GE_IC_BossMagistrate_FrigidMist_Slow,2,EffectType.Magic.Frost
GE_IC_BossMagistrate_FrigidMist_Slow,3,EffectType.MovementImpairing
GE_IC_BossMagistrate_FrigidMist_Slow,4,EffectLogic.NotDispellable
GE_IC_BossMagistrate_Frostbolt_Damage,0,EffectType.Harmful
GE_IC_BossMagistrate_Frostbolt_Damage,1,EffectType.Magic.Frost
GE_IC_BossMagistrate_Frostbolt_Debuff,0,EffectType.Debuff
GE_IC_BossMagistrate_Frostbolt_Debuff,1,EffectType.Magic.Frost
GE_IC_BossMagistrate_Frostbolt_Debuff,2,EffectType.Harmful
GE_IC_BossMagistrate_Frostbolt_Debuff,3,EffectVisualization.Icon
GE_IC_BossMagistrate_IceSpikes_Damage,0,EffectType.Harmful
GE_IC_BossMagistrate_IceSpikes_Damage,1,EffectType.Magic.Frost
GE_IC_BossMagistrate_KnockbackCone_AoeDamage,0,EffectType.Harmful
GE_IC_BossMagistrate_KnockbackCone_AoeDamage,1,EffectType.Magic.Frost
GE_IC_BossMagistrate_KnockbackCone_Root,0,EffectType.Harmful
GE_IC_BossMagistrate_KnockbackCone_Root,1,EffectType.MovementImpairing
GE_IC_BossMagistrate_KnockbackCone_Root,2,EffectType.Physical
GE_IC_BossMagistrate_KnockbackCone_Root,3,EffectLogic.RemoveOnDeath
GE_IC_BossMagistrate_KnockbackCone_Root,4,EffectVisualization.Icon
GE_IC_BossMagistrate_MeleeAutoAttack_Damage,0,EffectType.Harmful
GE_IC_BossMagistrate_MeleeAutoAttack_Damage,1,EffectType.Physical
GE_IC_BossMagistrate_Redemption_Dot,0,EffectType.Harmful
GE_IC_BossMagistrate_Redemption_Dot,1,EffectLogic.RemoveOnDeath
GE_IC_BossMagistrate_Redemption_Dot,2,EffectVisualization.Icon
GE_IC_BossMagistrate_Redemption_Dot,3,EffectType.Magic.Frost
GE_IC_BossMagistrate_Redemption_Dot,4,EffectType.Debuff
GE_IC_BossMagistrate_Redemption_Dot,5,EffectLogic.RemoveOnSourceDeath
GE_IC_BossMagistrate_Redemption_Dot,6,EffectLogic.RemoveOnMatchComplete
GE_IC_BossMagistrate_Redemption_ShootProjectileOnExpired_Damage,0,EffectType.Harmful
GE_IC_BossMagistrate_Redemption_ShootProjectileOnExpired_Damage,1,EffectType.Magic.Frost
GE_IC_GlacialSprite_AutoAttackMelee_Damage,0,EffectType.Harmful
GE_IC_GlacialSprite_AutoAttackMelee_Damage,1,EffectType.Magic.Frost
GE_IC_GlacialSprite_PassiveAOEPools_Damage,0,GameplayEffect.RemoveOnDeath
GE_IC_GlacialSprite_PassiveAOEPools_Damage,1,EffectType.Debuff
GE_IC_GlacialSprite_PassiveAOEPools_Damage,2,EffectType.Harmful
GE_IC_GlacialSprite_PassiveAOEPools_Damage,3,EffectLogic.RemoveOnDeath
GE_IC_GlacialSprite_PassiveAOEPools_Damage,4,EffectLogic.NotDispellable
GE_IC_GlacialSprite_PassiveAOEPools_Damage,5,EffectType.Magic.Frost
GE_IC_GlacialSprite_PassiveAOEPools_Damage,6,EffectLogic.Fortified
GE_IC_GlacialSprite_PassiveAOEPools_Debuff,0,EffectType.Debuff
GE_IC_GlacialSprite_PassiveAOEPools_Debuff,1,EffectType.Harmful
GE_IC_GlacialSprite_PassiveAOEPools_Debuff,2,EffectLogic.RemoveOnDeath
GE_IC_GlacialSprite_PassiveAOEPools_Debuff,3,EffectLogic.Fortified
GE_IC_GlacialSprite_PassiveAOEPools_Debuff,4,EffectLogic.NotDispellable
GE_IC_GlacialSprite_PassiveAOEPools_Slow,0,EffectType.Debuff
GE_IC_GlacialSprite_PassiveAOEPools_Slow,1,EffectType.Harmful
GE_IC_GlacialSprite_PassiveAOEPools_Slow,2,EffectType.Magic.Frost
GE_IC_GlacialSprite_PassiveAOEPools_Slow,3,EffectType.MovementImpairing
GE_IC_GlacialSprite_PassiveAOEPools_Slow,4,EffectLogic.NotDispellable
GE_IC_GreaterIceElemental_AutoAttack_Damage,0,EffectType.Harmful
GE_IC_GreaterIceElemental_AutoAttack_Damage,1,EffectType.Physical
GE_IC_GreaterIceElemental_BurrowBuff,0,Effect.Buff
GE_IC_GreaterIceElemental_EarthBreaker_Damage,0,EffectType.Harmful
GE_IC_GreaterIceElemental_EarthBreaker_Damage,1,EffectType.Magic.Frost
GE_IC_GreaterIceElemental_EarthBreaker_Slow,0,Effect.Debuff
GE_IC_GreaterIceElemental_EarthBreaker_Slow,1,EffectType.Debuff
GE_IC_GreaterIceElemental_EarthBreaker_Slow,2,EffectType.Harmful
GE_IC_GreaterIceElemental_EarthBreaker_Slow,3,EffectType.Magic.Frost
GE_IC_GreaterIceElemental_EarthBreaker_Slow,4,EffectType.MovementImpairing
GE_IC_GreaterIceElemental_EarthBreaker_Slow,5,EffectVisualization.Icon
GE_IC_GreaterIceElemental_EarthBreaker_Slow,6,EffectLogic.RemoveOnDeath
GE_IC_GreaterIceElemental_EarthStomp_Damage,0,EffectType.Harmful
GE_IC_GreaterIceElemental_EarthStomp_Damage,1,EffectType.Physical
GE_IC_GreaterIceElemental_Upheaval_Damage,0,EffectType.Harmful
GE_IC_GreaterIceElemental_Upheaval_Damage,1,EffectType.Physical
GE_IC_GreaterIceElemental_Upheaval_Damage,2,EffectLogic.HolyTrinityNerf.IgnoreAoeIncomingDamageMultiplier
GE_IC_GreaterIceElemental_Upheaval_VanishEffect,0,EffectType.Beneficial
GE_IC_GreaterIceElemental_Upheaval_VanishEffect,1,customassettags.ic.GreaterIceElemental.Vanish.Active
GE_IC_Healer_AutoAttackMelee_Damage,0,EffectType.Physical
GE_IC_Healer_AutoAttackMelee_Damage,1,EffectType.Harmful
GE_IC_Healer_ChannelMultiTargetHeal_HasteBuff,0,Effect.Buff
GE_IC_Healer_ChannelMultiTargetHeal_HasteBuff,1,GameplayEffect.RemoveOnDeath
GE_IC_Healer_ChannelMultiTargetHeal_HasteBuff,2,EffectLogic.RemoveOnDeath
GE_IC_Healer_ChannelMultiTargetHeal_HasteBuff,3,GameplayEffect.NotDispellable
GE_IC_Healer_ChanneledMultiTargetHeal_HealBuff,0,GameplayEffect.RemoveOnDeath
GE_IC_Healer_ChanneledMultiTargetHeal_HealBuff,1,EffectLogic.RemoveOnDeath
GE_IC_Healer_ChanneledMultiTargetHeal_HealBuff,2,EffectType.Healing
GE_IC_Healer_ChanneledMultiTargetHeal_HealBuff,3,EffectType.Beneficial
GE_IC_Healer_TwoTargetDot_Damage,0,EffectType.Debuff
GE_IC_Healer_TwoTargetDot_Damage,1,EffectType.Dot
GE_IC_Healer_TwoTargetDot_Damage,2,GameplayEffect.RemoveOnDeath
GE_IC_Healer_TwoTargetDot_Damage,3,EffectLogic.RemoveOnDeath
GE_IC_Healer_TwoTargetDot_Damage,4,EffectType.Harmful
GE_IC_Healer_TwoTargetDot_Damage,5,EffectType.Magic.Arcane
GE_IC_Healer_TwoTargetDot_Damage,6,Effect.Debuff
GE_IC_Healer_highThreatChannel_Damage,0,GameplayEffect.RemoveOnDeath
GE_IC_Healer_highThreatChannel_Damage,1,EffectLogic.RemoveOnDeath
GE_IC_Healer_highThreatChannel_Damage,2,EffectType.Harmful
GE_IC_Healer_highThreatChannel_Damage,3,EffectType.Magic.Arcane
GE_IC_Lookout_MeleeAutoAttack_Damage,0,EffectType.Harmful
GE_IC_Lookout_MeleeAutoAttack_Damage,1,EffectType.Physical
GE_IC_Lookout_SingelTargetAttackAndMoveBack_Damage,0,EffectType.Harmful
GE_IC_Lookout_SingelTargetAttackAndMoveBack_Damage,1,EffectType.Physical
GE_Ink_AoeAttack_Activated,0,EffectLogic.System
GE_Ink_AoeAttack_Activated,1,EffectLogic.RemoveOnDeath
GE_Ink_AoeAttack_Damage,0,EffectType.Harmful
GE_Ink_AoeAttack_Damage,1,EffectType.GeneratesThreat
GE_Ink_AoeAttack_Damage,2,EffectType.Physical
GE_Ink_AoeAttack_Damage,3,CustomAssetTags.Ink.AoeAttack.Damage
GE_Ink_AoeAttack_LightningDamage,0,EffectType.Harmful
GE_Ink_AoeAttack_LightningDamage,1,EffectType.GeneratesThreat
GE_Ink_AoeAttack_LightningDamage,2,EffectType.Magic.Lightning
GE_Ink_AoeAttack_LightningDamage,3,CustomAssetTags.Ink.ChargedBuff.Damage
GE_Ink_AoeFear_Fear,0,EffectType.Harmful
GE_Ink_AoeFear_Fear,1,EffectType.CrowdControl
GE_Ink_AoeFear_Fear,2,EffectType.Physical
GE_Ink_AoeFear_Fear,3,EffectLogic.NotDispellable
GE_Ink_AoeFear_Fear,4,EffectVisualization.Icon
GE_Ink_AutoAttackBuff_AoeDamage,0,EffectType.Harmful
GE_Ink_AutoAttackBuff_AoeDamage,1,EffectType.GeneratesThreat
GE_Ink_AutoAttackBuff_AoeDamage,2,EffectType.Magic.Lightning
GE_Ink_AutoAttackBuff_AoeDamage,3,CustomAssetTags.Ink.ChargedBuff.Damage
GE_Ink_AutoAttackBuff_Buff,0,EffectType.Beneficial
GE_Ink_AutoAttackBuff_Buff,1,EffectLogic.RemoveOnDeath
GE_Ink_AutoAttackBuff_CleaveDamage,0,EffectType.Harmful
GE_Ink_AutoAttackBuff_CleaveDamage,1,EffectType.GeneratesThreat
GE_Ink_AutoAttackBuff_CleaveDamage,2,EffectType.Magic.Lightning
GE_Ink_AutoAttackBuff_Damage,0,EffectType.Physical
GE_Ink_AutoAttackBuff_Damage,1,EffectType.Harmful
GE_Ink_AutoAttackBuff_Damage,2,EffectType.GeneratesThreat
GE_Ink_AutoAttackBuff_Damage,3,CustomAssetTags.Ink.AutoAttackBuff.MainDamage
GE_Ink_BouncyProjectile_Damage,0,EffectType.GeneratesThreat
GE_Ink_BouncyProjectile_Damage,1,EffectType.Harmful
GE_Ink_BouncyProjectile_Damage,2,EffectType.Magic.Lightning
GE_Ink_BouncyProjectile_Damage,3,CustomAssetTags.Ink.BouncyProjectile.Damage
GE_Ink_ChargedBuff_Buff,0,EffectType.Beneficial
GE_Ink_ChargedBuff_Buff,1,EffectType.Magic.Lightning
GE_Ink_ChargedBuff_Buff,2,EffectVisualization.Icon
GE_Ink_ChargedBuff_Buff,3,CustomAssetTags.Ink.ChargedBuff
GE_Ink_ChargedBuff_Buff,4,EffectLogic.RemoveOnDeath
GE_Ink_ChargedBuff_Buff,5,EffectVisualization.HeroSuperBuffbar
GE_Ink_CleaveAttack_Damage,0,EffectType.Physical
GE_Ink_CleaveAttack_Damage,1,EffectType.Harmful
GE_Ink_CleaveAttack_Damage,2,EffectType.GeneratesThreat
GE_Ink_CleaveAttack_Damage,3,CustomAssetTags.Ink.CleaveAttack.Damage
GE_Ink_CleaveAttack_Damage,4,EffectType.SourceAbility.Basic
GE_Ink_CostReductionBuff_SelfBuff,0,EffectType.Beneficial
GE_Ink_CostReductionBuff_SelfBuff,1,EffectLogic.RemoveOnDeath
GE_Ink_CostReductionBuff_SelfBuff,2,EffectVisualization.Icon
GE_Ink_CostReductionBuff_SelfBuff,3,CustomAssetTags.Ink.CostReductionBuff.SelfBuff
GE_Ink_CostReductionBuff_SelfBuff,4,EffectVisualization.HeroSuperBuffbar
GE_Ink_EnhancedChargedBuff_AoeImpactDamage,0,EffectType.Harmful
GE_Ink_EnhancedChargedBuff_AoeImpactDamage,1,EffectType.GeneratesThreat
GE_Ink_EnhancedChargedBuff_AoeImpactDamage,2,EffectType.Magic.Lightning
GE_Ink_EnhancedChargedBuff_PulsatingSingleDamage_Damage,0,EffectType.GeneratesThreat
GE_Ink_EnhancedChargedBuff_PulsatingSingleDamage_Damage,1,EffectType.Harmful
GE_Ink_EnhancedChargedBuff_PulsatingSingleDamage_Damage,2,EffectType.Magic.Lightning
GE_Ink_EnhancedChargedBuff_PulsatingSingleDamage_SelfBuff,0,EffectType.Beneficial
GE_Ink_EnhancedChargedBuff_PulsatingSingleDamage_SelfBuff,1,EffectType.Buff
GE_Ink_EnhancedChargedBuff_PulsatingSingleDamage_SelfBuff,2,EffectType.Magic.Lightning
GE_Ink_EnhancedChargedBuff_PulsatingSingleDamage_SelfBuff,3,EffectLogic.RemoveOnDeath
GE_Ink_EnhancedChargedBuff_PulsatingSingleDamage_SelfBuff,4,EffectVisualization.Icon
GE_Ink_EnhancedChargedBuff_PulsatingSingleDamage_SelfBuff,5,CustomAssetTags.Ink.ChargedBuff
GE_Ink_EnhancedChargedBuff_PulsatingSingleDamage_SelfBuff,6,EffectVisualization.HeroSuperBuffbar
GE_Ink_HeavySingleTargetAttack_Damage,0,EffectType.Harmful
GE_Ink_HeavySingleTargetAttack_Damage,1,EffectType.GeneratesThreat
GE_Ink_HeavySingleTargetAttack_Damage,2,EffectType.Physical
GE_Ink_HeavySingleTargetAttack_Damage,3,CustomAssetTags.Ink.HeavySingleTargetAttack.Damage
GE_Ink_HeavySingleTargetAttack_LightningDamage,0,EffectType.Harmful
GE_Ink_HeavySingleTargetAttack_LightningDamage,1,EffectType.GeneratesThreat
GE_Ink_HeavySingleTargetAttack_LightningDamage,2,EffectType.Magic.Lightning
GE_Ink_HeavySingleTargetAttack_LightningDamage,3,CustomAssetTags.Ink.ChargedBuff.Damage
GE_Ink_LowHealthSingleTargetResourceDamage_Damage,0,EffectType.Harmful
GE_Ink_LowHealthSingleTargetResourceDamage_Damage,1,EffectType.GeneratesThreat
GE_Ink_LowHealthSingleTargetResourceDamage_Damage,2,EffectType.Physical
GE_Ink_MaxRage,0,EffectLogic.System
GE_Ink_MaxRage,1,CustomAssetTags.Ink.MaxRage
GE_Ink_MeleeAutoAttack_Damage,0,EffectType.Physical
GE_Ink_MeleeAutoAttack_Damage,1,EffectType.Harmful
GE_Ink_MeleeAutoAttack_Damage,2,EffectType.GeneratesThreat
GE_Ink_MeleeAutoAttack_Damage,3,EffectType.AutoAttack
GE_Ink_MeleeInterrupt_Interrupt,0,EffectType.Harmful
GE_Ink_MeleeInterrupt_Interrupt,1,EffectType.GeneratesThreat
GE_Ink_MeleeInterrupt_Interrupt,2,EffectType.Physical
GE_Ink_MoveToLocationAoeDamage_Damage,0,EffectType.Physical
GE_Ink_MoveToLocationAoeDamage_Damage,1,EffectType.Harmful
GE_Ink_MoveToLocationAoeDamage_Damage,2,EffectType.GeneratesThreat
GE_Ink_MoveToLocationAoeDamage_Damage,3,CustomAssetTags.Ink.MoveToLocationAoeDamage.Damage
GE_Ink_RageHandler_SetByCaller,0,EffectLogic.System
GE_Ink_SecondChanceSingleTargetAttack_Damage,0,EffectType.Harmful
GE_Ink_SecondChanceSingleTargetAttack_Damage,1,EffectType.GeneratesThreat
GE_Ink_SecondChanceSingleTargetAttack_Damage,2,EffectType.Physical
GE_Ink_SecondChanceSingleTargetAttack_Damage,3,CustomAssetTags.Ink.SecondChanceSingleTargetAttack.Damage
GE_Ink_SecondChanceSingleTargetAttack_Damage,4,EffectType.SourceAbility.Basic
GE_Ink_SecondChanceSingleTargetDamage_Proc,0,EffectType.Beneficial
GE_Ink_SecondChanceSingleTargetDamage_Proc,1,EffectType.Buff
GE_Ink_SecondChanceSingleTargetDamage_Proc,2,EffectType.Physical
GE_Ink_SecondChanceSingleTargetDamage_Proc,3,EffectVisualization.Icon
GE_Ink_SecondChanceSingleTargetDamage_Proc,4,EffectLogic.RemoveOnDeath
GE_Ink_SecondChanceSingleTargetDamage_Proc,5,EffectVisualization.HeroSuperBuffbar
GE_Ink_SelfDefenceBuff_SelfBuff_First,0,EffectLogic.RemoveOnDeath
GE_Ink_SelfDefenceBuff_SelfBuff_First,1,EffectType.Beneficial
GE_Ink_SelfDefenceBuff_SelfBuff_First,2,EffectType.GeneratesThreat
GE_Ink_SelfDefenceBuff_SelfBuff_First,3,EffectVisualization.Icon
GE_Ink_SelfDefenceBuff_SelfBuff_First,4,EffectVisualization.IconOnPartyUnitFrame
GE_Ink_SelfDefenceBuff_SelfBuff_First,5,EffectVisualization.HeroSuperBuffbar
GE_Ink_SelfDefenceBuff_SelfBuff_First,6,CustomAssetTags.Ink.SelfDefenceBuff.Buff
GE_Ink_SingleTargetHeavyNonSpenderSecondChanceSingleTargetAttack_CritAoe_Damage,0,EffectType.Harmful
GE_Ink_SingleTargetHeavyNonSpenderSecondChanceSingleTargetAttack_CritAoe_Damage,1,EffectType.GeneratesThreat
GE_Ink_SingleTargetHeavyNonSpenderSecondChanceSingleTargetAttack_CritAoe_Damage,2,EffectType.Physical
GE_Ink_SingleTargetHeavyNonSpender_Damage,0,EffectType.Harmful
GE_Ink_SingleTargetHeavyNonSpender_Damage,1,EffectType.GeneratesThreat
GE_Ink_SingleTargetHeavyNonSpender_Damage,2,EffectType.Physical
GE_Ink_SingleTargetHeavyNonSpender_Damage,3,CustomAssetTags.Ink.SecondChanceSingleTargetAttack.Damage
GE_Ink_SingleTargetHeavyNonSpender_Damage,4,EffectType.SourceAbility.Basic
GE_Ink_SwingTimerHitWindow,0,EffectType.Beneficial
GE_Ink_SwingTimerHitWindow,1,EffectLogic.AlwaysApply
GE_Ink_SwingTimerHitWindow,2,EffectLogic.System
GE_Ink_SwingTimerHitWindow,3,EffectLogic.RemoveOnDeath
GE_Ink_Talent_AutoAttackBuffDurationalStatBonus,0,EffectType.Beneficial
GE_Ink_Talent_AutoAttackBuffDurationalStatBonus,1,EffectLogic.RemoveOnDeath
GE_Ink_Talent_AutoAttackBuffDurationalStatBonus,2,EffectVisualization.Icon
GE_Ink_Talent_AutoAttackBuffDurationalStatBonus,3,EffectType.Buff
GE_Ink_Talent_AutoAttackBuff_AlwaysHitWindowBuff_Buff,0,EffectType.Beneficial
GE_Ink_Talent_AutoAttackBuff_AlwaysHitWindowBuff_Buff,1,EffectLogic.RemoveOnDeath
GE_Ink_Talent_AutoAttackBuff_AlwaysHitWindowBuff_Buff,2,EffectVisualization.Icon
GE_Ink_Talent_AutoAttackBuff_AlwaysHitWindowBuff_Buff,3,EffectLogic.System
GE_Ink_Talent_AutoAttackBuff_AlwaysHitWindowBuff_Buff,4,EffectVisualization.HeroSuperBuffbar
GE_Ink_Talent_AutoAttackBuff_AlwaysHitWindowBuff_Buff,5,EffectLogic.RemoveOnSourceLoadoutChange
GE_Ink_Talent_AutoAttackBuff_CritStrikePowerIncrease,0,EffectLogic.System
GE_Ink_Talent_AutoAttackBuff_CritStrikePowerIncrease,1,GameplayEffect.PermanentNotRemovable
GE_Ink_Talent_AutoAttackBuff_GainToChainLightningDamage,0,EffectLogic.RemoveOnDeath
GE_Ink_Talent_AutoAttackBuff_GainToChainLightningDamage,1,EffectType.Buff
GE_Ink_Talent_AutoAttackBuff_GainToChainLightningDamage,2,EffectType.Beneficial
GE_Ink_Talent_AutoAttackBuff_GainToChainLightningDamage,3,EffectVisualization.Icon
GE_Ink_Talent_AutoAttackBuff_GainToChainLightningDamage,4,EffectType.Magic.Lightning
GE_Ink_Talent_AutoAttackBuff_GainToChainLightningDamage,5,CustomAssetTags.Ink.Talents.AutoAttackBuff.GainToChainLightningDamage
GE_Ink_Talent_AutoAttackBuff_GainToChainLightningDamage,6,EffectVisualization.HeroSuperBuffbar
GE_Ink_Talent_AutoAttackBuff_GainToIncreasedDamage_Stacker,0,EffectType.Beneficial
GE_Ink_Talent_AutoAttackBuff_GainToIncreasedDamage_Stacker,1,EffectLogic.RemoveOnDeath
GE_Ink_Talent_AutoAttackBuff_GainToIncreasedDamage_Stacker,2,EffectVisualization.Icon
GE_Ink_Talent_AutoAttackBuff_GainToIncreasedDamage_Stacker,3,EffectLogic.System
GE_Ink_Talent_AutoAttackBuff_GainToIncreasedDamage_Stacker,4,CustomAssetTags.Ink.Talents.AutoAttackBuff.GainToIncreasedDamage
GE_Ink_Talent_AutoAttackBuff_GainToIncreasedDamage_Stacker,5,EffectVisualization.HeroSuperBuffbar
GE_Ink_Talent_AutoAttackBuff_GainToIncreasedDamage_Stacker,6,EffectLogic.RemoveOnSourceLoadoutChange
GE_Ink_Talent_AutoAttackBuff_StackingBuffConsumedBySpender_Buff,0,EffectType.Beneficial
GE_Ink_Talent_AutoAttackBuff_StackingBuffConsumedBySpender_Buff,1,EffectLogic.RemoveOnDeath
GE_Ink_Talent_AutoAttackBuff_StackingBuffConsumedBySpender_Buff,2,EffectVisualization.Icon
GE_Ink_Talent_AutoAttackBuff_StackingBuffConsumedBySpender_Buff,3,EffectLogic.System
GE_Ink_Talent_AutoAttackBuff_StackingBuffConsumedBySpender_Buff,4,EffectVisualization.HeroSuperBuffbar
GE_Ink_Talent_AutoAttackBuff_StackingBuffConsumedBySpender_Buff,5,EffectLogic.RemoveOnSourceLoadoutChange
GE_Ink_Talent_AutoAttackBuff_StackingBuffConsumedBySpender_Buff,6,CustomAssetTags.Ink.Talents.AutoAttackBuff.StackingBuffConsumedBySpender.Buff
GE_Ink_Talent_AutoAttackBuff_StackingBuffConsumedBySpender_Stacker,0,EffectType.Beneficial
GE_Ink_Talent_AutoAttackBuff_StackingBuffConsumedBySpender_Stacker,1,EffectLogic.RemoveOnDeath
GE_Ink_Talent_AutoAttackBuff_StackingBuffConsumedBySpender_Stacker,2,EffectVisualization.Icon
GE_Ink_Talent_AutoAttackBuff_StackingBuffConsumedBySpender_Stacker,3,EffectLogic.System
GE_Ink_Talent_AutoAttackBuff_StackingBuffConsumedBySpender_Stacker,4,EffectVisualization.HeroSuperBuffbar
GE_Ink_Talent_AutoAttackBuff_StackingBuffConsumedBySpender_Stacker,5,EffectLogic.RemoveOnSourceLoadoutChange
GE_Ink_Talent_AutoAttackBuff_StackingBuffConsumedBySpender_Stacker,6,CustomAssetTags.Ink.Talents.AutoAttackBuff.StackingBuffConsumedBySpender.Stacker
GE_Ink_Talent_ChanceIncreasedSpenderDamage_AoeAttack_Proc,0,EffectLogic.Proc
GE_Ink_Talent_ChanceIncreasedSpenderDamage_AoeAttack_Proc,1,EffectLogic.AlwaysApply
GE_Ink_Talent_ChanceIncreasedSpenderDamage_AoeAttack_Proc,2,EffectLogic.System
GE_Ink_Talent_ChanceIncreasedSpenderDamage_AoeAttack_Proc,3,EffectLogic.RemoveOnDeath
GE_Ink_Talent_ChanceIncreasedSpenderDamage_AoeAttack_Proc,4,EffectVisualization.Icon
GE_Ink_Talent_ChanceIncreasedSpenderDamage_AoeAttack_Proc,5,EffectType.Beneficial
GE_Ink_Talent_ChanceIncreasedSpenderDamage_AoeAttack_Proc,6,EffectVisualization.HeroSuperBuffbar
GE_Ink_Talent_ChanceIncreasedSpenderDamage_HeavySingleTargetAttack_Proc,0,EffectLogic.Proc
GE_Ink_Talent_ChanceIncreasedSpenderDamage_HeavySingleTargetAttack_Proc,1,EffectLogic.AlwaysApply
GE_Ink_Talent_ChanceIncreasedSpenderDamage_HeavySingleTargetAttack_Proc,2,EffectLogic.System
GE_Ink_Talent_ChanceIncreasedSpenderDamage_HeavySingleTargetAttack_Proc,3,EffectLogic.RemoveOnDeath
GE_Ink_Talent_ChanceIncreasedSpenderDamage_HeavySingleTargetAttack_Proc,4,EffectVisualization.Icon
GE_Ink_Talent_ChanceIncreasedSpenderDamage_HeavySingleTargetAttack_Proc,5,EffectType.Beneficial
GE_Ink_Talent_ChanceIncreasedSpenderDamage_HeavySingleTargetAttack_Proc,6,EffectVisualization.HeroSuperBuffbar
GE_Ink_Talent_ChargedBuff_AddedHasteBuff,0,EffectLogic.System
GE_Ink_Talent_ChargedBuff_AddedHasteBuff,1,EffectLogic.RemoveOnDeath
GE_Ink_Talent_ChargedBuff_LifestealAndStatBoost,0,EffectType.Beneficial
GE_Ink_Talent_ChargedBuff_LifestealAndStatBoost,1,EffectLogic.RemoveOnDeath
GE_Ink_Talent_ChargedBuff_LifestealAndStatBoost,2,EffectType.Buff
GE_Ink_Talent_ChargedBuff_LifestealAndStatBoost,3,EffectVisualization.Icon
GE_Ink_Talent_ChargedBuff_LifestealAndStatBoost,4,EffectVisualization.IconOnPartyUnitFrame
GE_Ink_Talent_ChargedBuff_LifestealAndStatboost_Heal,0,EffectType.Beneficial
GE_Ink_Talent_ChargedBuff_LifestealAndStatboost_Heal,1,EffectType.Healing
GE_Ink_Talent_ChargedBuff_LifestealAndStatboost_Heal,2,EffectType.Magic.Lightning
GE_Ink_Talent_ChargedBuff_RageIncrease_Buff,0,EffectType.Beneficial
GE_Ink_Talent_ChargedBuff_RageIncrease_Buff,1,EffectLogic.System
GE_Ink_Talent_ChargedBuff_RageIncrease_Buff,2,EffectLogic.RemoveOnDeath
GE_Ink_Talent_IncreasedAttackSpeed,0,EffectType.Beneficial
GE_Ink_Talent_IncreasedAttackSpeed,1,EffectLogic.System
GE_Ink_Talent_IncreasedMovementSpeed,0,EffectLogic.AlwaysApply
GE_Ink_Talent_IncreasedMovementSpeed,1,GameplayEffect.PermanentNotRemovable
GE_Ink_Talent_LowHealthSingleTargetResourceDamage_ChanceActiveOnCommit_Proc,0,EffectLogic.System
GE_Ink_Talent_LowHealthSingleTargetResourceDamage_ChanceActiveOnCommit_Proc,1,EffectType.Beneficial
GE_Ink_Talent_LowHealthSingleTargetResourceDamage_ChanceActiveOnCommit_Proc,2,EffectVisualization.Icon
GE_Ink_Talent_LowHealthSingleTargetResourceDamage_ChanceActiveOnCommit_Proc,3,EffectType.Buff
GE_Ink_Talent_LowHealthSingleTargetResourceDamage_ChanceActiveOnCommit_Proc,4,EffectVisualization.HeroSuperBuffbar
GE_Ink_Talent_MoveToLocationAoeDamage_TargetExtraInkDamage_Debuff,0,EffectLogic.RemoveOnDeath
GE_Ink_Talent_MoveToLocationAoeDamage_TargetExtraInkDamage_Debuff,1,EffectType.Debuff
GE_Ink_Talent_MoveToLocationAoeDamage_TargetExtraInkDamage_Debuff,2,EffectType.GeneratesThreat
GE_Ink_Talent_MoveToLocationAoeDamage_TargetExtraInkDamage_Debuff,3,EffectType.Harmful
GE_Ink_Talent_MoveToLocationAoeDamage_TargetExtraInkDamage_Debuff,4,EffectType.Physical
GE_Ink_Talent_MoveToLocationAoeDamage_TargetExtraInkDamage_Debuff,5,EffectVisualization.Icon
GE_Ink_Talent_MoveToLocationAoeDamage_TargetExtraInkDamage_Debuff,6,EffectVisualization.IconOnPartyUnitFrame
GE_Ink_Talent_MoveToLocationAoeDamage_TargetExtraInkDamage_Debuff_OwnerEffect,0,EffectLogic.System
GE_Ink_Talent_PassiveFuryGeneration,0,EffectType.Beneficial
GE_Ink_Talent_PassiveFuryGeneration,1,EffectLogic.System
GE_Ink_Talent_Passive_HeavySingleTargetAttack_Aoe_Damage,0,EffectType.Harmful
GE_Ink_Talent_Passive_HeavySingleTargetAttack_Aoe_Damage,1,EffectType.GeneratesThreat
GE_Ink_Talent_Passive_HeavySingleTargetAttack_Aoe_Damage,2,EffectType.Physical
GE_Ink_Talent_Passive_HeavySingleTargetAttack_Aoe_Damage,3,CustomAssetTags.Ink.HeavySingleTargetAttack.Damage
GE_Ink_Talent_SecondChanceSingleTargetAttack_CritBleed_Bleed,0,EffectLogic.RemoveOnDeath
GE_Ink_Talent_SecondChanceSingleTargetAttack_CritBleed_Bleed,1,EffectType.Dot
GE_Ink_Talent_SecondChanceSingleTargetAttack_CritBleed_Bleed,2,EffectType.GeneratesThreat
GE_Ink_Talent_SecondChanceSingleTargetAttack_CritBleed_Bleed,3,EffectType.Harmful
GE_Ink_Talent_SecondChanceSingleTargetAttack_CritBleed_Bleed,4,EffectType.Physical.Bleed
GE_Ink_Talent_SecondChanceSingleTargetAttack_CritBleed_Bleed,5,EffectVisualization.Icon
GE_Ink_Talent_SelfDefenceBuff_IncreasedDurationAndTaunt_Taunt_Debuff,0,EffectLogic.RemoveOnDeath
GE_Ink_Talent_SelfDefenceBuff_IncreasedDurationAndTaunt_Taunt_Debuff,1,EffectType.Physical
GE_Ink_Talent_SelfDefenceBuff_IncreasedDurationAndTaunt_Taunt_Debuff,2,EffectType.GeneratesThreat
GE_Ink_Talent_SelfDefenceBuff_IncreasedDurationAndTaunt_Taunt_Debuff,3,EffectVisualization.Icon
GE_Ink_Talent_SelfDefenceBuff_IncreasedDurationAndTaunt_Taunt_Debuff,4,EffectType.Harmful
GE_Ink_Talent_SelfDefenceBuff_IncreasedDurationAndTaunt_Taunt_Debuff,5,EffectType.Taunt
GE_JS_NPCRime_CastProjectile_Damage,0,EffectType.Harmful
GE_JS_NPCRime_CastProjectile_Damage,1,EffectType.Magic.Frost
GE_JS_NPCRime_ChanneledDamageBeam_Damage,0,EffectType.Harmful
GE_JS_NPCRime_ChanneledDamageBeam_Damage,1,EffectType.Magic.Water
GE_JS_NPCRime_MeleeAutoAttack_Damage,0,EffectType.Harmful
GE_JS_NPCRime_MeleeAutoAttack_Damage,1,EffectType.Physical
GE_JS_NPCRime_OnTargetPulsatingAoe_Damage,0,EffectType.GeneratesThreat
GE_JS_NPCRime_OnTargetPulsatingAoe_Damage,1,EffectType.Harmful
GE_JS_NPCRime_OnTargetPulsatingAoe_Damage,2,EffectType.Magic.Frost
GE_JS_NPCSylvie_CastProjectile_Damage,0,EffectType.Harmful
GE_JS_NPCSylvie_CastProjectile_Damage,1,EffectType.Magic.Nature
GE_JS_NPCSylvie_GroundHeal_Heal,0,EffectType.Beneficial
GE_JS_NPCSylvie_GroundHeal_Heal,1,EffectType.Healing
GE_JS_NPCSylvie_GroundHeal_Heal,2,EffectType.Magic.Nature
GE_JS_NPCSylvie_GroundHeal_Hot,0,EffectType.Magic.Nature
GE_JS_NPCSylvie_GroundHeal_Hot,1,EffectType.Hot
GE_JS_NPCSylvie_GroundHeal_Hot,2,EffectType.Beneficial
GE_JS_NPCSylvie_GroundHeal_Hot,3,EffectLogic.RemoveOnDeath
GE_JS_NPCSylvie_LowHealthHot_Chargeup,0,EffectLogic.System
GE_JS_NPCSylvie_LowHealthHot_Chargeup,1,EffectType.Beneficial
GE_JS_NPCSylvie_LowHealthHot_Chargeup,2,EffectType.Magic.Nature
GE_JS_NPCSylvie_LowHealthHot_Chargeup,3,CustomAssetTags.Mosse.Butterfly.Behavior.Spin
GE_JS_NPCSylvie_LowHealthHot_Chargeup,4,CustomAssetTags.Mosse.Butterfly.Occupied
GE_JS_NPCSylvie_LowHealthHot_Chargeup,5,EffectLogic.RemoveOnDeath
GE_JS_NPCSylvie_LowHealthHot_FlashHeal,0,EffectType.Beneficial
GE_JS_NPCSylvie_LowHealthHot_FlashHeal,1,EffectType.Healing
GE_JS_NPCSylvie_LowHealthHot_FlashHeal,2,EffectType.GeneratesThreat
GE_JS_NPCSylvie_LowHealthHot_FlashHeal,3,EffectType.Magic.Nature
GE_JS_NPCSylvie_LowHealthHot_Hot,0,EffectType.Beneficial
GE_JS_NPCSylvie_LowHealthHot_Hot,1,EffectType.GeneratesThreat
GE_JS_NPCSylvie_LowHealthHot_Hot,2,EffectType.Healing
GE_JS_NPCSylvie_LowHealthHot_Hot,3,EffectType.Hot
GE_JS_NPCSylvie_LowHealthHot_Hot,4,EffectType.Magic.Nature
GE_JS_NPCSylvie_LowHealthHot_Hot,5,EffectLogic.RemoveOnDeath
GE_JS_NPCSylvie_LowHealthHot_Hot,6,EffectVisualization.Icon
GE_JS_NPCSylvie_LowHealthHot_Hot,7,EffectVisualization.IconOnPartyUnitFrame
GE_JS_NPCSylvie_MeleeAutoAttack_Damage,0,EffectType.Harmful
GE_JS_NPCSylvie_MeleeAutoAttack_Damage,1,EffectType.Physical
GE_JS_NPCSylvie_PinkButterfly_Hot,0,EffectType.Beneficial
GE_JS_NPCSylvie_PinkButterfly_Hot,1,EffectType.Hot
GE_JS_NPCSylvie_PinkButterfly_Hot,2,EffectType.Healing
GE_JS_NPCSylvie_PinkButterfly_Hot,3,EffectType.GeneratesThreat
GE_JS_NPCSylvie_PinkButterfly_Hot,4,EffectType.Magic.Nature
GE_JS_NPCSylvie_PinkButterfly_Hot,5,EffectLogic.NotDispellable
GE_JS_NPCSylvie_PinkButterfly_Hot,6,EffectLogic.RemoveOnDeath
GE_JS_NPCSylvie_PinkButterfly_Hot,7,EffectVisualization.Icon
GE_JS_NPCSylvie_PinkButterfly_Hot,8,CustomAssetTags.Mosse.Butterfly.Behavior.Orbit
GE_JS_NPCSylvie_PinkButterfly_Hot,9,EffectVisualization.IconOnPartyUnitFrame
GE_JS_NPCSylvie_PinkButterfly_Idle,0,EffectLogic.System
GE_JS_NPCSylvie_PinkButterfly_Idle,1,CustomAssetTags.Mosse.Butterfly.Idle
GE_JS_TutorialGoblin_MeleeAutoAttack_Damage,0,EffectType.Harmful
GE_JS_TutorialGoblin_MeleeAutoAttack_Damage,1,EffectType.Physical
GE_JS_TutorialOrcCaster_Heal_Heal,0,EffectType.Beneficial
GE_JS_TutorialOrcCaster_Heal_Heal,1,EffectType.Healing
GE_JS_TutorialOrcCaster_Heal_Heal,2,EffectType.Magic
GE_JS_TutorialOrcCaster_MeleeAutoAttack_Damage,0,EffectType.Harmful
GE_JS_TutorialOrcCaster_MeleeAutoAttack_Damage,1,EffectType.Physical
GE_JS_TutorialOrc_MeleeAutoAttack_Damage,0,EffectType.Harmful
GE_JS_TutorialOrc_MeleeAutoAttack_Damage,1,EffectType.Physical
GE_JS_TutorialSmallGoblin_MeleeAutoAttack_Damage,0,EffectType.Harmful
GE_JS_TutorialSmallGoblin_MeleeAutoAttack_Damage,1,EffectType.Physical
GE_JS_TutorialTroll_Cone_Damage,0,EffectType.Magic.Fire
GE_JS_TutorialTroll_Cone_Damage,1,EffectType.Harmful
GE_JS_TutorialTroll_MeleeAutoAttack_Damage,0,EffectType.Harmful
GE_JS_TutorialTroll_MeleeAutoAttack_Damage,1,EffectType.Physical
GE_JS_TutorialTroll_PassiveAOEPools_Dot,0,GameplayEffect.RemoveOnDeath
GE_JS_TutorialTroll_PassiveAOEPools_Dot,1,EffectType.Debuff
GE_JS_TutorialTroll_PassiveAOEPools_Dot,2,EffectType.Dot
GE_JS_TutorialTroll_PassiveAOEPools_Dot,3,EffectType.Harmful
GE_JS_TutorialTroll_PassiveAOEPools_Dot,4,EffectLogic.RemoveOnDeath
GE_JS_TutorialTroll_PassiveAOEPools_Dot,5,EffectLogic.Fortified
GE_JS_TutorialTroll_ThrowRock_Damage,0,EffectType.Harmful
GE_JS_TutorialTroll_ThrowRock_Damage,1,EffectType.Physical
GE_JS_TutorialTroll_ThrowRock_Phase1Damage,0,EffectType.Harmful
GE_JS_TutorialTroll_ThrowRock_Phase1Damage,1,EffectType.Physical
GE_JS_TutorialTroll_ThrowRocksMinHealth,0,EffectType.Beneficial
GE_LegendaryStat_IncreasedCooldownReduction,0,EffectLogic.System
GE_LegendaryStat_IncreasedCooldownReduction,1,EffectType.Beneficial
GE_LegendaryStat_IncreasedDamageReduction,0,EffectLogic.System
GE_LegendaryStat_IncreasedDamageReduction,1,EffectType.Beneficial
GE_LegendaryStat_IncreasedPrimaryStat,0,EffectLogic.System
GE_LegendaryStat_IncreasedPrimaryStat,1,EffectType.Beneficial
GE_Lisa_AoeStaggerRemovalSpender_Cost,0,EffectLogic.System
GE_Lisa_AoeStaggerRemovalSpender_Cost,1,CustomAssetTags.Lisa.ResourceCost
GE_Lisa_AoeStaggerRemovalSpender_Heal,0,EffectType.GeneratesThreat
GE_Lisa_AoeStaggerRemovalSpender_Heal,1,EffectType.Magic.Arcane
GE_Lisa_AoeStaggerRemovalSpender_Heal,2,EffectType.Healing
GE_Lisa_AoeStaggerRemovalSpender_Heal,3,EffectLogic.HealAffectStagger
GE_Lisa_AoeStaggerRemovalSpender_Heal,4,EffectType.Beneficial
GE_Lisa_AoeStaggerRemovalSpender_RemoveStagger,0,EffectType.Beneficial
GE_Lisa_AoeStaggerRemovalSpender_RemoveStagger,1,EffectType.GeneratesThreat
GE_Lisa_AoeStaggerRemovalSpender_RemoveStagger,2,EffectType.Magic.Arcane
GE_Lisa_CastedHeal_Heal,0,EffectType.GeneratesThreat
GE_Lisa_CastedHeal_Heal,1,EffectType.Magic.Arcane
GE_Lisa_CastedHeal_Heal,2,EffectType.Healing
GE_Lisa_CastedHeal_Heal,3,CustomAssetTags.Lisa.CastedHealFromPreviousDamage.Heal
GE_Lisa_CastedHeal_Heal,4,CustomAssetTags.Lisa.CastedHeal.Heal
GE_Lisa_CastedHeal_Heal,5,EffectLogic.HealAffectStagger
GE_Lisa_CastedHeal_Heal,6,EffectType.Beneficial
GE_Lisa_CastedProjectileDamageIncreaseDebuff_Damage,0,EffectType.GeneratesThreat
GE_Lisa_CastedProjectileDamageIncreaseDebuff_Damage,1,EffectType.Harmful
GE_Lisa_CastedProjectileDamageIncreaseDebuff_Damage,2,EffectType.Magic.Arcane
GE_Lisa_CastedProjectileDamageIncreaseDebuff_Debuff,0,EffectType.Magic.Arcane
GE_Lisa_CastedProjectileDamageIncreaseDebuff_Debuff,1,EffectType.Harmful
GE_Lisa_CastedProjectileDamageIncreaseDebuff_Debuff,2,EffectVisualization.Icon
GE_Lisa_CastedProjectileDamageIncreaseDebuff_Debuff,3,EffectLogic.RemoveOnDeath
GE_Lisa_CastedProjectileDamageIncreaseDebuff_Debuff,4,CustomAssetTags.Lisa.CastedProjectileDamageIncreaseDebuff.Debuff
GE_Lisa_CastedProjectileDamageIncreaseDebuff_Debuff_OwnerEffect,0,EffectLogic.System
GE_Lisa_CastedSingleTargetProjectile_Damage,0,EffectType.GeneratesThreat
GE_Lisa_CastedSingleTargetProjectile_Damage,1,EffectType.Harmful
GE_Lisa_CastedSingleTargetProjectile_Damage,2,EffectType.Magic.Arcane
GE_Lisa_CastedSingleTargetProjectile_Damage,3,CustomAssetTags.Lisa.CastedSingleTargetProjectile.Damage
GE_Lisa_CastedSingleTargetProjectile_Damage,4,EffectType.SourceAbility.Basic
GE_Lisa_ChanneledHealOrDamageProjectiles_Damage,0,EffectType.GeneratesThreat
GE_Lisa_ChanneledHealOrDamageProjectiles_Damage,1,EffectType.Harmful
GE_Lisa_ChanneledHealOrDamageProjectiles_Damage,2,EffectType.Magic.Arcane
GE_Lisa_ChanneledHealOrDamageProjectiles_Heal,0,EffectType.GeneratesThreat
GE_Lisa_ChanneledHealOrDamageProjectiles_Heal,1,EffectType.Magic.Arcane
GE_Lisa_ChanneledHealOrDamageProjectiles_Heal,2,EffectType.Healing
GE_Lisa_ChanneledHealOrDamageProjectiles_Heal,3,CustomAssetTags.Lisa.ChanneledHealOrDamageProjectilesSpender.Heal
GE_Lisa_InstantDamageSpender_Absorb_Absorb,0,EffectType.Absorption
GE_Lisa_InstantDamageSpender_Absorb_Absorb,1,EffectType.Beneficial
GE_Lisa_InstantDamageSpender_Absorb_Absorb,2,EffectType.GeneratesThreat
GE_Lisa_InstantDamageSpender_Absorb_Absorb,3,EffectLogic.RemoveOnDeath
GE_Lisa_InstantDamageSpender_Absorb_Absorb,4,EffectVisualization.Icon
GE_Lisa_InstantDamageSpender_Absorb_Absorb,5,EffectVisualization.IconOnPartyUnitFrame
GE_Lisa_InstantDamageSpender_Absorb_Absorb,6,EffectType.Magic.Arcane
GE_Lisa_InstantDamageSpender_Absorb_Absorb,7,CustomAssetTags.Lisa.Talent.InstantDamageSpender.Absorb
GE_Lisa_InstantDamageSpender_Cost,0,EffectLogic.System
GE_Lisa_InstantDamageSpender_Cost,1,CustomAssetTags.Lisa.ResourceCost
GE_Lisa_InstantDamageSpender_Damage,0,EffectType.GeneratesThreat
GE_Lisa_InstantDamageSpender_Damage,1,EffectType.Harmful
GE_Lisa_InstantDamageSpender_Damage,2,EffectType.Magic.Arcane
GE_Lisa_InstantDamageSpender_Damage,3,CustomAssetTags.Lisa.InstantDamageSpender.Damage
GE_Lisa_InstantDamageSpender_SelfBuff_Buff,0,EffectType.Beneficial
GE_Lisa_InstantDamageSpender_SelfBuff_Buff,1,EffectType.Magic.Arcane
GE_Lisa_InstantDamageSpender_SelfBuff_Buff,2,EffectType.Buff
GE_Lisa_InstantDamageSpender_SelfBuff_Buff,3,EffectLogic.RemoveOnDeath
GE_Lisa_InstantDamageSpender_SelfBuff_Buff,4,EffectVisualization.IconOnPartyUnitFrame
GE_Lisa_InstantDamageSpender_SelfBuff_Buff,5,EffectVisualization.Icon
GE_Lisa_InstantSelfBuff_SelfBuff,0,EffectType.Magic.Arcane
GE_Lisa_InstantSelfBuff_SelfBuff,1,EffectType.Beneficial
GE_Lisa_InstantSelfBuff_SelfBuff,2,EffectVisualization.Icon
GE_Lisa_InstantSelfBuff_SelfBuff,3,EffectVisualization.HeroSuperBuffbar
GE_Lisa_InstantSelfBuff_SelfBuff,4,CustomAssetTags.Lisa.InstantSelfBuff.SelfBuff
GE_Lisa_InstantSingleTargetDamageAndDot_Damage,0,EffectType.Harmful
GE_Lisa_InstantSingleTargetDamageAndDot_Damage,1,EffectType.GeneratesThreat
GE_Lisa_InstantSingleTargetDamageAndDot_Damage,2,EffectType.Magic.Arcane
GE_Lisa_InstantSingleTargetDamageAndDot_Dot,0,EffectType.Debuff
GE_Lisa_InstantSingleTargetDamageAndDot_Dot,1,EffectType.Dot
GE_Lisa_InstantSingleTargetDamageAndDot_Dot,2,EffectType.Harmful
GE_Lisa_InstantSingleTargetDamageAndDot_Dot,3,EffectType.GeneratesThreat
GE_Lisa_InstantSingleTargetDamageAndDot_Dot,4,EffectVisualization.Icon
GE_Lisa_InstantSingleTargetDamageAndDot_Dot,5,EffectLogic.RemoveOnDeath
GE_Lisa_InstantSingleTargetDamageAndDot_Dot,6,EffectType.Magic.Arcane
GE_Lisa_InstantSingleTargetDamageAndDot_Dot,7,EffectLogic.CarryOverDuration
GE_Lisa_InstantSingleTargetDamageAndDot_Dot,8,CustomAssetTags.Lisa.InstantSingleTargetDamageAndDot.Dot
GE_Lisa_OutgoingDamageToHealManager_Heal,0,EffectType.Beneficial
GE_Lisa_OutgoingDamageToHealManager_Heal,1,EffectType.Healing
GE_Lisa_OutgoingDamageToHealManager_Heal,2,EffectType.Magic.Arcane
GE_Lisa_OutgoingDamageToHealManager_Heal,3,CustomAssetTags.Lisa.DamageToHeal
GE_Lisa_OutgoingDamageToHealManager_Heal,4,EffectLogic.HealAffectStagger
GE_Lisa_Passive_ReducedIncomingDamage,0,EffectLogic.System
GE_Lisa_Passive_ReducedIncomingDamage,1,EffectVisualization.Icon
GE_Lisa_Passive_ReducedIncomingDamage,2,EffectType.Magic.Arcane
GE_Lisa_Passive_ReducedIncomingDamage,3,EffectType.Beneficial
GE_Lisa_Passive_ReducedIncomingDamage,4,EffectType.Buff
GE_Lisa_Passive_ReducedIncomingDamage,5,EffectLogic.AlwaysApply
GE_Lisa_Passive_ReducedIncomingDamage,6,GameplayEffect.PermanentNotRemovable
GE_Lisa_PauseResourcesAndPartyHealth_Heal,0,EffectType.Beneficial
GE_Lisa_PauseResourcesAndPartyHealth_Heal,1,EffectType.GeneratesThreat
GE_Lisa_PauseResourcesAndPartyHealth_Heal,2,EffectType.Healing
GE_Lisa_PauseResourcesAndPartyHealth_Heal,3,EffectType.Magic.Arcane
GE_Lisa_PauseResourcesAndPartyHealth_HealthBuff,0,EffectType.Beneficial
GE_Lisa_PauseResourcesAndPartyHealth_HealthBuff,1,EffectType.Magic.Arcane
GE_Lisa_PauseResourcesAndPartyHealth_HealthBuff,2,EffectLogic.RemoveOnDeath
GE_Lisa_PauseResourcesAndPartyHealth_HealthBuff,3,EffectLogic.RemoveOnSourceDeath
GE_Lisa_PauseResourcesAndPartyHealth_HealthBuff,4,EffectVisualization.Icon
GE_Lisa_PauseResourcesAndPartyHealth_HealthBuff,5,EffectVisualization.IconOnPartyUnitFrame
GE_Lisa_PauseResourcesAndPartyHealth_SelfBuff,0,EffectType.Beneficial
GE_Lisa_PauseResourcesAndPartyHealth_SelfBuff,1,EffectType.Magic.Arcane
GE_Lisa_PauseResourcesAndPartyHealth_SelfBuff,2,EffectLogic.RemoveOnDeath
GE_Lisa_PauseResourcesAndPartyHealth_SelfBuff,3,CustomAssetTags.Lisa.PauseResourcesAndPartyHealth.SelfBuff
GE_Lisa_SingleAllyDispel_Dispel,0,EffectType.Beneficial
GE_Lisa_SingleAllyDispel_Dispel,1,EffectType.GeneratesThreat
GE_Lisa_SingleAllyDispel_Dispel,2,EffectType.Magic.Arcane
GE_Lisa_SingleTargetDamageImmunityBuff_Buff,0,EffectType.Beneficial
GE_Lisa_SingleTargetDamageImmunityBuff_Buff,1,EffectType.Magic.Arcane
GE_Lisa_SingleTargetDamageImmunityBuff_Buff,2,EffectLogic.RemoveOnDeath
GE_Lisa_SingleTargetDamageImmunityBuff_Buff,3,EffectVisualization.Icon
GE_Lisa_SingleTargetDamageImmunityBuff_Buff,4,EffectVisualization.IconOnPartyUnitFrame
GE_Lisa_SingleTargetDot_Dot,0,EffectType.Debuff
GE_Lisa_SingleTargetDot_Dot,1,EffectType.Dot
GE_Lisa_SingleTargetDot_Dot,2,EffectType.Harmful
GE_Lisa_SingleTargetDot_Dot,3,EffectType.GeneratesThreat
GE_Lisa_SingleTargetDot_Dot,4,EffectVisualization.Icon
GE_Lisa_SingleTargetDot_Dot,5,EffectLogic.RemoveOnDeath
GE_Lisa_SingleTargetDot_Dot,6,EffectType.Magic.Arcane
GE_Lisa_SingleTargetDot_Dot,7,CustomAssetTags.Lisa.SingleTargetDot.Dot
GE_Lisa_SingleTargetStaggerRemovalSpender_Cost,0,EffectLogic.System
GE_Lisa_SingleTargetStaggerRemovalSpender_Cost,1,CustomAssetTags.Lisa.ResourceCost
GE_Lisa_SingleTargetStaggerRemovalSpender_Heal,0,EffectType.GeneratesThreat
GE_Lisa_SingleTargetStaggerRemovalSpender_Heal,1,EffectType.Magic.Arcane
GE_Lisa_SingleTargetStaggerRemovalSpender_Heal,2,EffectType.Healing
GE_Lisa_SingleTargetStaggerRemovalSpender_Heal,3,EffectLogic.HealAffectStagger
GE_Lisa_SingleTargetStaggerRemovalSpender_Heal,4,EffectType.Beneficial
GE_Lisa_SingleTargetStaggerRemovalSpender_Heal,5,CustomAssetTags.Lisa.SingleTargetStaggerRemovalSpender.Heal
GE_Lisa_SingleTargetStaggerRemovalSpender_RemoveStagger,0,EffectType.Beneficial
GE_Lisa_SingleTargetStaggerRemovalSpender_RemoveStagger,1,EffectType.GeneratesThreat
GE_Lisa_SingleTargetStaggerRemovalSpender_RemoveStagger,2,EffectType.Magic.Arcane
GE_Lisa_SpiritRefund_GuaranteedSpiritProcBuff__Proc,0,EffectLogic.System
GE_Lisa_SpiritRefund_GuaranteedSpiritProcBuff__Proc,1,EffectType.Beneficial
GE_Lisa_SpiritRefund_GuaranteedSpiritProcBuff__Proc,2,EffectVisualization.Icon
GE_Lisa_SpiritRefund_GuaranteedSpiritProcBuff__Proc,3,EffectVisualization.HeroSuperBuffbar
GE_Lisa_Stagger_Attributes,0,EffectLogic.System
GE_Lisa_Stagger_Attributes,1,EffectType.Beneficial
GE_Lisa_Stagger_Attributes,2,EffectType.Buff
GE_Lisa_Stagger_Attributes,3,EffectType.Magic.Arcane
GE_Lisa_Stagger_Attributes,4,EffectLogic.NoThreatGeneration
GE_Lisa_Stagger_Attributes,5,EffectLogic.RemoveOnSourceDeath
GE_Lisa_Stagger_Attributes,6,EffectVisualization.Icon
GE_Lisa_Stagger_Attributes,7,EffectVisualization.IconOnPartyUnitFrame
GE_Lisa_Stagger_Attributes,8,EffectLogic.RemoveOnDeath
GE_Lisa_Stagger_Attributes,9,CustomAssetTags.Lisa.Stagger.Attributes
GE_Lisa_Talent_CastedProjectileDamageIncreaseDebuff_DamageAbilityBuff_Buff,0,EffectLogic.System
GE_Lisa_Talent_CastedProjectileDamageIncreaseDebuff_DamageAbilityBuff_Buff,1,EffectType.Beneficial
GE_Lisa_Talent_CastedProjectileDamageIncreaseDebuff_DamageAbilityBuff_Buff,2,EffectVisualization.HeroSuperBuffbar
GE_Lisa_Talent_CastedProjectileDamageIncreaseDebuff_DamageAbilityBuff_Buff,3,EffectVisualization.Icon
GE_Lisa_Talent_CastedProjectileDamageIncreaseDebuff_DamageAbilityBuff_Buff,4,EffectLogic.RemoveOnDeath
GE_Lisa_Talent_CastedProjectileDamageIncreaseDebuff_DamageAbilityBuff_Stun,0,EffectType.CrowdControl
GE_Lisa_Talent_CastedProjectileDamageIncreaseDebuff_DamageAbilityBuff_Stun,1,EffectType.MovementImpairing
GE_Lisa_Talent_CastedProjectileDamageIncreaseDebuff_DamageAbilityBuff_Stun,2,EffectLogic.RemoveOnDeath
GE_Lisa_Talent_CastedProjectileDamageIncreaseDebuff_DamageAbilityBuff_Stun,3,EffectType.GeneratesThreat
GE_Lisa_Talent_CastedProjectileDamageIncreaseDebuff_DamageAbilityBuff_Stun,4,EffectVisualization.Icon
GE_Lisa_Talent_CastedProjectileDamageIncreaseDebuff_DamageAbilityBuff_Stun,5,EffectType.Stun
GE_Lisa_Talent_CastedProjectileDamageIncreaseDebuff_DamageAbilityBuff_Stun,6,EffectType.Harmful
GE_Lisa_Talent_CastedProjectileDamageIncreaseDebuff_DamageAbilityBuff_Stun,7,EffectType.Physical
GE_Lisa_Talent_CastedProjectileDamageIncreaseDebuff_InstigatorBuff_Buff,0,EffectLogic.System
GE_Lisa_Talent_CastedProjectileDamageIncreaseDebuff_InstigatorBuff_Buff,1,EffectType.Beneficial
GE_Lisa_Talent_CastedProjectileDamageIncreaseDebuff_InstigatorBuff_Buff,2,EffectLogic.RemoveOnDeath
GE_Lisa_Talent_CastedSingleTargetProjectile_CastedHealFromPreviousDamageProc_Proc,0,EffectLogic.System
GE_Lisa_Talent_CastedSingleTargetProjectile_CastedHealFromPreviousDamageProc_Proc,1,EffectType.Beneficial
GE_Lisa_Talent_CastedSingleTargetProjectile_CastedHealFromPreviousDamageProc_Proc,2,EffectType.Buff
GE_Lisa_Talent_CastedSingleTargetProjectile_CastedHealFromPreviousDamageProc_Proc,3,EffectType.Magic.Arcane
GE_Lisa_Talent_CastedSingleTargetProjectile_CastedHealFromPreviousDamageProc_Proc,4,EffectVisualization.Icon
GE_Lisa_Talent_CastedSingleTargetProjectile_CastedHealFromPreviousDamageProc_Proc,5,EffectVisualization.HeroSuperBuffbar
GE_Lisa_Talent_CastedSingleTargetProjectile_CastedHealFromPreviousDamageProc_Proc,6,EffectLogic.RemoveOnDeath
GE_Lisa_Talent_ChanneledHealOrDamageProjectilesSpender_OverhealAbsorb_Absorb,0,EffectType.Absorption
GE_Lisa_Talent_ChanneledHealOrDamageProjectilesSpender_OverhealAbsorb_Absorb,1,EffectType.Beneficial
GE_Lisa_Talent_ChanneledHealOrDamageProjectilesSpender_OverhealAbsorb_Absorb,2,EffectType.GeneratesThreat
GE_Lisa_Talent_ChanneledHealOrDamageProjectilesSpender_OverhealAbsorb_Absorb,3,EffectLogic.RemoveOnDeath
GE_Lisa_Talent_ChanneledHealOrDamageProjectilesSpender_OverhealAbsorb_Absorb,4,EffectVisualization.Icon
GE_Lisa_Talent_ChanneledHealOrDamageProjectilesSpender_OverhealAbsorb_Absorb,5,EffectVisualization.IconOnPartyUnitFrame
GE_Lisa_Talent_ChanneledHealOrDamageProjectilesSpender_OverhealAbsorb_Absorb,6,EffectType.Magic.Arcane
GE_Lisa_Talent_DecreasedIncomingMagicDamage,0,EffectLogic.System
GE_Lisa_Talent_InstantDamageSpender_DamageToDot_Dot,0,EffectType.Dot
GE_Lisa_Talent_InstantDamageSpender_DamageToDot_Dot,1,EffectType.Harmful
GE_Lisa_Talent_InstantDamageSpender_DamageToDot_Dot,2,EffectType.Magic.Arcane
GE_Lisa_Talent_InstantDamageSpender_DamageToDot_Dot,3,EffectLogic.RemoveOnDeath
GE_Lisa_Talent_InstantDamageSpender_DamageToDot_Dot,4,EffectVisualization.Icon
GE_Lisa_Talent_InstantDamageSpender_DamageToDot_Dot,5,CustomAssetTags.Lisa.AlwaysGoToHeal
GE_Lisa_Talent_InstantDamageSpender_DamageToDot_Dot,6,CustomAssetTags.Lisa.Talent.InstantDamageSpender.DamageToDot.Dot
GE_Lisa_Talent_InstantDamageSpender_SelfBuff_Buff,0,EffectType.Beneficial
GE_Lisa_Talent_InstantDamageSpender_SelfBuff_Buff,1,EffectType.Magic.Arcane
GE_Lisa_Talent_InstantDamageSpender_SelfBuff_Buff,2,EffectType.Buff
GE_Lisa_Talent_InstantDamageSpender_SelfBuff_Buff,3,EffectLogic.RemoveOnDeath
GE_Lisa_Talent_InstantDamageSpender_SelfBuff_Buff,4,EffectVisualization.IconOnPartyUnitFrame
GE_Lisa_Talent_InstantDamageSpender_SelfBuff_Buff,5,EffectVisualization.Icon
GE_Lisa_Talent_InstantSelfBuff_FullResources,0,EffectType.Beneficial
GE_Lisa_Talent_InstantSelfBuff_FullResources,1,EffectType.Magic.Arcane
GE_Lisa_Talent_Passive_InstantSelfBuff_DetonateAllActiveDots_Damage,0,EffectType.Harmful
GE_Lisa_Talent_Passive_InstantSelfBuff_DetonateAllActiveDots_Damage,1,EffectType.GeneratesThreat
GE_Lisa_Talent_Passive_InstantSelfBuff_DetonateAllActiveDots_Damage,2,EffectType.Magic.Arcane
GE_Lisa_Talent_Passive_InstantSelfBuff_DetonateAllActiveDots_Damage,3,CustomAssetTags.Lisa.AlwaysGoToHeal
GE_Lisa_Talent_Passive_OverhealToStackingDamageReduction_DamageReductionBuff,0,EffectVisualization.Icon
GE_Lisa_Talent_Passive_OverhealToStackingDamageReduction_DamageReductionBuff,1,EffectType.Magic.Arcane
GE_Lisa_Talent_Passive_OverhealToStackingDamageReduction_DamageReductionBuff,2,EffectType.Beneficial
GE_Lisa_Talent_Passive_OverhealToStackingDamageReduction_DamageReductionBuff,3,EffectType.Buff
GE_Lisa_Talent_Passive_OverhealToStackingDamageReduction_DamageReductionBuff,4,EffectLogic.AlwaysApply
GE_Lisa_Talent_Passive_OverhealToStackingDamageReduction_DamageReductionBuff,5,EffectVisualization.HeroSuperBuffbar
GE_Lisa_Talent_ResourceThresholdBuffs_DamageIncrease,0,EffectType.Beneficial
GE_Lisa_Talent_ResourceThresholdBuffs_DamageIncrease,1,EffectType.Magic.Arcane
GE_Lisa_Talent_ResourceThresholdBuffs_DamageIncrease,2,EffectLogic.System
GE_Lisa_Talent_ResourceThresholdBuffs_DamageIncrease,3,EffectLogic.NotDispellable
GE_Lisa_Talent_ResourceThresholdBuffs_DamageReduction,0,EffectType.Beneficial
GE_Lisa_Talent_ResourceThresholdBuffs_DamageReduction,1,EffectType.Magic.Arcane
GE_Lisa_Talent_ResourceThresholdBuffs_DamageReduction,2,EffectLogic.System
GE_Lisa_Talent_ResourceThresholdBuffs_DamageReduction,3,EffectLogic.NotDispellable
GE_Lisa_Talent_ResourceThresholdBuffs_DamageReduction,4,EffectVisualization.Icon
GE_Lisa_Talent_ResourceThresholdBuffs_DamageReduction,5,EffectVisualization.HeroSuperBuffbar
GE_Lisa_Talent_ResourceThresholdBuffs_ResourceIncrease,0,EffectLogic.System
GE_Lisa_Talent_ResourceThresholdBuffs_ResourceIncrease,1,EffectType.Beneficial
GE_Lisa_Talent_ResourceThresholdBuffs_ResourceIncrease,2,EffectType.Magic.Arcane
GE_Lisa_Talent_ResourceThresholdBuffs_ResourceIncrease,3,EffectLogic.NotDispellable
GE_Lisa_Talent_ResourceToFreeSpender_Proc,0,EffectLogic.System
GE_Lisa_Talent_ResourceToFreeSpender_Proc,1,EffectType.Beneficial
GE_Lisa_Talent_ResourceToFreeSpender_Proc,2,EffectLogic.RemoveOnDeath
GE_Lisa_Talent_ResourceToFreeSpender_Stacker,0,EffectLogic.System
GE_Lisa_Talent_ResourceToFreeSpender_Stacker,1,EffectType.Beneficial
GE_Lisa_Talent_ResourceToFreeSpender_Stacker,2,EffectVisualization.Icon
GE_Lisa_Talent_ResourceToFreeSpender_Stacker,3,EffectLogic.RemoveOnDeath
GE_Lisa_Talent_ResourceToFreeSpender_Stacker,4,EffectVisualization.HeroSuperBuffbar
GE_Lisa_Talent_SingleTargetDot_DamageDecrease,0,EffectType.Harmful
GE_Lisa_Talent_SingleTargetDot_DamageDecrease,1,EffectLogic.System
GE_Lisa_Talent_SingleTargetDot_DotAoe_Damage,0,EffectType.Harmful
GE_Lisa_Talent_SingleTargetDot_DotAoe_Damage,1,EffectType.Magic.Arcane
GE_Lisa_Talent_SingleTargetDot_DotAoe_Damage,2,EffectType.GeneratesThreat
GE_Lisa_Talent_SingleTargetDot_DotAoe_Dot,0,EffectType.Harmful
GE_Lisa_Talent_SingleTargetDot_DotAoe_Dot,1,EffectType.Magic.Arcane
GE_Lisa_Talent_SingleTargetDot_DotAoe_Dot,2,EffectType.GeneratesThreat
GE_Lisa_Talent_SingleTargetDot_DotAoe_Dot,3,EffectType.Dot
GE_Lisa_Talent_SingleTargetDot_DotAoe_Dot,4,EffectLogic.RemoveOnDeath
GE_Lisa_Talent_SingleTargetDot_DotAoe_Dot,5,EffectVisualization.Icon
GE_Lisa_Talent_SingleTargetDot_DotAoe_Dot,6,CustomAssetTags.Lisa.AlwaysGoToHeal
GE_Lisa_Talent_SpendersToManaRegen_ManaRegen,0,EffectVisualization.Icon
GE_Lisa_Talent_SpendersToManaRegen_ManaRegen,1,EffectLogic.RemoveOnDeath
GE_Lisa_Talent_SpendersToManaRegen_ManaRegen,2,EffectType.Beneficial
GE_Lisa_Talent_SpendersToManaRegen_ManaRegen,3,EffectVisualization.HeroSuperBuffbar
GE_Lisa_Talent_StaggerOverhealToStackingHeal_Cooldown,0,EffectLogic.System
GE_Lisa_Talent_StaggerOverhealToStackingHeal_Cooldown,1,EffectVisualization.Icon
GE_Lisa_Talent_StaggerOverhealToStackingHeal_Cooldown,2,EffectType.Harmful
GE_Lisa_Talent_StaggerOverhealToStackingHeal_Cooldown,3,EffectType.Debuff
GE_Lisa_Talent_StaggerOverhealToStackingHeal_Heal,0,EffectType.GeneratesThreat
GE_Lisa_Talent_StaggerOverhealToStackingHeal_Heal,1,EffectType.Magic.Arcane
GE_Lisa_Talent_StaggerOverhealToStackingHeal_Heal,2,EffectType.Beneficial
GE_Lisa_Talent_StaggerOverhealToStackingHeal_Heal,3,EffectType.Healing
GE_Lisa_Talent_StaggerOverhealToStackingHeal_HealStacker,0,EffectVisualization.Icon
GE_Lisa_Talent_StaggerOverhealToStackingHeal_HealStacker,1,EffectType.Beneficial
GE_Lisa_Talent_StaggerOverhealToStackingHeal_HealStacker,2,EffectLogic.System
GE_Lisa_Talent_StaggerOverhealToStackingHeal_HealStacker,3,EffectVisualization.HeroSuperBuffbar
GE_Lisa_Talent_StaggerRemovalOverTime,0,EffectType.GeneratesThreat
GE_Lisa_Talent_StaggerRemovalOverTime,1,EffectVisualization.Icon
GE_Lisa_Talent_StaggerRemovalOverTime,2,EffectLogic.RemoveOnDeath
GE_Lisa_Talent_StaggerRemovalOverTime,3,EffectType.Magic.Arcane
GE_Lisa_Talent_StaggerRemovalOverTime,4,EffectType.Beneficial
GE_Lisa_Talent_StaggerRemovalOverTime,5,EffectVisualization.IconOnPartyUnitFrame
GE_Lisa_Talent_TeleportForward_DamageReduction_Buff,0,EffectType.Beneficial
GE_Lisa_Talent_TeleportForward_DamageReduction_Buff,1,EffectType.Magic.Arcane
GE_Lisa_Talent_TeleportForward_DamageReduction_Buff,2,EffectLogic.RemoveOnDeath
GE_Lisa_Talent_TeleportForward_DamageReduction_Buff,3,EffectVisualization.HeroSuperBuffbar
GE_Lisa_Talent_TeleportForward_DamageReduction_Buff,4,EffectVisualization.Icon
GE_Lisa_TargetedAoeSilence_Buff,0,EffectType.Magic.Arcane
GE_Lisa_TargetedAoeSilence_Buff,1,EffectLogic.RemoveOnDeath
GE_Lisa_TargetedAoeSilence_Buff,2,EffectVisualization.Icon
GE_Lisa_TargetedAoeSilence_Buff,3,EffectType.Silencing
GE_Lisa_TargetedAoeSilence_Buff,4,EffectType.Harmful
GE_Lisa_TargetedAoeSilence_Interrupt,0,EffectType.Harmful
GE_Lisa_TargetedAoeSilence_Interrupt,1,EffectType.GeneratesThreat
GE_Lisa_TargetedAoeSilence_Interrupt,2,EffectType.Magic.Frost
GE_Lisa_TeleportForward_MoveSpeedBuff,0,EffectType.Beneficial
GE_Lisa_TeleportForward_MoveSpeedBuff,1,EffectLogic.RemoveOnDeath
GE_Lisa_TeleportForward_MoveSpeedBuff,2,EffectVisualization.Icon
GE_Lisa_TeleportForward_MoveSpeedBuff,3,CustomAssetTags.Lisa.TeleportForward.Buff
GE_MC_BloodAnimation_AutoAttackMelee_Damage,0,EffectType.Physical
GE_MC_BloodAnimation_AutoAttackMelee_Damage,1,EffectType.Harmful
GE_MC_BloodAnimation_PassiveAoeDamageSelf_AoeDamage,0,EffectType.Physical
GE_MC_BloodAnimation_PassiveAoeDamageSelf_AoeDamage,1,EffectType.Harmful
GE_MC_BloodCaster_CastProjectile_Damage,0,EffectType.Harmful
GE_MC_BloodCaster_CastProjectile_Damage,1,EffectType.Magic.Blood
GE_MC_BloodCaster_CastedBleed_Bleed_Dot,0,EffectType.Debuff
GE_MC_BloodCaster_CastedBleed_Bleed_Dot,1,EffectType.Dot
GE_MC_BloodCaster_CastedBleed_Bleed_Dot,2,EffectType.Harmful
GE_MC_BloodCaster_CastedBleed_Bleed_Dot,3,EffectVisualization.Icon
GE_MC_BloodCaster_CastedBleed_Bleed_Dot,4,EffectLogic.RemoveOnDeath
GE_MC_BloodCaster_CastedBleed_Bleed_Dot,5,EffectType.Magic.Blood
GE_MC_BloodCaster_CastedBleed_Bleed_Dot,6,EffectVisualization.IconOnPartyUnitFrame
GE_MC_BloodCaster_CastedBleed_Bleed_OverflowInstantDeath,0,AbilityType.Magic.Blood
GE_MC_BloodCaster_CastedBleed_Bleed_OverflowInstantDeath,1,EffectType.Harmful
GE_MC_BloodCaster_CastedBleed_Bleed_OverflowInstantDeath,2,EffectType.Magic.Blood
GE_MC_BloodCaster_CastedBleed_WarningOnIntendedTarget,0,EffectType.Harmful
GE_MC_BloodCaster_CastedBleed_WarningOnIntendedTarget,1,EffectLogic.NotDispellable
GE_MC_BloodCaster_CastedBleed_WarningOnIntendedTarget,2,EffectLogic.RemoveOnDeath
GE_MC_BloodCaster_CastedBleed_WarningOnIntendedTarget,3,EffectLogic.LockedDuration
GE_MC_BloodCaster_ChanneledTickingAoE_BloodCrystalRemainingHealthDammage,0,EffectType.Harmful
GE_MC_BloodCaster_ChanneledTickingAoE_BloodCrystalRemainingHealthDammage,1,EffectType.Magic.Blood
GE_MC_BloodCaster_ChanneledTickingAoE_BloodCrystalRemainingHealthDammage,2,CustomAssetTags.MC.BloodCaster.ChanneledTickingAoE.BloodCrystalDamage
GE_MC_BloodCaster_ChanneledTickingAoE_Damage,0,EffectType.Harmful
GE_MC_BloodCaster_ChanneledTickingAoE_Damage,1,EffectType.Magic.Blood
GE_MC_BloodCaster_MeleeAutoAttack_Damage,0,EffectType.Physical
GE_MC_BloodCaster_MeleeAutoAttack_Damage,1,EffectType.Harmful
GE_MC_BloodCrystal_ChanneledDamageReduction_Buff,0,EffectType.Buff
GE_MC_BloodCrystal_ChanneledDamageReduction_Buff,1,EffectType.Beneficial
GE_MC_BloodCrystal_ChanneledDamageReduction_Buff,2,EffectLogic.RemoveOnDeath
GE_MC_BloodCrystal_ChanneledDamageReduction_Buff,3,EffectType.GeneratesThreat
GE_MC_BloodCrystal_ChanneledDamageReduction_Buff,4,EffectType.Physical
GE_MC_BloodCrystal_ChanneledDamageReduction_Buff,5,EffectVisualization.Icon
GE_MC_BloodCrystal_DamageImmunity,0,EffectType.Magic.Blood
GE_MC_BloodCrystal_DamageImmunity,1,EffectType.Beneficial
GE_MC_BloodCrystal_DamageImmunity,2,EffectType.Buff
GE_MC_BloodCrystal_DamageImmunity,3,EffectLogic.NotDispellable
GE_MC_BloodCrystal_DamageImmunity,4,EffectVisualization.Icon
GE_MC_BloodCrystal_DamageImmunity,5,EffectLogic.RemoveOnDeath
GE_MC_BloodFountain_BloodStack,0,EffectType.Harmful
GE_MC_BloodFountain_BloodStack,1,EffectType.Magic.Blood
GE_MC_BloodFountain_BloodStack,2,EffectType.Debuff
GE_MC_BloodFountain_BloodStack,3,EffectLogic.NotDispellable
GE_MC_BloodFountain_BloodStack,4,EffectVisualization.Icon
GE_MC_BloodFountain_BloodStack,5,CustomAssetTags.MC.BloodFountain.BloodStack
GE_MC_BloodFountain_BoostGhost,0,EffectType.Beneficial
GE_MC_BloodFountain_BoostGhost,1,EffectType.Buff
GE_MC_BloodFountain_BoostGhost,2,EffectType.Magic.Necromancy
GE_MC_BloodFountain_BoostGhost,3,EffectLogic.NotDispellable
GE_MC_BloodFountain_BoostGhost,4,EffectVisualization.Icon
GE_MC_BloodFountain_FountainNearby,0,EffectLogic.NotDispellable
GE_MC_BloodFountain_FountainNearby,1,EffectType.Beneficial
GE_MC_BloodFountain_FountainNearby,2,AbilityType.Magic
GE_MC_BloodFountain_FountainNearby,3,GameplayEffect.PermanentNotRemovable
GE_MC_BloodFountain_SuckCooldown,0,EffectLogic.NotDispellable
GE_MC_BloodGrunt_AutoAttack_Damage,0,EffectType.Physical
GE_MC_BloodGrunt_AutoAttack_Damage,1,EffectType.Harmful
GE_MC_BloodGrunt_Jump_DebuffMovementDealsDamage,0,EffectType.Debuff
GE_MC_BloodGrunt_Jump_DebuffMovementDealsDamage,1,EffectType.Dot
GE_MC_BloodGrunt_Jump_DebuffMovementDealsDamage,2,EffectType.Harmful
GE_MC_BloodGrunt_Jump_DebuffMovementDealsDamage,3,EffectType.Physical.Bleed
GE_MC_BloodGrunt_Jump_DebuffMovementDealsDamage,4,EffectVisualization.Icon
GE_MC_BloodGrunt_Jump_DebuffMovementDealsDamage,5,EffectLogic.RemoveOnDeath
GE_MC_BloodGrunt_Jump_DebuffMovementDealsDamage_Damage,0,EffectType.Debuff
GE_MC_BloodGrunt_Jump_DebuffMovementDealsDamage_Damage,1,EffectType.Dot
GE_MC_BloodGrunt_Jump_DebuffMovementDealsDamage_Damage,2,EffectType.Harmful
GE_MC_BloodGrunt_Jump_DebuffMovementDealsDamage_Damage,3,EffectType.Physical.Bleed
GE_MC_BloodGrunt_Jump_DebuffMovementDealsDamage_Damage,4,EffectLogic.RemoveOnDeath
GE_MC_BloodGrunt_Jump_LandDamage,0,EffectType.Harmful
GE_MC_BloodGrunt_Jump_LandDamage,1,EffectType.Physical
GE_MC_BloodGrunt_OnDeathAoe_Damage,0,EffectType.Harmful
GE_MC_BloodGrunt_OnDeathAoe_Damage,1,EffectType.Magic.Blood
GE_MC_BloodGrunt_SaveSelf,0,EffectLogic.AlwaysApply
GE_MC_BloodGrunt_SaveSelf,1,EffectType.Beneficial
GE_MC_BloodGuard_AutoAttack_Damage,0,EffectType.Physical
GE_MC_BloodGuard_AutoAttack_Damage,1,EffectType.Harmful
GE_MC_BloodGuard_BladeProjectile_Damage,0,EffectType.Physical
GE_MC_BloodGuard_BladeProjectile_Damage,1,EffectType.Harmful
GE_MC_BloodGuard_CastedBuffAllies_Buff,0,Effect.Buff
GE_MC_BloodGuard_CastedBuffAllies_Buff,1,EffectVisualization.Icon
GE_MC_BloodGuard_CastedBuffAllies_Buff,2,EffectLogic.RemoveOnDeath
GE_MC_BloodGuard_CastedBuffAllies_Buff,3,EffectType.Beneficial
GE_MC_BloodGuard_CastedBuffAllies_Buff,4,EffectType.Magic.Blood
GE_MC_BloodGuard_ChanneledDamageReduction_Buff,0,EffectType.Buff
GE_MC_BloodGuard_ChanneledDamageReduction_Buff,1,EffectType.Beneficial
GE_MC_BloodGuard_ChanneledDamageReduction_Buff,2,EffectLogic.RemoveOnDeath
GE_MC_BloodGuard_ChanneledDamageReduction_Buff,3,EffectType.GeneratesThreat
GE_MC_BloodGuard_ChanneledDamageReduction_Buff,4,EffectType.Physical
GE_MC_BloodGuard_ChanneledDamageReduction_Buff,5,EffectVisualization.Icon
GE_MC_BloodGuard_ChargeHalfHealth_BleedDot,0,EffectType.Debuff
GE_MC_BloodGuard_ChargeHalfHealth_BleedDot,1,EffectType.Dot
GE_MC_BloodGuard_ChargeHalfHealth_BleedDot,2,EffectType.Harmful
GE_MC_BloodGuard_ChargeHalfHealth_BleedDot,3,EffectVisualization.Icon
GE_MC_BloodGuard_ChargeHalfHealth_BleedDot,4,EffectLogic.RemoveOnDeath
GE_MC_BloodGuard_ChargeHalfHealth_BleedDot,5,EffectVisualization.IconOnPartyUnitFrame
GE_MC_BloodGuard_ChargeHalfHealth_BleedDot,6,EffectType.Physical.Bleed
GE_MC_BloodGuard_ChargeHalfHealth_Damage,0,EffectType.Harmful
GE_MC_BloodGuard_ChargeHalfHealth_Damage,1,EffectType.Physical
GE_MC_BloodHound_CastedAoeDamageAndSilence_Damage,0,EffectType.Harmful
GE_MC_BloodHound_CastedAoeDamageAndSilence_Damage,1,EffectType.Physical
GE_MC_BloodHound_CastedAoeDamageAndSilence_GrowAndGlow,0,EffectLogic.RemoveOnDeath
GE_MC_BloodHound_CastedAoeDamageAndSilence_Interrupt,0,EffectType.Harmful
GE_MC_BloodHound_CastedAoeDamageAndSilence_Interrupt,1,EffectType.GeneratesThreat
GE_MC_BloodHound_CastedAoeDamageAndSilence_Interrupt,2,EffectType.Physical
GE_MC_BloodHound_CastedAoeDamageAndSilence_Silence,0,EffectType.Debuff
GE_MC_BloodHound_CastedAoeDamageAndSilence_Silence,1,EffectType.Harmful
GE_MC_BloodHound_CastedAoeDamageAndSilence_Silence,2,EffectType.Magic.Shadow
GE_MC_BloodHound_CastedAoeDamageAndSilence_Silence,3,EffectType.Silencing
GE_MC_BloodHound_CastedAoeDamageAndSilence_Silence,4,EffectVisualization.Icon
GE_MC_BloodHound_CastedAoeDamageAndSilence_Silence,5,EffectLogic.RemoveOnDeath
GE_MC_BloodHound_Cleave_Bleed_Dot,0,EffectType.Debuff
GE_MC_BloodHound_Cleave_Bleed_Dot,1,EffectType.Dot
GE_MC_BloodHound_Cleave_Bleed_Dot,2,EffectType.Harmful
GE_MC_BloodHound_Cleave_Bleed_Dot,3,EffectVisualization.Icon
GE_MC_BloodHound_Cleave_Bleed_Dot,4,EffectLogic.RemoveOnDeath
GE_MC_BloodHound_Cleave_Bleed_Dot,5,EffectVisualization.IconOnPartyUnitFrame
GE_MC_BloodHound_Cleave_Bleed_Dot,6,EffectType.Physical.Bleed
GE_MC_BloodHound_Cleave_Damage,0,EffectType.Harmful
GE_MC_BloodHound_Cleave_Damage,1,EffectType.Physical
GE_MC_BloodHound_Enrage_Buff,0,Effect.Buff
GE_MC_BloodHound_Enrage_Buff,1,EffectVisualization.Icon
GE_MC_BloodHound_Enrage_Buff,2,EffectLogic.RemoveOnDeath
GE_MC_BloodHound_Enrage_Buff,3,EffectType.Beneficial
GE_MC_BloodHound_Enrage_MaxHealthIncrease,0,EffectLogic.RemoveOnDeath
GE_MC_BloodHound_Enrage_MaxHealthIncrease,1,EffectType.Beneficial
GE_MC_BloodHound_JumpCleave_Bleed_Dot,0,EffectType.Debuff
GE_MC_BloodHound_JumpCleave_Bleed_Dot,1,EffectType.Dot
GE_MC_BloodHound_JumpCleave_Bleed_Dot,2,EffectType.Harmful
GE_MC_BloodHound_JumpCleave_Bleed_Dot,3,EffectVisualization.Icon
GE_MC_BloodHound_JumpCleave_Bleed_Dot,4,EffectLogic.RemoveOnDeath
GE_MC_BloodHound_JumpCleave_Bleed_Dot,5,EffectType.Magic.Blood
GE_MC_BloodHound_JumpCleave_Bleed_Dot,6,EffectVisualization.IconOnPartyUnitFrame
GE_MC_BloodHound_JumpCleave_WarningOnIntendedTarget,0,EffectType.Harmful
GE_MC_BloodHound_JumpCleave_WarningOnIntendedTarget,1,EffectLogic.NotDispellable
GE_MC_BloodHound_JumpCleave_WarningOnIntendedTarget,2,EffectLogic.RemoveOnDeath
GE_MC_BloodHound_JumpCleave_WarningOnIntendedTarget,3,EffectLogic.LockedDuration
GE_MC_BloodHound_MeleeAutoAttack_Damage,0,EffectType.Harmful
GE_MC_BloodHound_MeleeAutoAttack_Damage,1,EffectType.Physical
GE_MC_BloodSummoner_AutoAttackMelee_Damage,0,EffectType.Physical
GE_MC_BloodSummoner_AutoAttackMelee_Damage,1,EffectType.Harmful
GE_MC_BloodSummoner_ChannelSpawnBloodAnimation_SummonMaxHealthBuff,0,EffectLogic.AlwaysApply
GE_MC_BloodSummoner_ChannelSpawnBloodAnimation_SummonMaxHealthBuff,1,EffectType.Magic.Blood
GE_MC_BloodSummoner_ChannelSpawnBloodAnimation_SummonMaxHealthBuff,2,EffectLogic.NotDispellable
GE_MC_BloodSummoner_ChannelSpawnBloodAnimation_SummonMaxHealthBuff,3,EffectVisualization.Icon
GE_MC_BloodSummoner_ChannelSpawnBloodAnimation_SummonMaxHealthBuff,4,EffectType.Beneficial
GE_MC_BloodSummoner_ChannelSpawnBloodAnimation_SummonMaxHealthBuff,5,EffectType.Buff
GE_MC_BloodSummoner_ChannelSpawnBloodAnimation_TickDamage,0,EffectType.Harmful
GE_MC_BloodSummoner_ChannelSpawnBloodAnimation_TickDamage,1,EffectType.Magic.Blood
GE_MC_BossDoor_SpecialFallDamage,0,EffectType.Beneficial
GE_MC_BossDoor_SpecialFallDamage_Damage,0,EffectType.Physical
GE_MC_BossDoor_SpecialFallDamage_Damage,1,EffectType.Harmful
GE_MC_BossDoor_SpecialFallDamage_Damage,2,EffectType.Environmental
GE_MC_BossGuardian_AutoAttackMeleeCleave,0,EffectType.Harmful
GE_MC_BossGuardian_AutoAttackMeleeCleave,1,EffectType.Physical
GE_MC_BossGuardian_Charge_Bleed,0,EffectType.Harmful
GE_MC_BossGuardian_Charge_Bleed,1,EffectType.Dot
GE_MC_BossGuardian_Charge_Bleed,2,EffectType.Debuff
GE_MC_BossGuardian_Charge_Bleed,3,EffectType.Physical.Bleed
GE_MC_BossGuardian_Charge_Bleed,4,EffectVisualization.Icon
GE_MC_BossGuardian_Charge_Bleed,5,EffectLogic.RemoveOnDeath
GE_MC_BossGuardian_Charge_Damage,0,EffectType.Harmful
GE_MC_BossGuardian_Charge_Damage,1,EffectType.Physical
GE_MC_BossGuardian_Rune_IconCharge,0,EffectType.Beneficial
GE_MC_BossGuardian_Rune_IconCharge,1,EffectType.Buff
GE_MC_BossGuardian_Rune_IconCharge,2,EffectType.Physical
GE_MC_BossGuardian_Rune_IconCharge,3,EffectLogic.NotDispellable
GE_MC_BossGuardian_Rune_IconCharge,4,EffectVisualization.Icon
GE_MC_BossGuardian_Rune_IconCharge,5,EffectLogic.RemoveOnDeath
GE_MC_BossGuardian_Rune_IconCharge,6,EffectLogic.RemoveOnSourceFellowshipReset
GE_MC_BossGuardian_Rune_IconSoaks,0,EffectType.Beneficial
GE_MC_BossGuardian_Rune_IconSoaks,1,EffectType.Buff
GE_MC_BossGuardian_Rune_IconSoaks,2,EffectType.Physical
GE_MC_BossGuardian_Rune_IconSoaks,3,EffectLogic.NotDispellable
GE_MC_BossGuardian_Rune_IconSoaks,4,EffectVisualization.Icon
GE_MC_BossGuardian_Rune_IconSoaks,5,EffectLogic.RemoveOnDeath
GE_MC_BossGuardian_Rune_IconSoaks,6,EffectLogic.RemoveOnSourceFellowshipReset
GE_MC_BossGuardian_Rune_IconTankSlam,0,EffectType.Beneficial
GE_MC_BossGuardian_Rune_IconTankSlam,1,EffectType.Buff
GE_MC_BossGuardian_Rune_IconTankSlam,2,EffectType.Physical
GE_MC_BossGuardian_Rune_IconTankSlam,3,EffectLogic.NotDispellable
GE_MC_BossGuardian_Rune_IconTankSlam,4,EffectVisualization.Icon
GE_MC_BossGuardian_Rune_IconTankSlam,5,EffectLogic.RemoveOnDeath
GE_MC_BossGuardian_Rune_IconTankSlam,6,EffectLogic.RemoveOnSourceFellowshipReset
GE_MC_BossGuardian_Rune_IconTickingDamage,0,EffectType.Beneficial
GE_MC_BossGuardian_Rune_IconTickingDamage,1,EffectType.Buff
GE_MC_BossGuardian_Rune_IconTickingDamage,2,EffectType.Physical
GE_MC_BossGuardian_Rune_IconTickingDamage,3,EffectLogic.NotDispellable
GE_MC_BossGuardian_Rune_IconTickingDamage,4,EffectVisualization.Icon
GE_MC_BossGuardian_Rune_IconTickingDamage,5,EffectLogic.RemoveOnDeath
GE_MC_BossGuardian_Rune_IconTickingDamage,6,EffectLogic.RemoveOnSourceFellowshipReset
GE_MC_BossGuardian_Runes_Damage,0,EffectType.Harmful
GE_MC_BossGuardian_Runes_Damage,1,EffectType.Magic.Blood
GE_MC_BossGuardian_Runes_Damage,2,CustomAssetTags.MC.BossGuardian.Runes.Damage
GE_MC_BossGuardian_Runes_RuneEffect,0,EffectType.Beneficial
GE_MC_BossGuardian_Runes_RuneEffect,1,EffectType.Buff
GE_MC_BossGuardian_Runes_RuneEffect,2,EffectType.Magic
GE_MC_BossGuardian_Runes_RuneEffect,3,EffectLogic.NotDispellable
GE_MC_BossGuardian_Runes_RuneEffect,4,EffectVisualization.Icon
GE_MC_BossGuardian_Runes_SelfBuff,0,EffectType.Beneficial
GE_MC_BossGuardian_Runes_SelfBuff,1,EffectType.Buff
GE_MC_BossGuardian_Runes_SelfBuff,2,EffectType.Magic
GE_MC_BossGuardian_Runes_SelfBuff,3,EffectLogic.NotDispellable
GE_MC_BossGuardian_Runes_SelfBuff,4,EffectVisualization.Icon
GE_MC_BossGuardian_Runes_Success,0,EffectType.Buff
GE_MC_BossGuardian_Runes_Success,1,EffectType.Magic
GE_MC_BossGuardian_Runes_Success,2,EffectType.Beneficial
GE_MC_BossGuardian_Runes_Success,3,EffectVisualization.Icon
GE_MC_BossGuardian_Runes_Success,4,EffectLogic.RemoveOnDeath
GE_MC_BossGuardian_Soaks_Damage,0,EffectType.Magic.Demonic
GE_MC_BossGuardian_Soaks_Damage,1,EffectType.Harmful
GE_MC_BossGuardian_Soaks_Dot,0,EffectType.Debuff
GE_MC_BossGuardian_Soaks_Dot,1,EffectType.Dot
GE_MC_BossGuardian_Soaks_Dot,2,EffectType.Harmful
GE_MC_BossGuardian_Soaks_Dot,3,EffectType.Magic.Demonic
GE_MC_BossGuardian_Soaks_Dot,4,EffectVisualization.Icon
GE_MC_BossGuardian_Soaks_Dot,5,EffectLogic.RemoveOnDeath
GE_MC_BossGuardian_Soaks_Dot,6,EffectLogic.RemoveOnSourceDeath
GE_MC_BossGuardian_TankSlam_Damage,0,EffectType.Harmful
GE_MC_BossGuardian_TankSlam_Damage,1,EffectType.Magic.Shadow
GE_MC_BossGuardian_TankSlam_Damage,2,EffectLogic.HolyTrinityNerf.IgnoreAoeIncomingDamageMultiplier
GE_MC_BossGuardian_TankSlam_ProjectileDamage,0,EffectType.Harmful
GE_MC_BossGuardian_TankSlam_ProjectileDamage,1,EffectType.Magic.Shadow
GE_MC_BossGuardian_TankSlam_ProjectileDebuff,0,EffectType.Physical
GE_MC_BossGuardian_TankSlam_ProjectileDebuff,1,EffectType.Harmful
GE_MC_BossGuardian_TankSlam_ProjectileDebuff,2,EffectType.Debuff
GE_MC_BossGuardian_TankSlam_ProjectileDebuff,3,EffectVisualization.Icon
GE_MC_BossGuardian_TankSlam_ProjectileDebuff,4,EffectLogic.NotDispellable
GE_MC_BossGuardian_TankSlam_ProjectileDebuff,5,EffectLogic.RemoveOnDeath
GE_MC_BossGuardian_TankSlam_Vanish,0,EffectType.Beneficial
GE_MC_BossGuardian_TickingDamageAllPlayers_Damage,0,EffectType.Harmful
GE_MC_BossGuardian_TickingDamageAllPlayers_Damage,1,EffectType.Magic.Frost
GE_MC_BossGuardian_TickingDamageAllPlayers_Slow,0,EffectType.Harmful
GE_MC_BossGuardian_TickingDamageAllPlayers_Slow,1,EffectType.Debuff
GE_MC_BossGuardian_TickingDamageAllPlayers_Slow,2,EffectType.Magic.Frost
GE_MC_BossGuardian_TickingDamageAllPlayers_Slow,3,EffectLogic.NotDispellable
GE_MC_BossGuardian_TickingDamageAllPlayers_Slow,4,EffectVisualization.Icon
GE_MC_BossGuardian_TickingDamageAllPlayers_Slow,5,EffectLogic.RemoveOnDeath
GE_MC_WanderingGhostGuard_MeleeAutoAttack_Damage,0,EffectType.Physical
GE_MC_WanderingGhostGuard_MeleeAutoAttack_Damage,1,EffectType.Harmful
GE_MC_WanderingGhostGuard_Slam_Damage,0,EffectType.Harmful
GE_MC_WanderingGhostGuard_Slam_Damage,1,EffectType.Magic.Necromancy
GE_MC_WanderingGhostGuard_Slam_Immobilize,0,EffectType.Debuff
GE_MC_WanderingGhostGuard_Slam_Immobilize,1,EffectType.Harmful
GE_MC_WanderingGhostGuard_Slam_Immobilize,2,EffectType.CrowdControl
GE_MC_WanderingGhostGuard_Slam_Immobilize,3,EffectVisualization.Icon
GE_MC_WanderingGhostGuard_Slam_Immobilize,4,EffectType.Magic.Necromancy
GE_MC_WanderingGhostPriest_AoeExplosion_Damage,0,EffectType.Harmful
GE_MC_WanderingGhostPriest_AoeExplosion_Damage,1,EffectType.Magic.Necromancy
GE_MC_WanderingGhostPriest_BuffCircle_Buff,0,EffectType.Beneficial
GE_MC_WanderingGhostPriest_BuffCircle_Buff,1,EffectType.Buff
GE_MC_WanderingGhostPriest_BuffCircle_Buff,2,EffectType.Magic.Necromancy
GE_MC_WanderingGhostPriest_BuffCircle_Buff,3,EffectLogic.NotDispellable
GE_MC_WanderingGhostPriest_BuffCircle_Buff,4,EffectVisualization.Icon
GE_MC_WanderingGhostPriest_CastProjectile_Damage,0,EffectType.Harmful
GE_MC_WanderingGhostPriest_CastProjectile_Damage,1,EffectType.Magic.Necromancy
GE_MC_WanderingGhostPriest_Heal_Heal,0,EffectType.Beneficial
GE_MC_WanderingGhostPriest_Heal_Heal,1,EffectType.Healing
GE_MC_WanderingGhostPriest_Heal_Heal,2,EffectType.Magic.Necromancy
GE_MC_WanderingGhostPriest_MeleeAutoAttack_Damage,0,EffectType.Physical
GE_MC_WanderingGhostPriest_MeleeAutoAttack_Damage,1,EffectType.Harmful
GE_MC_WanderingGhostWarrior_Cone_Damage,0,EffectType.Harmful
GE_MC_WanderingGhostWarrior_Cone_Damage,1,EffectType.Magic.Necromancy
GE_MC_WanderingGhostWarrior_MeleeAutoAttack_Damage,0,EffectType.Physical
GE_MC_WanderingGhostWarrior_MeleeAutoAttack_Damage,1,EffectType.Harmful
GE_MF_BlightedMorningGlory_DotProjectile_Damage,0,EffectType.Harmful
GE_MF_BlightedMorningGlory_DotProjectile_Damage,1,EffectType.Magic.Nature
GE_MF_BlightedMorningGlory_DotProjectile_Damage,2,EffectType.Dot
GE_MF_BlightedMorningGlory_DotProjectile_Damage,3,EffectVisualization.Icon
GE_MF_BlightedMorningGlory_DotProjectile_Damage,4,EffectLogic.RemoveOnDeath
GE_MF_BlightedMorningGlory_MeleeAutoAttack_Damage,0,EffectType.Physical
GE_MF_BlightedMorningGlory_MeleeAutoAttack_Damage,1,EffectType.Harmful
GE_MF_BlightedMorningGlory_OnDeathHeal_Heal,0,EffectType.Beneficial
GE_MF_BlightedMorningGlory_OnDeathHeal_Heal,1,EffectType.Magic.Nature
GE_MF_BlightedMorningGlory_OnDeathHeal_Heal,2,EffectType.Healing
GE_MF_BlightedMorningGlory_OnDeathHeal_Heal,3,EffectType.Hot
GE_MF_BlightedMorningGlory_OnDeathHeal_Heal,4,EffectVisualization.Icon
GE_MF_BossNecrolord_ChanneledNova_Damage,0,EffectType.Harmful
GE_MF_BossNecrolord_ChanneledNova_Damage,1,EffectType.Magic.Necromancy
GE_MF_BossNecrolord_ChanneledNova_Damage,2,EffectLogic.HolyTrinityNerf.IgnoreAoeIncomingDamageMultiplier
GE_MF_BossNecrolord_CooldownReduction,0,EffectType.Beneficial
GE_MF_BossNecrolord_CooldownReduction,1,EffectType.Buff
GE_MF_BossNecrolord_CooldownReduction,2,EffectType.Magic.Necromancy
GE_MF_BossNecrolord_CooldownReduction,3,EffectLogic.NotDispellable
GE_MF_BossNecrolord_CooldownReduction,4,EffectVisualization.Icon
GE_MF_BossNecrolord_DeathCast_Damage,0,EffectType.Harmful
GE_MF_BossNecrolord_DeathCast_Damage,1,EffectType.Magic.Blood
GE_MF_BossNecrolord_DeathCast_Debuff,0,EffectType.Debuff
GE_MF_BossNecrolord_DeathCast_Debuff,1,EffectType.Magic.Blood
GE_MF_BossNecrolord_DeathCast_Debuff,2,EffectLogic.NotDispellable
GE_MF_BossNecrolord_DeathCast_Debuff,3,EffectVisualization.Icon
GE_MF_BossNecrolord_DeathCast_Debuff,4,EffectType.Harmful
GE_MF_BossNecrolord_DeathCast_Debuff,5,EffectLogic.RemoveOnSourceDeath
GE_MF_BossNecrolord_DeathCast_Debuff,6,EffectLogic.RemoveOnDeath
GE_MF_BossNecrolord_DispellableSoakDot_Dot,0,EffectType.Harmful
GE_MF_BossNecrolord_DispellableSoakDot_Dot,1,EffectVisualization.Icon
GE_MF_BossNecrolord_DispellableSoakDot_Dot,2,EffectType.Debuff
GE_MF_BossNecrolord_DispellableSoakDot_Dot,3,EffectLogic.RemoveOnDeath
GE_MF_BossNecrolord_DispellableSoakDot_Dot,4,EffectLogic.AlwaysApply
GE_MF_BossNecrolord_DispellableSoakDot_Dot,5,EffectLogic.RemoveOnSourceDeath
GE_MF_BossNecrolord_DispellableSoakDot_Dot,6,EffectType.Magic.Necromancy
GE_MF_BossNecrolord_DispellableSoakDot_Dot,7,EffectLogic.IgnorePartialTicks
GE_MF_BossNecrolord_DispellableSoakDot_SoakExplodeDamage,0,EffectType.Harmful
GE_MF_BossNecrolord_DispellableSoakDot_SoakExplodeDamage,1,EffectType.Magic.Necromancy
GE_MF_BossNecrolord_Fear_Fear,0,EffectType.CrowdControl
GE_MF_BossNecrolord_Fear_Fear,1,EffectVisualization.Icon
GE_MF_BossNecrolord_Fear_Fear,2,EffectType.Harmful
GE_MF_BossNecrolord_Fear_Fear,3,EffectType.Physical
GE_MF_BossNecrolord_Fear_Fear,4,EffectLogic.NotDispellable
GE_MF_BossNecrolord_MeleeAutoAttack_Damage,0,EffectType.Harmful
GE_MF_BossNecrolord_MeleeAutoAttack_Damage,1,EffectType.Physical
GE_MF_BossNecrolord_MultiShot_Damage,0,EffectType.Harmful
GE_MF_BossNecrolord_MultiShot_Damage,1,EffectType.Magic.Necromancy
GE_MF_BossNecrolord_RangedAutoAttack_Damage,0,EffectType.Harmful
GE_MF_BossNecrolord_RangedAutoAttack_Damage,1,EffectType.Physical
GE_MF_BossNecrolord_ShootDeer_Damage,0,EffectType.Harmful
GE_MF_BossNecrolord_ShootDeer_Damage,1,EffectType.Physical
GE_MF_BossNecrolord_SpreadingDot_Damage,0,EffectType.Harmful
GE_MF_BossNecrolord_SpreadingDot_Damage,1,EffectVisualization.Icon
GE_MF_BossNecrolord_SpreadingDot_Damage,2,EffectLogic.RemoveOnDeath
GE_MF_BossNecrolord_SpreadingDot_Damage,3,EffectType.Magic.Necromancy
GE_MF_BossNecrolord_SpreadingDot_Debuff,0,EffectType.Debuff
GE_MF_BossNecrolord_SpreadingDot_Debuff,1,EffectType.Harmful
GE_MF_BossNecrolord_SpreadingDot_Marker,0,EffectType.Harmful
GE_MF_BossNecrolord_SummonCrystal_Damage,0,EffectType.Harmful
GE_MF_BossNecrolord_SummonCrystal_Damage,1,EffectType.Magic.Blood
GE_MF_BossTotem_AoePulse_Damage,0,EffectType.Harmful
GE_MF_BossTotem_AoePulse_Damage,1,EffectType.Magic
GE_MF_BossTotem_AoePulse_Damage,2,AbilityType.Magic.Shadow
GE_MF_BossTotem_SharedHealth_Damage,0,EffectType.Harmful
GE_MF_BossTotem_SharedHealth_Damage,1,EffectLogic.IgnoreDamageReflect
GE_MF_BossTotem_SharedHealth_Damage,2,EffectType.Magic
GE_MF_BossUnicorn_BossVulnerabilityDebuff,0,EffectType.Debuff
GE_MF_BossUnicorn_BossVulnerabilityDebuff,1,EffectType.Harmful
GE_MF_BossUnicorn_BossVulnerabilityDebuff,2,EffectType.Physical
GE_MF_BossUnicorn_BossVulnerabilityDebuff,3,EffectLogic.NotDispellable
GE_MF_BossUnicorn_BossVulnerabilityDebuff,4,EffectVisualization.Icon
GE_MF_BossUnicorn_BossVulnerabilityDebuff,5,GameplayEffect.PermanentNotRemovable
GE_MF_BossUnicorn_Charge_Damage,0,EffectType.Harmful
GE_MF_BossUnicorn_Charge_Damage,1,EffectType.Physical
GE_MF_BossUnicorn_Charge_Stun,0,EffectLogic.NotDispellable
GE_MF_BossUnicorn_Charge_Stun,1,EffectType.CrowdControl
GE_MF_BossUnicorn_Charge_Stun,2,EffectType.Debuff
GE_MF_BossUnicorn_Charge_Stun,3,EffectType.Harmful
GE_MF_BossUnicorn_Charge_Stun,4,EffectType.Stun
GE_MF_BossUnicorn_Charge_Stun,5,EffectVisualization.Icon
GE_MF_BossUnicorn_Charge_Stun,6,EffectType.Magic.Nature
GE_MF_BossUnicorn_Charge_StunPiercing,0,EffectLogic.NotDispellable
GE_MF_BossUnicorn_Charge_StunPiercing,1,EffectType.CrowdControl
GE_MF_BossUnicorn_Charge_StunPiercing,2,EffectType.Debuff
GE_MF_BossUnicorn_Charge_StunPiercing,3,EffectType.Harmful
GE_MF_BossUnicorn_Charge_StunPiercing,4,EffectType.Stun
GE_MF_BossUnicorn_Charge_StunPiercing,5,EffectVisualization.Icon
GE_MF_BossUnicorn_Charge_StunPiercing,6,EffectType.Magic.Nature
GE_MF_BossUnicorn_Charge_StunPiercing,7,EffectLogic.Piercing
GE_MF_BossUnicorn_DontAggroStuff,0,GameplayEffect.PermanentNotRemovable
GE_MF_BossUnicorn_MeleeAutoAttack_Damage,0,EffectType.Physical
GE_MF_BossUnicorn_MeleeAutoAttack_Damage,1,EffectType.Harmful
GE_MF_BossUnicorn_Passive_IncreasedHealingTaken,0,EffectLogic.System
GE_MF_BossUnicorn_UntargetableImmune,0,GameplayEffect.PermanentNotRemovable
GE_MF_BossUnicorn_UntargetableImmune,1,EffectLogic.AlwaysApply
GE_MF_BossUnicorn_UntargetableImmune,2,EffectLogic.System
GE_MF_DawnstoneGuardian_DamageReflect_Buff,0,EffectType.Buff
GE_MF_DawnstoneGuardian_DamageReflect_Buff,1,EffectType.Beneficial
GE_MF_DawnstoneGuardian_DamageReflect_Buff,2,EffectVisualization.Icon
GE_MF_DawnstoneGuardian_DamageReflect_Buff,3,EffectLogic.NotDispellable
GE_MF_DawnstoneGuardian_DamageReflect_Buff,4,EffectLogic.RemoveOnDeath
GE_MF_DawnstoneGuardian_DamageReflect_Damage,0,EffectType.Harmful
GE_MF_DawnstoneGuardian_DamageReflect_Damage,1,EffectType.Magic.Nature
GE_MF_DawnstoneGuardian_MeleeAutoAttack_Damage,0,EffectType.Physical
GE_MF_DawnstoneGuardian_MeleeAutoAttack_Damage,1,EffectType.Harmful
GE_MF_DawnstoneGuardian_Spikes_Damage,0,EffectType.Harmful
GE_MF_DawnstoneGuardian_Spikes_Damage,1,EffectType.Physical
GE_MF_FoulTotemic_CastProjectile_Damage,0,EffectType.Harmful
GE_MF_FoulTotemic_CastProjectile_Damage,1,EffectType.Magic.Frost
GE_MF_FoulTotemic_Heal_Heal,0,EffectType.Beneficial
GE_MF_FoulTotemic_Heal_Heal,1,EffectType.Healing
GE_MF_FoulTotemic_Heal_Heal,2,EffectType.Magic
GE_MF_FoulTotemic_MeleeAutoAttack_Damage,0,EffectType.Physical
GE_MF_FoulTotemic_MeleeAutoAttack_Damage,1,EffectType.Harmful
GE_MF_MangyBrute_MeleeAutoAttack_Damage,0,EffectType.Physical
GE_MF_MangyBrute_MeleeAutoAttack_Damage,1,EffectType.Harmful
GE_MF_MangyBrute_TankSlam_Damage,0,EffectType.Physical
GE_MF_MangyBrute_TankSlam_Damage,1,EffectType.Harmful
GE_MF_Skittershard_Debuff,0,EffectType.Debuff
GE_MF_Skittershard_Debuff,1,EffectType.Harmful
GE_MF_Skittershard_Debuff,2,EffectType.Magic.Nature
GE_MF_Skittershard_Debuff,3,EffectVisualization.Icon
GE_MF_Skittershard_Debuff_Stun,0,EffectLogic.NotDispellable
GE_MF_Skittershard_Debuff_Stun,1,EffectType.CrowdControl
GE_MF_Skittershard_Debuff_Stun,2,EffectType.Debuff
GE_MF_Skittershard_Debuff_Stun,3,EffectType.Harmful
GE_MF_Skittershard_Debuff_Stun,4,EffectType.Stun
GE_MF_Skittershard_Debuff_Stun,5,EffectVisualization.Icon
GE_MF_Skittershard_Debuff_Stun,6,EffectType.Magic.Nature
GE_MF_Skittershard_MeleeAutoAttack_Damage,0,EffectType.Physical
GE_MF_Skittershard_MeleeAutoAttack_Damage,1,EffectType.Harmful
GE_MF_Skittershard_OnDeath_Debuff,0,EffectType.Harmful
GE_MF_Skittershard_OnDeath_Debuff,1,EffectType.Debuff
GE_MF_Skittershard_OnDeath_Debuff,2,EffectType.Magic.Holy
GE_MF_Skittershard_OnDeath_Debuff,3,EffectVisualization.Icon
GE_MF_Skittershard_OnDeath_Debuff,4,EffectType.Dot
GE_MF_Skittershard_OnDeath_Debuff,5,EffectLogic.RemoveOnDeath
GE_MF_Skittershard_OnDeath_HealReduction,0,EffectType.Harmful
GE_MF_Skittershard_OnDeath_HealReduction,1,EffectType.Debuff
GE_MF_Skittershard_OnDeath_HealReduction,2,EffectType.Magic.Holy
GE_MF_Skittershard_OnDeath_HealReduction,3,EffectLogic.RemoveOnDeath
GE_MF_Skittershard_OnDeath_Stun,0,EffectType.Debuff
GE_MF_Skittershard_OnDeath_Stun,1,EffectType.Harmful
GE_MF_Skittershard_OnDeath_Stun,2,EffectType.Stun
GE_MF_Skittershard_OnDeath_Stun,3,EffectType.CrowdControl
GE_MF_Skittershard_OnDeath_Stun,4,EffectVisualization.Icon
GE_MF_Totem_AoePulse_Damage,0,EffectType.Harmful
GE_MF_Totem_AoePulse_Damage,1,EffectType.Magic
GE_MF_Totem_OnDeathExplosion_Damage,0,EffectType.Harmful
GE_MF_Totem_OnDeathExplosion_Damage,1,EffectType.Magic
GE_Mara_AoeAttackBuilder_Damage,0,EffectType.Physical
GE_Mara_AoeAttackBuilder_Damage,1,EffectType.GeneratesThreat
GE_Mara_AoeAttackBuilder_Damage,2,EffectType.Harmful
GE_Mara_AoeAttackBuilder_Damage,3,CustomAssetTags.Mara.AoeAttackBuilder.Damage
GE_Mara_AoeAttackBuilder_Damage,4,EffectType.SourceAbility.Basic
GE_Mara_AoeAttackBuilder_Poison,0,EffectLogic.RemoveOnDeath
GE_Mara_AoeAttackBuilder_Poison,1,EffectType.Dot
GE_Mara_AoeAttackBuilder_Poison,2,EffectType.GeneratesThreat
GE_Mara_AoeAttackBuilder_Poison,3,EffectVisualization.Icon
GE_Mara_AoeAttackBuilder_Poison,4,EffectType.Harmful
GE_Mara_AoeAttackBuilder_Poison,5,EffectType.Magic.Poison
GE_Mara_AoeAttackBuilder_Poison,6,CustomAssetTags.Mara.AoeAttackBuilder.Poison
GE_Mara_AoeAttackBuilder_Poison,7,EffectType.Poison
GE_Mara_AoeAttackBuilder_Poison_Aoe_Damage,0,EffectType.GeneratesThreat
GE_Mara_AoeAttackBuilder_Poison_Aoe_Damage,1,EffectType.Harmful
GE_Mara_AoeAttackBuilder_Poison_Aoe_Damage,2,EffectType.Magic.Poison
GE_Mara_AoeAttackBuilder_Poison_Aoe_Damage,3,EffectType.Poison
GE_Mara_AoeAttackSpender_Damage,0,EffectType.Physical
GE_Mara_AoeAttackSpender_Damage,1,EffectType.GeneratesThreat
GE_Mara_AoeAttackSpender_Damage,2,EffectType.Harmful
GE_Mara_AoeAttackSpender_Damage,3,CustomAssetTags.Mara.AoeAttackSpender.Damage
GE_Mara_AutoAttackProc_Damage,0,EffectType.Harmful
GE_Mara_AutoAttackProc_Damage,1,EffectType.Magic.Poison
GE_Mara_AutoAttack_Damage,0,EffectType.Physical
GE_Mara_AutoAttack_Damage,1,EffectType.Harmful
GE_Mara_BleedAttackSpender_Bleed,0,EffectType.Dot
GE_Mara_BleedAttackSpender_Bleed,1,EffectType.GeneratesThreat
GE_Mara_BleedAttackSpender_Bleed,2,EffectVisualization.Icon
GE_Mara_BleedAttackSpender_Bleed,3,EffectType.Harmful
GE_Mara_BleedAttackSpender_Bleed,4,EffectLogic.RemoveOnDeath
GE_Mara_BleedAttackSpender_Bleed,5,EffectType.Physical.Bleed
GE_Mara_BleedAttackSpender_Bleed,6,CustomAssetTags.Mara.BleedAttackSpender.Bleed
GE_Mara_BleedAttackSpender_Bleed,7,EffectLogic.CarryOverDuration
GE_Mara_BleedAttackSpender_Damage,0,EffectType.Physical
GE_Mara_BleedAttackSpender_Damage,1,EffectType.Harmful
GE_Mara_BleedAttackSpender_Damage,2,EffectType.GeneratesThreat
GE_Mara_BleedAttackSpender_Damage,3,CustomAssetTags.Mara.BleedAttackSpender.DirectDamage
GE_Mara_ChargedDoubleAttackBuilder_DamageFirst,0,EffectType.Physical
GE_Mara_ChargedDoubleAttackBuilder_DamageFirst,1,EffectType.GeneratesThreat
GE_Mara_ChargedDoubleAttackBuilder_DamageFirst,2,EffectType.Harmful
GE_Mara_ChargedDoubleAttackBuilder_DamageFirst,3,CustomAssetTags.Mara.ChargedDoubleAttackBuilder.Damage.First
GE_Mara_ChargedDoubleAttackBuilder_DamageSecond,0,EffectType.Physical
GE_Mara_ChargedDoubleAttackBuilder_DamageSecond,1,EffectType.GeneratesThreat
GE_Mara_ChargedDoubleAttackBuilder_DamageSecond,2,EffectType.Harmful
GE_Mara_ChargedDoubleAttackBuilder_DamageSecond,3,CustomAssetTags.Mara.ChargedDoubleAttackBuilder.Damage.Second
GE_Mara_ChargedDoubleAttackBuilder_Poison,0,EffectLogic.RemoveOnDeath
GE_Mara_ChargedDoubleAttackBuilder_Poison,1,EffectType.Dot
GE_Mara_ChargedDoubleAttackBuilder_Poison,2,EffectType.GeneratesThreat
GE_Mara_ChargedDoubleAttackBuilder_Poison,3,EffectVisualization.Icon
GE_Mara_ChargedDoubleAttackBuilder_Poison,4,EffectType.Harmful
GE_Mara_ChargedDoubleAttackBuilder_Poison,5,EffectType.Magic.Poison
GE_Mara_ChargedDoubleAttackBuilder_Poison,6,EffectLogic.CarryOverDuration
GE_Mara_ChargedDoubleAttackBuilder_Poison,7,EffectType.Poison
GE_Mara_ChargedDoubleAttackBuilder_Poison_Buff,0,EffectVisualization.Icon
GE_Mara_ChargedDoubleAttackBuilder_Poison_Buff,1,EffectType.Beneficial
GE_Mara_ChargedDoubleAttackBuilder_Poison_Buff,2,EffectLogic.RemoveOnDeath
GE_Mara_ChargedResourceRefillSelfBuff_Buff,0,EffectType.Beneficial
GE_Mara_ChargedResourceRefillSelfBuff_Buff,1,EffectLogic.RemoveOnDeath
GE_Mara_ChargedResourceRefillSelfBuff_Buff,2,CustomAssetTags.Mara.ChargedResourceRefillSelfBuff.EnergyGain
GE_Mara_ChargedTeleportBehindTarget_IncreasedDamageOrMovementSpeed_IncreasedMovementSpeed,0,EffectLogic.System
GE_Mara_ChargedTeleportBehindTarget_IncreasedDamageOrMovementSpeed_IncreasedMovementSpeed,1,EffectType.Beneficial
GE_Mara_ChargedTeleportBehindTarget_IncreasedDamageOrMovementSpeed_IncreasedMovementSpeed,2,EffectVisualization.Icon
GE_Mara_ComboPointGain,0,EffectLogic.System
GE_Mara_CopyCharacterDamage_SelfBuff,0,EffectLogic.RemoveOnDeath
GE_Mara_CopyCharacterDamage_SelfBuff,1,EffectType.Beneficial
GE_Mara_CopyCharacterDamage_SelfBuff,2,EffectVisualization.Icon
GE_Mara_CopyCharacterDamage_SelfBuff,3,CustomAssetTags.Mara.CopyCharacterDamage.Buff
GE_Mara_CopyCharacterDamage_SelfBuff,4,EffectVisualization.HeroSuperBuffbar
GE_Mara_HeavyAttackSpender_Damage,0,EffectType.Physical
GE_Mara_HeavyAttackSpender_Damage,1,EffectType.GeneratesThreat
GE_Mara_HeavyAttackSpender_Damage,2,EffectType.Harmful
GE_Mara_HeavyAttackSpender_Damage,3,CustomAssetTags.Mara.HeavyAttackSpender.Damage
GE_Mara_MeleeInterrupt_Interrupt,0,EffectType.Harmful
GE_Mara_MeleeInterrupt_Interrupt,1,EffectType.GeneratesThreat
GE_Mara_MeleeInterrupt_Interrupt,2,EffectType.Physical
GE_Mara_SelfDefenceBuff_SelfBuff,0,EffectLogic.RemoveOnDeath
GE_Mara_SelfDefenceBuff_SelfBuff,1,EffectType.Beneficial
GE_Mara_SelfDefenceBuff_SelfBuff,2,EffectType.GeneratesThreat
GE_Mara_SelfDefenceBuff_SelfBuff,3,EffectVisualization.Icon
GE_Mara_SelfDefenceBuff_SelfBuff,4,EffectVisualization.IconOnPartyUnitFrame
GE_Mara_SelfDefenceBuff_SelfBuff,5,EffectVisualization.HeroSuperBuffbar
GE_Mara_SelfDefenceBuff_SelfBuff,6,CustomAssetTags.Mara.SelfDefenceBuff.Buff
GE_Mara_Stealth,0,EffectType.Beneficial
GE_Mara_Stealth,1,EffectVisualization.Icon
GE_Mara_Stealth,2,EffectLogic.RemoveOnDeath
GE_Mara_Stealth_Poison_Buff,0,EffectType.Beneficial
GE_Mara_Stealth_Poison_Buff,1,EffectLogic.RemoveOnDeath
GE_Mara_StrongerBehindAttackBuilder_Damage_Strong,0,EffectType.Physical
GE_Mara_StrongerBehindAttackBuilder_Damage_Strong,1,EffectType.GeneratesThreat
GE_Mara_StrongerBehindAttackBuilder_Damage_Strong,2,EffectType.Harmful
GE_Mara_StrongerBehindAttackBuilder_Damage_Strong,3,CustomAssetTags.Mara.StrongerBehindAttackBuilder.Damage.Strong
GE_Mara_StrongerBehindAttackBuilder_Damage_Strong,4,EffectType.SourceAbility.Basic
GE_Mara_StrongerBehindAttackBuilder_Damage_Weak,0,EffectType.Physical
GE_Mara_StrongerBehindAttackBuilder_Damage_Weak,1,EffectType.GeneratesThreat
GE_Mara_StrongerBehindAttackBuilder_Damage_Weak,2,EffectType.Harmful
GE_Mara_StrongerBehindAttackBuilder_Damage_Weak,3,CustomAssetTags.Mara.StrongerBehindAttackBuilder.Damage.Weak
GE_Mara_StrongerBehindAttackBuilder_Damage_Weak,4,EffectType.SourceAbility.Basic
GE_Mara_StrongerBehindAttackBuilder_Poison_Damage,0,EffectType.GeneratesThreat
GE_Mara_StrongerBehindAttackBuilder_Poison_Damage,1,EffectType.Harmful
GE_Mara_StrongerBehindAttackBuilder_Poison_Damage,2,EffectType.Magic.Poison
GE_Mara_StrongerBehindAttackBuilder_Poison_Damage,3,EffectType.Poison
GE_Mara_StunSpender_Stun,0,EffectType.CrowdControl
GE_Mara_StunSpender_Stun,1,EffectType.MovementImpairing
GE_Mara_StunSpender_Stun,2,EffectLogic.RemoveOnDeath
GE_Mara_StunSpender_Stun,3,EffectType.GeneratesThreat
GE_Mara_StunSpender_Stun,4,EffectVisualization.Icon
GE_Mara_StunSpender_Stun,5,EffectType.Stun
GE_Mara_StunSpender_Stun,6,EffectType.Harmful
GE_Mara_StunSpender_Stun,7,EffectType.Physical
GE_Mara_Talent_AoeAttackBuilder_HeavyAttackSpenderDamageIncrease_Buff,0,EffectType.Beneficial
GE_Mara_Talent_AoeAttackBuilder_HeavyAttackSpenderDamageIncrease_Buff,1,EffectLogic.System
GE_Mara_Talent_AoeAttackBuilder_HeavyAttackSpenderDamageIncrease_Buff,2,EffectLogic.RemoveOnDeath
GE_Mara_Talent_AoeAttackBuilder_HeavyAttackSpenderDamageIncrease_Buff,3,EffectVisualization.Icon
GE_Mara_Talent_AoeAttackBuilder_HeavyAttackSpenderDamageIncrease_Buff,4,EffectVisualization.HeroSuperBuffbar
GE_Mara_Talent_AoeAttackSpender_DamageToPoisionDot_Poison,0,EffectLogic.RemoveOnDeath
GE_Mara_Talent_AoeAttackSpender_DamageToPoisionDot_Poison,1,EffectType.Dot
GE_Mara_Talent_AoeAttackSpender_DamageToPoisionDot_Poison,2,EffectType.GeneratesThreat
GE_Mara_Talent_AoeAttackSpender_DamageToPoisionDot_Poison,3,EffectVisualization.Icon
GE_Mara_Talent_AoeAttackSpender_DamageToPoisionDot_Poison,4,EffectType.Harmful
GE_Mara_Talent_AoeAttackSpender_DamageToPoisionDot_Poison,5,EffectType.Magic.Poison
GE_Mara_Talent_AoeAttackSpender_DamageToPoisionDot_Poison,6,EffectLogic.CarryOverDuration
GE_Mara_Talent_AoeAttackSpender_DamageToPoisionDot_Poison,7,EffectType.Poison
GE_Mara_Talent_BleedAttackSpender_ExplosivePoison_ExplosionDamage,0,EffectType.Harmful
GE_Mara_Talent_BleedAttackSpender_ExplosivePoison_ExplosionDamage,1,EffectType.GeneratesThreat
GE_Mara_Talent_BleedAttackSpender_ExplosivePoison_ExplosionDamage,2,EffectType.Magic.Poison
GE_Mara_Talent_BleedAttackSpender_ExplosivePoison_Poison,0,EffectLogic.RemoveOnDeath
GE_Mara_Talent_BleedAttackSpender_ExplosivePoison_Poison,1,EffectType.Dot
GE_Mara_Talent_BleedAttackSpender_ExplosivePoison_Poison,2,EffectType.GeneratesThreat
GE_Mara_Talent_BleedAttackSpender_ExplosivePoison_Poison,3,EffectVisualization.Icon
GE_Mara_Talent_BleedAttackSpender_ExplosivePoison_Poison,4,EffectType.Harmful
GE_Mara_Talent_BleedAttackSpender_ExplosivePoison_Poison,5,EffectType.Magic.Poison
GE_Mara_Talent_BleedAttackSpender_ExplosivePoison_Poison,6,EffectLogic.CarryOverDuration
GE_Mara_Talent_BleedAttackSpender_ExplosivePoison_Poison,7,EffectType.Poison
GE_Mara_Talent_BleedAttackSpender_HasteIncrease_Buff,0,EffectType.Beneficial
GE_Mara_Talent_BleedAttackSpender_HasteIncrease_Buff,1,EffectLogic.System
GE_Mara_Talent_BleedAttackSpender_HasteIncrease_Buff,2,EffectLogic.RemoveOnDeath
GE_Mara_Talent_BleedAttackSpender_HasteIncrease_Buff,3,CustomAssetTags.Mara.Talent.BleedAttackSpender.HasteIncrease
GE_Mara_Talent_ChargedDoubleAttackBuilder_AoeDamage_PoisonDamage,0,EffectType.GeneratesThreat
GE_Mara_Talent_ChargedDoubleAttackBuilder_AoeDamage_PoisonDamage,1,EffectType.Harmful
GE_Mara_Talent_ChargedDoubleAttackBuilder_AoeDamage_PoisonDamage,2,EffectType.Magic.Poison
GE_Mara_Talent_ChargedDoubleAttackBuilder_AoeDamage_PoisonDamage,3,EffectType.Poison
GE_Mara_Talent_ChargedDoubleAttackBuilder_ResourceIncreaseOT_Buff,0,EffectType.Beneficial
GE_Mara_Talent_ChargedDoubleAttackBuilder_ResourceIncreaseOT_Buff,1,EffectVisualization.Icon
GE_Mara_Talent_ChargedDoubleAttackBuilder_ResourceIncreaseOT_Buff,2,EffectVisualization.IconOnPartyUnitFrame
GE_Mara_Talent_ChargedDoubleAttackBuilder_ResourceIncreaseOT_Buff,3,EffectLogic.System
GE_Mara_Talent_ChargedDoubleAttackBuilder_ResourceIncreaseOT_Buff,4,EffectLogic.RemoveOnDeath
GE_Mara_Talent_ChargedDoubleAttackBuilder_ResourceIncreaseOT_Proc,0,EffectType.Beneficial
GE_Mara_Talent_ChargedDoubleAttackBuilder_ResourceIncreaseOT_Proc,1,EffectVisualization.Icon
GE_Mara_Talent_ChargedDoubleAttackBuilder_ResourceIncreaseOT_Proc,2,EffectLogic.System
GE_Mara_Talent_ChargedDoubleAttackBuilder_ResourceIncreaseOT_Proc,3,EffectLogic.RemoveOnDeath
GE_Mara_Talent_ChargedDoubleAttackBuilder_SpiritBuff,0,EffectLogic.RemoveOnDeath
GE_Mara_Talent_ChargedDoubleAttackBuilder_SpiritBuff,1,EffectType.Beneficial
GE_Mara_Talent_ChargedResourceRefillSelfBuff_IncreasedDamage_Buff,0,EffectVisualization.Icon
GE_Mara_Talent_ChargedResourceRefillSelfBuff_IncreasedDamage_Buff,1,EffectType.Beneficial
GE_Mara_Talent_ChargedResourceRefillSelfBuff_IncreasedDamage_Buff,2,EffectLogic.RemoveOnDeath
GE_Mara_Talent_ChargedResourceRefillSelfBuff_IncreasedDamage_Buff,3,CustomAssetTags.Mara.ChargedResourceRefillSelfBuff
GE_Mara_Talent_ChargedResourceRefillSelfBuff_IncreasedDamage_Buff,4,EffectVisualization.HeroSuperBuffbar
GE_Mara_Talent_ChargedTeleportBehindTarget_IncreasedDamageOrMovementSpeed_DamageIncrease,0,EffectLogic.System
GE_Mara_Talent_ChargedTeleportBehindTarget_IncreasedDamageOrMovementSpeed_DamageIncrease,1,EffectType.Harmful
GE_Mara_Talent_ChargedTeleportBehindTarget_IncreasedDamageOrMovementSpeed_DamageIncrease,2,EffectVisualization.Icon
GE_Mara_Talent_ChargedTeleportBehindTarget_IncreasedDamageOrMovementSpeed_DamageIncrease_Owner,0,EffectLogic.System
GE_Mara_Talent_ComboPointsChanceAoeDamage_Dot,0,EffectVisualization.Icon
GE_Mara_Talent_ComboPointsChanceAoeDamage_Dot,1,EffectType.GeneratesThreat
GE_Mara_Talent_ComboPointsChanceAoeDamage_Dot,2,EffectType.Magic.Poison
GE_Mara_Talent_ComboPointsChanceAoeDamage_Dot,3,EffectType.Harmful
GE_Mara_Talent_ComboPointsChanceAoeDamage_Dot,4,EffectLogic.RemoveOnDeath
GE_Mara_Talent_ComboPointsChanceAoeDamage_Dot,5,EffectType.Dot
GE_Mara_Talent_ComboPointsChanceAoeDamage_Dot,6,EffectType.Poison
GE_Mara_Talent_DamageSpenders_BuffOtherSpender_AoeAttackSpenderProc,0,EffectType.Beneficial
GE_Mara_Talent_DamageSpenders_BuffOtherSpender_AoeAttackSpenderProc,1,EffectVisualization.Icon
GE_Mara_Talent_DamageSpenders_BuffOtherSpender_AoeAttackSpenderProc,2,EffectLogic.System
GE_Mara_Talent_DamageSpenders_BuffOtherSpender_AoeAttackSpenderProc,3,EffectLogic.RemoveOnDeath
GE_Mara_Talent_DamageSpenders_BuffOtherSpender_AoeAttackSpenderProc,4,CustomAssetTags.Mara.Talent.DamageSpenders.BuffOtherSpender.AoeAttackSpenderProc
GE_Mara_Talent_DamageSpenders_BuffOtherSpender_AoeAttackSpenderProc,5,EffectVisualization.HeroSuperBuffbar
GE_Mara_Talent_DamageSpenders_BuffOtherSpender_HeavyAttackSpenderProc,0,EffectType.Beneficial
GE_Mara_Talent_DamageSpenders_BuffOtherSpender_HeavyAttackSpenderProc,1,EffectVisualization.Icon
GE_Mara_Talent_DamageSpenders_BuffOtherSpender_HeavyAttackSpenderProc,2,EffectLogic.System
GE_Mara_Talent_DamageSpenders_BuffOtherSpender_HeavyAttackSpenderProc,3,EffectLogic.RemoveOnDeath
GE_Mara_Talent_DamageSpenders_BuffOtherSpender_HeavyAttackSpenderProc,4,CustomAssetTags.Mara.Talent.DamageSpenders.BuffOtherSpender.HeavyAttackSpenderProc
GE_Mara_Talent_DamageSpenders_BuffOtherSpender_HeavyAttackSpenderProc,5,EffectVisualization.HeroSuperBuffbar
GE_Mara_Talent_IncomingAoeDamageReduction,0,EffectLogic.System
GE_Mara_Talent_IncomingAoeDamageReduction,1,EffectType.Beneficial
GE_Mara_Talent_IncreasedMovementSpeed,0,EffectLogic.System
GE_Mara_Talent_ReducedIncomingMagicDamage,0,EffectLogic.System
GE_Mara_Talent_ResourceAttackSpenderCritChance_Proc,0,EffectType.Beneficial
GE_Mara_Talent_ResourceAttackSpenderCritChance_Proc,1,EffectVisualization.Icon
GE_Mara_Talent_ResourceAttackSpenderCritChance_Proc,2,EffectLogic.System
GE_Mara_Talent_ResourceAttackSpenderCritChance_Proc,3,EffectLogic.RemoveOnDeath
GE_Mara_Talent_ResourceAttackSpenderCritChance_Proc,4,EffectVisualization.HeroSuperBuffbar
GE_Mara_Talent_ResourceAttackSpenderCritChance_Stacker,0,EffectType.Beneficial
GE_Mara_Talent_ResourceAttackSpenderCritChance_Stacker,1,EffectVisualization.Icon
GE_Mara_Talent_ResourceAttackSpenderCritChance_Stacker,2,EffectLogic.System
GE_Mara_Talent_ResourceAttackSpenderCritChance_Stacker,3,EffectLogic.RemoveOnDeath
GE_Mara_Talent_ResourceAttackSpenderCritChance_Stacker,4,CustomAssetTags.Mara.Talent.ResourceAttackSpenderCritChance.Stacker
GE_Mara_Talent_ResourceAttackSpenderCritChance_Stacker,5,EffectVisualization.HeroSuperBuffbar
GE_Mara_Talent_ResourceAttackSpenderCritChance_Stacker,6,EffectLogic.RemoveOnSourceLoadoutChange
GE_Mara_Talent_Spender_IncreasedDamageOnPoisonAndBleed_Damage,0,EffectType.GeneratesThreat
GE_Mara_Talent_Spender_IncreasedDamageOnPoisonAndBleed_Damage,1,EffectType.Harmful
GE_Mara_Talent_Spender_IncreasedDamageOnPoisonAndBleed_Damage,2,EffectType.Poison
GE_Mara_Talent_Spender_IncreasedDamageOnPoisonAndBleed_Damage,3,EffectType.Magic.Poison
GE_Mara_Talent_SpiritRefundToExpertise_Buff,0,EffectType.Beneficial
GE_Mara_Talent_SpiritRefundToExpertise_Buff,1,EffectLogic.RemoveOnDeath
GE_Mara_Talent_SpiritRefundToExpertise_Buff,2,EffectVisualization.Icon
GE_Mara_Talent_SpiritRefundToExpertise_Buff,3,EffectVisualization.HeroSuperBuffbar
GE_Mara_Talent_Stealth_SpenderIncreasedDamage_Proc,0,EffectLogic.System
GE_Mara_Talent_Stealth_SpenderIncreasedDamage_Proc,1,EffectType.Beneficial
GE_Mara_Talent_Stealth_SpenderIncreasedDamage_Proc,2,EffectVisualization.Icon
GE_Mara_Talent_Stealth_SpenderIncreasedDamage_Proc,3,EffectVisualization.HeroSuperBuffbar
GE_Meiko_AoePull_Activator,0,EffectType.Harmful
GE_Meiko_AoePull_Activator,1,EffectType.GeneratesThreat
GE_Meiko_AoePull_Activator,2,EffectType.CrowdControl
GE_Meiko_AoePull_Activator,3,EffectType.Physical
GE_Meiko_ChanneledHeavyDamage_Damage,0,EffectType.Physical
GE_Meiko_ChanneledHeavyDamage_Damage,1,EffectType.Harmful
GE_Meiko_ChanneledHeavyDamage_Damage,2,EffectType.GeneratesThreat
GE_Meiko_ChanneledHeavyDamage_FinalDamage,0,EffectType.Physical
GE_Meiko_ChanneledHeavyDamage_FinalDamage,1,EffectType.Harmful
GE_Meiko_ChanneledHeavyDamage_FinalDamage,2,EffectType.GeneratesThreat
GE_Meiko_ChanneledHeavyDamage_ResourceIncrease,0,EffectLogic.AlwaysApply
GE_Meiko_ChanneledHeavyDamage_ResourceIncrease,1,EffectLogic.NotDispellable
GE_Meiko_ChanneledHeavyDamage_ResourceIncrease,2,EffectVisualization.Icon
GE_Meiko_ChanneledHeavyDamage_ResourceIncrease,3,CustomAssetTags.Meiko.ChanneledHeavyDamage.ResourceIncrease
GE_Meiko_ChanneledHeavyDamage_ResourceIncrease,4,EffectType.Beneficial
GE_Meiko_ChanneledHeavyDamage_SelfHeal,0,EffectType.Healing
GE_Meiko_ChanneledHeavyDamage_SelfHeal,1,EffectType.Beneficial
GE_Meiko_ChanneledHeavyDamage_SelfHeal,2,EffectType.Magic.Nature
GE_Meiko_ChanneledHeavyDamage_SelfHeal,3,CustomAssetTags.Meiko.SelfHeal
GE_Meiko_DamageSoakBuff_Active,0,EffectLogic.System
GE_Meiko_DamageSoakBuff_Active,1,EffectType.Beneficial
GE_Meiko_DamageSoakBuff_Active,2,CustomAssetTags.Meiko.DamageSoakBuff.IsActive
GE_Meiko_DamageSoakBuff_Buff,0,EffectVisualization.Icon
GE_Meiko_DamageSoakBuff_Buff,1,EffectType.Beneficial
GE_Meiko_DamageSoakBuff_Buff,2,EffectLogic.RemoveOnDeath
GE_Meiko_DamageSoakBuff_Buff,3,CustomAssetTags.Meiko.DamageSoakBuff
GE_Meiko_DamageSoakBuff_Buff,4,EffectVisualization.IconOnPartyUnitFrame
GE_Meiko_DamageSoakBuff_Damage,0,EffectType.GeneratesThreat
GE_Meiko_DamageSoakBuff_Damage,1,EffectType.Harmful
GE_Meiko_DamageSoakBuff_Damage,2,EffectType.Magic.Earth
GE_Meiko_DamageSoakBuff_IncomingDamageMultiplier,0,EffectType.Beneficial
GE_Meiko_DamageSoakBuff_IncomingDamageMultiplier,1,EffectLogic.RemoveOnDeath
GE_Meiko_DamageSoakBuff_StoneInvinsibilityBuff,0,EffectLogic.System
GE_Meiko_DamageSoakBuff_StoneInvinsibilityBuff,1,EffectType.Beneficial
GE_Meiko_DamageSoakBuff_StoneInvinsibilityBuff,2,EffectLogic.RemoveOnDeath
GE_Meiko_DamageSoakBuff_StoneInvinsibilityBuff,3,EffectVisualization.Icon
GE_Meiko_DamageSoakBuff_StoneInvinsibilityBuff,4,EffectVisualization.HeroSuperBuffbar
GE_Meiko_DurationalAoeBuff_EnfeeblingEffect,0,EffectType.Debuff
GE_Meiko_DurationalAoeBuff_EnfeeblingEffect,1,EffectType.Harmful
GE_Meiko_DurationalAoeBuff_EnfeeblingEffect,2,EffectType.Magic.Wind
GE_Meiko_DurationalAoeDamageBuff_BuffIcon,0,EffectType.Beneficial
GE_Meiko_DurationalAoeDamageBuff_BuffIcon,1,EffectVisualization.Icon
GE_Meiko_DurationalAoeDamageBuff_BuffIcon,2,EffectLogic.RemoveOnDeath
GE_Meiko_DurationalAoeDamageBuff_BuffIcon,3,CustomAssetTags.Meiko.DurationalAoeDamageBuff.Active
GE_Meiko_DurationalAoeDamageBuff_BuffIcon,4,EffectVisualization.HeroSuperBuffbar
GE_Meiko_DurationalAoeDamageBuff_Damage,0,EffectType.Harmful
GE_Meiko_DurationalAoeDamageBuff_Damage,1,EffectType.GeneratesThreat
GE_Meiko_DurationalAoeDamageBuff_Damage,2,EffectType.Magic.Wind
GE_Meiko_DurationalAoeDamageBuff_DecreasedMovementSpeed,0,EffectType.Harmful
GE_Meiko_DurationalAoeDamageBuff_DecreasedMovementSpeed,1,EffectLogic.RemoveOnDeath
GE_Meiko_DurationalAoeDamageBuff_DecreasedMovementSpeed,2,EffectVisualization.Icon
GE_Meiko_DurationalAoeDamageBuff_DecreasedMovementSpeed,3,EffectLogic.NoImmuneLogging
GE_Meiko_DurationalAoeDamageBuff_DecreasedMovementSpeed,4,EffectType.MovementImpairing
GE_Meiko_DurationalMultipleTeleportDamage_Damage,0,EffectType.Harmful
GE_Meiko_DurationalMultipleTeleportDamage_Damage,1,EffectType.GeneratesThreat
GE_Meiko_DurationalMultipleTeleportDamage_Damage,2,EffectType.Magic.Wind
GE_Meiko_DurationalMultipleTeleportDamage_SelfBuff,0,EffectType.Beneficial
GE_Meiko_DurationalMultipleTeleportDamage_SelfBuff,1,EffectLogic.RemoveOnDeath
GE_Meiko_DurationalMultipleTeleportDamage_SelfBuff,2,EffectLogic.System
GE_Meiko_DurationalMultipleTeleportDamage_SelfBuff,3,EffectVisualization.Icon
GE_Meiko_DurationalMultipleTeleportDamage_SelfBuff,4,EffectVisualization.HeroSuperBuffbar
GE_Meiko_DurationalMultipleTeleportDamage_SpiritCost,0,EffectLogic.AlwaysApply
GE_Meiko_Expertise_DamageBuff,0,EffectType.Beneficial
GE_Meiko_Expertise_DamageBuff,1,EffectVisualization.Icon
GE_Meiko_Expertise_DamageBuff,2,EffectLogic.NotDispellable
GE_Meiko_Expertise_DamageBuff,3,EffectLogic.AlwaysApply
GE_Meiko_FrontalAoeDebuff_Damage,0,EffectType.Harmful
GE_Meiko_FrontalAoeDebuff_Damage,1,EffectType.GeneratesThreat
GE_Meiko_FrontalAoeDebuff_Damage,2,EffectType.Magic.Earth
GE_Meiko_FrontalAoeDebuff_Stun,0,EffectType.CrowdControl
GE_Meiko_FrontalAoeDebuff_Stun,1,EffectType.MovementImpairing
GE_Meiko_FrontalAoeDebuff_Stun,2,EffectType.Physical
GE_Meiko_FrontalAoeDebuff_Stun,3,EffectLogic.RemoveOnDeath
GE_Meiko_FrontalAoeDebuff_Stun,4,EffectType.GeneratesThreat
GE_Meiko_FrontalAoeDebuff_Stun,5,EffectVisualization.Icon
GE_Meiko_FrontalAoeDebuff_Stun,6,EffectType.Harmful
GE_Meiko_FrontalAoeDebuff_Stun,7,EffectType.Stun
GE_Meiko_HIghDamageCleave_SelfHeal,0,EffectType.Healing
GE_Meiko_HIghDamageCleave_SelfHeal,1,EffectType.Beneficial
GE_Meiko_HIghDamageCleave_SelfHeal,2,EffectType.Magic.Nature
GE_Meiko_HIghDamageCleave_SelfHeal,3,CustomAssetTags.Meiko.SelfHeal
GE_Meiko_HighDamageCleave_Damage,0,EffectType.Harmful
GE_Meiko_HighDamageCleave_Damage,1,EffectType.GeneratesThreat
GE_Meiko_HighDamageCleave_Damage,2,EffectType.Magic.Wind
GE_Meiko_InstantSelfDefensive_HealBonusTracker,0,EffectType.Beneficial
GE_Meiko_InstantSelfDefensive_HealBonusTracker,1,EffectLogic.RemoveOnDeath
GE_Meiko_InstantSelfDefensive_HealBonusTracker,2,CustomAssetTags.Meiko.InstantSelfDefensive.HealBonusBuff
GE_Meiko_InstantSelfDefensive_SelfHeal,0,EffectType.Beneficial
GE_Meiko_InstantSelfDefensive_SelfHeal,1,EffectType.GeneratesThreat
GE_Meiko_InstantSelfDefensive_SelfHeal,2,EffectType.Healing
GE_Meiko_InstantSelfDefensive_SelfHeal,3,EffectType.Magic.Nature
GE_Meiko_InstantSelfDefensive_SelfHeal,4,CustomAssetTags.Meiko.InstantSelfDefensive.Heal
GE_Meiko_InstantSelfDefensive_SelfHeal,5,CustomAssetTags.Meiko.SelfHeal
GE_Meiko_MeleeAutoAttack_Damage,0,EffectType.Physical
GE_Meiko_MeleeAutoAttack_Damage,1,EffectType.Harmful
GE_Meiko_MeleeAutoAttack_Damage,2,EffectType.GeneratesThreat
GE_Meiko_MeleeAutoAttack_Damage,3,EffectType.AutoAttack
GE_Meiko_MeleeDamageImmediateSelfBuff_Damage,0,EffectType.Physical
GE_Meiko_MeleeDamageImmediateSelfBuff_Damage,1,EffectType.Harmful
GE_Meiko_MeleeDamageImmediateSelfBuff_Damage,2,EffectType.GeneratesThreat
GE_Meiko_MeleeDamageImmediateSelfBuff_SelfBuff,0,EffectType.Beneficial
GE_Meiko_MeleeDamageImmediateSelfBuff_SelfBuff,1,EffectVisualization.Icon
GE_Meiko_MeleeDamageImmediateSelfBuff_SelfBuff,2,EffectVisualization.HeroSuperBuffbar
GE_Meiko_MeleeDamageLowHealthSelfBuff_Damage,0,EffectType.Physical
GE_Meiko_MeleeDamageLowHealthSelfBuff_Damage,1,EffectType.Harmful
GE_Meiko_MeleeDamageLowHealthSelfBuff_Damage,2,EffectType.GeneratesThreat
GE_Meiko_MeleeDamageLowHealthSelfBuff_SelfBuff,0,EffectType.Beneficial
GE_Meiko_MeleeDamageLowHealthSelfBuff_SelfBuff,1,EffectVisualization.Icon
GE_Meiko_MeleeDamageSelfBuff_Damage,0,EffectType.Harmful
GE_Meiko_MeleeDamageSelfBuff_Damage,1,EffectType.GeneratesThreat
GE_Meiko_MeleeDamageSelfBuff_Damage,2,EffectType.Magic.Wind
GE_Meiko_MeleeDamageSelfBuff_SelfBuff,0,EffectType.Beneficial
GE_Meiko_MeleeDamageSelfBuff_SelfBuff,1,EffectVisualization.Icon
GE_Meiko_MeleeDown_Damage,0,EffectType.Harmful
GE_Meiko_MeleeDown_Damage,1,EffectType.GeneratesThreat
GE_Meiko_MeleeDown_Damage,2,EffectType.Magic.Wind
GE_Meiko_MeleeDown_Damage,3,EffectType.SourceAbility.Basic
GE_Meiko_MeleeInterrupt_Interrupt,0,EffectType.Harmful
GE_Meiko_MeleeInterrupt_Interrupt,1,EffectType.GeneratesThreat
GE_Meiko_MeleeInterrupt_Interrupt,2,EffectType.Physical
GE_Meiko_MeleeLeft_Damage,0,EffectType.Physical
GE_Meiko_MeleeLeft_Damage,1,EffectType.Harmful
GE_Meiko_MeleeLeft_Damage,2,EffectType.GeneratesThreat
GE_Meiko_MeleeLeft_Damage,3,EffectType.SourceAbility.Basic
GE_Meiko_MeleeRight_Damage,0,EffectType.Physical
GE_Meiko_MeleeRight_Damage,1,EffectType.Harmful
GE_Meiko_MeleeRight_Damage,2,EffectType.GeneratesThreat
GE_Meiko_MeleeRight_Damage,3,EffectType.SourceAbility.Basic
GE_Meiko_MoveToLocationAoeDamage_Damage,0,EffectType.Physical
GE_Meiko_MoveToLocationAoeDamage_Damage,1,EffectType.Harmful
GE_Meiko_MoveToLocationAoeDamage_Damage,2,EffectType.GeneratesThreat
GE_Meiko_MoveToLocationAoeDamage_Dot,0,EffectType.Harmful
GE_Meiko_MoveToLocationAoeDamage_Dot,1,EffectType.GeneratesThreat
GE_Meiko_MoveToLocationAoeDamage_Dot,2,EffectLogic.RemoveOnDeath
GE_Meiko_MoveToLocationAoeDamage_Dot,3,EffectType.Magic.Earth
GE_Meiko_MoveToLocationAoeDamage_Dot,4,EffectLogic.NoImmuneLogging
GE_Meiko_RangedTaunt_Debuff,0,EffectLogic.RemoveOnDeath
GE_Meiko_RangedTaunt_Debuff,1,EffectType.Physical
GE_Meiko_RangedTaunt_Debuff,2,EffectType.GeneratesThreat
GE_Meiko_RangedTaunt_Debuff,3,EffectVisualization.Icon
GE_Meiko_RangedTaunt_Debuff,4,EffectType.Harmful
GE_Meiko_RangedTaunt_Debuff,5,EffectType.Taunt
GE_Meiko_SpiritProc_IncreasedArmorBuff,0,EffectVisualization.Icon
GE_Meiko_SpiritProc_IncreasedArmorBuff,1,EffectVisualization.IconOnPartyUnitFrame
GE_Meiko_SpiritProc_IncreasedArmorBuff,2,EffectType.Beneficial
GE_Meiko_SpiritProc_IncreasedArmorBuff,3,EffectLogic.RemoveOnDeath
GE_Meiko_SpiritProc_IncreasedArmorBuff,4,CustomAssetTags.Meiko.SpiritProc.IncreasedArmorBuff.Buff
GE_Meiko_SpiritProc_IncreasedArmorBuff,5,EffectVisualization.HeroSuperBuffbar
GE_Meiko_Talent_ChargedForwardDash_AoeSlow_Debuff,0,EffectLogic.RemoveOnDeath
GE_Meiko_Talent_ChargedForwardDash_AoeSlow_Debuff,1,EffectVisualization.Icon
GE_Meiko_Talent_ChargedForwardDash_AoeSlow_Debuff,2,EffectType.Harmful
GE_Meiko_Talent_ChargedForwardDash_AoeSlow_Debuff,3,EffectType.MovementImpairing
GE_Meiko_Talent_ChargedForwardDash_MoveSpeedIncrease,0,EffectType.Beneficial
GE_Meiko_Talent_ChargedForwardDash_MoveSpeedIncrease,1,EffectVisualization.Icon
GE_Meiko_Talent_ChargedForwardDash_MoveSpeedIncrease,2,EffectLogic.RemoveOnDeath
GE_Meiko_Talent_ConsumedBuffsToDefensiveBuff_Buff,0,EffectType.Beneficial
GE_Meiko_Talent_ConsumedBuffsToDefensiveBuff_Buff,1,EffectLogic.RemoveOnDeath
GE_Meiko_Talent_ConsumedBuffsToDefensiveBuff_Stacker,0,EffectLogic.System
GE_Meiko_Talent_ConsumedBuffsToDefensiveBuff_Stacker,1,EffectType.Beneficial
GE_Meiko_Talent_ConsumedBuffsToDefensiveBuff_Stacker,2,EffectLogic.RemoveOnDeath
GE_Meiko_Talent_ConsumedBuffsToDefensiveBuff_Stacker,3,EffectVisualization.Icon
GE_Meiko_Talent_ConsumedBuffsToDefensiveBuff_Stacker,4,EffectVisualization.HeroSuperBuffbar
GE_Meiko_Talent_DamageSoakBuff_IncreasedIncomingHealing_Buff,0,EffectType.Beneficial
GE_Meiko_Talent_DamageSoakBuff_IncreasedIncomingHealing_Buff,1,EffectLogic.RemoveOnDeath
GE_Meiko_Talent_DamageSoakBuff_IncreasedIncomingHealing_Buff,2,EffectVisualization.IconOnPartyUnitFrame
GE_Meiko_Talent_DamageSoakBuff_IncreasedIncomingHealing_Buff,3,EffectVisualization.Icon
GE_Meiko_Talent_DamageSoakBuff_IncreasedIncomingHealing_Buff,4,EffectVisualization.HeroSuperBuffbar
GE_Meiko_Talent_DurationalAoeDamageBuff_FinisherIncreasedDodgeChance_DodgeChance,0,EffectType.Beneficial
GE_Meiko_Talent_DurationalAoeDamageBuff_FinisherIncreasedDodgeChance_DodgeChance,1,EffectVisualization.Icon
GE_Meiko_Talent_DurationalAoeDamageBuff_FinisherIncreasedDodgeChance_DodgeChance,2,EffectLogic.RemoveOnDeath
GE_Meiko_Talent_DurationalAoeDamageBuff_IncreasedDamage,0,EffectLogic.System
GE_Meiko_Talent_DurationalAoeDamageBuff_ReducedAttackSpeed_Debuff,0,EffectType.Debuff
GE_Meiko_Talent_DurationalAoeDamageBuff_ReducedAttackSpeed_Debuff,1,EffectType.GeneratesThreat
GE_Meiko_Talent_DurationalAoeDamageBuff_ReducedAttackSpeed_Debuff,2,EffectType.Harmful
GE_Meiko_Talent_DurationalAoeDamageBuff_ReducedAttackSpeed_Debuff,3,EffectType.Physical
GE_Meiko_Talent_DurationalAoeDamageBuff_ReducedAttackSpeed_Debuff,4,EffectLogic.RemoveOnDeath
GE_Meiko_Talent_DurationalAoeDamageBuff_ReducedAttackSpeed_Debuff,5,EffectType.CrowdControl
GE_Meiko_Talent_Earth_IncreasedDamage,0,EffectLogic.System
GE_Meiko_Talent_Finishers_IncreasedDamage,0,EffectLogic.System
GE_Meiko_Talent_HighDamageCleave_IncreasedCriticalChance,0,EffectLogic.System
GE_Meiko_Talent_IncreasedMovementSpeed,0,EffectLogic.System
GE_Meiko_Talent_InstantSelfDefensive_ApplyHot_Hot,0,EffectType.Beneficial
GE_Meiko_Talent_InstantSelfDefensive_ApplyHot_Hot,1,EffectType.Hot
GE_Meiko_Talent_InstantSelfDefensive_ApplyHot_Hot,2,EffectType.Magic
GE_Meiko_Talent_InstantSelfDefensive_ApplyHot_Hot,3,EffectType.GeneratesThreat
GE_Meiko_Talent_InstantSelfDefensive_ApplyHot_Hot,4,EffectVisualization.Icon
GE_Meiko_Talent_InstantSelfDefensive_ApplyHot_Hot,5,EffectLogic.RemoveOnDeath
GE_Meiko_Talent_InstantSelfDefensive_ApplyHot_Hot,6,CustomAssetTags.Meiko.SelfHeal
GE_Meiko_Talent_InstantSelfDefensive_DamageReductionLessHeal,0,EffectType.Beneficial
GE_Meiko_Talent_InstantSelfDefensive_DamageReductionLessHeal,1,EffectVisualization.Icon
GE_Meiko_Talent_InstantSelfDefensive_DamageReductionLessHeal,2,EffectVisualization.IconOnPartyUnitFrame
GE_Meiko_Talent_InstantSelfDefensive_DamageReductionLessHeal,3,EffectLogic.RemoveOnDeath
GE_Meiko_Talent_InstantSelfDefensive_DamageReductionLessHeal,4,EffectVisualization.HeroSuperBuffbar
GE_Meiko_Talent_InstantSelfDefensive_DamageReductionLessHel_Damage,0,EffectType.Harmful
GE_Meiko_Talent_InstantSelfDefensive_DamageReductionLessHel_Damage,1,EffectType.Magic.Earth
GE_Meiko_Talent_InstantSelfDefensive_DamageReductionLessHel_Damage,2,EffectType.GeneratesThreat
GE_Meiko_Talent_MeleeDamageImmediateSelfBuff_Absorb,0,EffectType.Absorption
GE_Meiko_Talent_MeleeDamageImmediateSelfBuff_Absorb,1,EffectType.Beneficial
GE_Meiko_Talent_MeleeDamageImmediateSelfBuff_Absorb,2,EffectVisualization.Icon
GE_Meiko_Talent_MeleeDamageImmediateSelfBuff_Absorb,3,EffectLogic.RemoveOnDeath
GE_Meiko_Talent_MeleeDamageImmediateSelfBuff_DamageBuilder_Buff,0,EffectVisualization.Icon
GE_Meiko_Talent_MeleeDamageImmediateSelfBuff_DamageBuilder_Buff,1,EffectVisualization.IconOnPartyUnitFrame
GE_Meiko_Talent_MeleeDamageImmediateSelfBuff_DamageBuilder_Buff,2,EffectLogic.RemoveOnDeath
GE_Meiko_Talent_MeleeDamageImmediateSelfBuff_DamageBuilder_Buff,3,EffectType.Magic
GE_Meiko_Talent_MeleeDamageImmediateSelfBuff_DamageBuilder_Buff,4,EffectType.Beneficial
GE_Meiko_Talent_MeleeDamageImmediateSelfBuff_DamageBuilder_Buff,5,CustomAssetTags.Meiko.Talent.MeleeDamageImmediateSelfBuff.DamageBuilder.Buff
GE_Meiko_Talent_MeleeDamageImmediateSelfBuff_DamageBuilder_Damage,0,EffectType.GeneratesThreat
GE_Meiko_Talent_MeleeDamageImmediateSelfBuff_DamageBuilder_Damage,1,EffectType.Harmful
GE_Meiko_Talent_MeleeDamageImmediateSelfBuff_DamageBuilder_Damage,2,EffectType.Magic.Arcane
GE_Meiko_Talent_MeleeDamageImmediateSelfBuff_DamageBuilder_Damage,3,CustomAssetTags.Meiko.Talent.MeleeDamageImmediateSelfBuff.DamageBuilder.Damage
GE_Meiko_Talent_MeleeDamageImmediateSelfBuff_DamageBuilder_Debuff,0,EffectType.Harmful
GE_Meiko_Talent_MeleeDamageImmediateSelfBuff_DamageBuilder_Debuff,1,EffectVisualization.Icon
GE_Meiko_Talent_MeleeDamageImmediateSelfBuff_DamageBuilder_Debuff,2,EffectVisualization.IconOnPartyUnitFrame
GE_Meiko_Talent_MeleeDamageImmediateSelfBuff_DamageBuilder_Debuff,3,EffectVisualization.OverheadStatus
GE_Meiko_Talent_MeleeDamageImmediateSelfBuff_DamageBuilder_Debuff,4,EffectLogic.RemoveOnDeath
GE_Meiko_Talent_MeleeDamageImmediateSelfBuff_DamageBuilder_Debuff,5,EffectType.Magic
GE_Meiko_Talent_MeleeDamageImmediateSelfBuff_DamageBuilder_Heal,0,EffectType.Beneficial
GE_Meiko_Talent_MeleeDamageImmediateSelfBuff_DamageBuilder_Heal,1,EffectType.Healing
GE_Meiko_Talent_MeleeDamageImmediateSelfBuff_DamageBuilder_Heal,2,EffectType.Magic.Arcane
GE_Meiko_Talent_MeleeDamageImmediateSelfBuff_DamageBuilder_Heal,3,CustomAssetTags.Meiko.SelfHeal
GE_Meiko_Talent_ReducedIncomingMagicDamage,0,EffectLogic.System
GE_Meiko_Talent_TauntTotem_BuffAfterDestroyed_Buff,0,EffectType.Beneficial
GE_Meiko_Talent_TauntTotem_BuffAfterDestroyed_Buff,1,EffectVisualization.Icon
GE_Meiko_Talent_TauntTotem_BuffAfterDestroyed_Buff,2,EffectVisualization.HeroSuperBuffbar
GE_Meiko_Talent_TauntTotem_BuffAfterDestroyed_Buff,3,EffectType.Buff
GE_Meiko_Talent_TauntTotem_BuffAfterDestroyed_Buff,4,EffectLogic.AlwaysApply
GE_Meiko_Talent_TauntTotem_BuffAfterDestroyed_Buff,5,EffectType.Magic.Earth
GE_Meiko_Talent_TauntTotem_DamageReductionWhileCooldown_Buff,0,EffectType.Beneficial
GE_Meiko_Talent_TauntTotem_DamageReductionWhileCooldown_Buff,1,EffectVisualization.Icon
GE_Meiko_Talent_TauntTotem_DamageReductionWhileCooldown_Buff,2,EffectType.Buff
GE_Meiko_Talent_TauntTotem_DamageReductionWhileCooldown_Buff,3,EffectLogic.AlwaysApply
GE_Meiko_Talent_TauntTotem_DamageReductionWhileCooldown_Buff,4,GameplayEffect.PermanentNotRemovable
GE_Meiko_Talent_TauntTotem_IncomingDamageToDamage_Damage,0,EffectType.Harmful
GE_Meiko_Talent_TauntTotem_IncomingDamageToDamage_Damage,1,EffectType.Magic.Wind
GE_Meiko_Talent_TauntTotem_IncreasedHealthAndDuration,0,EffectLogic.System
GE_Meiko_TauntTotem_SelfBuff,0,EffectType.Beneficial
GE_Meiko_TauntTotem_SelfBuff,1,EffectLogic.RemoveOnDeath
GE_Meiko_TauntTotem_SelfBuff,2,EffectLogic.System
GE_Meiko_TauntTotem_SelfBuff,3,EffectVisualization.Icon
GE_Meiko_TauntTotem_SelfBuff,4,EffectVisualization.IconOnPartyUnitFrame
GE_Meiko_TauntTotem_Taunt,0,EffectLogic.RemoveOnDeath
GE_Meiko_TauntTotem_Taunt,1,EffectType.Physical
GE_Meiko_TauntTotem_Taunt,2,EffectType.GeneratesThreat
GE_Meiko_TauntTotem_Taunt,3,EffectVisualization.Icon
GE_Meiko_TauntTotem_Taunt,4,EffectType.Harmful
GE_Meiko_TauntTotem_Taunt,5,EffectType.Taunt
GE_Mosse_BlueButterfly_SelfBuff,0,EffectType.Beneficial
GE_Mosse_BlueButterfly_SelfBuff,1,EffectType.GeneratesThreat
GE_Mosse_BlueButterfly_SelfBuff,2,EffectType.Magic.Nature
GE_Mosse_BlueButterfly_SelfBuff,3,EffectLogic.NotDispellable
GE_Mosse_BlueButterfly_SelfBuff,4,EffectVisualization.Icon
GE_Mosse_BlueButterfly_SelfBuff,5,EffectLogic.System
GE_Mosse_BlueButterfly_SelfBuff,6,CustomAssetTags.Mosse.Butterfly.Behavior.Orbit
GE_Mosse_BlueButterfly_SelfBuff,7,EffectLogic.RemoveOnDeath
GE_Mosse_BlueButterfly_SelfBuff,8,EffectVisualization.IconOnPartyUnitFrame
GE_Mosse_BlueButterfly_TargetBuff,0,EffectType.Beneficial
GE_Mosse_BlueButterfly_TargetBuff,1,EffectType.GeneratesThreat
GE_Mosse_BlueButterfly_TargetBuff,2,EffectType.Magic.Nature
GE_Mosse_BlueButterfly_TargetBuff,3,EffectLogic.NotDispellable
GE_Mosse_BlueButterfly_TargetBuff,4,EffectLogic.RemoveOnDeath
GE_Mosse_BlueButterfly_TargetBuff,5,EffectVisualization.Icon
GE_Mosse_BlueButterfly_TargetBuff,6,CustomAssetTags.Mosse.Butterfly.Behavior.Orbit
GE_Mosse_BlueButterfly_TargetBuff,7,EffectVisualization.IconOnPartyUnitFrame
GE_Mosse_CastedSingleTargetProjectile_Damage,0,EffectType.GeneratesThreat
GE_Mosse_CastedSingleTargetProjectile_Damage,1,EffectType.Harmful
GE_Mosse_CastedSingleTargetProjectile_Damage,2,EffectType.Magic.Nature
GE_Mosse_CastedSingleTargetProjectile_Damage,3,CustomAssetTags.Mosse.CastedSingleTargetProjectile.Damage
GE_Mosse_CastedSingleTargetProjectile_Damage,4,EffectType.SourceAbility.Basic
GE_Mosse_DurationalAoeHealPlacement_Heal,0,EffectType.Beneficial
GE_Mosse_DurationalAoeHealPlacement_Heal,1,EffectType.Healing
GE_Mosse_DurationalAoeHealPlacement_Heal,2,EffectType.Magic.Nature
GE_Mosse_DurationalAoeHealPlacement_Heal,3,CustomAssetTags.Mosse.DurationalAoeHealPlacement.Heal
GE_Mosse_DurationalAoeHealPlacement_VisualEffect,0,EffectLogic.AlwaysApply
GE_Mosse_DurationalAoeHealPlacement_VisualEffect,1,EffectLogic.RemoveOnDeath
GE_Mosse_DurationalAoeHealPlacement_VisualEffect,2,EffectType.Beneficial
GE_Mosse_ExplosiveMinion_Damage,0,EffectType.Magic.Nature
GE_Mosse_ExplosiveMinion_Damage,1,EffectType.GeneratesThreat
GE_Mosse_ExplosiveMinion_Damage,2,EffectType.Harmful
GE_Mosse_ExplosiveMinion_Stacker,0,EffectLogic.AlwaysApply
GE_Mosse_ExplosiveMinion_Stacker,1,EffectLogic.System
GE_Mosse_HealingAoeTotem_Heal,0,EffectType.Beneficial
GE_Mosse_HealingAoeTotem_Heal,1,EffectType.Healing
GE_Mosse_HealingAoeTotem_Heal,2,EffectType.Magic.Nature
GE_Mosse_InstantSelfEscapeBuff_Buff,0,EffectLogic.RemoveOnDeath
GE_Mosse_InstantSelfEscapeBuff_Buff,1,EffectType.Buff
GE_Mosse_InstantSelfEscapeBuff_Buff,2,EffectType.Beneficial
GE_Mosse_InstantSelfEscapeBuff_Buff,3,EffectVisualization.Icon
GE_Mosse_InstantSelfEscapeBuff_Buff,4,EffectType.Magic.Nature
GE_Mosse_InstantSelfEscapeBuff_Buff,5,EffectVisualization.HeroSuperBuffbar
GE_Mosse_InstantSelfEscapeBuff_Buff,6,CustomAssetTags.Mosse.InstantSelfEscapeBuff.Buff
GE_Mosse_InstantSelfEscapeBuff_ReduceThreat,0,EffectType.Beneficial
GE_Mosse_InstantSelfEscapeBuff_ReduceThreat,1,EffectType.Magic.Nature
GE_Mosse_Passive_IncreasedMoveSpeed_Buff,0,Effect.Buff
GE_Mosse_Passive_IncreasedMoveSpeed_Buff,1,EffectType.Buff
GE_Mosse_Passive_IncreasedMoveSpeed_Buff,2,EffectType.Beneficial
GE_Mosse_Passive_IncreasedMoveSpeed_Buff,3,GameplayEffect.PermanentNotRemovable
GE_Mosse_Passive_PartyStaminaBuff_Buff,0,EffectType.Buff
GE_Mosse_Passive_PartyStaminaBuff_Buff,1,EffectType.Beneficial
GE_Mosse_Passive_PartyStaminaBuff_Buff,2,EffectVisualization.Icon
GE_Mosse_Passive_PartyStaminaBuff_Buff,3,EffectVisualization.IconOnPartyUnitFrame
GE_Mosse_Passive_PartyStaminaBuff_Buff,4,CustomAssetTags.Mosse.PartyStaminaBuff
GE_Mosse_Passive_PartyStaminaBuff_Buff,5,EffectLogic.RemoveOnDeath
GE_Mosse_Passive_PartyStaminaBuff_Buff,6,EffectLogic.RemoveOnSourceDeath
GE_Mosse_PinkButterfly_Double_Chargeup,0,EffectLogic.System
GE_Mosse_PinkButterfly_Double_Chargeup,1,EffectType.Beneficial
GE_Mosse_PinkButterfly_Double_Chargeup,2,EffectType.Magic.Nature
GE_Mosse_PinkButterfly_Double_Chargeup,3,CustomAssetTags.Mosse.Butterfly.Behavior.Spin
GE_Mosse_PinkButterfly_Double_Chargeup,4,CustomAssetTags.Mosse.Butterfly.Occupied
GE_Mosse_PinkButterfly_Double_Chargeup,5,EffectLogic.RemoveOnDeath
GE_Mosse_PinkButterfly_Double_Chargeup,6,EffectVisualization.IconOnPartyUnitFrame
GE_Mosse_PinkButterfly_Double_Chargeup,7,EffectVisualization.Icon
GE_Mosse_PinkButterfly_Double_FlashHeal,0,EffectType.Beneficial
GE_Mosse_PinkButterfly_Double_FlashHeal,1,EffectType.Healing
GE_Mosse_PinkButterfly_Double_FlashHeal,2,EffectType.GeneratesThreat
GE_Mosse_PinkButterfly_Double_FlashHeal,3,EffectType.Magic.Nature
GE_Mosse_PinkButterfly_Double_FlashHeal,4,CustomAssetTags.Mosse.DurationalAoeHealPlacement.AddPlacedHealingTotem
GE_Mosse_PinkButterfly_Double_FlashHeal,5,CustomAssetTags.Mosse.ButterflyHeal
GE_Mosse_PinkButterfly_Double_Hot,0,EffectType.Beneficial
GE_Mosse_PinkButterfly_Double_Hot,1,EffectType.GeneratesThreat
GE_Mosse_PinkButterfly_Double_Hot,2,EffectType.Healing
GE_Mosse_PinkButterfly_Double_Hot,3,EffectType.Hot
GE_Mosse_PinkButterfly_Double_Hot,4,EffectType.Magic.Nature
GE_Mosse_PinkButterfly_Double_Hot,5,EffectLogic.RemoveOnDeath
GE_Mosse_PinkButterfly_Double_Hot,6,EffectVisualization.Icon
GE_Mosse_PinkButterfly_Double_Hot,7,EffectVisualization.IconOnPartyUnitFrame
GE_Mosse_PinkButterfly_Double_Hot,8,CustomAssetTags.Mosse.DurationalAoeHealPlacement.AddPlacedHealingTotem
GE_Mosse_PinkButterfly_Double_Hot,9,CustomAssetTags.Mosse.ButterflyHeal
GE_Mosse_PinkButterfly_Idle,0,EffectLogic.System
GE_Mosse_PinkButterfly_Idle,1,CustomAssetTags.Mosse.Butterfly.Idle
GE_Mosse_PinkButterfly_Simple_Hot,0,EffectType.Beneficial
GE_Mosse_PinkButterfly_Simple_Hot,1,EffectType.Hot
GE_Mosse_PinkButterfly_Simple_Hot,2,EffectType.Healing
GE_Mosse_PinkButterfly_Simple_Hot,3,EffectType.GeneratesThreat
GE_Mosse_PinkButterfly_Simple_Hot,4,EffectType.Magic.Nature
GE_Mosse_PinkButterfly_Simple_Hot,5,EffectLogic.NotDispellable
GE_Mosse_PinkButterfly_Simple_Hot,6,EffectLogic.RemoveOnDeath
GE_Mosse_PinkButterfly_Simple_Hot,7,EffectVisualization.Icon
GE_Mosse_PinkButterfly_Simple_Hot,8,CustomAssetTags.Mosse.Butterfly.Behavior.Orbit
GE_Mosse_PinkButterfly_Simple_Hot,9,EffectVisualization.IconOnPartyUnitFrame
GE_Mosse_PinkButterfly_Simple_Hot,10,CustomAssetTags.Mosse.DurationalAoeHealPlacement.AddPlacedHealingTotem
GE_Mosse_PinkButterfly_Simple_Hot,11,CustomAssetTags.Mosse.ButterflyHeal
GE_Mosse_PinkButterfly_Simple_Hot,12,CustomAssetTags.Mosse.PinkButterfly.Simple.Hot
GE_Mosse_PlacedAoeBuff_IncreasedHealingTakenBuff,0,EffectType.Beneficial
GE_Mosse_PlacedAoeBuff_IncreasedHealingTakenBuff,1,EffectType.Buff
GE_Mosse_PlacedAoeBuff_IncreasedHealingTakenBuff,2,EffectType.Magic.Nature
GE_Mosse_PlacedAoeBuff_IncreasedHealingTakenBuff,3,EffectVisualization.Icon
GE_Mosse_PlacedAoeBuff_IncreasedHealingTakenBuff,4,EffectVisualization.IconOnPartyUnitFrame
GE_Mosse_ProjectileTurret_Damage,0,EffectType.GeneratesThreat
GE_Mosse_ProjectileTurret_Damage,1,EffectType.Harmful
GE_Mosse_ProjectileTurret_Damage,2,EffectType.Magic.Nature
GE_Mosse_ProjectileTurret_Damage,3,CustomAssetTags.Mosse.ProjectileTurret.Damage
GE_Mosse_SharedHealthBuff_Buff,0,EffectVisualization.Icon
GE_Mosse_SharedHealthBuff_Buff,1,EffectType.Beneficial
GE_Mosse_SharedHealthBuff_Buff,2,EffectType.Magic.Nature
GE_Mosse_SharedHealthBuff_Buff,3,EffectLogic.RemoveOnDeath
GE_Mosse_SharedHealthBuff_Buff,4,EffectLogic.AlwaysApply
GE_Mosse_SharedHealthBuff_Buff,5,CustomAssetTags.Mosse.SharedHealthBuff.Buff
GE_Mosse_SharedHealthBuff_Buff,6,EffectVisualization.IconOnPartyUnitFrame
GE_Mosse_SharedHealthBuff_Buff,7,EffectVisualization.HeroSuperBuffbar
GE_Mosse_SharedHealthBuff_HealthDistributer_Damage,0,EffectLogic.NoLogging
GE_Mosse_SharedHealthBuff_HealthDistributer_Damage,1,EffectType.Harmful
GE_Mosse_SharedHealthBuff_HealthDistributer_Damage,2,EffectType.Magic
GE_Mosse_SharedHealthBuff_HealthDistributer_Heal,0,EffectType.Beneficial
GE_Mosse_SharedHealthBuff_HealthDistributer_Heal,1,EffectType.Healing
GE_Mosse_SharedHealthBuff_HealthDistributer_Heal,2,EffectLogic.NoLogging
GE_Mosse_SharedHealthBuff_HealthDistributer_Heal,3,EffectType.Magic
GE_Mosse_SharedHealthBuff_HealthSyncBuff,0,EffectType.Beneficial
GE_Mosse_SharedHealthBuff_HealthSyncBuff,1,EffectType.Magic.Nature
GE_Mosse_SharedHealthBuff_HealthSyncBuff,2,EffectLogic.RemoveOnDeath
GE_Mosse_SharedHealthBuff_HealthSyncBuff,3,EffectLogic.AlwaysApply
GE_Mosse_SingleTargetCastedDamageReductionBuff,0,EffectType.Beneficial
GE_Mosse_SingleTargetCastedDamageReductionBuff,1,EffectLogic.RemoveOnDeath
GE_Mosse_SingleTargetCastedDamageReductionBuff,2,EffectType.GeneratesThreat
GE_Mosse_SingleTargetCastedDamageReductionBuff,3,EffectVisualization.Icon
GE_Mosse_SingleTargetCastedDamageReductionBuff,4,EffectVisualization.IconOnPartyUnitFrame
GE_Mosse_SingleTargetCastedDamageReductionBuff,5,EffectType.Magic.Nature
GE_Mosse_SingleTargetCastedDamageReductionBuff,6,EffectVisualization.HeroSuperBuffbar
GE_Mosse_SingleTargetCastedDamageReductionBuff,7,CustomAssetTags.Mosse.SingleTargetCastedDamageReduction.Buff
GE_Mosse_SingleTargetDispel_Dispel,0,EffectType.Beneficial
GE_Mosse_SingleTargetDispel_Dispel,1,EffectType.GeneratesThreat
GE_Mosse_SingleTargetDispel_Dispel,2,EffectType.Magic.Nature
GE_Mosse_Talent_BlueFlutterflyTargetBonus_DamageReduction_OnTargetEffect,0,EffectLogic.System
GE_Mosse_Talent_BlueFlutterflyTargetBonus_DamageTakenReduction,0,EffectLogic.System
GE_Mosse_Talent_BlueFlutterflyTargetBonus_DamageTakenReduction,1,EffectType.Beneficial
GE_Mosse_Talent_ButterflyHeal_CastedSingleTargetProjectile_Proc_Buff,0,EffectLogic.AlwaysApply
GE_Mosse_Talent_ButterflyHeal_CastedSingleTargetProjectile_Proc_Buff,1,EffectLogic.NotDispellable
GE_Mosse_Talent_ButterflyHeal_CastedSingleTargetProjectile_Proc_Buff,2,EffectLogic.RemoveOnDeath
GE_Mosse_Talent_ButterflyHeal_CastedSingleTargetProjectile_Proc_Buff,3,EffectVisualization.Icon
GE_Mosse_Talent_ButterflyHeal_CastedSingleTargetProjectile_Proc_Buff,4,EffectType.Beneficial
GE_Mosse_Talent_ButterflyHeal_CastedSingleTargetProjectile_Proc_Buff,5,EffectType.Magic.Nature
GE_Mosse_Talent_ButterflyHeal_CastedSingleTargetProjectile_Proc_Buff,6,EffectVisualization.HeroSuperBuffbar
GE_Mosse_Talent_ButterflyLowHealth_Buff_Cooldown,0,EffectType.Magic.Nature
GE_Mosse_Talent_ButterflyLowHealth_Buff_Cooldown,1,EffectVisualization.Icon
GE_Mosse_Talent_ButterflyLowHealth_Buff_Cooldown,2,EffectVisualization.IconOnPartyUnitFrame
GE_Mosse_Talent_ButterflyLowHealth_Buff_Cooldown,3,GameplayEffect.PermanentNotRemovable
GE_Mosse_Talent_ButterflyLowHealth_Buff_Cooldown,4,EffectType.Buff
GE_Mosse_Talent_ButterflyLowHealth_Buff_Cooldown,5,EffectType.Beneficial
GE_Mosse_Talent_ButterflyLowHealth_Buff_Effect,0,EffectType.Magic.Nature
GE_Mosse_Talent_ButterflyLowHealth_Buff_Effect,1,EffectType.Buff
GE_Mosse_Talent_ButterflyLowHealth_Buff_Effect,2,EffectType.Beneficial
GE_Mosse_Talent_ButterflyLowHealth_Buff_Effect,3,EffectLogic.RemoveOnDeath
GE_Mosse_Talent_ButterflyLowHealth_Buff_Effect,4,EffectVisualization.Icon
GE_Mosse_Talent_ButterflyLowHealth_Buff_Effect,5,EffectVisualization.IconOnPartyUnitFrame
GE_Mosse_Talent_DurationalAoeHealPlacement_OverhealGivesAbsorb_AbsorbBuff,0,EffectType.Absorption
GE_Mosse_Talent_DurationalAoeHealPlacement_OverhealGivesAbsorb_AbsorbBuff,1,EffectLogic.RemoveOnDeath
GE_Mosse_Talent_DurationalAoeHealPlacement_OverhealGivesAbsorb_AbsorbBuff,2,EffectType.Beneficial
GE_Mosse_Talent_DurationalAoeHealPlacement_OverhealGivesAbsorb_AbsorbBuff,3,EffectType.Magic.Nature
GE_Mosse_Talent_DurationalAoeHealPlacement_OverhealGivesAbsorb_AbsorbBuff,4,EffectVisualization.Icon
GE_Mosse_Talent_DurationalAoeHealPlacement_OverhealGivesAbsorb_AbsorbBuff,5,EffectVisualization.IconOnPartyUnitFrame
GE_Mosse_Talent_ExplosiveMinion_AllyTargetHeal_Heal,0,EffectType.Healing
GE_Mosse_Talent_ExplosiveMinion_AllyTargetHeal_Heal,1,EffectType.Beneficial
GE_Mosse_Talent_ExplosiveMinion_AllyTargetHeal_Heal,2,EffectType.Magic.Nature
GE_Mosse_Talent_ExplosiveMinion_AllyTargetHeal_Heal,3,EffectType.GeneratesThreat
GE_Mosse_Talent_ExplosiveMinion_IncreasedDamage,0,EffectLogic.System
GE_Mosse_Talent_IncreasedHealOnLowHealthTarget,0,EffectLogic.System
GE_Mosse_Talent_IncreasedMovementSpeed,0,EffectLogic.System
GE_Mosse_Talent_InstantSelfEscapeBuff_ReducedIncomingDamage,0,EffectLogic.System
GE_Mosse_Talent_InstantSelfEscapeBuff_ReducedIncomingDamage,1,EffectLogic.RemoveOnDeath
GE_Mosse_Talent_MagicDamageReduction,0,EffectLogic.System
GE_Mosse_Talent_MagicDamageReduction,1,EffectLogic.AlwaysApply
GE_Mosse_Talent_PinkButterflyDouble_IncreaseHealingToSimplePinkFlutterfly_OwnerEffect,0,EffectLogic.System
GE_Mosse_Talent_PinkButterfly_Double_IncreasedHotDuration,0,EffectLogic.System
GE_Mosse_Talent_PinkButterfly_Double_ManaCostReduceBuffOnOtherAbilityCommit_Buff,0,EffectType.Magic.Nature
GE_Mosse_Talent_PinkButterfly_Double_ManaCostReduceBuffOnOtherAbilityCommit_Buff,1,EffectType.Buff
GE_Mosse_Talent_PinkButterfly_Double_ManaCostReduceBuffOnOtherAbilityCommit_Buff,2,EffectType.Beneficial
GE_Mosse_Talent_PinkButterfly_Double_ManaCostReduceBuffOnOtherAbilityCommit_Buff,3,EffectLogic.RemoveOnDeath
GE_Mosse_Talent_PinkButterfly_Double_ManaCostReduceBuffOnOtherAbilityCommit_Buff,4,EffectVisualization.Icon
GE_Mosse_Talent_PinkButterfly_Double_ManaCostReduceBuffOnOtherAbilityCommit_Buff,5,EffectVisualization.HeroSuperBuffbar
GE_Mosse_Talent_PinkButterfly_Double_MaxHealthIncreaseWhileActive,0,EffectType.Magic.Nature
GE_Mosse_Talent_PinkButterfly_Double_MaxHealthIncreaseWhileActive,1,EffectType.Buff
GE_Mosse_Talent_PinkButterfly_Double_MaxHealthIncreaseWhileActive,2,EffectType.Beneficial
GE_Mosse_Talent_PinkButterfly_Double_MaxHealthIncreaseWhileActive,3,EffectLogic.RemoveOnDeath
GE_Mosse_Talent_PinkButterfly_Simple_IncreasedTickSpeed,0,EffectLogic.System
GE_Mosse_Talent_PinkButterfly_Simple_IncreasedTickSpeed_Duration,0,EffectLogic.System
GE_Mosse_Talent_PinkButterfly_Simple_IncreasedTickSpeed_Duration,1,EffectLogic.RemoveOnDeath
GE_Mosse_Talent_PlacedAoeBuff_IncreasedDamageReduction,0,EffectType.Beneficial
GE_Mosse_Talent_PlacedAoeBuff_IncreasedDamageReduction,1,EffectType.Buff
GE_Mosse_Talent_PlacedAoeBuff_IncreasedDamageReduction,2,EffectType.Magic.Nature
GE_Mosse_Talent_ReducedIncomingAoeDamage,0,EffectLogic.System
GE_Mosse_Talent_TargetAbsorb,0,EffectType.Absorption
GE_Mosse_Talent_TargetAbsorb,1,EffectType.Beneficial
GE_Mosse_Talent_TargetAbsorb,2,EffectType.GeneratesThreat
GE_Mosse_Talent_TargetAbsorb,3,EffectLogic.RemoveOnDeath
GE_Mosse_Talent_TargetAbsorb,4,EffectVisualization.Icon
GE_Mosse_Talent_TargetAbsorb,5,EffectVisualization.IconOnPartyUnitFrame
GE_Mosse_Talent_TargetAbsorb,6,EffectType.Magic.Nature
GE_Mosse_Talent_TurretChannelHeal_FocusTargetIncreasedDamage_DamageIncrease,0,EffectLogic.System
GE_Mosse_Talent_TurretChannelHeal_FocusTargetIncreasedDamage_OwnerEffect,0,EffectLogic.System
GE_Mosse_Talent_TurretChannelHeal_ReducedSpeedAoeDebuff_AttackSpeedDebuff,0,EffectType.Harmful
GE_Mosse_Talent_TurretChannelHeal_ReducedSpeedAoeDebuff_AttackSpeedDebuff,1,EffectType.Magic.Nature
GE_Mosse_Talent_TurretChannelHeal_ReducedSpeedAoeDebuff_Debuff,0,EffectType.Harmful
GE_Mosse_Talent_TurretChannelHeal_ReducedSpeedAoeDebuff_Debuff,1,EffectType.Magic.Nature
GE_Mosse_Talent_TurretChannelHeal_ReducedSpeedAoeDebuff_Debuff,2,EffectVisualization.Icon
GE_Mosse_Talent_TurretChannelHeal_ReducedSpeedAoeDebuff_SlowDebuff,0,EffectType.Harmful
GE_Mosse_Talent_TurretChannelHeal_ReducedSpeedAoeDebuff_SlowDebuff,1,EffectType.Magic.Nature
GE_Mosse_Talent_TurretChannelHeal_ReducedSpeedAoeDebuff_SlowDebuff,2,EffectType.MovementImpairing
GE_Mosse_TurretChannelHeal_Debuff,0,EffectLogic.RemoveOnDeath
GE_Mosse_TurretChannelHeal_Debuff,1,EffectType.GeneratesThreat
GE_Mosse_TurretChannelHeal_Debuff,2,EffectType.Harmful
GE_Mosse_TurretChannelHeal_Debuff,3,EffectType.Magic.Nature
GE_Mosse_TurretChannelHeal_Debuff,4,EffectType.Debuff
GE_Mosse_TurretChannelHeal_Debuff,5,EffectVisualization.IconOnPartyUnitFrame
GE_Mosse_TurretChannelHeal_Debuff,6,EffectVisualization.Icon
GE_Mosse_TurretChannelHeal_Debuff,7,CustomAssetTags.Mosse.TurretChannelHeal.Debuff
GE_Mosse_TurretChannelHeal_TurretCounter,0,EffectLogic.System
GE_Mount_Mounted,0,EffectVisualization.Icon
GE_Mount_Mounted,1,EffectLogic.RemoveOnDeath
GE_Mount_Mounted,2,EffectLogic.System
GE_Mount_Mounted,3,EffectLogic.IgnoreImmunities
GE_Mount_Mounted,4,EffectLogic.NotDispellable
GE_NPCAttributesBase,0,GameplayEffect.PermanentNotRemovable
GE_NPCAttributesBase,1,EffectLogic.System
GE_NPC_MalevolentSpirits_OnDeathAbility_ReplenishHealthandMana_Effect,0,EffectType.Beneficial
GE_NPC_MalevolentSpirits_OnDeathAbility_ReplenishHealthandMana_Effect,1,EffectType.Healing
GE_NPC_MalevolentSpirits_OnDeathAbility_ReplenishHealthandMana_Effect,2,EffectType.Magic
GE_NPC_MalevolentSpirits_Spirit_Buff,0,EffectVisualization.Icon
GE_NPC_MalevolentSpirits_Spirit_Buff,1,EffectType.Magic.Necromancy
GE_NPC_MalevolentSpirits_Spirit_Buff,2,EffectType.Harmful
GE_NPC_MalevolentSpirits_Spirit_Buff,3,EffectVisualization.ShowNonLocalSource
GE_NP_BossHellcaller_CastedRangedProjectile_Damage,0,EffectType.Harmful
GE_NP_BossHellcaller_CastedRangedProjectile_Damage,1,EffectType.Magic.Lightning
GE_NP_BossHellcaller_CastedRangedProjectile_PreferSomeoneElse,0,EffectLogic.AlwaysApply
GE_NP_BossHellcaller_ChainLightning_Damage,0,EffectType.Harmful
GE_NP_BossHellcaller_ChainLightning_Damage,1,EffectType.Magic.Lightning
GE_NP_BossHellcaller_GrowingCircleCast_Damage,0,EffectType.Harmful
GE_NP_BossHellcaller_GrowingCircleCast_Damage,1,EffectType.Magic.Lightning
GE_NP_BossHellcaller_Hide,0,EffectType.Beneficial
GE_NP_BossHellcaller_MeleeAutoAttack_Damage,0,EffectType.Harmful
GE_NP_BossHellcaller_MeleeAutoAttack_Damage,1,EffectType.Physical
GE_NP_BossHellcaller_MinHealth,0,EffectType.Beneficial
GE_NP_BossHellcaller_PeriodicDamage_Buff,0,EffectType.Beneficial
GE_NP_BossHellcaller_PeriodicDamage_Buff,1,EffectType.Buff
GE_NP_BossHellcaller_PeriodicDamage_Buff,2,EffectType.Magic.Lightning
GE_NP_BossHellcaller_PeriodicDamage_Buff,3,EffectVisualization.Icon
GE_NP_BossHellcaller_PeriodicDamage_Damage,0,EffectType.Magic.Lightning
GE_NP_BossHellcaller_PeriodicDamage_Damage,1,EffectType.Harmful
GE_NP_BossHellcaller_Retreat_Stun,0,EffectType.Debuff
GE_NP_BossHellcaller_Retreat_Stun,1,EffectType.Harmful
GE_NP_BossHellcaller_Retreat_Stun,2,EffectType.Stun
GE_NP_BossHellcaller_Retreat_Stun,3,EffectLogic.IgnoreImmunities
GE_NP_BossHellcaller_Retreat_Stun,4,EffectVisualization.Icon
GE_NP_BossHellcaller_SoakDebuff_Damage,0,EffectType.Harmful
GE_NP_BossHellcaller_SoakDebuff_Damage,1,EffectType.Magic.Lightning
GE_NP_BossHellcaller_SoakDebuff_Debuff,0,EffectType.Harmful
GE_NP_BossHellcaller_SoakDebuff_Debuff,1,EffectVisualization.Icon
GE_NP_BossHellcaller_SoakDebuff_Debuff,2,EffectLogic.NotDispellable
GE_NP_BossHellcaller_SoakDebuff_Debuff,3,EffectType.Magic.Lightning
GE_NP_BossHellcaller_SoakDebuff_Debuff,4,EffectType.Debuff
GE_NP_BossHellcaller_SoakDebuff_Debuff,5,EffectLogic.RemoveOnDeath
GE_NP_BossHellcaller_SoakDebuff_Debuff,6,EffectLogic.AlwaysApply
GE_NP_BossHellcaller_SoakDebuff_Debuff,7,EffectLogic.RemoveOnSourceDeath
GE_NP_BossHellcaller_TankSlamCone_AoeDamage,0,EffectType.Harmful
GE_NP_BossHellcaller_TankSlamCone_AoeDamage,1,EffectType.Magic.Lightning
GE_NP_BossHellcaller_TankSlamCone_AoeDamage,2,EffectLogic.HolyTrinityNerf.IgnoreAoeIncomingDamageMultiplier
GE_NP_BullyBasher_BuffAllies_Buff,0,EffectType.Beneficial
GE_NP_BullyBasher_BuffAllies_Buff,1,EffectType.Buff
GE_NP_BullyBasher_BuffAllies_Buff,2,EffectType.Physical
GE_NP_BullyBasher_BuffAllies_Buff,3,EffectVisualization.Icon
GE_NP_BullyBasher_BuffAllies_Buff,4,EffectLogic.RemoveOnDeath
GE_NP_BullyBasher_MeleeAutoAttack_Damage,0,EffectType.Harmful
GE_NP_BullyBasher_MeleeAutoAttack_Damage,1,EffectType.Physical
GE_NP_BullyBasher_TankSlam_Damage,0,EffectType.Physical
GE_NP_BullyBasher_TankSlam_Damage,1,EffectType.Harmful
GE_NP_Facestabber_AttachedAttack_Damage,0,EffectType.Harmful
GE_NP_Facestabber_AttachedAttack_Damage,1,EffectType.Physical
GE_NP_Facestabber_CastProjectile_Damage,0,EffectType.Harmful
GE_NP_Facestabber_CastProjectile_Damage,1,EffectType.Physical
GE_NP_Facestabber_Jump_Attack_HeroDebuff,0,EffectLogic.RemoveOnDeath
GE_NP_Facestabber_MeleeAutoAttack_Damage,0,EffectType.Harmful
GE_NP_Facestabber_MeleeAutoAttack_Damage,1,EffectType.Physical
GE_NP_HalfMancatcher_Grip_BlockOtherGripsEffect,0,EffectLogic.System
GE_NP_HalfMancatcher_Grip_BlockOtherGripsEffect,1,EffectLogic.AlwaysApply
GE_NP_HalfMancatcher_Grip_BlockOtherGripsEffect,2,EffectLogic.RemoveOnDeath
GE_NP_HalfMancatcher_Grip_BlockOtherGripsEffect,3,EffectType.Harmful
GE_NP_HalfMancatcher_Grip_ChainProjectile,0,EffectLogic.RemoveOnDeath
GE_NP_HalfMancatcher_Grip_ChainProjectile,1,EffectLogic.NotDispellable
GE_NP_HalfMancatcher_Grip_Damage,0,EffectType.Harmful
GE_NP_HalfMancatcher_Grip_Damage,1,EffectType.Physical
GE_NP_HalfMancatcher_Grip_Immobilize,0,EffectLogic.NotDispellable
GE_NP_HalfMancatcher_Grip_Immobilize,1,EffectType.Harmful
GE_NP_HalfMancatcher_Grip_Immobilize,2,EffectLogic.AlwaysApply
GE_NP_HalfMancatcher_Grip_Immobilize,3,EffectLogic.RemoveOnDeath
GE_NP_HalfMancatcher_Grip_Immobilize,4,EffectLogic.RemoveOnSourceDeath
GE_NP_HalfMancatcher_Grip_Immobilize,5,EffectType.CrowdControl
GE_NP_HalfMancatcher_Grip_Immobilize,6,EffectType.MovementImpairing
GE_NP_HalfMancatcher_Grip_Slow,0,EffectVisualization.Icon
GE_NP_HalfMancatcher_Grip_Slow,1,EffectType.Harmful
GE_NP_HalfMancatcher_Grip_Slow,2,EffectLogic.RemoveOnDeath
GE_NP_HalfMancatcher_Grip_Slow,3,EffectType.MovementImpairing
GE_NP_HalfMancatcher_Grip_Slow,4,EffectLogic.NotDispellable
GE_NP_HalfMancatcher_Grip_Slow,5,EffectType.Physical
GE_NP_HalfMancatcher_MeleeAutoAttack_Damage,0,EffectType.Harmful
GE_NP_HalfMancatcher_MeleeAutoAttack_Damage,1,EffectType.Physical
GE_NP_Shinchopper_MeleeAutoAttack_Damage,0,EffectType.Harmful
GE_NP_Shinchopper_MeleeAutoAttack_Damage,1,EffectType.Physical
GE_NP_Stormscreamer_CastProjectile_Damage,0,EffectType.Harmful
GE_NP_Stormscreamer_CastProjectile_Damage,1,EffectType.Magic.Frost
GE_NP_Stormscreamer_CastedAoeProjectile_CollisionEffect,0,EffectType.Harmful
GE_NP_Stormscreamer_CastedAoeProjectile_CollisionEffect,1,EffectType.Magic.Lightning
GE_NP_Stormscreamer_CastedAoeProjectile_Zap,0,EffectType.Harmful
GE_NP_Stormscreamer_CastedAoeProjectile_Zap,1,EffectType.Magic.Lightning
GE_NP_Stormscreamer_MeleeAutoAttack_Damage,0,EffectType.Harmful
GE_NP_Stormscreamer_MeleeAutoAttack_Damage,1,EffectType.Physical
GE_NP_Stormscreamer_PeriodicDamage_Buff,0,EffectType.Beneficial
GE_NP_Stormscreamer_PeriodicDamage_Buff,1,EffectType.Buff
GE_NP_Stormscreamer_PeriodicDamage_Buff,2,EffectType.Magic.Lightning
GE_NP_Stormscreamer_PeriodicDamage_Buff,3,EffectVisualization.Icon
GE_NP_Stormscreamer_PeriodicDamage_Damage,0,EffectType.Magic.Lightning
GE_NP_Stormscreamer_PeriodicDamage_Damage,1,EffectType.Harmful
GE_PR_AttachedChains_Attach_Immobilize,0,EffectType.Debuff
GE_PR_AttachedChains_Attach_Immobilize,1,EffectType.Harmful
GE_PR_AttachedChains_Attach_Immobilize,2,EffectType.MovementImpairing
GE_PR_AttachedChains_Attach_Immobilize,3,EffectType.CrowdControl
GE_PR_AttachedChains_Attach_Immobilize,4,EffectVisualization.Icon
GE_PR_AttachedChains_Attach_Immobilize,5,EffectType.Physical
GE_PR_AttachedChains_Attach_Immobilize,6,EffectLogic.NotDispellable
GE_PR_AttachedChains_Attach_Immobilize,7,EffectLogic.RemoveOnDeath
GE_PR_BarbarousLasher_MeleeAutoAttack_Damage,0,EffectType.Harmful
GE_PR_BarbarousLasher_MeleeAutoAttack_Damage,1,EffectType.Physical
GE_PR_BarbarousLasher_ReflectDamage,0,EffectType.Beneficial
GE_PR_BarbarousLasher_ReflectDamage,1,EffectType.Buff
GE_PR_BarbarousLasher_ReflectDamage,2,EffectVisualization.Icon
GE_PR_BarbarousLasher_ReflectDamage,3,EffectLogic.NotDispellable
GE_PR_BarbarousLasher_ReflectDamage,4,GameplayEffect.PermanentNotRemovable
GE_PR_BarbarousLasher_ReflectDamage,5,EffectLogic.RemoveOnDeath
GE_PR_BarbarousLasher_ShatterArmor_Damage,0,EffectType.Harmful
GE_PR_BarbarousLasher_ShatterArmor_Damage,1,EffectType.Physical
GE_PR_BarbarousLasher_ShatterArmor_Debuff,0,EffectType.Debuff
GE_PR_BarbarousLasher_ShatterArmor_Debuff,1,EffectType.Harmful
GE_PR_BarbarousLasher_ShatterArmor_Debuff,2,EffectType.Physical
GE_PR_BarbarousLasher_ShatterArmor_Debuff,3,EffectVisualization.Icon
GE_PR_BarbarousLasher_ShatterArmor_Debuff,4,EffectLogic.NotDispellable
GE_PR_BarbarousLasher_ShatterArmor_Debuff,5,EffectLogic.RemoveOnDeath
GE_PR_Bilgerat_MeleeAutoAttack_Damage,0,EffectType.Physical
GE_PR_Bilgerat_MeleeAutoAttack_Damage,1,EffectType.Harmful
GE_PR_BlunderbussPirate_MeleeAutoAttack_Damage,0,EffectType.Harmful
GE_PR_BlunderbussPirate_MeleeAutoAttack_Damage,1,EffectType.Physical
GE_PR_BlunderbussPirate_Passive_FullStackDamageDebuff_AoeDamage_Damage,0,EffectType.Harmful
GE_PR_BlunderbussPirate_Passive_FullStackDamageDebuff_AoeDamage_Damage,1,EffectType.Magic.Necromancy
GE_PR_BlunderbussPirate_RangedAutoAttack_Damage,0,EffectType.Physical
GE_PR_BlunderbussPirate_RangedAutoAttack_Damage,1,EffectType.Harmful
GE_PR_BlunderbussPirate_RangedDamageDebuff_Damage,0,EffectType.Harmful
GE_PR_BlunderbussPirate_RangedDamageDebuff_Damage,1,EffectType.Magic.Necromancy
GE_PR_BlunderbussPirate_RangedDamageDebuff_Debuff,0,EffectType.Harmful
GE_PR_BlunderbussPirate_RangedDamageDebuff_Debuff,1,EffectVisualization.Icon
GE_PR_BlunderbussPirate_RangedDamageDebuff_Debuff,2,EffectLogic.NotDispellable
GE_PR_BlunderbussPirate_RangedDamageDebuff_Debuff,3,EffectLogic.RemoveOnDeath
GE_PR_BlunderbussPirate_RangedDamageDebuff_FullStackDebuff,0,EffectType.Harmful
GE_PR_BlunderbussPirate_RangedDamageDebuff_FullStackDebuff,1,EffectVisualization.Icon
GE_PR_BlunderbussPirate_RangedDamageDebuff_FullStackDebuff,2,EffectType.Debuff
GE_PR_BlunderbussPirate_RangedDamageDebuff_FullStackDebuff,3,EffectType.Magic.Necromancy
GE_PR_BlunderbussPirate_RangedDamageDebuff_FullStackDebuff,4,EffectLogic.NotDispellable
GE_PR_BlunderbussPirate_RangedDamageDebuff_FullStackDebuff,5,EffectLogic.RemoveOnDeath
GE_PR_BossAnchor_CannonBarrage_AoeDamage,0,EffectType.Harmful
GE_PR_BossAnchor_CannonBarrage_AoeDamage,1,EffectType.Physical
GE_PR_BossAnchor_CannonBarrage_GrantPassive,0,EffectType.Beneficial
GE_PR_BossAnchor_CannonBarrage_GrantPassive,1,EffectType.Buff
GE_PR_BossAnchor_CannonBarrage_GrantPassive,2,EffectLogic.NotDispellable
GE_PR_BossAnchor_CastedGrowingTankWave_Damage,0,EffectType.Harmful
GE_PR_BossAnchor_CastedGrowingTankWave_Damage,1,EffectType.Magic.Water
GE_PR_BossAnchor_CastedGrowingTankWave_Slow,0,EffectType.Magic.Water
GE_PR_BossAnchor_CastedGrowingTankWave_Slow,1,EffectType.MovementImpairing
GE_PR_BossAnchor_CastedGrowingTankWave_Slow,2,EffectType.CrowdControl
GE_PR_BossAnchor_CastedGrowingTankWave_Slow,3,EffectType.Debuff
GE_PR_BossAnchor_CastedGrowingTankWave_Slow,4,EffectVisualization.Icon
GE_PR_BossAnchor_CastedGrowingTankWave_Slow,5,EffectType.Harmful
GE_PR_BossAnchor_CastedGrowingTankWave_Slow,6,EffectLogic.RemoveOnDeath
GE_PR_BossAnchor_HighTideTether_Tethered,0,EffectType.Beneficial
GE_PR_BossAnchor_HighTideTether_Tethered,1,EffectType.Buff
GE_PR_BossAnchor_HighTideTether_Tethered,2,EffectVisualization.Icon
GE_PR_BossAnchor_HighTide_BossBuff,0,EffectType.Beneficial
GE_PR_BossAnchor_HighTide_BossBuff,1,EffectType.Buff
GE_PR_BossAnchor_HighTide_BossBuff,2,EffectVisualization.Icon
GE_PR_BossAnchor_HighTide_Damage,0,EffectType.Harmful
GE_PR_BossAnchor_HighTide_Damage,1,EffectType.Magic.Water
GE_PR_BossAnchor_HighTide_KillPlayers,0,EffectType.Debuff
GE_PR_BossAnchor_HighTide_KillPlayers,1,EffectType.Harmful
GE_PR_BossAnchor_HighTide_KillPlayers,2,EffectLogic.NotDispellable
GE_PR_BossAnchor_HighTide_NpcsIgnorePush,0,EffectType.Buff
GE_PR_BossAnchor_HighTide_NpcsIgnorePush,1,EffectType.Beneficial
GE_PR_BossAnchor_HighTide_NpcsIgnorePush,2,EffectLogic.AlwaysApply
GE_PR_BossAnchor_HighTide_PostAbilityAutoAttackPadding,0,EffectLogic.AlwaysApply
GE_PR_BossAnchor_HighTide_PostAbilityAutoAttackPadding,1,EffectLogic.RemoveOnDeath
GE_PR_BossAnchor_HighTide_SlowAndKillMyMinions,0,EffectType.Debuff
GE_PR_BossAnchor_HighTide_SlowAndKillMyMinions,1,EffectType.Harmful
GE_PR_BossAnchor_HighTide_SlowAndKillMyMinions,2,EffectLogic.NotDispellable
GE_PR_BossAnchor_HighTide_SlowAndKillMyMinions,3,EffectLogic.AlwaysApply
GE_PR_BossAnchor_MeleeAutoAttack_AreaHit_Damage,0,EffectType.Physical
GE_PR_BossAnchor_MeleeAutoAttack_AreaHit_Damage,1,EffectType.Harmful
GE_PR_BossAnchor_MeleeAutoAttack_AreaHit_Damage,2,EffectLogic.HolyTrinityNerf.IgnoreAoeIncomingDamageMultiplier
GE_PR_BossAnchor_MeleeAutoAttack_Damage,0,EffectType.Harmful
GE_PR_BossAnchor_MeleeAutoAttack_Damage,1,EffectType.Physical
GE_PR_BossAnchor_PeriodicMultiSoak_Debuff,0,EffectType.Debuff
GE_PR_BossAnchor_PeriodicMultiSoak_Debuff,1,EffectType.Harmful
GE_PR_BossAnchor_PeriodicMultiSoak_Debuff,2,EffectType.Magic.Water
GE_PR_BossAnchor_PeriodicMultiSoak_Debuff,3,EffectLogic.RemoveOnDeath
GE_PR_BossAnchor_PeriodicMultiSoak_Debuff,4,EffectLogic.RemoveOnSourceDeath
GE_PR_BossAnchor_PeriodicMultiSoak_Dot,0,EffectType.Debuff
GE_PR_BossAnchor_PeriodicMultiSoak_Dot,1,EffectType.Harmful
GE_PR_BossAnchor_PeriodicMultiSoak_Dot,2,EffectType.Magic.Water
GE_PR_BossAnchor_PeriodicMultiSoak_Dot,3,EffectLogic.RemoveOnDeath
GE_PR_BossAnchor_PeriodicMultiSoak_Dot,4,EffectLogic.RemoveOnSourceDeath
GE_PR_BossAnchor_PeriodicMultiSoak_Dot,5,EffectType.Dot
GE_PR_BossAnchor_PeriodicMultiSoak_Dot,6,EffectVisualization.Icon
GE_PR_BossAnchor_PeriodicMultiSoak_InstantAoeDamage,0,EffectType.Harmful
GE_PR_BossAnchor_PeriodicMultiSoak_InstantAoeDamage,1,EffectType.Magic.Water
GE_PR_BossAnchor_Reinforcements_AoeDamage,0,EffectType.Harmful
GE_PR_BossAnchor_Reinforcements_AoeDamage,1,EffectType.Physical
GE_PR_BossAnchor_Reinforcements_GrantPassive,0,EffectType.Beneficial
GE_PR_BossAnchor_Reinforcements_GrantPassive,1,EffectType.Buff
GE_PR_BossAnchor_Reinforcements_GrantPassive,2,EffectLogic.NotDispellable
GE_PR_BossAnchor_Reinforcements_MinionBuff,0,EffectType.Beneficial
GE_PR_BossAnchor_Reinforcements_MinionBuff,1,EffectType.Buff
GE_PR_BossAnchor_Reinforcements_MinionBuff,2,EffectLogic.AlwaysApply
GE_PR_BossAnchor_Reinforcements_MinionBuff,3,EffectLogic.RemoveOnDeath
GE_PR_BossAnchor_Reinforcements_SpawnMoreStuff,0,EffectType.Beneficial
GE_PR_BossAnchor_Reinforcements_SpawnMoreStuff,1,EffectType.Buff
GE_PR_BossAnchor_Reinforcements_SpawnMoreStuff,2,EffectLogic.NotDispellable
GE_PR_BossAnchor_Reinforcements_SpawnMoreStuff,3,EffectVisualization.Icon
GE_PR_BossPirateCaptain_AutoAttackMelee_Damage,0,EffectType.Physical
GE_PR_BossPirateCaptain_AutoAttackMelee_Damage,1,EffectType.Harmful
GE_PR_BossPirateCaptain_BecomeGhost_HealToFull,0,EffectType.Beneficial
GE_PR_BossPirateCaptain_BecomeGhost_HealToFull,1,EffectType.Healing
GE_PR_BossPirateCaptain_CannonAoe_Damage,0,EffectType.Harmful
GE_PR_BossPirateCaptain_CannonAoe_Damage,1,EffectType.Magic.Necromancy
GE_PR_BossPirateCaptain_CannonAoe_Stun,0,EffectLogic.NotDispellable
GE_PR_BossPirateCaptain_CannonAoe_Stun,1,EffectType.CrowdControl
GE_PR_BossPirateCaptain_CannonAoe_Stun,2,EffectType.Debuff
GE_PR_BossPirateCaptain_CannonAoe_Stun,3,EffectType.Harmful
GE_PR_BossPirateCaptain_CannonAoe_Stun,4,EffectType.Magic.Necromancy
GE_PR_BossPirateCaptain_CannonAoe_Stun,5,EffectType.Stun
GE_PR_BossPirateCaptain_CannonAoe_Stun,6,EffectVisualization.Icon
GE_PR_BossPirateCaptain_CannonAoe_Stun,7,EffectLogic.RemoveOnDeath
GE_PR_BossPirateCaptain_DebuffAoePool_PlacementAoeDamage,0,EffectType.Harmful
GE_PR_BossPirateCaptain_DebuffAoePool_PlacementAoeDamage,1,EffectType.Physical
GE_PR_BossPirateCaptain_DebuffAoePool_PlacementDebuff,0,EffectType.Debuff
GE_PR_BossPirateCaptain_DebuffAoePool_PlacementDebuff,1,EffectType.Harmful
GE_PR_BossPirateCaptain_DebuffAoePool_PlacementDebuff,2,EffectType.Magic.Necromancy
GE_PR_BossPirateCaptain_DebuffAoePool_PlacementDebuff,3,EffectLogic.RemoveOnDeath
GE_PR_BossPirateCaptain_DebuffAoePool_PlacementDebuff,4,EffectLogic.NotDispellable
GE_PR_BossPirateCaptain_DebuffAoePool_PlacementDebuff,5,EffectVisualization.Icon
GE_PR_BossPirateCaptain_DebuffAoePool_PlacementDebuff,6,EffectLogic.RemoveOnSourceDeath
GE_PR_BossPirateCaptain_DebuffAoePool_PlacementDebuff,7,EffectLogic.RemoveOnSourceFellowshipReset
GE_PR_BossPirateCaptain_DebuffAoePool_PoolDamage,0,EffectType.Harmful
GE_PR_BossPirateCaptain_DebuffAoePool_PoolDamage,1,EffectLogic.NotDispellable
GE_PR_BossPirateCaptain_DebuffAoePool_PoolDamage,2,EffectType.Magic.Necromancy
GE_PR_BossPirateCaptain_DebuffAoePool_PoolDamage,3,EffectType.Debuff
GE_PR_BossPirateCaptain_DebuffAoePool_PoolDamage,4,EffectVisualization.Icon
GE_PR_BossPirateCaptain_DebuffAoePool_PoolSlow,0,EffectType.Debuff
GE_PR_BossPirateCaptain_DebuffAoePool_PoolSlow,1,EffectType.Harmful
GE_PR_BossPirateCaptain_DebuffAoePool_PoolSlow,2,EffectType.MovementImpairing
GE_PR_BossPirateCaptain_DebuffAoePool_PoolSlow,3,EffectLogic.NotDispellable
GE_PR_BossPirateCaptain_DebuffAoePool_PoolSlow,4,EffectType.Magic.Necromancy
GE_PR_BossPirateCaptain_DonutAoe_Fade,0,EffectType.Beneficial
GE_PR_BossPirateCaptain_EmtpyArenaChannel_Damage,0,EffectType.Harmful
GE_PR_BossPirateCaptain_EmtpyArenaChannel_Damage,1,EffectType.Magic.Necromancy
GE_PR_BossPirateCaptain_EmtpyArenaChannel_Intermission,0,EffectType.Beneficial
GE_PR_BossPirateCaptain_EmtpyArenaChannel_Intermission,1,EffectLogic.System
GE_PR_BossPirateCaptain_EmtpyArenaChannel_Intermission,2,EffectLogic.AlwaysApply
GE_PR_BossPirateCaptain_ObstacleCourse_DontSendBack,0,EffectLogic.NotDispellable
GE_PR_BossPirateCaptain_ObstacleCourse_Dot,0,EffectLogic.NotDispellable
GE_PR_BossPirateCaptain_ObstacleCourse_Dot,1,EffectType.Debuff
GE_PR_BossPirateCaptain_ObstacleCourse_Dot,2,EffectType.Harmful
GE_PR_BossPirateCaptain_ObstacleCourse_Dot,3,EffectType.Magic.Necromancy
GE_PR_BossPirateCaptain_ObstacleCourse_Dot,4,EffectLogic.RemoveOnDeath
GE_PR_BossPirateCaptain_ObstacleCourse_PlayerGhost,0,EffectLogic.NotDispellable
GE_PR_BossPirateCaptain_ObstacleCourse_PlayerGhost,1,EffectVisualization.Icon
GE_PR_BossPirateCaptain_ObstacleCourse_PlayerGhost,2,EffectType.Debuff
GE_PR_BossPirateCaptain_ObstacleCourse_PlayerGhost,3,EffectType.Harmful
GE_PR_BossPirateCaptain_ObstacleCourse_PlayerGhost,4,EffectLogic.RemoveOnDeath
GE_PR_BossPirateCaptain_ObstacleCourse_ReturnBuff,0,EffectType.Beneficial
GE_PR_BossPirateCaptain_ObstacleCourse_ReturnBuff,1,EffectType.Buff
GE_PR_BossPirateCaptain_ObstacleCourse_ReturnBuff,2,EffectType.Magic.Necromancy
GE_PR_BossPirateCaptain_ObstacleCourse_ReturnBuff,3,EffectLogic.RemoveOnDeath
GE_PR_BossPirateCaptain_ObstacleCourse_ReturnBuff,4,EffectVisualization.Icon
GE_PR_BossPirateCaptain_QuickShots_Damage,0,EffectType.Harmful
GE_PR_BossPirateCaptain_QuickShots_Damage,1,EffectType.Physical
GE_PR_BossPirateCaptain_Spin_Damage,0,EffectType.Harmful
GE_PR_BossPirateCaptain_Spin_Damage,1,EffectType.Magic.Necromancy
GE_PR_BossPirateCaptain_Spin_ShootDamage,0,EffectType.Harmful
GE_PR_BossPirateCaptain_Spin_ShootDamage,1,EffectType.Magic.Necromancy
GE_PR_BossPirateCaptain_Spin_ShootDebuff,0,EffectType.Harmful
GE_PR_BossPirateCaptain_Spin_ShootDebuff,1,EffectVisualization.Icon
GE_PR_BossPirateCaptain_Spin_ShootDebuff,2,EffectLogic.RemoveOnSourceDeath
GE_PR_BossPirateCaptain_Spin_ShootDebuff,3,EffectLogic.RemoveOnDeath
GE_PR_BossPirateCaptain_Spin_ShootDebuff_AoeDamage_Damage,0,EffectType.Harmful
GE_PR_BossPirateCaptain_Spin_ShootDebuff_AoeDamage_Damage,1,EffectType.Magic.Necromancy
GE_PR_BossPirateCaptain_Spin_Slow,0,EffectType.Harmful
GE_PR_BossPirateCaptain_Split_Dot,0,EffectType.Harmful
GE_PR_BossPirateCaptain_Split_Dot,1,EffectType.Magic.Necromancy
GE_PR_BossPirateCaptain_Split_Dot,2,EffectType.Debuff
GE_PR_BossPirateCaptain_Split_Dot,3,EffectType.Dot
GE_PR_BossPirateCaptain_Split_Dot,4,EffectLogic.NotDispellable
GE_PR_BossPirateCaptain_Split_Left,0,EffectType.Harmful
GE_PR_BossPirateCaptain_Split_Left,1,EffectLogic.NotDispellable
GE_PR_BossPirateCaptain_Split_Right,0,EffectType.Harmful
GE_PR_BossPirateCaptain_Split_Right,1,EffectLogic.NotDispellable
GE_PR_BossTreasureDemon_AutoAttackMelee_Damage,0,EffectType.Physical
GE_PR_BossTreasureDemon_AutoAttackMelee_Damage,1,EffectType.Harmful
GE_PR_BossTreasureDemon_BallMoverDebuff,0,EffectType.Debuff
GE_PR_BossTreasureDemon_BallMoverDebuff,1,EffectVisualization.Icon
GE_PR_BossTreasureDemon_BallMoverDebuff,2,EffectVisualization.IconOnPartyUnitFrame
GE_PR_BossTreasureDemon_BallMoverDebuff,3,EffectVisualization.ShowNonLocalSource
GE_PR_BossTreasureDemon_BallMoverDebuff,4,EffectType.Harmful
GE_PR_BossTreasureDemon_BallMoverDebuff,5,EffectLogic.RemoveOnDeath
GE_PR_BossTreasureDemon_BallMoverDebuff,6,EffectLogic.RemoveOnSourceDeath
GE_PR_BossTreasureDemon_BallMoverDebuff,7,EffectLogic.RemoveOnSourceFellowshipReset
GE_PR_BossTreasureDemon_BallMoverDebuff,8,EffectLogic.NotDispellable
GE_PR_BossTreasureDemon_BallMoverDebuff,9,EffectType.Curse
GE_PR_BossTreasureDemon_Ball_AbsorbedCoin,0,EffectType.Buff
GE_PR_BossTreasureDemon_Ball_AbsorbedCoin,1,EffectType.Beneficial
GE_PR_BossTreasureDemon_Ball_AbsorbedCoin,2,EffectLogic.NotDispellable
GE_PR_BossTreasureDemon_Ball_AbsorbedCoin,3,EffectVisualization.Icon
GE_PR_BossTreasureDemon_Ball_AbsorbedCoin,4,GameplayEffect.PermanentNotRemovable
GE_PR_BossTreasureDemon_Ball_CrashIntoBoss_Damage,0,EffectType.Harmful
GE_PR_BossTreasureDemon_Ball_CrashIntoBoss_Damage,1,EffectType.Physical
GE_PR_BossTreasureDemon_Ball_CrashIntoBoss_Stun,0,EffectType.Debuff
GE_PR_BossTreasureDemon_Ball_CrashIntoBoss_Stun,1,EffectType.Harmful
GE_PR_BossTreasureDemon_Ball_CrashIntoBoss_Stun,2,EffectType.Physical
GE_PR_BossTreasureDemon_Ball_CrashIntoBoss_Stun,3,EffectType.Stun
GE_PR_BossTreasureDemon_Ball_CrashIntoBoss_Stun,4,EffectVisualization.Icon
GE_PR_BossTreasureDemon_Ball_CrashIntoBoss_Stun,5,EffectLogic.IgnoreImmunities
GE_PR_BossTreasureDemon_Ball_CrashIntoBoss_Stun,6,EffectType.CrowdControl
GE_PR_BossTreasureDemon_Ball_CrashIntoBoss_UntargetableEffect,0,EffectType.Beneficial
GE_PR_BossTreasureDemon_Ball_CrashIntoBoss_UntargetableEffect,1,customassettags.ic.GreaterIceElemental.Vanish.Active
GE_PR_BossTreasureDemon_Ball_ForceClientUpdateOnSpawn,0,EffectLogic.System
GE_PR_BossTreasureDemon_Ball_Knocback_Damage,0,EffectType.Harmful
GE_PR_BossTreasureDemon_Ball_Knocback_Damage,1,EffectType.Physical
GE_PR_BossTreasureDemon_Ball_Knocback_Immune,0,EffectType.Beneficial
GE_PR_BossTreasureDemon_Ball_Knocback_Immune,1,EffectType.Buff
GE_PR_BossTreasureDemon_Bleed_Dot,0,EffectType.Debuff
GE_PR_BossTreasureDemon_Bleed_Dot,1,EffectType.Dot
GE_PR_BossTreasureDemon_Bleed_Dot,2,EffectType.Harmful
GE_PR_BossTreasureDemon_Bleed_Dot,3,EffectType.Physical.Bleed
GE_PR_BossTreasureDemon_Bleed_Dot,4,EffectVisualization.Icon
GE_PR_BossTreasureDemon_CastedRangedProjectile_Damage,0,EffectType.Harmful
GE_PR_BossTreasureDemon_CastedRangedProjectile_Damage,1,EffectType.Magic.Shadow
GE_PR_BossTreasureDemon_Cone_Damage,0,EffectType.Harmful
GE_PR_BossTreasureDemon_Cone_Damage,1,EffectType.Magic.Shadow
GE_PR_BossTreasureDemon_Cone_Fear,0,EffectType.Harmful
GE_PR_BossTreasureDemon_Cone_Fear,1,EffectType.CrowdControl
GE_PR_BossTreasureDemon_Cone_Fear,2,EffectVisualization.Icon
GE_PR_BossTreasureDemon_Cone_Fear,3,EffectType.Debuff
GE_PR_BossTreasureDemon_Cone_Fear,4,EffectType.Magic.Shadow
GE_PR_BossTreasureDemon_Cone_Fear,5,EffectLogic.RemoveOnDeath
GE_PR_BossTreasureDemon_Nova_Damage,0,EffectType.Harmful
GE_PR_BossTreasureDemon_Nova_Damage,1,EffectType.Magic.Shadow
GE_PR_BossTreasureDemon_PunchBall_Damage,0,EffectType.Harmful
GE_PR_BossTreasureDemon_PunchBall_Damage,1,EffectType.Physical
GE_PR_BossTreasureDemon_ScatterCoins_Damage,0,EffectType.Harmful
GE_PR_BossTreasureDemon_ScatterCoins_Damage,1,EffectType.Magic.Shadow
GE_PR_BossTreasureDemon_ScatterCoins_DamageAura,0,EffectType.Harmful
GE_PR_BossTreasureDemon_ScatterCoins_DamageAura,1,EffectType.Magic.Shadow
GE_PR_BossTreasureDemon_ScatterCoins_DamageAura,2,EffectType.Dot
GE_PR_BossTreasureDemon_ScatterCoins_DamageAura,3,EffectLogic.NotDispellable
GE_PR_BossTreasureDemon_SuckInCoins_Heal,0,EffectType.Beneficial
GE_PR_BossTreasureDemon_SuckInCoins_Heal,1,EffectType.Healing
GE_PR_BossTreasureDemon_SuckInCoins_Heal,2,EffectType.Magic.Shadow
GE_PR_BossTreasureDemon_Tornado_Damage,0,EffectType.Magic.Shadow
GE_PR_BossTreasureDemon_Tornado_Damage,1,EffectType.Harmful
GE_PR_BossTreasureDemon_Tornado_DamageCooldown,0,EffectType.Beneficial
GE_PR_BossTreasureDemon_TreasureBallSummon_Damage,0,EffectType.Harmful
GE_PR_BossTreasureDemon_TreasureBallSummon_Damage,1,EffectType.Physical
GE_PR_BossTreasureDemon__StackingSelfBuff,0,EffectLogic.RemoveOnDeath
GE_PR_BossTreasureDemon__StackingSelfBuff,1,EffectLogic.AlwaysApply
GE_PR_BossTreasureDemon__StackingSelfBuff,2,EffectVisualization.Icon
GE_PR_BossTreasureDemon__StackingSelfBuff,3,EffectType.Buff
GE_PR_BossTreasureDemon__StackingSelfBuff,4,EffectType.Beneficial
GE_PR_CannonPirate_Bombardment_Damage,0,EffectType.Harmful
GE_PR_CannonPirate_Bombardment_Damage,1,EffectType.Physical
GE_PR_CannonPirate_Cannon_Damage,0,EffectType.Magic.Necromancy
GE_PR_CannonPirate_Cannon_Damage,1,EffectType.Harmful
GE_PR_CannonPirate_MeleeAutoAttack_Damage,0,EffectType.Harmful
GE_PR_CannonPirate_MeleeAutoAttack_Damage,1,EffectType.Physical
GE_PR_CannonPirate_RangedAutoAttack_Damage,0,EffectType.Physical
GE_PR_CannonPirate_RangedAutoAttack_Damage,1,EffectType.Harmful
GE_PR_FoB_CastedStun_Damage,0,EffectType.Harmful
GE_PR_FoB_CastedStun_Damage,1,EffectType.Magic.Shadow
GE_PR_FoB_CastedStun_Stun,0,EffectType.CrowdControl
GE_PR_FoB_CastedStun_Stun,1,EffectType.Debuff
GE_PR_FoB_CastedStun_Stun,2,EffectType.GeneratesThreat
GE_PR_FoB_CastedStun_Stun,3,EffectType.Harmful
GE_PR_FoB_CastedStun_Stun,4,EffectType.Stun
GE_PR_FoB_CastedStun_Stun,5,EffectLogic.RemoveOnDeath
GE_PR_FoB_CastedStun_Stun,6,EffectVisualization.Icon
GE_PR_FoB_CastedStun_Stun,7,EffectType.Magic.Shadow
GE_PR_FoB_ChanneledSlowedMoveToTarget_Heal,0,EffectType.Beneficial
GE_PR_FoB_ChanneledSlowedMoveToTarget_Heal,1,EffectType.Healing
GE_PR_FoB_ChanneledSlowedMoveToTarget_Slow,0,EffectLogic.AlwaysApply
GE_PR_FoB_ChanneledSlowedMoveToTarget_Slow,1,EffectType.Harmful
GE_PR_FoB_MeleeAutoAttack_Damage,0,EffectType.Harmful
GE_PR_FoB_MeleeAutoAttack_Damage,1,EffectType.Physical
GE_PR_FoB_RangedAutoAttack_Damage,0,EffectType.Harmful
GE_PR_FoB_RangedAutoAttack_Damage,1,EffectType.Magic.Shadow
GE_PR_PirateGrunt_CastedTankAoeDamage_Damage,0,EffectType.Harmful
GE_PR_PirateGrunt_CastedTankAoeDamage_Damage,1,EffectType.Physical
GE_PR_PirateGrunt_CastedTankAoeDamage_Damage,2,EffectLogic.HolyTrinityNerf.IgnoreAoeIncomingDamageMultiplier
GE_PR_PirateGrunt_ChanneledAoe_Damage,0,EffectType.Harmful
GE_PR_PirateGrunt_ChanneledAoe_Damage,1,EffectType.Physical
GE_PR_PirateGrunt_ChanneledAoe_SelfSlow,0,EffectType.MovementImpairing
GE_PR_PirateGrunt_ChanneledAoe_SelfSlow,1,EffectType.Harmful
GE_PR_PirateGrunt_ChanneledAoe_SelfSlow,2,EffectLogic.System
GE_PR_PirateGrunt_ChanneledAoe_SelfSlow,3,EffectLogic.RemoveOnDeath
GE_PR_PirateGrunt_FoBHeal_Heal,0,EffectType.Beneficial
GE_PR_PirateGrunt_FoBHeal_Heal,1,EffectType.Healing
GE_PR_PirateGrunt_MeleeAutoAttack_Damage,0,EffectType.Physical
GE_PR_PirateGrunt_MeleeAutoAttack_Damage,1,EffectType.Harmful
GE_PR_PossessedArmor_ChanneledSelfBuff_SelfBuff,0,EffectVisualization.Icon
GE_PR_PossessedArmor_ChanneledSelfBuff_SelfBuff,1,EffectType.Beneficial
GE_PR_PossessedArmor_ChanneledSelfBuff_SelfBuff,2,EffectType.Magic
GE_PR_PossessedArmor_MeleeAutoAttack_Damage,0,EffectType.Physical
GE_PR_PossessedArmor_MeleeAutoAttack_Damage,1,EffectType.Harmful
GE_PR_PossessedArmor_RampingDamageDebuff_Buff,0,EffectLogic.RemoveOnDeath
GE_PR_PossessedArmor_RampingDamageDebuff_Buff,1,EffectLogic.AlwaysApply
GE_PR_PossessedArmor_RampingDamageDebuff_Debuff,0,EffectType.Harmful
GE_PR_PossessedArmor_RampingDamageDebuff_Debuff,1,EffectVisualization.Icon
GE_PR_PossessedArmor_RampingDamageDebuff_Debuff,2,EffectLogic.RemoveOnDeath
GE_PR_PossessedArmor_RampingDamageDebuff_Debuff,3,CustomAssetTags.PR.PossessedArmor.RampingDamageDebuff
GE_PR_PossessedArmor_RampingDamageDebuff_Debuff,4,EffectType.Dot
GE_PR_PossessedArmor_RampingDamageDebuff_Debuff,5,EffectType.Magic.Shadow
GE_PR_Scallywag_MeleeAutoAttack_Damage,0,EffectType.Harmful
GE_PR_Scallywag_MeleeAutoAttack_Damage,1,EffectType.Physical
GE_PR_Scallywag_TargetHealthDamage_Damage,0,EffectType.Harmful
GE_PR_Scallywag_TargetHealthDamage_Damage,1,EffectType.Physical
GE_PR_Scallywag_TargetHealthDamage_Debuff,0,EffectType.Harmful
GE_PR_Scallywag_TargetHealthDamage_Debuff,1,EffectType.Physical
GE_PR_Scallywag_TargetHealthDamage_Debuff,2,EffectType.Debuff
GE_PR_Scallywag_TargetHealthDamage_Debuff,3,EffectLogic.NotDispellable
GE_PR_Scallywag_TargetHealthDamage_Debuff,4,EffectVisualization.Icon
GE_PR_Scallywag_TargetHealthDamage_Debuff,5,EffectVisualization.IconOnPartyUnitFrame
GE_PR_Scallywag_TargetHealthDamage_Debuff,6,EffectLogic.RemoveOnDeath
GE_PR_Shark_Attached,0,EffectType.Debuff
GE_PR_Shark_Attached,1,EffectType.Harmful
GE_PR_Shark_Attached,2,EffectLogic.NotDispellable
GE_PR_Shark_Attached,3,EffectLogic.RemoveOnSourceDeath
GE_PR_Shark_Attached,4,EffectLogic.IgnoreImmunities
GE_PR_Shark_Attached_Linger,0,EffectType.Debuff
GE_PR_Shark_Attached_Linger,1,EffectType.Harmful
GE_PR_Shark_Attached_Linger,2,EffectLogic.NotDispellable
GE_PR_Shark_Attached_Linger,3,EffectLogic.IgnoreImmunities
GE_PR_Shark_BiteAttached_Damage,0,EffectType.Harmful
GE_PR_Shark_BiteAttached_Damage,1,EffectType.Physical
GE_PR_ShipRat_MeleeAutoAttack_Damage,0,EffectType.Physical
GE_PR_ShipRat_MeleeAutoAttack_Damage,1,EffectType.Harmful
GE_PR_ShipRat_MoveToTarget_Buff,0,EffectType.Beneficial
GE_PR_ShipRat_MoveToTarget_Buff,1,EffectLogic.AlwaysApply
GE_PR_ShipRat_OnDeathAoe_Damage,0,EffectType.Harmful
GE_PR_ShipRat_OnDeathAoe_Damage,1,EffectType.Physical
GE_PR_ShipRat_SaveSelf,0,EffectLogic.AlwaysApply
GE_PR_ShipRat_SaveSelf,1,EffectType.Beneficial
GE_PR_SpectralSwab_Explode_Damage,0,EffectType.Harmful
GE_PR_SpectralSwab_Explode_Damage,1,EffectType.Magic.Necromancy
GE_PR_SpectralSwab_Explode_Stun,0,EffectType.Harmful
GE_PR_SpectralSwab_Explode_Stun,1,EffectType.Debuff
GE_PR_SpectralSwab_Explode_Stun,2,EffectType.Magic.Necromancy
GE_PR_SpectralSwab_Explode_Stun,3,EffectType.Stun
GE_PR_SpectralSwab_Explode_Stun,4,EffectType.CrowdControl
GE_PR_SpectralSwab_Explode_Stun,5,EffectVisualization.Icon
GE_PR_SpectralSwab_Explode_Stun,6,EffectLogic.NotDispellable
GE_PR_SpectralSwab_Explode_Stun,7,EffectLogic.RemoveOnDeath
GE_PR_SpectralSwab_Invulnerable,0,EffectType.Beneficial
GE_PR_SpectralSwab_Invulnerable,1,EffectType.Buff
GE_PR_Swashbuckler_CastedAoeKnockup_Damage,0,EffectType.Harmful
GE_PR_Swashbuckler_CastedAoeKnockup_Damage,1,EffectType.Knockback
GE_PR_Swashbuckler_CastedAoeKnockup_Damage,2,EffectType.Physical
GE_PR_Swashbuckler_CastedGrowingEarthStomp_Damage,0,EffectType.Harmful
GE_PR_Swashbuckler_CastedGrowingEarthStomp_Damage,1,EffectType.Physical
GE_PR_Swashbuckler_MeleeAutoAttack_Damage,0,EffectType.Physical
GE_PR_Swashbuckler_MeleeAutoAttack_Damage,1,EffectType.Harmful
GE_PR_Swashbuckler_MeleeAutoAttack_Damage,2,EffectLogic.HolyTrinityNerf.IgnoreAoeIncomingDamageMultiplier
GE_PR_TigerCat_Bite_Damage,0,EffectType.Physical
GE_PR_TigerCat_Bite_Damage,1,EffectType.Harmful
GE_PR_TigerCat_MeleeAutoAttack_Damage,0,EffectType.Physical
GE_PR_TigerCat_MeleeAutoAttack_Damage,1,EffectType.Harmful
GE_PR_TigerCat_SlashClaws_Damage,0,EffectType.Harmful
GE_PR_TigerCat_SlashClaws_Damage,1,EffectType.Physical
GE_PR_TigerCat_SlashClaws_Damage,2,EffectLogic.HolyTrinityNerf.IgnoreAoeIncomingDamageMultiplier
GE_PR_WaterCaster_CastedAoeProjectile_CollisionEffect,0,EffectLogic.NotDispellable
GE_PR_WaterCaster_CastedAoeProjectile_CollisionEffect,1,EffectVisualization.Icon
GE_PR_WaterCaster_CastedAoeProjectile_CollisionEffect,2,EffectType.Harmful
GE_PR_WaterCaster_CastedAoeProjectile_CollisionEffect,3,EffectLogic.RemoveOnDeath
GE_PR_WaterCaster_CastedAoeProjectile_CollisionEffect,4,EffectType.CrowdControl
GE_PR_WaterCaster_CastedAoeProjectile_CollisionEffect,5,EffectType.Magic.Water
GE_PR_WaterCaster_CastedAoeProjectile_Slow,0,EffectType.Magic.Water
GE_PR_WaterCaster_CastedAoeProjectile_Slow,1,EffectType.MovementImpairing
GE_PR_WaterCaster_CastedAoeProjectile_Slow,2,EffectType.Debuff
GE_PR_WaterCaster_CastedAoeProjectile_Slow,3,EffectType.Harmful
GE_PR_WaterCaster_CastedRangedProjectile_AoeDamage,0,EffectType.Harmful
GE_PR_WaterCaster_CastedRangedProjectile_AoeDamage,1,EffectType.Magic.Water
GE_PR_WaterCaster_CastedRangedProjectile_Damage,0,EffectType.Harmful
GE_PR_WaterCaster_CastedRangedProjectile_Damage,1,EffectType.Magic.Water
GE_PR_WaterCaster_MeleeAutoAttack_Damage,0,EffectType.Physical
GE_PR_WaterCaster_MeleeAutoAttack_Damage,1,EffectType.Harmful
GE_PartyHealAndSelfBuff_SelfBuff,0,EffectType.Beneficial
GE_PartyHealAndSelfBuff_SelfBuff,1,EffectType.Buff
GE_PartyHealAndSelfBuff_SelfBuff,2,EffectType.Magic.Holy
GE_PartyHealAndSelfBuff_SelfBuff,3,EffectType.GeneratesThreat
GE_PartyHealAndSelfBuff_SelfBuff,4,EffectVisualization.Icon
GE_PartyHealAndSelfBuff_SelfBuff,5,EffectLogic.RemoveOnDeath
GE_PartyHealAndSelfBuff_SelfBuff,6,EffectVisualization.HeroSuperBuffbar
GE_Perk_DamageReductionOrMoveSpeed_Buff,0,EffectType.Beneficial
GE_Perk_DamageReductionOrMoveSpeed_Buff,1,EffectType.Buff
GE_Perk_DamageReductionOrMoveSpeed_Buff,2,EffectLogic.RemoveOnDeath
GE_Perk_DamageReductionOrMoveSpeed_Buff,3,EffectVisualization.Icon
GE_Perk_DamageReductionOrMoveSpeed_BuffDurational,0,EffectType.Beneficial
GE_Perk_DamageReductionOrMoveSpeed_BuffDurational,1,EffectType.Buff
GE_Perk_DamageReductionOrMoveSpeed_BuffDurational,2,EffectLogic.RemoveOnDeath
GE_Perk_DamageReductionOrMoveSpeed_BuffDurational,3,EffectVisualization.Icon
GE_Perk_DamageToHeal_Buff,0,EffectType.Beneficial
GE_Perk_DamageToHeal_Buff,1,EffectType.Buff
GE_Perk_DamageToHeal_Buff,2,EffectLogic.RemoveOnDeath
GE_Perk_DamageToHeal_Buff,3,EffectVisualization.Icon
GE_Perk_DamageToHeal_Heal,0,EffectType.Beneficial
GE_Perk_DamageToHeal_Heal,1,EffectType.Healing
GE_Perk_DamageToHeal_Heal,2,EffectType.Magic
GE_Perk_DamageToHeal_Heal,3,EffectLogic.NotReflectable
GE_Perk_InstantHealDamageReductionBuff_Buff,0,EffectType.Beneficial
GE_Perk_InstantHealDamageReductionBuff_Buff,1,EffectType.Buff
GE_Perk_InstantHealDamageReductionBuff_Buff,2,EffectLogic.RemoveOnDeath
GE_Perk_InstantHealDamageReductionBuff_Buff,3,EffectVisualization.Icon
GE_Perk_InstantHealDamageReductionBuff_Heal,0,EffectType.Beneficial
GE_Perk_InstantHealDamageReductionBuff_Heal,1,EffectType.Healing
GE_Perk_InstantHealDamageReductionBuff_Heal,2,EffectType.Magic
GE_Perk_MagicDamageReductionBuff_Buff,0,EffectType.Beneficial
GE_Perk_MagicDamageReductionBuff_Buff,1,EffectType.Buff
GE_Perk_MagicDamageReductionBuff_Buff,2,EffectLogic.RemoveOnDeath
GE_Perk_MagicDamageReductionBuff_Buff,3,EffectVisualization.Icon
GE_Perk_MaxHealthBasedAbsorb_Absorb,0,EffectType.Absorption
GE_Perk_MaxHealthBasedAbsorb_Absorb,1,EffectType.Beneficial
GE_Perk_MaxHealthBasedAbsorb_Absorb,2,EffectLogic.RemoveOnDeath
GE_Perk_MaxHealthBasedAbsorb_Absorb,3,EffectVisualization.Icon
GE_Perk_Passive_IncomingAoeDamageReduction,0,EffectLogic.System
GE_Perk_Passive_IncomingAoeDamageReduction,1,EffectType.Beneficial
GE_Perk_Passive_IncreasedArmor,0,EffectLogic.System
GE_Perk_Passive_ReducedIncomingMagicDamage,0,EffectLogic.System
GE_PrimaryAttributeAgility,0,GameplayEffect.PermanentNotRemovable
GE_PrimaryAttributeAgility,1,EffectLogic.System
GE_PrimaryAttributeIntellect,0,GameplayEffect.PermanentNotRemovable
GE_PrimaryAttributeIntellect,1,EffectLogic.System
GE_PrimaryAttributeStrength,0,GameplayEffect.PermanentNotRemovable
GE_PrimaryAttributeStrength,1,EffectLogic.System
GE_RelicPower_CastedSingleTargetRevive_SetHealthAndMana,0,EffectLogic.AlwaysApply
GE_RelicPower_CastedSingleTargetRevive_SetHealthAndMana,1,EffectLogic.Piercing
GE_RelicPower_CastedSingleTargetRevive_SetHealthAndMana,2,EffectLogic.System
GE_RelicPower_DamagePotion,0,EffectType.Beneficial
GE_RelicPower_DamagePotion,1,EffectType.Buff
GE_RelicPower_DamagePotion,2,EffectLogic.RemoveOnDeath
GE_RelicPower_DamagePotion,3,EffectVisualization.Icon
GE_RelicPower_HealthPotion,0,EffectType.Beneficial
GE_RelicPower_HealthPotion,1,EffectType.Healing
GE_RelicPower_HealthPotion,2,EffectType.Magic
GE_RelicPower_InstantSingleInterrupt_Interrupt,0,EffectType.Harmful
GE_RelicPower_InstantSingleInterrupt_Interrupt,1,EffectType.GeneratesThreat
GE_RelicPower_InstantSingleInterrupt_Interrupt,2,EffectType.Magic.Frost
GE_RelicPower_ManaPotion,0,EffectType.Beneficial
GE_RelicPower_MassDispel,0,EffectType.Beneficial
GE_RelicPower_MassDispel,1,EffectType.GeneratesThreat
GE_RelicPower_MassDispel,2,EffectType.Magic
GE_RelicPower_PartyDamageReductionBuff_Buff,0,EffectType.Beneficial
GE_RelicPower_PartyDamageReductionBuff_Buff,1,EffectType.Magic
GE_RelicPower_PartyDamageReductionBuff_Buff,2,EffectLogic.RemoveOnDeath
GE_RelicPower_PartyDamageReductionBuff_Buff,3,EffectVisualization.Icon
GE_RelicPower_PartyDamageReductionBuff_Buff,4,EffectVisualization.IconOnPartyUnitFrame
GE_RelicPower_PartyDamageReductionBuff_Buff,5,EffectVisualization.HeroSuperBuffbar
GE_RelicPower_PartyInvisibility,0,EffectType.Beneficial
GE_RelicPower_PartyInvisibility,1,EffectType.Buff
GE_RelicPower_PartyInvisibility,2,EffectLogic.RemoveOnDeath
GE_RelicPower_PartyInvisibility,3,EffectVisualization.Icon
GE_RelicPower_PartyInvisibility,4,EffectVisualization.IconOnPartyUnitFrame
GE_RelicPower_PartyMoveSpeedBuff_Buff,0,EffectType.Beneficial
GE_RelicPower_PartyMoveSpeedBuff_Buff,1,EffectType.Magic
GE_RelicPower_PartyMoveSpeedBuff_Buff,2,EffectLogic.RemoveOnDeath
GE_RelicPower_PartyMoveSpeedBuff_Buff,3,EffectVisualization.Icon
GE_RelicPower_PersonalDamageReductionBuff_Buff,0,EffectType.Beneficial
GE_RelicPower_PersonalDamageReductionBuff_Buff,1,EffectType.Magic
GE_RelicPower_PersonalDamageReductionBuff_Buff,2,EffectLogic.RemoveOnDeath
GE_RelicPower_PersonalDamageReductionBuff_Buff,3,EffectVisualization.Icon
GE_RelicPower_PersonalDamageReductionBuff_Buff,4,EffectVisualization.IconOnPartyUnitFrame
GE_RelicPower_PersonalDamageReductionBuff_Buff,5,EffectVisualization.HeroSuperBuffbar
GE_RelicPower_PolyMorphTargetWithSharedCharges_PolymorphTarget,0,EffectType.GeneratesThreat
GE_RelicPower_PolyMorphTargetWithSharedCharges_PolymorphTarget,1,EffectType.Harmful
GE_RelicPower_PolyMorphTargetWithSharedCharges_PolymorphTarget,2,EffectLogic.NoDamageNumbers
GE_RelicPower_PolyMorphTargetWithSharedCharges_PolymorphTarget,3,EffectLogic.NoLogging
GE_RelicPower_PolyMorphTargetWithSharedCharges_PolymorphTarget,4,EffectType.Polymorph
GE_RelicPower_PolyMorphTargetWithSharedCharges_PolymorphTarget,5,EffectType.Magic
GE_RelicPower_PolyMorphTargetWithSharedCharges_PolymorphTarget,6,EffectLogic.NoImmuneLogging
GE_RelicPower_Portal_RecentlyUsedPortal,0,EffectVisualization.Icon
GE_RelicPower_Portal_RecentlyUsedPortal,1,EffectType.Debuff
GE_RelicPower_Portal_RecentlyUsedPortal,2,Effect.Debuff
GE_RelicPower_Portal_RecentlyUsedPortal,3,EffectType.Harmful
GE_Rime_AutoDamageProjectile_Damage,0,EffectType.Magic.Frost
GE_Rime_AutoDamageProjectile_Damage,1,EffectType.Rime.SelfDamageAndResourceGainBuff.TriggersResourceGain.Quick
GE_Rime_AutoDamageProjectile_Damage,2,EffectType.GeneratesThreat
GE_Rime_AutoDamageProjectile_Damage,3,EffectType.Harmful
GE_Rime_AutoDamageProjectile_Damage,4,CustomAssetTags.Rime.ValidForDamageAsAoeHealingBuff
GE_Rime_AutoDamageProjectile_Damage,5,CustomAssetTags.Rime.Talent.AutoDamageProjectile.ExplodingCrits
GE_Rime_AutoDamageProjectile_Damage,6,CustomAssetTags.Rime.Talent.SpecifiedAbilityHits.IncreaseDuration
GE_Rime_AutoProjectileOnResourceGainBuff_Buff,0,EffectType.Beneficial
GE_Rime_AutoProjectileOnResourceGainBuff_Buff,1,EffectType.Buff
GE_Rime_AutoProjectileOnResourceGainBuff_Buff,2,EffectType.Magic.Frost
GE_Rime_AutoProjectileOnResourceGainBuff_Buff,3,EffectVisualization.Icon
GE_Rime_AutoProjectileOnResourceGainBuff_Buff,4,EffectLogic.RemoveOnDeath
GE_Rime_AutoProjectileOnResourceGainBuff_Buff,5,EffectVisualization.HeroSuperBuffbar
GE_Rime_CastedDebuffAoeDamage_Damage,0,EffectType.GeneratesThreat
GE_Rime_CastedDebuffAoeDamage_Damage,1,EffectType.Harmful
GE_Rime_CastedDebuffAoeDamage_Damage,2,EffectType.Magic.Frost
GE_Rime_CastedDebuffAoeDamage_Damage,3,CustomAssetTags.Rime.CastedDebuffAoeDamage.Damage
GE_Rime_CastedDebuffAoeDamage_Debuff,0,EffectType.GeneratesThreat
GE_Rime_CastedDebuffAoeDamage_Debuff,1,EffectType.Harmful
GE_Rime_CastedDebuffAoeDamage_Debuff,2,EffectType.Magic.Frost
GE_Rime_CastedDebuffAoeDamage_Debuff,3,EffectLogic.RemoveOnDeath
GE_Rime_CastedDebuffAoeDamage_Debuff,4,EffectVisualization.Icon
GE_Rime_CastedDebuffAoeDamage_Debuff,5,EffectType.Dot
GE_Rime_CastedDebuffAoeDamage_Talent_BuffWhileActive,0,EffectType.Beneficial
GE_Rime_CastedDebuffAoeDamage_Talent_BuffWhileActive,1,EffectType.Magic.Frost
GE_Rime_CastedDebuffAoeDamage_Talent_BuffWhileActive,2,EffectVisualization.Icon
GE_Rime_CastedDebuffAoeDamage_Talent_BuffWhileActive,3,EffectLogic.RemoveOnDeath
GE_Rime_CastedDebuffAoeDamage_Talent_BuffWhileActive,4,EffectVisualization.HeroSuperBuffbar
GE_Rime_CastedProjectileDamageFiller_Damage,0,EffectType.GeneratesThreat
GE_Rime_CastedProjectileDamageFiller_Damage,1,EffectType.Harmful
GE_Rime_CastedProjectileDamageFiller_Damage,2,EffectType.Magic.Frost
GE_Rime_CastedProjectileDamageFiller_Damage,3,EffectType.SourceAbility.Basic
GE_Rime_CastedProjectileDamageOrbSpender_Damage,0,EffectType.GeneratesThreat
GE_Rime_CastedProjectileDamageOrbSpender_Damage,1,EffectType.Harmful
GE_Rime_CastedProjectileDamageOrbSpender_Damage,2,EffectType.Magic.Frost
GE_Rime_CastedProjectileDamageOrbSpender_Damage,3,CustomAssetTags.Rime.CastedProjectileDamageOrbSpender.Damage
GE_Rime_CastedProjectileDamageOrbSpender_Talent_InstantAndBonusDamage_ProcStacker,0,EffectType.Beneficial
GE_Rime_CastedProjectileDamageOrbSpender_Talent_InstantAndBonusDamage_ProcStacker,1,EffectType.Magic.Frost
GE_Rime_CastedProjectileDamageOrbSpender_Talent_InstantAndBonusDamage_ProcStacker,2,EffectVisualization.Icon
GE_Rime_CastedProjectileDamageOrbSpender_Talent_InstantAndBonusDamage_ProcStacker,3,EffectLogic.RemoveOnDeath
GE_Rime_CastedProjectileDamageOrbSpender_Talent_InstantAndBonusDamage_ProcStacker,4,EffectVisualization.HeroSuperBuffbar
GE_Rime_CastedProjectileDamageOrbSpender_Talent_InstantAndBonusDamage_ProcStacker,5,EffectLogic.RemoveOnSourceLoadoutChange
GE_Rime_CastedProjectileDamageOrbSpender_Talent_InstantAndBonusDamage_RealProc,0,EffectType.Beneficial
GE_Rime_CastedProjectileDamageOrbSpender_Talent_InstantAndBonusDamage_RealProc,1,EffectType.Magic.Frost
GE_Rime_CastedProjectileDamageOrbSpender_Talent_InstantAndBonusDamage_RealProc,2,EffectLogic.RemoveOnDeath
GE_Rime_CastedProjectileDamageOrbSpender_Talent_InstantAndBonusDamage_RealProc,3,EffectLogic.Proc
GE_Rime_ChanneledBeamSingleDamage_AoeDamage,0,EffectType.Harmful
GE_Rime_ChanneledBeamSingleDamage_AoeDamage,1,EffectType.Magic.Frost
GE_Rime_ChanneledBeamSingleDamage_ChannelBuff,0,EffectType.Beneficial
GE_Rime_ChanneledBeamSingleDamage_ChannelBuff,1,EffectType.Buff
GE_Rime_ChanneledBeamSingleDamage_ChannelBuff,2,EffectLogic.RemoveOnDeath
GE_Rime_ChanneledBeamSingleDamage_ChannelBuff,3,EffectLogic.AlwaysApply
GE_Rime_ChanneledBeamSingleDamage_TickDamage,0,EffectType.Harmful
GE_Rime_ChanneledBeamSingleDamage_TickDamage,1,EffectType.Magic.Frost
GE_Rime_ChanneledBeamSingleDamage_TickDamage,2,EffectType.GeneratesThreat
GE_Rime_DamageAsAoeHealingBuff_Heal,0,EffectType.Beneficial
GE_Rime_DamageAsAoeHealingBuff_Heal,1,EffectType.Magic.Frost
GE_Rime_DamageAsAoeHealingBuff_Heal,2,EffectType.Healing
GE_Rime_DamageAsAoeHealingBuff_Heal,3,CustomAssetTags.Rime.DamageAsAoeHealingBuff.Heal
GE_Rime_DamageAsAoeHealingBuff_SelfBuff,0,EffectType.Beneficial
GE_Rime_DamageAsAoeHealingBuff_SelfBuff,1,EffectType.Buff
GE_Rime_DamageAsAoeHealingBuff_SelfBuff,2,EffectType.Magic.Frost
GE_Rime_DamageAsAoeHealingBuff_SelfBuff,3,EffectLogic.RemoveOnDeath
GE_Rime_DamageAsAoeHealingBuff_SelfBuff,4,EffectVisualization.Icon
GE_Rime_DamageAsAoeHealingBuff_SelfBuff,5,EffectVisualization.HeroSuperBuffbar
GE_Rime_DamageAsAoeHealingBuff_SpiritBuff,0,EffectLogic.System
GE_Rime_DamageAsAoeHealingBuff_SpiritBuff,1,EffectType.Beneficial
GE_Rime_DamageAsAoeHealingBuff_SpiritBuff,2,EffectLogic.RemoveOnDeath
GE_Rime_FullResourcesSelfBuff_Buff,0,EffectType.Beneficial
GE_Rime_FullResourcesSelfBuff_Buff,1,EffectType.Magic
GE_Rime_FullResourcesSelfBuff_Buff,2,EffectLogic.RemoveOnDeath
GE_Rime_FullResourcesSelfBuff_Buff,3,EffectVisualization.Icon
GE_Rime_FullResourcesSelfBuff_Buff,4,EffectVisualization.HeroSuperBuffbar
GE_Rime_FullResourcesSelfBuff_Visual,0,EffectLogic.RemoveOnDeath
GE_Rime_FullResourcesSelfBuff_Visual,1,EffectLogic.System
GE_Rime_InstantConeKnockback_Debuff,0,EffectLogic.RemoveOnDeath
GE_Rime_InstantConeKnockback_Debuff,1,EffectType.Harmful
GE_Rime_InstantConeKnockback_Debuff,2,EffectType.MovementImpairing
GE_Rime_InstantConeKnockback_Debuff,3,EffectType.Magic.Water
GE_Rime_InstantConeKnockback_Debuff,4,EffectType.CrowdControl
GE_Rime_InstantConeKnockback_Debuff,5,EffectType.GeneratesThreat
GE_Rime_InstantConeKnockback_Debuff,6,EffectVisualization.Icon
GE_Rime_InstantSingleDamage_Damage,0,EffectType.GeneratesThreat
GE_Rime_InstantSingleDamage_Damage,1,EffectType.Harmful
GE_Rime_InstantSingleDamage_Damage,2,EffectType.Magic.Frost
GE_Rime_InstantSingleDamage_Damage,3,EffectType.SourceAbility.Basic
GE_Rime_InstantSingleInterrupt_Interrupt,0,EffectType.Harmful
GE_Rime_InstantSingleInterrupt_Interrupt,1,EffectType.GeneratesThreat
GE_Rime_InstantSingleInterrupt_Interrupt,2,EffectType.Magic.Frost
GE_Rime_OnTargetPulsatingAoe_Damage,0,EffectType.GeneratesThreat
GE_Rime_OnTargetPulsatingAoe_Damage,1,EffectType.Harmful
GE_Rime_OnTargetPulsatingAoe_Damage,2,EffectType.Magic.Frost
GE_Rime_SelfDefenceBuff_SelfBuff,0,EffectLogic.RemoveOnDeath
GE_Rime_SelfDefenceBuff_SelfBuff,1,EffectType.Buff
GE_Rime_SelfDefenceBuff_SelfBuff,2,EffectType.Beneficial
GE_Rime_SelfDefenceBuff_SelfBuff,3,EffectType.Magic.Water
GE_Rime_SelfDefenceBuff_SelfBuff,4,EffectType.GeneratesThreat
GE_Rime_SelfDefenceBuff_SelfBuff,5,EffectVisualization.Icon
GE_Rime_SelfDefenceBuff_SelfBuff,6,EffectVisualization.IconOnPartyUnitFrame
GE_Rime_SelfDefenceBuff_SelfBuff,7,EffectVisualization.HeroSuperBuffbar
GE_Rime_SelfDefenceBuff_SelfBuff,8,CustomAssetTags.Rime.SelfDefenceBuff.Buff
GE_Rime_SelfDefenceBuff_Talent_Heal,0,EffectType.Beneficial
GE_Rime_SelfDefenceBuff_Talent_Heal,1,EffectType.Healing
GE_Rime_SelfDefenceBuff_Talent_Heal,2,EffectType.Magic.Water
GE_Rime_Talent_AutoDamageProjectile_ExplodingCrits_CleaveDamage,0,EffectType.Harmful
GE_Rime_Talent_AutoDamageProjectile_ExplodingCrits_CleaveDamage,1,EffectType.Magic.Frost
GE_Rime_Talent_AutoDamageProjectile_ExplodingCrits_CleaveDamage,2,EffectType.GeneratesThreat
GE_Rime_Talent_CastedDebuffAoeDamage_StackingDamageBonus_Buff,0,EffectType.Beneficial
GE_Rime_Talent_CastedDebuffAoeDamage_StackingDamageBonus_Buff,1,EffectType.Magic.Frost
GE_Rime_Talent_CastedDebuffAoeDamage_StackingDamageBonus_Buff,2,EffectVisualization.Icon
GE_Rime_Talent_CastedDebuffAoeDamage_StackingDamageBonus_Buff,3,EffectLogic.RemoveOnDeath
GE_Rime_Talent_CastedDebuffAoeDamage_StackingDamageBonus_Buff,4,EffectVisualization.HeroSuperBuffbar
GE_Rime_Talent_ChanceOnOrbGain_NextSpenderCritIncrease_Buff,0,EffectType.Beneficial
GE_Rime_Talent_ChanceOnOrbGain_NextSpenderCritIncrease_Buff,1,EffectType.Magic.Frost
GE_Rime_Talent_ChanceOnOrbGain_NextSpenderCritIncrease_Buff,2,EffectVisualization.Icon
GE_Rime_Talent_ChanceOnOrbGain_NextSpenderCritIncrease_Buff,3,EffectLogic.RemoveOnDeath
GE_Rime_Talent_ChanceOnOrbGain_NextSpenderCritIncrease_Buff,4,EffectLogic.Proc
GE_Rime_Talent_ChanceOnOrbGain_NextSpenderCritIncrease_Buff,5,EffectVisualization.HeroSuperBuffbar
GE_Rime_Talent_ChanneledBeamSingleDamage_BoostByCritProc_Proc,0,EffectType.Beneficial
GE_Rime_Talent_ChanneledBeamSingleDamage_BoostByCritProc_Proc,1,EffectType.Magic.Frost
GE_Rime_Talent_ChanneledBeamSingleDamage_BoostByCritProc_Proc,2,EffectLogic.RemoveOnDeath
GE_Rime_Talent_ChanneledBeamSingleDamage_BoostByCritProc_Proc,3,EffectLogic.System
GE_Rime_Talent_ChanneledBeamSingleDamage_BoostByCritProc_Proc,4,EffectVisualization.Icon
GE_Rime_Talent_ChanneledBeamSingleDamage_BoostByCritProc_Proc,5,EffectVisualization.HeroSuperBuffbar
GE_Rime_Talent_ChanneledBeamSingleDamage_BoostByCritProc_ProcActive,0,EffectType.Beneficial
GE_Rime_Talent_ChanneledBeamSingleDamage_BoostByCritProc_ProcActive,1,EffectType.Magic.Frost
GE_Rime_Talent_ChanneledBeamSingleDamage_BoostByCritProc_ProcActive,2,EffectLogic.RemoveOnDeath
GE_Rime_Talent_ChanneledBeamSingleDamage_BoostByCritProc_ProcActive,3,EffectLogic.System
GE_Rime_Talent_ChanneledBeamSingleDamage_StackBuffForInstantSingleDamage_StackBuff,0,EffectLogic.RemoveOnDeath
GE_Rime_Talent_ChanneledBeamSingleDamage_StackBuffForInstantSingleDamage_StackBuff,1,EffectType.Beneficial
GE_Rime_Talent_ChanneledBeamSingleDamage_StackBuffForInstantSingleDamage_StackBuff,2,EffectType.Buff
GE_Rime_Talent_ChanneledBeamSingleDamage_StackBuffForInstantSingleDamage_StackBuff,3,EffectLogic.NotDispellable
GE_Rime_Talent_ChanneledBeamSingleDamage_StackBuffForInstantSingleDamage_StackBuff,4,EffectType.Magic.Frost
GE_Rime_Talent_ChanneledBeamSingleDamage_StackBuffForInstantSingleDamage_StackBuff,5,EffectVisualization.Icon
GE_Rime_Talent_ChanneledBeamSingleDamage_StackBuffForInstantSingleDamage_StackBuff,6,EffectVisualization.HeroSuperBuffbar
GE_Rime_Talent_CleaveBuildUpPerTick_VisualBuff,0,EffectVisualization.Icon
GE_Rime_Talent_CleaveBuildUpPerTick_VisualBuff,1,EffectLogic.RemoveOnDeath
GE_Rime_Talent_CleaveBuildUpPerTick_VisualBuff,2,EffectType.Harmful
GE_Rime_Talent_CleaveBuildUpPerTick_VisualBuff,3,EffectType.Debuff
GE_Rime_Talent_CriticalStrikePower,0,EffectLogic.System
GE_Rime_Talent_CriticalStrikePower,1,EffectLogic.AlwaysApply
GE_Rime_Talent_IncomingAoeDamageReduction,0,EffectLogic.System
GE_Rime_Talent_IncomingAoeDamageReduction,1,EffectType.Beneficial
GE_Rime_Talent_IncreasedMovementSpeed,0,EffectLogic.System
GE_Rime_Talent_IncreasedMovementSpeed,1,EffectType.Beneficial
GE_Rime_Talent_InstantSingleDamage_FreeCast_Proc,0,EffectType.Magic.Frost
GE_Rime_Talent_InstantSingleDamage_FreeCast_Proc,1,EffectLogic.RemoveOnDeath
GE_Rime_Talent_InstantSingleDamage_FreeCast_Proc,2,EffectType.Buff
GE_Rime_Talent_InstantSingleDamage_FreeCast_Proc,3,EffectType.Beneficial
GE_Rime_Talent_InstantSingleDamage_FreeCast_Proc,4,EffectVisualization.Icon
GE_Rime_Talent_InstantSingleDamage_HasteWhileCastinigOrbSpender_Buff,0,EffectType.Beneficial
GE_Rime_Talent_InstantSingleDamage_HasteWhileCastinigOrbSpender_Buff,1,EffectType.Magic.Frost
GE_Rime_Talent_InstantSingleDamage_HasteWhileCastinigOrbSpender_Buff,2,EffectLogic.RemoveOnDeath
GE_Rime_Talent_InstantSingleDamage_HasteWhileCastinigOrbSpender_Buff,3,EffectLogic.System
GE_Rime_Talent_InstantSingleDamage_ReducesCastTimeOnOrbSpender_Proc,0,EffectType.Beneficial
GE_Rime_Talent_InstantSingleDamage_ReducesCastTimeOnOrbSpender_Proc,1,EffectType.Magic.Frost
GE_Rime_Talent_InstantSingleDamage_ReducesCastTimeOnOrbSpender_Proc,2,EffectLogic.RemoveOnDeath
GE_Rime_Talent_InstantSingleDamage_ReducesCastTimeOnOrbSpender_Proc,3,EffectLogic.System
GE_Rime_Talent_InstantSingleDamage_ReducesCastTimeOnOrbSpender_Proc,4,EffectVisualization.Icon
GE_Rime_Talent_InstantSingleDamage_ReducesCastTimeOnOrbSpender_Proc,5,EffectVisualization.HeroSuperBuffbar
GE_Rime_Talent_MagicDamageReduction,0,EffectLogic.System
GE_Rime_Talent_MagicDamageReduction,1,EffectLogic.AlwaysApply
GE_Rime_Talent_Passive_CastedProjectileDamageOrbSpender_DamageToAoe_Damage,0,EffectType.Harmful
GE_Rime_Talent_Passive_CastedProjectileDamageOrbSpender_DamageToAoe_Damage,1,EffectType.GeneratesThreat
GE_Rime_Talent_Passive_CastedProjectileDamageOrbSpender_DamageToAoe_Damage,2,EffectType.Magic.Frost
GE_Rime_Talent_SelfDefenceBuff_DurationBoostAndHealFromDamage_Heal,0,EffectType.Beneficial
GE_Rime_Talent_SelfDefenceBuff_DurationBoostAndHealFromDamage_Heal,1,EffectType.Healing
GE_Rime_Talent_SelfDefenceBuff_DurationBoostAndHealFromDamage_Heal,2,EffectType.Magic.Frost
GE_Rime_TargetedPeriodicProjectileAoe_AoeBuff,0,EffectType.Magic.Frost
GE_Rime_TargetedPeriodicProjectileAoe_AoeBuff,1,EffectLogic.NotDispellable
GE_Rime_TargetedPeriodicProjectileAoe_AoeBuff,2,EffectVisualization.Icon
GE_Rime_TargetedPeriodicProjectileAoe_AoeBuff,3,EffectType.Buff
GE_Rime_TargetedPeriodicProjectileAoe_AoeBuff,4,EffectType.Beneficial
GE_Rime_TargetedPeriodicProjectileAoe_AoeBuff,5,EffectLogic.RemoveOnDeath
GE_Rime_TargetedPeriodicProjectileAoe_AoeBuff,6,EffectVisualization.HeroSuperBuffbar
GE_Rime_TargetedPeriodicProjectileAoe_Damage,0,EffectType.GeneratesThreat
GE_Rime_TargetedPeriodicProjectileAoe_Damage,1,EffectType.Harmful
GE_Rime_TargetedPeriodicProjectileAoe_Damage,2,EffectType.Magic.Frost
GE_Rime_TargetedPeriodicProjectileAoe_Damage,3,CustomAssetTags.Rime.ValidForDamageAsAoeHealingBuff
GE_Rime_TargetedPeriodicProjectileAoe_Damage,4,CustomAssetTags.Rime.Talent.AutoDamageProjectile.ExplodingCrits
GE_Rime_TargetedPeriodicProjectileAoe_Damage,5,CustomAssetTags.Rime.Talent.SpecifiedAbilityHits.IncreaseDuration
GE_Rime_TargetedPeriodicProjectileAoe_Damage,6,CustomAssetTags.Rime.TargetedPeriodicProjectileAoe.Damage
GE_SG_BossSiren_Bleed,0,EffectType.Debuff
GE_SG_BossSiren_Bleed,1,EffectType.Dot
GE_SG_BossSiren_Bleed,2,EffectType.Harmful
GE_SG_BossSiren_Bleed,3,EffectType.Physical.Bleed
GE_SG_BossSiren_Bleed,4,EffectVisualization.Icon
GE_SG_BossSiren_Bubble_Debuff,0,EffectType.Debuff
GE_SG_BossSiren_Bubble_Debuff,1,EffectType.Harmful
GE_SG_BossSiren_Bubble_Debuff,2,EffectType.Silencing
GE_SG_BossSiren_Bubble_Debuff,3,EffectType.MovementImpairing
GE_SG_BossSiren_Bubble_Debuff,4,EffectType.Magic.Necromancy
GE_SG_BossSiren_Bubble_Dot,0,EffectType.Debuff
GE_SG_BossSiren_Bubble_Dot,1,EffectType.Dot
GE_SG_BossSiren_Bubble_Dot,2,EffectType.Harmful
GE_SG_BossSiren_Bubble_Dot,3,EffectVisualization.Icon
GE_SG_BossSiren_Bubble_Dot,4,EffectType.Magic.Necromancy
GE_SG_BossSiren_Bubble_Dot,5,EffectLogic.NotDispellable
GE_SG_BossSiren_Bubble_PreSpawnDot,0,EffectType.Dot
GE_SG_BossSiren_Bubble_PreSpawnDot,1,EffectType.Harmful
GE_SG_BossSiren_Bubble_PreSpawnDot,2,EffectType.Debuff
GE_SG_BossSiren_Bubble_PreSpawnDot,3,EffectVisualization.Icon
GE_SG_BossSiren_Bubble_PreSpawnDot,4,EffectLogic.RemoveOnSourceDeath
GE_SG_BossSiren_Bubble_PreSpawnDot,5,EffectType.Magic.Necromancy
GE_SG_BossSiren_Interrupt_Damage,0,EffectType.Harmful
GE_SG_BossSiren_Interrupt_Damage,1,EffectType.Physical
GE_SG_BossSiren_Interrupt_Interrupt,0,EffectType.Harmful
GE_SG_BossSiren_Interrupt_Interrupt,1,EffectType.GeneratesThreat
GE_SG_BossSiren_Interrupt_Interrupt,2,EffectType.Physical
GE_SG_BossSiren_MastTether_Tethered,0,EffectType.Beneficial
GE_SG_BossSiren_MastTether_Tethered,1,EffectType.Buff
GE_SG_BossSiren_MastTether_Tethered,2,EffectVisualization.Icon
GE_SG_BossSiren_MastTether_Tethered,3,EffectLogic.NotDispellable
GE_SG_BossSiren_MeleeAutoAttack_Damage,0,EffectType.Physical
GE_SG_BossSiren_MeleeAutoAttack_Damage,1,EffectType.Harmful
GE_SG_BossSiren_TankSlamAndLink_Damage,0,EffectType.Physical
GE_SG_BossSiren_TankSlamAndLink_Damage,1,EffectType.Harmful
GE_SG_BossSiren_TankSlamAndLink_DamageTick,0,EffectType.Harmful
GE_SG_BossSiren_TankSlamAndLink_DamageTick,1,EffectType.Dot
GE_SG_BossSiren_TankSlamAndLink_DamageTick,2,EffectType.Magic.Necromancy
GE_SG_BossSiren_TankSlamAndLink_Debuff,0,EffectType.Debuff
GE_SG_BossSiren_TankSlamAndLink_Debuff,1,EffectType.Harmful
GE_SG_BossSiren_TankSlamAndLink_Debuff,2,EffectType.Dot
GE_SG_BossSiren_TankSlamAndLink_Debuff,3,EffectType.Magic.Necromancy
GE_SG_BossSiren_TankSlamAndLink_Debuff,4,EffectVisualization.Icon
GE_SG_BossSiren_TankSlamAndLink_Debuff,5,EffectLogic.NotDispellable
GE_SG_BossSiren_TankSlamAndLink_Debuff,6,EffectLogic.RemoveOnDeath
GE_SG_BossSiren_WalkOverEdge_Dot,0,EffectType.Harmful
GE_SG_BossSiren_WalkOverEdge_Dot,1,EffectType.Dot
GE_SG_BossSiren_WalkOverEdge_Dot,2,EffectType.Debuff
GE_SG_BossSiren_WalkOverEdge_Dot,3,EffectVisualization.Icon
GE_SG_BossSiren_WalkOverEdge_Dot,4,EffectLogic.NotDispellable
GE_SG_BossSiren_WalkOverEdge_Dot,5,EffectLogic.RemoveOnSourceDeath
GE_SG_BossSiren_WalkOverEdge_Dot,6,EffectType.Magic.Necromancy
GE_SG_BossSiren_WalkOverEdge_Dot,7,EffectLogic.RemoveOnSourceFellowshipReset
GE_SG_BossSiren_WalkOverEdge_Intermission,0,EffectType.Beneficial
GE_SG_BossSiren_WalkOverEdge_Intermission,1,EffectLogic.System
GE_SG_BossSiren_WalkOverEdge_Intermission,2,EffectLogic.AlwaysApply
GE_SG_BossSiren_WalkOverEdge_Vanish,0,EffectType.Beneficial
GE_SG_BossSiren_WalkOverEdge_Walk,0,EffectType.CrowdControl
GE_SG_BossSiren_WalkOverEdge_Walk,1,EffectType.Debuff
GE_SG_BossSiren_WalkOverEdge_Walk,2,EffectType.Harmful
GE_SG_BossSiren_WalkOverEdge_Walk,3,EffectLogic.NotDispellable
GE_SG_BossSiren_WalkOverEdge_Walk,4,EffectType.Magic
GE_SG_BossSiren_WalkOverEdge_Walk,5,EffectType.Silencing
GE_SG_BossSiren_WalkOverEdge_Walk,6,EffectVisualization.Icon
GE_SG_BossSiren_Wave_Damage,0,EffectType.Harmful
GE_SG_BossSiren_Wave_Damage,1,EffectType.Magic.Necromancy
GE_SG_CoralLasher_InitialRangedAttack_Damage,0,EffectType.Harmful
GE_SG_CoralLasher_InitialRangedAttack_Damage,1,EffectType.Physical
GE_SG_CoralLasher_InitialRangedAttack_Dot,0,EffectType.Harmful
GE_SG_CoralLasher_InitialRangedAttack_Dot,1,EffectVisualization.Icon
GE_SG_CoralLasher_InitialRangedAttack_Dot,2,EffectType.Magic.Nature
GE_SG_CoralLasher_InitialRangedAttack_Dot,3,EffectType.Debuff
GE_SG_CoralLasher_InitialRangedAttack_Dot,4,EffectLogic.RemoveOnDeath
GE_SG_CoralLasher_MeleeAutoAttack_Damage,0,EffectType.Harmful
GE_SG_CoralLasher_MeleeAutoAttack_Damage,1,EffectType.Physical
GE_SG_DrownedSailor_AutoAttack_Damage,0,EffectType.Physical
GE_SG_DrownedSailor_AutoAttack_Damage,1,EffectType.Harmful
GE_SG_DrownedSailor_DaggerThrow_Damage,0,EffectType.Harmful
GE_SG_DrownedSailor_DaggerThrow_Damage,1,EffectType.Debuff
GE_SG_DrownedSailor_DaggerThrow_Damage,2,EffectLogic.RemoveOnDeath
GE_SG_DrownedSailor_DaggerThrow_Damage,3,EffectType.Magic.Necromancy
GE_SG_DrownedSailor_DaggerThrow_Debuff,0,EffectType.Harmful
GE_SG_DrownedSailor_DaggerThrow_Debuff,1,EffectVisualization.Icon
GE_SG_DrownedSailor_DaggerThrow_Debuff,2,EffectType.Debuff
GE_SG_DrownedSailor_DaggerThrow_Debuff,3,EffectLogic.RemoveOnDeath
GE_SG_DrownedSailor_DaggerThrow_Debuff,4,EffectType.Magic.Necromancy
GE_SG_DrownedSailor_DaggerThrow_Debuff,5,EffectVisualization.IconOnPartyUnitFrame
GE_SG_DrownedSailor_EnrageTarget_BlockOthersCastsEffect,0,EffectLogic.System
GE_SG_DrownedSailor_EnrageTarget_BlockOthersCastsEffect,1,EffectLogic.AlwaysApply
GE_SG_DrownedSailor_EnrageTarget_BlockOthersCastsEffect,2,EffectLogic.RemoveOnDeath
GE_SG_DrownedSailor_EnrageTarget_BlockOthersCastsEffect,3,EffectType.Harmful
GE_SG_DrownedSailor_EnrageTarget_Buff,0,Effect.Buff
GE_SG_DrownedSailor_EnrageTarget_Buff,1,EffectVisualization.Icon
GE_SG_DrownedSailor_EnrageTarget_Buff,2,EffectLogic.RemoveOnDeath
GE_SG_DrownedSailor_EnrageTarget_Buff,3,EffectType.Beneficial
GE_SG_EchoingSpirit_ChainLightning_Damage,0,EffectType.Harmful
GE_SG_EchoingSpirit_ChainLightning_Damage,1,EffectType.Magic.Necromancy
GE_SG_EchoingSpirit_Ghost_AutoAttack_Damage,0,EffectType.Harmful
GE_SG_EchoingSpirit_Ghost_AutoAttack_Damage,1,EffectType.Magic.Necromancy
GE_SG_EchoingSpirit_Ghost_ExplodeDamage,0,EffectType.Harmful
GE_SG_EchoingSpirit_Ghost_ExplodeDamage,1,EffectType.Magic.Necromancy
GE_SG_EchoingSpirit_Ghost_ExplodeStun,0,EffectType.Harmful
GE_SG_EchoingSpirit_Ghost_ExplodeStun,1,EffectType.Debuff
GE_SG_EchoingSpirit_Ghost_ExplodeStun,2,EffectType.Magic.Necromancy
GE_SG_EchoingSpirit_Ghost_ExplodeStun,3,EffectType.Stun
GE_SG_EchoingSpirit_Ghost_ExplodeStun,4,EffectType.CrowdControl
GE_SG_EchoingSpirit_Ghost_ExplodeStun,5,EffectVisualization.Icon
GE_SG_EchoingSpirit_Ghost_ExplodeStun,6,EffectLogic.NotDispellable
GE_SG_EchoingSpirit_Ghost_SelfDamageDebuff,0,Effect.Debuff
GE_SG_EchoingSpirit_MeleeAutoAttack_Damage,0,EffectType.Harmful
GE_SG_EchoingSpirit_MeleeAutoAttack_Damage,1,EffectType.Physical
GE_SG_GhostCorpse_MeleeAutoAttack_Damage,0,EffectType.Physical
GE_SG_GhostCorpse_MeleeAutoAttack_Damage,1,EffectType.Harmful
GE_SG_GhostEruptor_CastedPartyAoeDebuff_Damage,0,EffectType.Harmful
GE_SG_GhostEruptor_CastedPartyAoeDebuff_Damage,1,EffectType.Magic.Shadow
GE_SG_GhostEruptor_CastedPartyAoeDebuff_Debuff,0,Effect.Debuff
GE_SG_GhostEruptor_CastedPartyAoeDebuff_Debuff,1,EffectType.Debuff
GE_SG_GhostEruptor_CastedPartyAoeDebuff_Debuff,2,CustomAssetTags.SoulSpreader.CastedPartyAoeDebuff
GE_SG_GhostEruptor_CastedPartyAoeDebuff_Debuff,3,EffectType.Magic.Shadow
GE_SG_GhostEruptor_CastedPartyAoeDebuff_Debuff,4,EffectType.Harmful
GE_SG_GhostEruptor_CastedPartyAoeDebuff_Debuff,5,EffectLogic.RemoveOnDeath
GE_SG_GhostEruptor_CastedRangedProjectile_Damage,0,EffectType.Harmful
GE_SG_GhostEruptor_CastedRangedProjectile_Damage,1,EffectType.Magic.Necromancy
GE_SG_GhostEruptor_ChanneledFriendlyBuff_Buff,0,Effect.Buff
GE_SG_GhostEruptor_ChanneledFriendlyBuff_Buff,1,EffectType.Beneficial
GE_SG_GhostEruptor_ChanneledFriendlyBuff_Buff,2,EffectType.Buff
GE_SG_GhostEruptor_ChanneledFriendlyBuff_Buff,3,EffectType.Magic.Necromancy
GE_SG_GhostEruptor_SoakDebuff_Damage,0,EffectType.Harmful
GE_SG_GhostEruptor_SoakDebuff_Damage,1,EffectType.Magic.Necromancy
GE_SG_GhostEruptor_SoakDebuff_Debuff,0,EffectType.Harmful
GE_SG_GhostEruptor_SoakDebuff_Debuff,1,EffectVisualization.Icon
GE_SG_GhostEruptor_SoakDebuff_Debuff,2,EffectType.Debuff
GE_SG_GhostEruptor_SoakDebuff_Debuff,3,EffectLogic.RemoveOnDeath
GE_SG_GhostEruptor_SoakDebuff_Debuff,4,EffectLogic.AlwaysApply
GE_SG_GhostEruptor_SoakDebuff_Debuff,5,EffectType.Magic.Necromancy
GE_SG_GhostEruptor_SoakDebuff_Debuff,6,EffectLogic.NotDispellable
GE_SG_GhostFerventSoldier_MeleeAutoAttack_Buff,0,EffectType.Beneficial
GE_SG_GhostFerventSoldier_MeleeAutoAttack_Buff,1,EffectType.Buff
GE_SG_GhostFerventSoldier_MeleeAutoAttack_Buff,2,EffectVisualization.Icon
GE_SG_GhostFerventSoldier_MeleeAutoAttack_Buff,3,EffectLogic.RemoveOnDeath
GE_SG_GhostFerventSoldier_MeleeAutoAttack_Damage,0,EffectType.Harmful
GE_SG_GhostFerventSoldier_MeleeAutoAttack_Damage,1,EffectType.Physical
GE_SG_GhostOrc_Cleave_Damage,0,EffectType.Harmful
GE_SG_GhostOrc_Cleave_Damage,1,EffectType.Physical
GE_SG_GhostOrc_Cleave_Damage,2,EffectLogic.HolyTrinityNerf.IgnoreAoeIncomingDamageMultiplier
GE_SG_GhostOrc_Cleave_Debuff,0,EffectType.Harmful
GE_SG_GhostOrc_Cleave_Debuff,1,EffectType.Physical
GE_SG_GhostOrc_Cleave_Debuff,2,EffectLogic.NotDispellable
GE_SG_GhostOrc_Cleave_Debuff,3,EffectVisualization.Icon
GE_SG_GhostOrc_Cleave_Dot,0,EffectType.Harmful
GE_SG_GhostOrc_Cleave_Dot,1,EffectLogic.NotDispellable
GE_SG_GhostOrc_Cleave_Dot,2,EffectVisualization.Icon
GE_SG_GhostOrc_Cleave_Dot,3,EffectType.Physical.Bleed
GE_SG_GhostOrc_Cleave_Dot,4,EffectLogic.RemoveOnDeath
GE_SG_GhostOrc_MeleeAutoAttack_Damage,0,EffectType.Harmful
GE_SG_GhostOrc_MeleeAutoAttack_Damage,1,EffectType.Physical
GE_SG_GreaterWaterElemental_BurrowBuff,0,Effect.Buff
GE_SG_GreaterWaterElemental_EarthBreaker_Slow,0,Effect.Debuff
GE_SG_SaltSprite_MeleeAutoAttack_Damage,0,EffectType.Harmful
GE_SG_SaltSprite_MeleeAutoAttack_Damage,1,EffectType.Physical
GE_SG_SaltSprite_TargetHealthDamage_Damage,0,EffectType.Harmful
GE_SG_SaltSprite_TargetHealthDamage_Damage,1,EffectType.Physical
GE_SG_WaterElemental_CastedAoeProjectile_CollisionEffect,0,EffectLogic.NotDispellable
GE_SG_WaterElemental_CastedAoeProjectile_CollisionEffect,1,EffectVisualization.Icon
GE_SG_WaterElemental_CastedAoeProjectile_CollisionEffect,2,EffectType.Harmful
GE_SG_WaterElemental_CastedAoeProjectile_CollisionEffect,3,EffectLogic.RemoveOnDeath
GE_SG_WaterElemental_CastedAoeProjectile_CollisionEffect,4,EffectType.CrowdControl
GE_SG_WaterElemental_CastedAoeProjectile_CollisionEffect,5,EffectType.Magic.Water
GE_SG_WaterElemental_CastedAoeProjectile_Slow,0,EffectType.Magic.Water
GE_SG_WaterElemental_CastedAoeProjectile_Slow,1,EffectType.MovementImpairing
GE_SG_WaterElemental_CastedAoeProjectile_Slow,2,EffectType.Debuff
GE_SG_WaterElemental_CastedAoeProjectile_Slow,3,EffectType.Harmful
GE_SG_WaterElemental_CastedRangedProjectile_AoeDamage,0,EffectType.Harmful
GE_SG_WaterElemental_CastedRangedProjectile_AoeDamage,1,EffectType.Magic.Water
GE_SG_WaterElemental_CastedRangedProjectile_Damage,0,EffectType.Harmful
GE_SG_WaterElemental_CastedRangedProjectile_Damage,1,EffectType.Magic.Water
GE_SG_WaterElemental_CastedSingleTargetHeal_Heal,0,EffectType.Beneficial
GE_SG_WaterElemental_CastedSingleTargetHeal_Heal,1,EffectLogic.RemoveOnDeath
GE_SG_WaterElemental_CastedSingleTargetHeal_Heal,2,EffectType.Magic.Water
GE_SG_WaterElemental_CastedSingleTargetHeal_Heal,3,EffectType.Healing
GE_SG_WaterElemental_MeleeAutoAttack_Damage,0,EffectType.Physical
GE_SG_WaterElemental_MeleeAutoAttack_Damage,1,EffectType.Harmful
GE_SG_Wisp_MeleeAutoAttack_Damage,0,EffectType.Harmful
GE_SG_Wisp_MeleeAutoAttack_Damage,1,EffectType.Physical
GE_SG_Wisp_OnDeathAoe_Damage,0,EffectType.Harmful
GE_SG_Wisp_OnDeathAoe_Damage,1,EffectType.Physical
GE_SG_Wisp_SaveSelf,0,EffectLogic.AlwaysApply
GE_SG_Wisp_SaveSelf,1,EffectType.Beneficial
GE_SG_Wisp_SingelTargetAttackAndMoveBack_Damage,0,EffectType.Harmful
GE_SG_Wisp_SingelTargetAttackAndMoveBack_Damage,1,EffectType.Physical
GE_SH_BossSpider_AOEDotAndBuff_Buff,0,EffectType.Magic.Nature
GE_SH_BossSpider_AOEDotAndBuff_Buff,1,EffectVisualization.Icon
GE_SH_BossSpider_AOEDotAndBuff_Buff,2,EffectType.Buff
GE_SH_BossSpider_AOEDotAndBuff_Buff,3,EffectType.Beneficial
GE_SH_BossSpider_AOEDotAndBuff_Buff,4,EffectLogic.RemoveOnDeath
GE_SH_BossSpider_AOEDotAndBuff_Dot,0,EffectType.Debuff
GE_SH_BossSpider_AOEDotAndBuff_Dot,1,EffectType.Dot
GE_SH_BossSpider_AOEDotAndBuff_Dot,2,EffectType.Magic.Nature
GE_SH_BossSpider_AOEDotAndBuff_Dot,3,EffectVisualization.Icon
GE_SH_BossSpider_AOEDotAndBuff_Dot,4,EffectType.Harmful
GE_SH_BossSpider_AOEDotAndBuff_Dot,5,EffectLogic.RemoveOnDeath
GE_SH_BossSpider_AOEDotAndBuff_Slow,0,EffectType.Debuff
GE_SH_BossSpider_AOEDotAndBuff_Slow,1,EffectType.Magic.Nature
GE_SH_BossSpider_AOEDotAndBuff_Slow,2,EffectType.MovementImpairing
GE_SH_BossSpider_AOEDotAndBuff_Slow,3,EffectLogic.RemoveOnDeath
GE_SH_BossSpider_AOEDotAndBuff_Slow,4,EffectType.Harmful
GE_SH_BossSpider_MeleeAutoAttack_Damage,0,EffectType.Harmful
GE_SH_BossSpider_MeleeAutoAttack_Damage,1,EffectType.Physical
GE_SH_BossSpider_SpawnAdds_ReducedMaxHealth,0,EffectLogic.NotDispellable
GE_SH_BossSpider_SpawnAdds_ReducedMaxHealth,1,EffectType.Debuff
GE_SH_BossSpider_SpawnAdds_ReducedMaxHealth,2,EffectType.Harmful
GE_SH_BossSpider_SpecialFallDamage,0,EffectType.Beneficial
GE_SH_BossSpider_SpecialFallDamage_Damage,0,EffectType.Physical
GE_SH_BossSpider_SpecialFallDamage_Damage,1,EffectType.Harmful
GE_SH_BossSpider_SpecialFallDamage_Damage,2,EffectType.Environmental
GE_SH_BossSpider_SpecialFallDamage_Immobilize,0,EffectType.Physical
GE_SH_BossSpider_SpecialFallDamage_Immobilize,1,EffectType.CrowdControl
GE_SH_BossSpider_SpecialFallDamage_Immobilize,2,EffectType.MovementImpairing
GE_SH_BossSpider_SpecialFallDamage_Immobilize,3,EffectType.Debuff
GE_SH_BossSpider_SpecialFallDamage_Immobilize,4,EffectType.Harmful
GE_SH_BossSpider_SpecialFallDamage_Immobilize,5,EffectVisualization.Icon
GE_SH_BossSpider_Swarm_Dot,0,EffectType.Debuff
GE_SH_BossSpider_Swarm_Dot,1,EffectType.Harmful
GE_SH_BossSpider_Swarm_Dot,2,EffectType.Dot
GE_SH_BossSpider_Swarm_Dot,3,EffectType.Physical
GE_SH_BossSpider_Swarm_Dot,4,EffectVisualization.Icon
GE_SH_BossSpider_Swarm_Dot,5,EffectLogic.RemoveOnDeath
GE_SH_BossSpider_Swarm_Dot_Linger,0,EffectType.Debuff
GE_SH_BossSpider_Swarm_Dot_Linger,1,EffectType.Harmful
GE_SH_BossSpider_Swarm_Dot_Linger,2,EffectType.Dot
GE_SH_BossSpider_Swarm_Dot_Linger,3,EffectVisualization.Icon
GE_SH_BossSpider_Swarm_Dot_Linger,4,EffectLogic.RemoveOnDeath
GE_SH_BossSpider_Swarm_Dot_Linger,5,EffectType.Magic.Poison
GE_SH_BossSpider_Swarm_Dot_Linger,6,EffectLogic.NotDispellable
GE_SH_BossSpider_TankSlam_Damage,0,EffectType.Physical
GE_SH_BossSpider_TankSlam_Damage,1,EffectType.Harmful
GE_SH_BossSpider_TetherAttack_Damage,0,EffectType.Harmful
GE_SH_BossSpider_TetherAttack_Damage,1,EffectType.Physical
GE_SH_BossSpider_Tether_CountDownToPull,0,EffectType.Debuff
GE_SH_BossSpider_Tether_CountDownToPull,1,EffectType.Harmful
GE_SH_BossSpider_Tether_CountDownToPull,2,EffectType.Stun
GE_SH_BossSpider_Tether_CountDownToPull,3,EffectType.CrowdControl
GE_SH_BossSpider_Tether_CountDownToPull,4,EffectVisualization.Icon
GE_SH_BossSpider_Tether_CountDownToPull,5,EffectLogic.RemoveOnDeath
GE_SH_BossSpider_Tether_Stun,0,EffectType.Debuff
GE_SH_BossSpider_Tether_Stun,1,EffectType.Harmful
GE_SH_BossSpider_Tether_Stun,2,EffectType.Stun
GE_SH_BossSpider_Tether_Stun,3,EffectType.CrowdControl
GE_SH_BossSpider_Tether_Stun,4,EffectVisualization.Icon
GE_SH_BossSpider_Tether_Stun,5,EffectLogic.RemoveOnDeath
GE_SH_BossSpider_VenomSpray_Damage,0,EffectType.Harmful
GE_SH_BossSpider_VenomSpray_Damage,1,EffectType.Magic.Poison
GE_SH_CarrionHorror_ExplodeCorpse_Damage,0,EffectType.Harmful
GE_SH_CarrionHorror_ExplodeCorpse_Damage,1,EffectType.Magic.Nature
GE_SH_CarrionHorror_ExplodeCorpse_Dot,0,EffectType.Debuff
GE_SH_CarrionHorror_ExplodeCorpse_Dot,1,EffectType.Harmful
GE_SH_CarrionHorror_ExplodeCorpse_Dot,2,EffectType.Dot
GE_SH_CarrionHorror_ExplodeCorpse_Dot,3,EffectVisualization.Icon
GE_SH_CarrionHorror_ExplodeCorpse_Dot,4,EffectLogic.RemoveOnDeath
GE_SH_CarrionHorror_ExplodeCorpse_Dot,5,EffectType.Magic.Poison
GE_SH_CarrionHorror_ExplodeCorpse_Dot,6,EffectLogic.NotDispellable
GE_SH_CarrionHorror_ExplodeCorpse_Dot,7,EffectVisualization.IconOnPartyUnitFrame
GE_SH_CarrionHorror_MeleeAutoAttack_Damage,0,EffectType.Harmful
GE_SH_CarrionHorror_MeleeAutoAttack_Damage,1,EffectType.Physical
GE_SH_Eggbearer_MeleeAutoAttack_Damage,0,EffectType.Harmful
GE_SH_Eggbearer_MeleeAutoAttack_Damage,1,EffectType.Physical
GE_SH_GravesnareKidnapper_ConeAoeProjectiles_Damage,0,EffectType.Harmful
GE_SH_GravesnareKidnapper_ConeAoeProjectiles_Damage,1,EffectType.Physical
GE_SH_GravesnareKidnapper_ConeAoeProjectiles_Dot,0,EffectType.Debuff
GE_SH_GravesnareKidnapper_ConeAoeProjectiles_Dot,1,EffectType.Dot
GE_SH_GravesnareKidnapper_ConeAoeProjectiles_Dot,2,EffectType.Harmful
GE_SH_GravesnareKidnapper_ConeAoeProjectiles_Dot,3,EffectLogic.RemoveOnDeath
GE_SH_GravesnareKidnapper_ConeAoeProjectiles_Dot,4,EffectType.Magic.Poison
GE_SH_GravesnareKidnapper_ConeAoeProjectiles_Dot,5,EffectLogic.NotDispellable
GE_SH_GravesnareKidnapper_ConeAoeProjectiles_Slow,0,EffectType.Debuff
GE_SH_GravesnareKidnapper_ConeAoeProjectiles_Slow,1,EffectType.MovementImpairing
GE_SH_GravesnareKidnapper_ConeAoeProjectiles_Slow,2,EffectLogic.RemoveOnDeath
GE_SH_GravesnareKidnapper_ConeAoeProjectiles_Slow,3,EffectType.Harmful
GE_SH_GravesnareKidnapper_ConeAoeProjectiles_Slow,4,EffectType.Magic.Poison
GE_SH_GravesnareKidnapper_ConeAoeProjectiles_Slow,5,EffectVisualization.Icon
GE_SH_GravesnareKidnapper_ConeAoeProjectiles_Slow,6,EffectLogic.NotDispellable
GE_SH_GravesnareKidnapper_KidnapBite_Damage,0,EffectType.Harmful
GE_SH_GravesnareKidnapper_KidnapBite_Damage,1,EffectType.Physical
GE_SH_GravesnareKidnapper_KidnapBite_Heal,0,EffectType.Beneficial
GE_SH_GravesnareKidnapper_KidnapBite_Heal,1,EffectType.Magic.Nature
GE_SH_GravesnareKidnapper_KidnapBite_Heal,2,EffectType.Healing
GE_SH_GravesnareKidnapper_KidnapBite_Stun,0,EffectType.Harmful
GE_SH_GravesnareKidnapper_KidnapBite_Stun,1,EffectType.Stun
GE_SH_GravesnareKidnapper_KidnapBite_Stun,2,EffectType.Debuff
GE_SH_GravesnareKidnapper_KidnapBite_Stun,3,EffectType.Physical
GE_SH_GravesnareKidnapper_KidnapBite_Stun,4,EffectVisualization.Icon
GE_SH_GravesnareKidnapper_KidnapBite_Stun,5,EffectLogic.RemoveOnDeath
GE_SH_GravesnareKidnapper_MeleeAutoAttack_Damage,0,EffectType.Harmful
GE_SH_GravesnareKidnapper_MeleeAutoAttack_Damage,1,EffectType.Physical
GE_SH_GravesnareKidnapper_SlowCone_Damage,0,EffectType.Harmful
GE_SH_GravesnareKidnapper_SlowCone_Damage,1,EffectType.Magic.Nature
GE_SH_GravesnareKidnapper_SlowCone_Slow,0,EffectType.Debuff
GE_SH_GravesnareKidnapper_SlowCone_Slow,1,EffectType.Harmful
GE_SH_GravesnareKidnapper_SlowCone_Slow,2,EffectType.Magic.Nature
GE_SH_GravesnareKidnapper_SlowCone_Slow,3,EffectType.MovementImpairing
GE_SH_GravesnareKidnapper_SlowCone_Slow,4,EffectVisualization.Icon
GE_SH_GravesnareKidnapper_SlowCone_Slow,5,EffectLogic.RemoveOnDeath
GE_SH_RotheartRecluse_DotProjectile_DotDamage,0,EffectType.Debuff
GE_SH_RotheartRecluse_DotProjectile_DotDamage,1,EffectType.Dot
GE_SH_RotheartRecluse_DotProjectile_DotDamage,2,EffectType.Harmful
GE_SH_RotheartRecluse_DotProjectile_DotDamage,3,EffectType.Magic.Nature
GE_SH_RotheartRecluse_DotProjectile_DotDamage,4,EffectVisualization.Icon
GE_SH_RotheartRecluse_DotProjectile_DotDamage,5,EffectLogic.RemoveOnDeath
GE_SH_RotheartRecluse_DotProjectile_EndDamage,0,EffectType.Harmful
GE_SH_RotheartRecluse_DotProjectile_EndDamage,1,EffectType.Magic.Nature
GE_SH_RotheartRecluse_DotProjectile_Slow,0,EffectType.Debuff
GE_SH_RotheartRecluse_DotProjectile_Slow,1,EffectType.Harmful
GE_SH_RotheartRecluse_DotProjectile_Slow,2,EffectType.Magic.Nature
GE_SH_RotheartRecluse_DotProjectile_Slow,3,EffectType.MovementImpairing
GE_SH_RotheartRecluse_DotProjectile_Slow,4,EffectLogic.RemoveOnDeath
GE_SH_RotheartRecluse_MeleeAutoAttack_Damage,0,EffectType.Harmful
GE_SH_RotheartRecluse_MeleeAutoAttack_Damage,1,EffectType.Physical
GE_SH_RotheartRecluse_MeleeDot,0,EffectType.Debuff
GE_SH_RotheartRecluse_MeleeDot,1,EffectType.Harmful
GE_SH_RotheartRecluse_MeleeDot,2,EffectType.Magic.Nature
GE_SH_RotheartRecluse_MeleeDot,3,EffectType.Dot
GE_SH_RotheartRecluse_MeleeDot,4,EffectVisualization.Icon
GE_SH_RotheartRecluse_MeleeDot,5,EffectLogic.RemoveOnDeath
GE_SH_Spiderling_Leap_Damage,0,EffectType.Harmful
GE_SH_Spiderling_Leap_Damage,1,EffectType.Physical
GE_SH_Spiderling_MeleeAutoAttack_Damage,0,EffectType.Harmful
GE_SH_Spiderling_MeleeAutoAttack_Damage,1,EffectType.Physical
GE_SH_Venomdrinker_CastProjectile_Damage,0,EffectType.Harmful
GE_SH_Venomdrinker_CastProjectile_Damage,1,EffectType.Magic.Poison
GE_SH_Venomdrinker_CastSlowHomingProjectile_Damage,0,EffectType.Harmful
GE_SH_Venomdrinker_CastSlowHomingProjectile_Damage,1,EffectType.Magic.Poison
GE_SH_Venomdrinker_CastSlowHomingProjectile_Immune,0,EffectType.Beneficial
GE_SH_Venomdrinker_CastSlowHomingProjectile_Immune,1,EffectLogic.NotDispellable
GE_SH_Venomdrinker_CastSlowHomingProjectile_Targeted,0,EffectType.Beneficial
GE_SH_Venomdrinker_CastSlowHomingProjectile_Targeted,1,EffectLogic.NotDispellable
GE_SH_Venomdrinker_CastSlowHomingProjectile_Targeted,2,EffectLogic.RemoveOnDeath
GE_SH_Venomdrinker_CastSlowHomingProjectile_Targeted,3,EffectLogic.RemoveOnSourceDeath
GE_SH_Venomdrinker_CastSlowHomingProjectile_Targeted,4,EffectLogic.RemoveOnSourceFellowshipReset
GE_SH_Venomdrinker_Dot,0,EffectType.Harmful
GE_SH_Venomdrinker_Dot,1,EffectType.Debuff
GE_SH_Venomdrinker_Dot,2,EffectType.Magic.Nature
GE_SH_Venomdrinker_Dot,3,EffectVisualization.Icon
GE_SH_Venomdrinker_Dot,4,EffectLogic.RemoveOnDeath
GE_SH_Venomdrinker_HealingReduction,0,EffectType.Harmful
GE_SH_Venomdrinker_HealingReduction,1,EffectType.Debuff
GE_SH_Venomdrinker_HealingReduction,2,EffectType.Magic.Nature
GE_SH_Venomdrinker_HealingReduction,3,EffectLogic.RemoveOnDeath
GE_SH_Venomdrinker_MeleeAutoAttack_Damage,0,EffectType.Harmful
GE_SH_Venomdrinker_MeleeAutoAttack_Damage,1,EffectType.Physical
GE_SH_Venomdrinker_Tornado_Damage,0,EffectType.Harmful
GE_SH_Venomdrinker_Tornado_Damage,1,EffectType.Magic.Nature
GE_SH_Venomdrinker_Tornado_Immune,0,EffectType.Beneficial
GE_SH_Venomdrinker_Tornado_Immune,1,EffectLogic.NotDispellable
GE_SP_BossMarcass_BloodRain_Buff,0,EffectType.Beneficial
GE_SP_BossMarcass_BloodRain_Buff,1,EffectType.Buff
GE_SP_BossMarcass_BloodRain_Buff,2,EffectType.Magic.Blood
GE_SP_BossMarcass_BloodRain_Buff,3,EffectVisualization.Icon
GE_SP_BossMarcass_BloodRain_VolatileDamage,0,EffectType.Harmful
GE_SP_BossMarcass_BloodRain_VolatileDamage,1,EffectType.Magic.Blood
GE_SP_BossMarcass_ChanneledPulsingDamage_Absorb,0,EffectType.Absorption
GE_SP_BossMarcass_ChanneledPulsingDamage_Absorb,1,EffectType.Buff
GE_SP_BossMarcass_ChanneledPulsingDamage_Absorb,2,EffectType.Beneficial
GE_SP_BossMarcass_ChanneledPulsingDamage_Absorb,3,EffectType.Magic
GE_SP_BossMarcass_ChanneledPulsingDamage_Absorb,4,EffectLogic.NotDispellable
GE_SP_BossMarcass_ChanneledPulsingDamage_Absorb,5,EffectVisualization.Icon
GE_SP_BossMarcass_ChanneledPulsingDamage_Damage,0,EffectType.Harmful
GE_SP_BossMarcass_ChanneledPulsingDamage_Damage,1,EffectType.Magic
GE_SP_BossMarcass_MeleeAutoAttack_Damage,0,EffectType.Physical
GE_SP_BossMarcass_MeleeAutoAttack_Damage,1,EffectType.Harmful
GE_SP_BossMarcass_MultiCone_Damage,0,EffectType.Harmful
GE_SP_BossMarcass_MultiCone_Damage,1,EffectType.Physical
GE_SP_BossMarcass_PairUp_BreakDamage,0,EffectType.Harmful
GE_SP_BossMarcass_PairUp_BreakDamage,1,EffectType.Magic.Blood
GE_SP_BossMarcass_PairUp_Debuff_Dot,0,EffectType.Debuff
GE_SP_BossMarcass_PairUp_Debuff_Dot,1,EffectType.Harmful
GE_SP_BossMarcass_PairUp_Debuff_Dot,2,EffectType.Dot
GE_SP_BossMarcass_PairUp_Debuff_Dot,3,EffectLogic.NotDispellable
GE_SP_BossMarcass_PairUp_Debuff_Dot,4,EffectType.Magic.Blood
GE_SP_BossMarcass_PairUp_Debuff_Dot,5,EffectLogic.RemoveOnDeath
GE_SP_BossMarcass_PairUp_Debuff_Icon,0,EffectType.Debuff
GE_SP_BossMarcass_PairUp_Debuff_Icon,1,EffectType.Harmful
GE_SP_BossMarcass_PairUp_Debuff_Icon,2,EffectVisualization.Icon
GE_SP_BossMarcass_PairUp_Debuff_Icon,3,EffectLogic.NotDispellable
GE_SP_BossMarcass_PairUp_Debuff_Icon,4,EffectType.Magic.Blood
GE_SP_BossMarcass_PairUp_Debuff_Icon,5,EffectLogic.RemoveOnDeath
GE_SP_BossMarcass_PairUp_Stun,0,EffectType.Debuff
GE_SP_BossMarcass_PairUp_Stun,1,EffectType.Harmful
GE_SP_BossMarcass_PairUp_Stun,2,EffectType.Stun
GE_SP_BossMarcass_PairUp_Stun,3,EffectType.Magic.Blood
GE_SP_BossMarcass_PairUp_Stun,4,EffectVisualization.Icon
GE_SP_BossMarcass_Stampede_Bleed,0,EffectType.Debuff
GE_SP_BossMarcass_Stampede_Bleed,1,EffectType.Dot
GE_SP_BossMarcass_Stampede_Bleed,2,EffectType.Harmful
GE_SP_BossMarcass_Stampede_Bleed,3,EffectType.Physical.Bleed
GE_SP_BossMarcass_Stampede_Bleed,4,EffectVisualization.Icon
GE_SP_BossMarcass_Stampede_Bleed,5,EffectLogic.RemoveOnDeath
GE_SP_BossMarcass_TankBuster_Damage,0,EffectType.Physical
GE_SP_BossMarcass_TankBuster_Damage,1,EffectType.Harmful
GE_SP_BossMarcass_TankBuster_Damage,2,CustomAssetTags.SP.BossMarcass.TankBuster.Damage
GE_SP_BossMarcass_TankBuster_DamageIncreaseDebuff,0,EffectType.Debuff
GE_SP_BossMarcass_TankBuster_DamageIncreaseDebuff,1,EffectType.Magic
GE_SP_BossMarcass_TankBuster_DamageIncreaseDebuff,2,EffectLogic.RemoveOnDeath
GE_SP_BossMarcass_TankBuster_DamageIncreaseDebuff,3,EffectType.Harmful
GE_SP_BossMarcass_TankBuster_DamageIncreaseDebuff,4,EffectVisualization.Icon
GE_SP_FrostWolf_Bite_Damage,0,EffectType.Harmful
GE_SP_FrostWolf_Bite_Damage,1,EffectType.Physical
GE_SP_FrostWolf_Bite_Debuff,0,EffectType.Harmful
GE_SP_FrostWolf_Bite_Debuff,1,EffectType.Physical
GE_SP_FrostWolf_Bite_Debuff,2,EffectType.Debuff
GE_SP_FrostWolf_Bite_Debuff,3,EffectLogic.RemoveOnDeath
GE_SP_FrostWolf_Bite_Dot,0,EffectType.Harmful
GE_SP_FrostWolf_Bite_Dot,1,EffectType.Dot
GE_SP_FrostWolf_Bite_Dot,2,EffectType.Debuff
GE_SP_FrostWolf_Bite_Dot,3,EffectVisualization.Icon
GE_SP_FrostWolf_Bite_Dot,4,EffectType.Physical.Bleed
GE_SP_FrostWolf_Bite_Dot,5,EffectLogic.RemoveOnDeath
GE_SP_FrostWolf_MeleeAutoAttack_Damage,0,EffectType.Physical
GE_SP_FrostWolf_MeleeAutoAttack_Damage,1,EffectType.Harmful
GE_SP_FrostWolf_Pursuit_Damage,0,EffectType.Harmful
GE_SP_FrostWolf_Pursuit_Damage,1,EffectType.Physical
GE_SP_FrostWolf_Pursuit_SelfSlow,0,EffectLogic.System
GE_SP_FrostWolf_Pursuit_SelfSlow,1,EffectLogic.RemoveOnDeath
GE_SP_FrostWolf_Pursuit_SelfSlow,2,EffectLogic.AlwaysApply
GE_SP_FrostWolf_Pursuit_SelfSlow,3,EffectType.MovementImpairing
GE_SP_FrostWolf_Pursuit_SelfSlow,4,EffectType.Harmful
GE_SP_FrostWolf_Pursuit_Stun,0,EffectType.Debuff
GE_SP_FrostWolf_Pursuit_Stun,1,EffectType.Harmful
GE_SP_FrostWolf_Pursuit_Stun,2,EffectType.Stun
GE_SP_FrostWolf_Pursuit_Stun,3,EffectType.Magic.Blood
GE_SP_FrostWolf_Pursuit_Stun,4,EffectVisualization.Icon
GE_SP_FrostWolf_Pursuit_Stun,5,EffectLogic.RemoveOnDeath
GE_SP_FrostWolf_Pursuit_Target,0,EffectType.Debuff
GE_SP_FrostWolf_Pursuit_Target,1,EffectType.Physical
GE_SP_FrostWolf_Pursuit_Target,2,EffectLogic.NotDispellable
GE_SP_FrostWolf_Pursuit_Target,3,EffectVisualization.Icon
GE_SP_FrostWolf_Pursuit_Target,4,EffectType.Harmful
GE_SP_PolarBear_MeleeAutoAttack_Damage,0,EffectType.Physical
GE_SP_PolarBear_MeleeAutoAttack_Damage,1,EffectType.Harmful
GE_SP_PolarBear_Stomp_Damage,0,EffectType.Harmful
GE_SP_PolarBear_Stomp_Damage,1,EffectType.Magic.Frost
GE_SP_PolarBear_Stomp_Immobilize,0,EffectType.Debuff
GE_SP_PolarBear_Stomp_Immobilize,1,EffectType.Harmful
GE_SP_PolarBear_Stomp_Immobilize,2,EffectType.CrowdControl
GE_SP_PolarBear_Stomp_Immobilize,3,EffectVisualization.Icon
GE_SP_PolarBear_Stomp_Immobilize,4,EffectType.Magic.Frost
GE_SP_PolarBear_Tornadoes_Damage,0,EffectType.Harmful
GE_SP_PolarBear_Tornadoes_Damage,1,EffectType.Magic.Frost
GE_SP_PolarBear_Tornadoes_ImmuneToTornado,0,EffectLogic.NotDispellable
GE_SP_PolarBear_Tornadoes_ImmuneToTornado,1,EffectType.Beneficial
GE_SP_PolarBear_Tornadoes_Slow,0,EffectType.Debuff
GE_SP_PolarBear_Tornadoes_Slow,1,EffectType.Harmful
GE_SP_PolarBear_Tornadoes_Slow,2,EffectType.Magic.Frost
GE_SP_PolarBear_Tornadoes_Slow,3,EffectType.MovementImpairing
GE_SP_PolarBear_Tornadoes_Slow,4,EffectVisualization.Icon
GE_SP_PolarBear_Tornadoes_Slow,5,EffectLogic.RemoveOnDeath
GE_ST_BigBloodElemental_ChannelBeam_Damage,0,EffectType.Harmful
GE_ST_BigBloodElemental_ChannelBeam_Damage,1,EffectType.Magic.Blood
GE_ST_BigBloodElemental_ChannelBeam_Debuff,0,EffectType.Harmful
GE_ST_BigBloodElemental_ChannelBeam_Debuff,1,EffectType.Magic.Blood
GE_ST_BigBloodElemental_ChannelBeam_Debuff,2,EffectLogic.NotDispellable
GE_ST_BigBloodElemental_ChannelBeam_Debuff,3,EffectVisualization.Icon
GE_ST_BigBloodElemental_ChannelBeam_Debuff,4,EffectLogic.RemoveOnDeath
GE_ST_BigBloodElemental_Dot,0,EffectType.Dot
GE_ST_BigBloodElemental_Dot,1,EffectType.Debuff
GE_ST_BigBloodElemental_Dot,2,EffectType.Harmful
GE_ST_BigBloodElemental_Dot,3,EffectType.Magic.Blood
GE_ST_BigBloodElemental_Dot,4,EffectVisualization.Icon
GE_ST_BigBloodElemental_Dot,5,EffectLogic.NotDispellable
GE_ST_BigBloodElemental_Dot,6,EffectLogic.RemoveOnDeath
GE_ST_BigBloodElemental_MeleeAutoAttack_Damage,0,EffectType.Physical
GE_ST_BigBloodElemental_MeleeAutoAttack_Damage,1,EffectType.Harmful
GE_ST_BloodBrute_AutoAttack_Damage,0,EffectType.Physical
GE_ST_BloodBrute_AutoAttack_Damage,1,EffectType.Harmful
GE_ST_BloodBrute_BloodSpikes_Damage,0,EffectType.Harmful
GE_ST_BloodBrute_BloodSpikes_Damage,1,EffectType.Magic.Frost
GE_ST_BloodBrute_ChargeSoak_Damage,0,EffectType.Harmful
GE_ST_BloodBrute_ChargeSoak_Damage,1,EffectType.Physical
GE_ST_BloodBrute_TankSlamAoe_Damage,0,EffectType.Physical
GE_ST_BloodBrute_TankSlamAoe_Damage,1,EffectType.Harmful
GE_ST_BloodBrute_TankSlamAoe_Damage,2,EffectLogic.HolyTrinityNerf.IgnoreAoeIncomingDamageMultiplier
GE_ST_BloodBrute_TankSlam_Damage,0,EffectType.Physical
GE_ST_BloodBrute_TankSlam_Damage,1,EffectType.Harmful
GE_ST_BloodBrute_TankSlam_IncreaseDamageTakenDebuff,0,Effect.Debuff
GE_ST_BloodBrute_TankSlam_IncreaseDamageTakenDebuff,1,EffectType.Debuff
GE_ST_BloodBrute_TankSlam_IncreaseDamageTakenDebuff,2,GameplayEffect.RemoveOnDeath
GE_ST_BloodBrute_TankSlam_IncreaseDamageTakenDebuff,3,EffectLogic.RemoveOnDeath
GE_ST_BloodCreationBig_AutoAttack_Damage,0,EffectType.Physical
GE_ST_BloodCreationBig_AutoAttack_Damage,1,EffectType.Harmful
GE_ST_BloodCreationBig_OnDeathAoe_Damage,0,EffectType.Harmful
GE_ST_BloodCreationBig_OnDeathAoe_Damage,1,EffectType.Physical
GE_ST_BloodCreationBig_SaveSelf,0,EffectLogic.AlwaysApply
GE_ST_BloodCreationBig_SaveSelf,1,EffectType.Beneficial
GE_ST_BloodCreationBig_SaveSelf,2,CharacterStatus.IgnoreMoveInput
GE_ST_BloodCreation_AutoAttack_Damage,0,EffectType.Physical
GE_ST_BloodCreation_AutoAttack_Damage,1,EffectType.Harmful
GE_ST_BloodCreation_OnDeathAoe_Damage,0,EffectType.Harmful
GE_ST_BloodCreation_OnDeathAoe_Damage,1,EffectType.Physical
GE_ST_BloodCreation_SaveSelf,0,EffectLogic.AlwaysApply
GE_ST_BloodCreation_SaveSelf,1,EffectType.Beneficial
GE_ST_BloodCreation_SaveSelf,2,CharacterStatus.IgnoreMoveInput
GE_ST_BloodOrb_BuffBoss_Buff,0,EffectType.Buff
GE_ST_BloodOrb_BuffBoss_Buff,1,EffectType.Beneficial
GE_ST_BloodOrb_BuffBoss_Buff,2,EffectType.Magic.Blood
GE_ST_BloodOrb_BuffBoss_Buff,3,EffectLogic.NotDispellable
GE_ST_BloodOrb_BuffBoss_Buff,4,EffectLogic.RemoveOnDeath
GE_ST_BloodOrb_BuffBoss_Buff,5,EffectVisualization.Icon
GE_ST_BloodOrb_BuffBoss_Heal,0,EffectType.Beneficial
GE_ST_BloodOrb_BuffBoss_Heal,1,EffectType.Healing
GE_ST_BloodOrb_BuffBoss_Heal,2,EffectType.Magic.Blood
GE_ST_BloodOrb_SharedHealth_Damage,0,EffectType.Harmful
GE_ST_BloodOrb_SharedHealth_Damage,1,EffectLogic.IgnoreDamageReflect
GE_ST_BloodOrb_SharedHealth_Damage,2,EffectType.Magic
GE_ST_BossArbiterIllusion_CastBeam_AoeDamage,0,EffectType.Harmful
GE_ST_BossArbiterIllusion_CastBeam_AoeDamage,1,EffectType.Magic.Shadow
GE_ST_BossArbiterIllusion_CastBeam_Dot,0,EffectType.Dot
GE_ST_BossArbiterIllusion_CastBeam_Dot,1,EffectType.Debuff
GE_ST_BossArbiterIllusion_CastBeam_Dot,2,EffectType.Harmful
GE_ST_BossArbiterIllusion_CastBeam_Dot,3,EffectType.Magic.Blood
GE_ST_BossArbiterIllusion_CastBeam_Dot,4,EffectLogic.RemoveOnDeath
GE_ST_BossArbiterIllusion_CastBeam_Dot,5,EffectVisualization.Icon
GE_ST_BossArbiterIllusion_CastBeam_TargetDamage,0,EffectType.Harmful
GE_ST_BossArbiterIllusion_CastBeam_TargetDamage,1,EffectType.Magic.Shadow
GE_ST_BossArbiterIllusion_Damage,0,EffectType.Harmful
GE_ST_BossArbiterIllusion_Damage,1,EffectType.Magic.Blood
GE_ST_BossArbiterIllusion_Dot,0,EffectType.Harmful
GE_ST_BossArbiterIllusion_Dot,1,EffectType.Magic.Blood
GE_ST_BossArbiterIllusion_Dot,2,EffectType.Dot
GE_ST_BossArbiterIllusion_Dot,3,EffectVisualization.Icon
GE_ST_BossArbiterIllusion_Tick,0,EffectType.Harmful
GE_ST_BossArbiterIllusion_Tick,1,EffectType.Magic.Blood
GE_ST_BossArbiter_ArenaProjectiles_Damage,0,EffectType.Debuff
GE_ST_BossArbiter_ArenaProjectiles_Damage,1,EffectType.Harmful
GE_ST_BossArbiter_ArenaProjectiles_Damage,2,EffectType.Magic.Fire
GE_ST_BossArbiter_ArenaProjectiles_Damage,3,EffectLogic.NotDispellable
GE_ST_BossArbiter_ArenaProjectiles_Damage,4,EffectVisualization.Icon
GE_ST_BossArbiter_ArenaProjectiles_Dot,0,EffectType.Debuff
GE_ST_BossArbiter_ArenaProjectiles_Dot,1,EffectType.Harmful
GE_ST_BossArbiter_ArenaProjectiles_Dot,2,EffectType.Magic.Fire
GE_ST_BossArbiter_ArenaProjectiles_Dot,3,EffectLogic.NotDispellable
GE_ST_BossArbiter_ArenaProjectiles_Dot,4,EffectVisualization.Icon
GE_ST_BossArbiter_ArenaProjectiles_Dot,5,EffectLogic.RemoveOnDeath
GE_ST_BossArbiter_ChannelTruesighter_Damage,0,EffectType.Magic.Blood
GE_ST_BossArbiter_ChannelTruesighter_Damage,1,EffectType.Harmful
GE_ST_BossArbiter_ChannelTruesighter_Damage,2,EffectLogic.NotDispellable
GE_ST_BossArbiter_ChannelTruesighter_Damage,3,GameplayEffect.NotDispellable
GE_ST_BossArbiter_GiveTruesight_Buff2,0,EffectType.Magic.Blood
GE_ST_BossArbiter_GiveTruesight_Buff2,1,EffectType.Harmful
GE_ST_BossArbiter_GiveTruesight_Buff2,2,EffectLogic.RemoveOnDeath
GE_ST_BossArbiter_GiveTruesight_Buff2,3,EffectLogic.NotDispellable
GE_ST_BossArbiter_GiveTruesight_Buff2,4,GameplayEffect.NotDispellable
GE_ST_BossArbiter_GiveTruesight_Damage,0,EffectType.Magic.Blood
GE_ST_BossArbiter_GiveTruesight_Damage,1,EffectLogic.NotDispellable
GE_ST_BossArbiter_GiveTruesight_Damage,2,EffectType.Harmful
GE_ST_BossArbiter_GiveTruesight_Damage,3,EffectVisualization.Icon
GE_ST_BossArbiter_GiveTruesight_Damage,4,EffectLogic.RemoveOnDeath
GE_ST_BossArbiter_GiveTruesight_Damage,5,CustomAssetTags.ST.BossArbiter.GiveTruesight.Damage
GE_ST_BossArbiter_GiveTruesight_Exhaust,0,EffectType.Magic.Blood
GE_ST_BossArbiter_GiveTruesight_Exhaust,1,EffectLogic.NotDispellable
GE_ST_BossArbiter_GiveTruesight_Exhaust,2,EffectVisualization.Icon
GE_ST_BossArbiter_GiveTruesight_Exhaust,3,EffectType.Harmful
GE_ST_BossArbiter_GiveTruesight_Exhaust,4,EffectLogic.RemoveOnDeath
GE_ST_BossArbiter_GiveTruesight_Exhaust,5,EffectLogic.RemoveOnSourceDeath
GE_ST_BossArbiter_GiveTruesight_StackingDebuff,0,EffectType.Debuff
GE_ST_BossArbiter_GiveTruesight_StackingDebuff,1,EffectType.Harmful
GE_ST_BossArbiter_GiveTruesight_StackingDebuff,2,EffectType.Magic.Blood
GE_ST_BossArbiter_GiveTruesight_StackingDebuff,3,EffectLogic.NotDispellable
GE_ST_BossArbiter_GiveTruesight_StackingDebuff,4,EffectVisualization.Icon
GE_ST_BossArbiter_GiveTruesight_StackingDebuff,5,EffectLogic.RemoveOnDeath
GE_ST_BossArbiter_GiveTruesight_StackingDebuff_Linger,0,EffectType.Debuff
GE_ST_BossArbiter_GiveTruesight_StackingDebuff_Linger,1,EffectType.Harmful
GE_ST_BossArbiter_GiveTruesight_StackingDebuff_Linger,2,EffectType.Magic.Blood
GE_ST_BossArbiter_GiveTruesight_StackingDebuff_Linger,3,EffectLogic.NotDispellable
GE_ST_BossArbiter_GiveTruesight_StackingDebuff_Linger,4,EffectVisualization.Icon
GE_ST_BossArbiter_GiveTruesight_StackingDebuff_Linger,5,EffectLogic.RemoveOnDeath
GE_ST_BossArbiter_GiveTruesight_Truesight,0,EffectType.Magic.Blood
GE_ST_BossArbiter_GiveTruesight_Truesight,1,EffectLogic.NotDispellable
GE_ST_BossArbiter_GiveTruesight_Truesight,2,EffectVisualization.Icon
GE_ST_BossArbiter_GiveTruesight_Truesight,3,EffectType.Beneficial
GE_ST_BossArbiter_GiveTruesight_Truesight,4,EffectLogic.RemoveOnDeath
GE_ST_BossArbiter_LavaFloor_Damage,0,EffectType.Debuff
GE_ST_BossArbiter_LavaFloor_Damage,1,EffectType.Harmful
GE_ST_BossArbiter_LavaFloor_Damage,2,EffectType.Magic.Fire
GE_ST_BossArbiter_LavaFloor_Damage,3,EffectLogic.NotDispellable
GE_ST_BossArbiter_LavaFloor_Damage,4,EffectVisualization.Icon
GE_ST_BossArbiter_LavaFloor_Damage,5,CustomAssetTags.ST.BossArbiter.LavaFloor.FloorEffect
GE_ST_BossArbiter_MazeNuke_Damage,0,EffectType.Harmful
GE_ST_BossArbiter_MazeNuke_Damage,1,EffectType.Magic.Blood
GE_ST_BossArbiter_MazeNuke_Dot,0,EffectType.Debuff
GE_ST_BossArbiter_MazeNuke_Dot,1,EffectType.Harmful
GE_ST_BossArbiter_MazeNuke_Dot,2,EffectType.Magic.Blood
GE_ST_BossArbiter_MazeNuke_Dot,3,EffectVisualization.Icon
GE_ST_BossArbiter_MazeNuke_Dot,4,EffectLogic.RemoveOnDeath
GE_ST_BossArbiter_MazeNuke_Vanish,0,EffectType.Beneficial
GE_ST_BossArbiter_Maze_BlockSkills,0,EffectType.Buff
GE_ST_BossArbiter_Maze_BlockSkills,1,EffectType.Magic.Blood
GE_ST_BossArbiter_Maze_BlockSkills,2,EffectLogic.NotDispellable
GE_ST_BossArbiter_Maze_BlockSkills,3,EffectLogic.RemoveOnSourceDeath
GE_ST_BossArbiter_Maze_BlockSkills,4,EffectVisualization.Icon
GE_ST_BossArbiter_Maze_BlockSkills,5,EffectType.Harmful
GE_ST_BossArbiter_Maze_Debuff,0,EffectType.Harmful
GE_ST_BossArbiter_Maze_Debuff,1,EffectType.Magic.Blood
GE_ST_BossArbiter_Maze_Debuff,2,EffectType.Debuff
GE_ST_BossArbiter_Maze_Debuff,3,EffectVisualization.Icon
GE_ST_BossArbiter_Maze_Debuff,4,EffectLogic.NotDispellable
GE_ST_BossArbiter_Maze_Debuff,5,EffectLogic.RemoveOnDeath
GE_ST_BossArbiter_Maze_Explosion,0,EffectType.Harmful
GE_ST_BossArbiter_Maze_Explosion,1,EffectType.Magic.Blood
GE_ST_BossArbiter_Maze_Explosion,2,CustomAssetTags.ST.BossArbiter.LavaFloor.FloorEffect
GE_ST_BossArbiter_Maze_PlayerExplosion,0,EffectType.Harmful
GE_ST_BossArbiter_Maze_PlayerExplosion,1,EffectType.Magic.Blood
GE_ST_BossArbiter_Maze_Safe,0,EffectLogic.NotDispellable
GE_ST_BossArbiter_Maze_Safe,1,EffectLogic.RemoveOnDeath
GE_ST_BossArbiter_Maze_Safe,2,EffectVisualization.Icon
GE_ST_BossArbiter_Maze_Safe,3,EffectType.Magic
GE_ST_BossArbiter_Maze_Safe,4,EffectType.Debuff
GE_ST_BossArbiter_Maze_Safe,5,EffectType.Harmful
GE_ST_BossArbiter_Maze_SeeMaze,0,EffectType.Buff
GE_ST_BossArbiter_Maze_SeeMaze,1,EffectType.Beneficial
GE_ST_BossArbiter_Maze_SeeMaze,2,EffectType.Magic.Blood
GE_ST_BossArbiter_Maze_SeeMaze,3,EffectLogic.NotDispellable
GE_ST_BossArbiter_Maze_SeeMaze,4,EffectLogic.RemoveOnSourceDeath
GE_ST_BossArbiter_Maze_SeeMaze,5,EffectVisualization.Icon
GE_ST_BossArbiter_MeleeAutoAttack_Damage,0,EffectType.Physical
GE_ST_BossArbiter_MeleeAutoAttack_Damage,1,EffectType.Harmful
GE_ST_BossArbiter_PermanentTruesight_Buff,0,EffectType.Buff
GE_ST_BossArbiter_PermanentTruesight_Buff,1,EffectType.Beneficial
GE_ST_BossArbiter_PermanentTruesight_Buff,2,EffectType.Magic.Blood
GE_ST_BossArbiter_PermanentTruesight_Buff,3,EffectLogic.NotDispellable
GE_ST_BossArbiter_PermanentTruesight_Buff,4,EffectLogic.RemoveOnSourceDeath
GE_ST_BossArbiter_PermanentTruesight_Buff,5,EffectVisualization.Icon
GE_ST_BossArbiter_PermanentTruesight_Buff,6,EffectLogic.RemoveOnDeath
GE_ST_BossArbiter_RandomImpactsAoe_Damage,0,EffectType.Magic.Blood
GE_ST_BossArbiter_RandomImpactsAoe_Damage,1,EffectType.Harmful
GE_ST_BossArbiter_Runes_Fail,0,EffectType.Magic
GE_ST_BossArbiter_Runes_Fail,1,EffectVisualization.Icon
GE_ST_BossArbiter_Runes_Fail,2,EffectType.Dot
GE_ST_BossArbiter_Runes_Fail,3,EffectType.Debuff
GE_ST_BossArbiter_Runes_Fail,4,EffectType.Harmful
GE_ST_BossArbiter_Runes_Fail,5,EffectLogic.RemoveOnDeath
GE_ST_BossArbiter_Runes_SelfBuff,0,EffectType.Beneficial
GE_ST_BossArbiter_Runes_SelfBuff,1,EffectType.Buff
GE_ST_BossArbiter_Runes_SelfBuff,2,EffectType.Magic
GE_ST_BossArbiter_Runes_SelfBuff,3,EffectLogic.NotDispellable
GE_ST_BossArbiter_Runes_SelfBuff,4,EffectVisualization.Icon
GE_ST_BossArbiter_Runes_Success,0,EffectType.Buff
GE_ST_BossArbiter_Runes_Success,1,EffectType.Magic
GE_ST_BossArbiter_Runes_Success,2,EffectType.Beneficial
GE_ST_BossArbiter_Runes_Success,3,EffectVisualization.Icon
GE_ST_BossArbiter_Runes_Success,4,EffectLogic.RemoveOnDeath
GE_ST_BossArbiter_SingleEnemyEnrage_Buff,0,EffectType.Magic.Blood
GE_ST_BossArbiter_SingleEnemyEnrage_Buff,1,EffectType.Beneficial
GE_ST_BossArbiter_SingleEnemyEnrage_Buff,2,EffectType.Buff
GE_ST_BossArbiter_SingleEnemyEnrage_Buff,3,EffectLogic.RemoveOnDeath
GE_ST_BossArbiter_SingleEnemyEnrage_Buff,4,EffectLogic.RemoveOnSourceFellowshipReset
GE_ST_BossArbiter_SingleEnemyEnrage_Buff,5,EffectLogic.NotDispellable
GE_ST_BossArbiter_SingleEnemyEnrage_Buff,6,EffectVisualization.Icon
GE_ST_BossArbiter_TankSlam_Damage,0,EffectType.Physical
GE_ST_BossArbiter_TankSlam_Damage,1,EffectType.Harmful
GE_ST_BossArbiter_TankSlam_Damage,2,CustomAssetTags.ST.BossArbiter.TankSlam.Damage
GE_ST_BossArbiter_TankSlam_Debuff,0,EffectType.Physical
GE_ST_BossArbiter_TankSlam_Debuff,1,EffectType.Harmful
GE_ST_BossArbiter_TankSlam_Debuff,2,EffectType.Debuff
GE_ST_BossArbiter_TankSlam_Debuff,3,EffectVisualization.Icon
GE_ST_BossArbiter_TankSlam_Debuff,4,EffectLogic.RemoveOnDeath
GE_ST_BossArbiter_TankSlam_ShortenCooldown,0,EffectType.Beneficial
GE_ST_BossArbiter_TankSlam_ShortenCooldown,1,EffectLogic.NotDispellable
GE_ST_BossDefenseEye_AoePlacementDebuff_Duration,0,EffectLogic.RemoveOnDeath
GE_ST_BossDefenseEye_AoePlacementDebuff_Duration,1,EffectType.Harmful
GE_ST_BossDefenseEye_AoePlacementDebuff_Duration,2,EffectVisualization.Icon
GE_ST_BossDefenseEye_AoePlacementDebuff_Duration,3,EffectType.Magic.Blood
GE_ST_BossDefenseEye_AoePlacementDebuff_Duration,4,EffectLogic.RemoveOnSourceDeath
GE_ST_BossDefenseEye_AoePlacementDebuff_Stack,0,EffectLogic.RemoveOnDeath
GE_ST_BossDefenseEye_AoePlacementDebuff_Stack,1,EffectType.Harmful
GE_ST_BossDefenseEye_AoePlacementDebuff_Stack,2,EffectVisualization.Icon
GE_ST_BossDefenseEye_AoePlacementDebuff_Stack,3,EffectLogic.RemoveOnSourceFellowshipReset
GE_ST_BossDefenseEye_AoePlacementDebuff_Stack,4,EffectLogic.RemoveOnSourceDeath
GE_ST_BossDefenseEye_AoePlacementDebuff_Stack_Damage,0,EffectType.Harmful
GE_ST_BossDefenseEye_AoePlacementDebuff_Stack_Damage,1,EffectType.Magic.Blood
GE_ST_BossDefenseEye_ApplyDelayedAoePlacementDebuffToAll_ExplosionDamage,0,EffectType.Magic.Blood
GE_ST_BossDefenseEye_ApplyDelayedAoePlacementDebuffToAll_ExplosionDamage,1,EffectType.Harmful
GE_ST_BossDefenseEye_Beams_Increasing_Dammage,0,EffectType.Harmful
GE_ST_BossDefenseEye_Beams_Increasing_Dammage,1,EffectType.Magic.Blood
GE_ST_BossDefenseEye_Beams_SelfRemainingHealth_Dammage,0,EffectType.Harmful
GE_ST_BossDefenseEye_Beams_SelfRemainingHealth_Dammage,1,EffectType.Magic.Blood
GE_ST_BossDefenseEye_Immunity,0,Effect.Buff
GE_ST_BossDefenseEye_PlatformAoEDamage_SlowEffect,0,Effect.Debuff
GE_ST_BossDefenseEye_PlatformAoEDamage_SlowEffect,1,GameplayEffect.RemoveOnDeath
GE_ST_BossDefenseEye_PlatformAoEDamage_SlowEffect,2,EffectType.Debuff
GE_ST_BossDefenseEye_PlatformAoEDamage_SlowEffect,3,EffectLogic.RemoveOnDeath
GE_ST_BossDefenseEye_PlatformAoEDamage_SlowEffect,4,EffectType.Harmful
GE_ST_BossDefenseEye_RotatingCross_Damage,0,EffectLogic.RemoveOnDeath
GE_ST_BossDefenseEye_RotatingCross_Damage,1,EffectType.Dot
GE_ST_BossDefenseEye_RotatingCross_Damage,2,EffectType.Harmful
GE_ST_BossDefenseEye_RotatingCross_Damage,3,EffectLogic.NotDispellable
GE_ST_BossDefenseEye_RotatingCross_Damage,4,EffectType.Magic.Shadow
GE_ST_BossDefenseEye_RotatingCross_Hard_DamageOtherPlayers,0,EffectLogic.RemoveOnDeath
GE_ST_BossDefenseEye_RotatingCross_Hard_DamageOtherPlayers,1,EffectType.Harmful
GE_ST_BossDefenseEye_RotatingCross_Hard_DamageOtherPlayers,2,EffectLogic.NotDispellable
GE_ST_BossDefenseEye_RotatingCross_Hard_DamageOtherPlayers,3,EffectType.Magic.Shadow
GE_ST_BossDefenseEye_RotatingCross_Hard_IncreasingStacks_Debuff,0,EffectType.Harmful
GE_ST_BossDefenseEye_RotatingCross_Hard_IncreasingStacks_Debuff,1,EffectLogic.NotDispellable
GE_ST_BossDefenseEye_RotatingCross_Hard_IncreasingStacks_Debuff,2,EffectVisualization.Icon
GE_ST_BossDefenseEye_RotatingCross_Hard_IncreasingStacks_Debuff,3,EffectVisualization.IconOnPartyUnitFrame
GE_ST_BossDefenseEye_RotatingCross_Hard_IncreasingStacks_Debuff,4,EffectType.Magic
GE_ST_BossDefenseEye_SearchLight_AoeActor_SeenEffect,0,EffectLogic.NotDispellable
GE_ST_BossDefenseEye_SearchLight_AoeActor_SeenEffect,1,EffectLogic.RemoveOnDeath
GE_ST_BossDefenseEye_SearchLight_AoeActor_SeenEffect,2,EffectType.Harmful
GE_ST_BossDefenseEye_SearchLight_AoeActor_SeenEffect,3,EffectVisualization.Icon
GE_ST_BossDefenseEye_SearchLight_AoeActor_SeenEffect,4,EffectVisualization.IconOnPartyUnitFrame
GE_ST_BossDefenseEye_SearchLight_PlayerHasteBuff,0,EffectVisualization.Icon
GE_ST_BossDefenseEye_SearchLight_PlayerHasteBuff,1,EffectType.Beneficial
GE_ST_BossDefenseEye_SearchLight_PlayerHasteBuff,2,EffectLogic.RemoveOnDeath
GE_ST_BossDefenseEye_SearchLight_PlayerHasteBuff,3,EffectVisualization.IconOnPartyUnitFrame
GE_ST_BossDefenseEye_SearchLight_Pulse_Damage,0,EffectType.Harmful
GE_ST_BossDefenseEye_SearchLight_Pulse_Damage,1,EffectType.Magic.Blood
GE_ST_BossDefenseEye_SlowDotAoe_Dot,0,EffectType.Harmful
GE_ST_BossDefenseEye_SlowDotAoe_Dot,1,EffectType.Magic.Blood
GE_ST_BossDefenseEye_SlowDotAoe_Dot,2,EffectType.Dot
GE_ST_BossDefenseEye_SlowDotAoe_Dot,3,EffectLogic.RemoveOnDeath
GE_ST_BossDefenseEye_SlowDotAoe_Dot,4,EffectLogic.NotDispellable
GE_ST_BossDefenseEye_SlowDotAoe_SlowEffect,0,Effect.Debuff
GE_ST_BossDefenseEye_SlowDotAoe_SlowEffect,1,GameplayEffect.RemoveOnDeath
GE_ST_BossDefenseEye_SlowDotAoe_SlowEffect,2,EffectType.Debuff
GE_ST_BossDefenseEye_SlowDotAoe_SlowEffect,3,EffectLogic.RemoveOnDeath
GE_ST_BossDefenseEye_SlowDotAoe_SlowEffect,4,EffectType.Harmful
GE_ST_BossDefenseEye_SpawnAdds_Granted_OnDeathDamageBoss_Damage,0,EffectType.Harmful
GE_ST_BossDefenseEye_SpawnAdds_Granted_OnDeathDamageBoss_Damage,1,EffectType.Magic
GE_ST_BossGateKeeper_AuraHealingReduction,0,EffectType.Beneficial
GE_ST_BossGateKeeper_AuraHealingReduction,1,EffectType.Buff
GE_ST_BossGateKeeper_AuraHealingReduction,2,EffectVisualization.Icon
GE_ST_BossGateKeeper_AuraHealingReduction,3,CustomAssetTags.ST.BossGatekeeper.AuraEffect
GE_ST_BossGateKeeper_AuraHealingReduction,4,EffectLogic.RemoveOnDeath
GE_ST_BossGateKeeper_AuraHealingReduction_HealingReductionDebuff,0,EffectVisualization.Icon
GE_ST_BossGateKeeper_AuraHealingReduction_HealingReductionDebuff,1,EffectType.Debuff
GE_ST_BossGateKeeper_AuraHealingReduction_HealingReductionDebuff,2,EffectType.Harmful
GE_ST_BossGateKeeper_AuraHealingReduction_HealingReductionDebuff,3,EffectLogic.NotDispellable
GE_ST_BossGateKeeper_AuraProximityDamage,0,EffectType.Beneficial
GE_ST_BossGateKeeper_AuraProximityDamage,1,EffectType.Buff
GE_ST_BossGateKeeper_AuraProximityDamage,2,EffectVisualization.Icon
GE_ST_BossGateKeeper_AuraProximityDamage,3,CustomAssetTags.ST.BossGatekeeper.AuraEffect
GE_ST_BossGateKeeper_AuraProximityDamage,4,EffectLogic.RemoveOnDeath
GE_ST_BossGateKeeper_AuraProximityDamage_Damage,0,EffectType.Harmful
GE_ST_BossGateKeeper_AuraProximityDamage_Damage,1,EffectType.Magic.Blood
GE_ST_BossGateKeeper_AuraProximityDamage_Debuff,0,EffectType.Debuff
GE_ST_BossGateKeeper_AuraProximityDamage_Debuff,1,EffectType.Magic.Lightning
GE_ST_BossGateKeeper_AuraProximityDamage_Debuff,2,EffectType.Harmful
GE_ST_BossGateKeeper_AuraProximityDamage_Debuff,3,EffectLogic.NotDispellable
GE_ST_BossGateKeeper_AuraProximityDamage_Debuff,4,EffectVisualization.Icon
GE_ST_BossGateKeeper_AuraSlow,0,EffectType.Beneficial
GE_ST_BossGateKeeper_AuraSlow,1,EffectType.Buff
GE_ST_BossGateKeeper_AuraSlow,2,EffectVisualization.Icon
GE_ST_BossGateKeeper_AuraSlow,3,CustomAssetTags.ST.BossGatekeeper.AuraEffect
GE_ST_BossGateKeeper_AuraSlow,4,EffectLogic.RemoveOnDeath
GE_ST_BossGateKeeper_AuraSlow_SlowDebuff,0,EffectVisualization.Icon
GE_ST_BossGateKeeper_AuraSlow_SlowDebuff,1,EffectType.Debuff
GE_ST_BossGateKeeper_AuraSlow_SlowDebuff,2,EffectType.Harmful
GE_ST_BossGateKeeper_AuraSlow_SlowDebuff,3,EffectLogic.NotDispellable
GE_ST_BossGatekeeper_Conduit_Circle_DescriptionBuff,0,EffectLogic.NotDispellable
GE_ST_BossGatekeeper_Conduit_Circle_DescriptionBuff,1,EffectType.Buff
GE_ST_BossGatekeeper_Conduit_Circle_DescriptionBuff,2,EffectType.Beneficial
GE_ST_BossGatekeeper_Conduit_Circle_ProjectileDamage,0,EffectType.Harmful
GE_ST_BossGatekeeper_Conduit_Circle_ProjectileDamage,1,EffectType.Magic.Blood
GE_ST_BossGatekeeper_Conduit_Circle_ProjectileDamage,2,CustomAssetTags.ST.BossGatekeeper.Conduit.Damage
GE_ST_BossGatekeeper_Conduit_Square_AttachedSoak_Debuff,0,EffectType.Harmful
GE_ST_BossGatekeeper_Conduit_Square_AttachedSoak_Debuff,1,EffectVisualization.Icon
GE_ST_BossGatekeeper_Conduit_Square_AttachedSoak_Debuff,2,EffectType.Debuff
GE_ST_BossGatekeeper_Conduit_Square_AttachedSoak_Debuff,3,EffectLogic.RemoveOnDeath
GE_ST_BossGatekeeper_Conduit_Square_AttachedSoak_Debuff,4,EffectLogic.AlwaysApply
GE_ST_BossGatekeeper_Conduit_Square_AttachedSoak_Debuff,5,EffectLogic.RemoveOnSourceDeath
GE_ST_BossGatekeeper_Conduit_Square_AttachedSoak_Debuff,6,EffectType.Magic.Necromancy
GE_ST_BossGatekeeper_Conduit_Square_AttachedSoak_Debuff,7,EffectLogic.IgnorePartialTicks
GE_ST_BossGatekeeper_Conduit_Square_AttachedSoak_SoakExplodeDamage,0,EffectType.Harmful
GE_ST_BossGatekeeper_Conduit_Square_AttachedSoak_SoakExplodeDamage,1,EffectType.Magic.Blood
GE_ST_BossGatekeeper_Conduit_Square_AttachedSoak_SoakExplodeDamage,2,CustomAssetTags.ST.BossGatekeeper.Conduit.Damage
GE_ST_BossGatekeeper_Conduit_Square_DescriptionBuff,0,EffectLogic.NotDispellable
GE_ST_BossGatekeeper_Conduit_Square_DescriptionBuff,1,EffectType.Buff
GE_ST_BossGatekeeper_Conduit_Square_DescriptionBuff,2,EffectType.Beneficial
GE_ST_BossGatekeeper_Conduit_Triangle_AoeDamage,0,EffectType.Harmful
GE_ST_BossGatekeeper_Conduit_Triangle_AoeDamage,1,EffectType.Magic.Blood
GE_ST_BossGatekeeper_Conduit_Triangle_AoeDamage,2,CustomAssetTags.ST.BossGatekeeper.Conduit.Damage
GE_ST_BossGatekeeper_Conduit_Triangle_DescriptionBuff,0,EffectLogic.NotDispellable
GE_ST_BossGatekeeper_Conduit_Triangle_DescriptionBuff,1,EffectType.Buff
GE_ST_BossGatekeeper_Conduit_Triangle_DescriptionBuff,2,EffectType.Beneficial
GE_ST_BossGatekeeper_Enrage_Buff,0,EffectType.Magic.Blood
GE_ST_BossGatekeeper_Enrage_Buff,1,EffectType.Beneficial
GE_ST_BossGatekeeper_Enrage_Buff,2,EffectType.Buff
GE_ST_BossGatekeeper_Enrage_Buff,3,EffectLogic.RemoveOnDeath
GE_ST_BossGatekeeper_Enrage_Buff,4,EffectLogic.RemoveOnSourceFellowshipReset
GE_ST_BossGatekeeper_Enrage_Buff,5,EffectLogic.NotDispellable
GE_ST_BossGatekeeper_Enrage_Buff,6,EffectVisualization.Icon
GE_ST_BossGatekeeper_Invulnerable,0,EffectLogic.AlwaysApply
GE_ST_BossGatekeeper_Invulnerable,1,EffectLogic.NotDispellable
GE_ST_BossGatekeeper_MeleeAutoAttack_Damage,0,EffectType.Physical
GE_ST_BossGatekeeper_MeleeAutoAttack_Damage,1,EffectType.Harmful
GE_ST_BossGatekeeper_MultiCastedMeleeStrike_Damage,0,EffectType.Physical
GE_ST_BossGatekeeper_MultiCastedMeleeStrike_Damage,1,EffectType.Harmful
GE_ST_BossGatekeeper_MultiCastedMeleeStrike_Damage,2,CustomAssetTags.ST.BossGatekeeper.MultiCastedMeleeStrike.HitDamageEffect
GE_ST_BossGatekeeper_MultiCastedMeleeStrike_Debuff,0,EffectType.Harmful
GE_ST_BossGatekeeper_MultiCastedMeleeStrike_Debuff,1,EffectVisualization.Icon
GE_ST_BossGatekeeper_MultiCastedMeleeStrike_Debuff,2,EffectType.Debuff
GE_ST_BossGatekeeper_MultiCastedMeleeStrike_Debuff,3,EffectLogic.RemoveOnDeath
GE_ST_BossGatekeeper_MultiCastedMeleeStrike_Debuff,4,EffectType.Magic.Blood
GE_ST_BossGatekeeper_MultiCastedMeleeStrike_Debuff,5,EffectLogic.NotDispellable
GE_ST_BossGatekeeper_MultiCastedMeleeStrike_FinalBlowDamage,0,EffectType.Physical
GE_ST_BossGatekeeper_MultiCastedMeleeStrike_FinalBlowDamage,1,EffectType.Harmful
GE_ST_BossGatekeeper_PullAndCastedAoe_AoeDamage,0,EffectType.Harmful
GE_ST_BossGatekeeper_PullAndCastedAoe_AoeDamage,1,EffectType.Magic.Blood
GE_ST_BossGatekeeper_PullAndCastedAoe_Imobalize,0,EffectLogic.NotDispellable
GE_ST_BossGatekeeper_PullAndCastedAoe_Imobalize,1,EffectType.Harmful
GE_ST_BossGatekeeper_PullAndCastedAoe_Imobalize,2,EffectType.Magic
GE_ST_BossGatekeeper_PullAndCastedAoe_Imobalize,3,EffectVisualization.Icon
GE_ST_BossGatekeeper_TankCone_Damage,0,EffectType.Harmful
GE_ST_BossGatekeeper_TankCone_Damage,1,EffectType.Magic.Blood
GE_ST_BossGatekeeper_TankCone_Damage,2,EffectLogic.HolyTrinityNerf.IgnoreAoeIncomingDamageMultiplier
GE_ST_BossGatekeeper_TankCone_DestroyConduitBossBuff,0,EffectType.Beneficial
GE_ST_BossGatekeeper_TankCone_DestroyConduitBossBuff,1,EffectLogic.RemoveOnDeath
GE_ST_BossGatekeeper_TankCone_DestroyConduitBossBuff,2,EffectVisualization.Icon
GE_ST_BossGatekeeper_TankCone_DestroyConduitBossBuff,3,EffectType.Buff
GE_ST_BossGatekeeper_TankCone_DestroyConduitBossBuff,4,EffectVisualization.ShowNonLocalSource
GE_ST_BossGatekeeper_TankCone_DestroyConduitBossBuff,5,EffectType.Magic.Blood
GE_ST_BossGatekeeper_TankCone_DestroyConduitBossBuff,6,CustomAssetTags.ST.BossGatekeeper.TankCone.DestroyConduitsBossBuff
GE_ST_BossGatekeeper_TankCone_DestroyConduitBossBuff,7,EffectLogic.NotDispellable
GE_ST_SanguineCrusher_Knockback_Damage,0,EffectType.Physical
GE_ST_SanguineCrusher_Knockback_Damage,1,EffectType.Harmful
GE_ST_SanguineCrusher_MeleeAutoAttack_Damage,0,EffectType.Physical
GE_ST_SanguineCrusher_MeleeAutoAttack_Damage,1,EffectType.Harmful
GE_ST_SanguineCrusher_TankSlam_Damage,0,EffectType.Physical
GE_ST_SanguineCrusher_TankSlam_Damage,1,EffectType.Harmful
GE_ST_SanguineCrusher_TankSlam_Damage,2,EffectLogic.HolyTrinityNerf.IgnoreAoeIncomingDamageMultiplier
GE_ST_SmallBloodElemental_CastProjectile_Damage,0,EffectType.Harmful
GE_ST_SmallBloodElemental_CastProjectile_Damage,1,EffectType.Magic.Blood
GE_ST_SmallBloodElemental_MeleeAutoAttack_Damage,0,EffectType.Physical
GE_ST_SmallBloodElemental_MeleeAutoAttack_Damage,1,EffectType.Harmful
GE_ST_SmallBloodElemental_SpinProjectiles_Damage,0,EffectType.Magic.Blood
GE_ST_SmallBloodElemental_SpinProjectiles_Damage,1,EffectType.Harmful
GE_Shared_Allies_SetSpeed,0,Effect.Buff
GE_Shared_BeingPulled,0,EffectLogic.RemoveOnDeath
GE_Shared_BeingPulled,1,EffectLogic.AlwaysApply
GE_Shared_BeingPulled,2,EffectLogic.IgnoreImmunities
GE_Shared_BlindDeaf_NoAggro,0,EffectLogic.System
GE_Shared_BlindDeaf_NoAggro,1,EffectLogic.AlwaysApply
GE_Shared_ChargeCooldownNoCooldownRecovery,0,EffectLogic.System
GE_Shared_ChargeCooldownNoCooldownRecovery,1,EffectLogic.TimeRateInfluencedByHaste
GE_Shared_ChargeCooldownNoHaste,0,EffectLogic.System
GE_Shared_ChargeCooldownNoHaste,1,EffectLogic.TimeRateInfluencedByCooldownRecovery
GE_Shared_Cooldown_DefaultScale,0,EffectLogic.System
GE_Shared_Cooldown_DefaultScale,1,EffectLogic.TimeRateInfluencedByCooldownRecovery
GE_Shared_Cooldown_DefaultScale_NoCooldownRecovery,0,EffectLogic.System
GE_Shared_Cooldown_HasteScale,0,EffectLogic.System
GE_Shared_Cooldown_HasteScale,1,EffectLogic.TimeRateInfluencedByCooldownRecovery
GE_Shared_Cooldown_RelicScale,0,EffectLogic.System
GE_Shared_Cooldown_Static,0,EffectLogic.System
GE_Shared_ForceHideOverheadWidget,0,EffectLogic.System
GE_Shared_ForceHideOverheadWidget,1,EffectLogic.Piercing
GE_Shared_ForceHideOverheadWidget,2,EffectLogic.AlwaysApply
GE_Shared_GainSetByCallerAnyResource,0,EffectLogic.System
GE_Shared_GainSetByCallerMana,0,EffectLogic.AlwaysApply
GE_Shared_GainSetByCallerMana,1,EffectLogic.System
GE_Shared_GainSetByCallerResource,0,GameplayEffect.AlwaysApply
GE_Shared_GainSetByCallerResource,1,EffectLogic.AlwaysApply
GE_Shared_GainSetByCallerResource,2,EffectLogic.System
GE_Shared_GainSetByCallerResourceSecond,0,EffectLogic.AlwaysApply
GE_Shared_GainSetByCallerResourceSecond,1,EffectLogic.System
GE_Shared_GainSetByCallerResourceTertiary,0,EffectLogic.AlwaysApply
GE_Shared_GainSetByCallerResourceTertiary,1,EffectLogic.System
GE_Shared_GainSingleMana,0,GameplayEffect.AlwaysApply
GE_Shared_GainSingleMana,1,EffectLogic.AlwaysApply
GE_Shared_GainSingleMana,2,EffectLogic.System
GE_Shared_GainSingleResource,0,GameplayEffect.AlwaysApply
GE_Shared_GainSingleResource,1,EffectLogic.AlwaysApply
GE_Shared_GainSingleResource,2,EffectLogic.System
GE_Shared_GainSingleResourceSecond,0,GameplayEffect.AlwaysApply
GE_Shared_GainSingleResourceSecond,1,EffectLogic.AlwaysApply
GE_Shared_GainSingleResourceSecond,2,EffectLogic.System
GE_Shared_GemOvercapBonus,0,EffectLogic.System
GE_Shared_HeroMatchMakingTimeOut,0,EffectLogic.AlwaysApply
GE_Shared_HeroMatchMakingTimeOut,1,EffectLogic.System
GE_Shared_HeroMatchMakingTimeOut,2,EffectVisualization.Icon
GE_Shared_HeroMatchMakingTimeOut,3,EffectType.Beneficial
GE_Shared_HeroZoneOutOfCombatRegenBuff,0,EffectLogic.AlwaysApply
GE_Shared_HeroZoneOutOfCombatRegenBuff,1,EffectLogic.System
GE_Shared_HeroZoneOutOfCombatRegenBuff,2,EffectVisualization.Icon
GE_Shared_HeroZoneOutOfCombatRegenBuff,3,EffectType.Beneficial
GE_Shared_HeroZoneOutOfCombatRegenBuff,4,EffectType.Buff
GE_Shared_Idle_Sleep_Blind,0,EffectType.Harmful
GE_Shared_Idle_Sleep_Blind,1,EffectType.Debuff
GE_Shared_Idle_Sleep_Blind,2,EffectVisualization.Icon
GE_Shared_Immunity_AllBeneficial,0,EffectLogic.System
GE_Shared_Immunity_AllCC,0,GameplayEffect.NotDispellable
GE_Shared_Immunity_AllCC,1,GameplayEffect.PermanentNotRemovable
GE_Shared_Immunity_AllCC,2,GameplayEffect.AlwaysApply
GE_Shared_Immunity_AllCC,3,EffectType.Beneficial
GE_Shared_Immunity_AllCC,4,EffectLogic.IgnoreImmunities
GE_Shared_Immunity_AllCC,5,EffectLogic.NotDispellable
GE_Shared_Immunity_AllCC,6,EffectLogic.System
GE_Shared_Immunity_Incited,0,GameplayEffect.NotDispellable
GE_Shared_Immunity_Incited,1,GameplayEffect.PermanentNotRemovable
GE_Shared_Immunity_Incited,2,GameplayEffect.AlwaysApply
GE_Shared_Immunity_Incited,3,EffectType.Beneficial
GE_Shared_Immunity_Incited,4,EffectLogic.IgnoreImmunities
GE_Shared_Immunity_Incited,5,EffectLogic.NotDispellable
GE_Shared_Immunity_Incited,6,EffectLogic.System
GE_Shared_Immunity_Polymorph,0,GameplayEffect.NotDispellable
GE_Shared_Immunity_Polymorph,1,GameplayEffect.PermanentNotRemovable
GE_Shared_Immunity_Polymorph,2,GameplayEffect.AlwaysApply
GE_Shared_Immunity_Polymorph,3,EffectType.Beneficial
GE_Shared_Immunity_Polymorph,4,EffectLogic.IgnoreImmunities
GE_Shared_Immunity_Polymorph,5,EffectLogic.NotDispellable
GE_Shared_Immunity_Polymorph,6,EffectLogic.System
GE_Shared_Immunity_Taunt,0,GameplayEffect.NotDispellable
GE_Shared_Immunity_Taunt,1,GameplayEffect.PermanentNotRemovable
GE_Shared_Immunity_Taunt,2,GameplayEffect.AlwaysApply
GE_Shared_Immunity_Taunt,3,EffectType.Beneficial
GE_Shared_Immunity_Taunt,4,EffectLogic.IgnoreImmunities
GE_Shared_Immunity_Taunt,5,EffectLogic.NotDispellable
GE_Shared_Immunity_Taunt,6,EffectLogic.System
GE_Shared_InstantMaxHealth_SetByCaller,0,EffectLogic.System
GE_Shared_InstantlyReviveCharacter,0,EffectLogic.AlwaysApply
GE_Shared_InstantlyReviveCharacter,1,EffectLogic.Piercing
GE_Shared_InstantlyReviveCharacter,2,EffectLogic.System
GE_Shared_InterruptCooldown,0,EffectLogic.LockedDuration
GE_Shared_InterruptCooldown,1,EffectLogic.System
GE_Shared_MaxHealthHeal,0,EffectType.Beneficial
GE_Shared_MaxHealthHeal,1,EffectType.Healing
GE_Shared_MaxHealthHeal,2,EffectLogic.NoLogging
GE_Shared_ModifyStagger,0,EffectType.Beneficial
GE_Shared_ModifyStagger,1,EffectType.GeneratesThreat
GE_Shared_NPC_BackgroundFighting,0,EffectType.Beneficial
GE_Shared_NPC_BackgroundFighting,1,EffectType.Buff
GE_Shared_NPC_FollowJump_FollowJumpEffect,0,EffectLogic.AlwaysApply
GE_Shared_NPC_FollowJump_FollowJumpEffect,1,EffectLogic.NotDispellable
GE_Shared_NPC_FollowJump_FollowJumpEffect,2,EffectLogic.System
GE_Shared_NPC_FollowJump_PreJumpEffect,0,EffectLogic.AlwaysApply
GE_Shared_NPC_FollowJump_PreJumpEffect,1,EffectLogic.NotDispellable
GE_Shared_NPC_FollowJump_PreJumpEffect,2,EffectLogic.System
GE_Shared_NPC_NoKillscore,0,EffectLogic.AlwaysApply
GE_Shared_NPC_NoKillscore,1,EffectLogic.System
GE_Shared_NPC_NoKillscore,2,EffectLogic.NotDispellable
GE_Shared_NPC_NoSpiritPointValue,0,EffectLogic.AlwaysApply
GE_Shared_NPC_NoSpiritPointValue,1,EffectLogic.System
GE_Shared_NPC_NoSpiritPointValue,2,EffectLogic.NotDispellable
GE_Shared_NPC_ReturningHomeBuff,0,Effect.Buff
GE_Shared_NPC_Roam,0,EffectLogic.System
GE_Shared_OverrideSetByCallerTertiaryResource,0,EffectLogic.System
GE_Shared_Passive_PowerScaler,0,EffectLogic.AlwaysApply
GE_Shared_Passive_PowerScaler,1,EffectLogic.System
GE_Shared_Passive_PowerScaler,2,EffectVisualization.Icon
GE_Shared_Passive_PowerScaler,3,EffectType.Buff
GE_Shared_Passive_PowerScaler,4,EffectType.Beneficial
GE_Shared_PolymorphChicken_AutoAttack_Damage,0,EffectType.Physical
GE_Shared_PolymorphChicken_AutoAttack_Damage,1,EffectType.Harmful
GE_Shared_ReflectDamage_Damage,0,EffectType.Harmful
GE_Shared_ReflectDamage_Damage,1,EffectLogic.NotReflectable
GE_Shared_ReflectDamage_Damage,2,EffectLogic.IgnoreDamageReflect
GE_Shared_ReflectDamage_Damage,3,EffectType.Physical
GE_Shared_RemoveAllGeneratedThreat,0,EffectLogic.AlwaysApply
GE_Shared_ResetEncounter,0,GameplayEffect.AlwaysApply
GE_Shared_RespawnCooldown,0,EffectLogic.System
GE_Shared_RespawnCooldown,1,EffectLogic.AlwaysApply
GE_Shared_RespawnCooldown,2,EffectLogic.RemoveOnMatchComplete
GE_Shared_RespawnCooldown,3,EffectVisualization.Icon
GE_Shared_RespawnCooldown,4,EffectType.Debuff
GE_Shared_RespawnCooldown,5,Effect.Debuff
GE_Shared_RespawnCooldown,6,EffectVisualization.IconOnPartyUnitFrame
GE_Shared_RespawnGracePeriod,0,EffectType.Beneficial
GE_Shared_RespawnGracePeriod,1,EffectLogic.NotDispellable
GE_Shared_ScaleAllThreat,0,EffectLogic.AlwaysApply
GE_Shared_SpendSingleResource,0,GameplayEffect.AlwaysApply
GE_Shared_SpendSingleResource,1,EffectLogic.AlwaysApply
GE_Shared_SpendSingleResource,2,EffectLogic.System
GE_Shared_SpendSingleResourceSecond,0,GameplayEffect.AlwaysApply
GE_Shared_SpendSingleResourceSecond,1,EffectLogic.AlwaysApply
GE_Shared_SpendSingleResourceSecond,2,EffectLogic.System
GE_Shared_SpiritPointGain,0,EffectLogic.System
GE_Shared_SpiritPointGain,1,EffectLogic.IgnoreImmunities
GE_Shared_SpiritRefund_Buff,0,EffectLogic.System
GE_Shared_SpiritRefund_Buff,1,EffectType.Beneficial
GE_Shared_SpiritRefund_Buff,2,EffectLogic.RemoveOnDeath
GE_Shared_SpiritRefund_Buff,3,EffectVisualization.Icon
GE_Shared_SpiritRefund_Buff,4,EffectVisualization.HeroSuperBuffbar
GE_Shared_SpiritRefund_VFX,0,EffectLogic.System
GE_Shared_SpiritRefund_VFX,1,EffectLogic.NoLogging
GE_Shared_SpiritTriggeredBuff,0,Effect.Buff
GE_Shared_SpiritTriggeredBuff,1,EffectType.GeneratesThreat
GE_Shared_SpiritTriggeredBuff,2,EffectVisualization.Icon
GE_Shared_SpiritTriggeredBuff_Healer,0,Effect.Buff
GE_Shared_SpiritTriggeredBuff_Healer,1,EffectType.GeneratesThreat
GE_Shared_SpiritTriggeredBuff_Healer,2,EffectVisualization.Icon
GE_Shared_SpiritTriggeredBuff_NotTank,0,Effect.Buff
GE_Shared_SpiritTriggeredBuff_NotTank,1,EffectType.GeneratesThreat
GE_Shared_SpiritTriggeredBuff_NotTank,2,EffectVisualization.Icon
GE_Shared_Stagger_Damage,0,EffectType.Harmful
GE_Shared_Stagger_Damage,1,EffectType.StaggerDamage
GE_Shared_Stagger_Damage,2,EffectLogic.NoDamageNumbers
GE_Shared_Stagger_Damage,3,EffectLogic.NoImpactSounds
GE_Shared_Stagger_Damage,4,EffectLogic.DamageIgnoreStagger
GE_Shared_Stagger_Damage,5,EffectType.Magic
GE_Shared_Stationary,0,EffectLogic.System
GE_Shared_StatusApplication_Incited,0,EffectLogic.System
GE_Shared_StatusEffect_Incited,0,EffectType.GeneratesThreat
GE_Shared_StatusEffect_Incited,1,EffectType.Harmful
GE_Shared_Status_BeingRevived,0,EffectLogic.System
GE_Shared_Status_BeingRevived,1,EffectVisualization.Icon
GE_Shared_Status_BeingRevived,2,EffectType.Beneficial
GE_Shared_Stealth,0,EffectLogic.System
GE_Shared_SuperFlatHeal_SetByCaller_NoLogging,0,EffectLogic.System
GE_Shared_SuperFlatHeal_SetByCaller_NoLogging,1,EffectLogic.NoLogging
GE_Shared_Talent_AbilityCommitToSpiritRefund_GrantSpiritPointsAtDungStart,0,EffectLogic.System
GE_Shared_Talent_AbilityCommitToSpiritRefund_Proc,0,EffectLogic.System
GE_Shared_Talent_AbilityCommitToSpiritRefund_Proc,1,EffectType.Beneficial
GE_Shared_Talent_AbilityCommitToSpiritRefund_Proc,2,EffectVisualization.Icon
GE_Shared_Talent_AbilityCommitToSpiritRefund_Proc,3,EffectVisualization.HeroSuperBuffbar
GE_Shared_Tank_ReducedIncomingDamage,0,EffectLogic.System
GE_Shared_TargetDummy_Damage,0,EffectType.Physical
GE_Shared_TargetDummy_Damage,1,EffectType.Harmful
GE_Shared_TargetDummy_IgnoreHealThreat,0,EffectLogic.AlwaysApply
GE_Shared_TargetDummy_IgnoreHealThreat,1,EffectLogic.System
GE_Shared_TargetDummy_MinHealthIsMaxHealth,0,EffectLogic.AlwaysApply
GE_Shared_TargetDummy_MinHealthIsMaxHealth,1,EffectLogic.System
GE_Shared_ZoneAIPostDeathEffect,0,GameplayEffect.AlwaysApply
GE_Shared_ZoneAIRespawn_Revive,0,GameplayEffect.AlwaysApply
GE_Shared_ZoneAISpawnFadeIn,0,GameplayEffect.AlwaysApply
GE_Sune_AoeMeleeDamageBoostAndManaRefundDebuff_Debuff,0,EffectType.Debuff
GE_Sune_AoeMeleeDamageBoostAndManaRefundDebuff_Debuff,1,EffectType.GeneratesThreat
GE_Sune_AoeMeleeDamageBoostAndManaRefundDebuff_Debuff,2,EffectType.Harmful
GE_Sune_AoeMeleeDamageBoostAndManaRefundDebuff_Debuff,3,EffectType.Magic
GE_Sune_AoeMeleeDamageBoostAndManaRefundDebuff_Debuff,4,EffectLogic.RemoveOnDeath
GE_Sune_AoeMeleeDamageBoostAndManaRefundDebuff_Debuff,5,EffectVisualization.Icon
GE_Sune_AoeMeleeDamageBoostAndManaRefundDebuff_Debuff,6,EffectVisualization.IconOnPartyUnitFrame
GE_Sune_AoeMelee_Damage,0,EffectType.Physical
GE_Sune_AoeMelee_Damage,1,EffectType.Harmful
GE_Sune_AoeMelee_Damage,2,EffectType.GeneratesThreat
GE_Sune_AtTargetInstantAoe_Damage,0,EffectType.GeneratesThreat
GE_Sune_AtTargetInstantAoe_Damage,1,EffectType.Harmful
GE_Sune_AtTargetInstantAoe_Damage,2,EffectType.Magic.Holy
GE_Sune_AutoAttackParryDebuff_Debuff,0,EffectLogic.System
GE_Sune_AutoAttackParryDebuff_Debuff,1,EffectLogic.RemoveOnDeath
GE_Sune_AutoAttackParryDebuff_Debuff,2,EffectType.Debuff
GE_Sune_AutoAttackParryDebuff_Debuff,3,EffectType.GeneratesThreat
GE_Sune_AutoAttackParryDebuff_Debuff,4,EffectType.Harmful
GE_Sune_AutoAttackParryDebuff_Debuff,5,EffectType.Physical
GE_Sune_AutoAttackParryDebuff_Debuff,6,EffectVisualization.Icon
GE_Sune_AutoAttackParryDebuff_SelfBuff,0,EffectLogic.System
GE_Sune_BuffedTargetedCastedHealOrDamage_Buff,0,EffectLogic.RemoveOnDeath
GE_Sune_BuffedTargetedCastedHealOrDamage_Buff,1,EffectType.Physical
GE_Sune_BuffedTargetedCastedHealOrDamage_Buff,2,EffectVisualization.Icon
GE_Sune_BuffedTargetedCastedHealOrDamage_Buff,3,EffectType.Beneficial
GE_Sune_BuffedTargetedCastedHealOrDamage_Buff,4,EffectType.Buff
GE_Sune_BuffedTargetedCastedHealOrDamage_Buff,5,EffectVisualization.HeroSuperBuffbar
GE_Sune_CastedSingleTargetHeal_Heal,0,EffectType.Beneficial
GE_Sune_CastedSingleTargetHeal_Heal,1,EffectType.Healing
GE_Sune_CastedSingleTargetHeal_Heal,2,EffectType.GeneratesThreat
GE_Sune_CastedSingleTargetHeal_Heal,3,EffectType.Magic.Holy
GE_Sune_DamageTransferAura_AllyBuff,0,EffectLogic.RemoveOnDeath
GE_Sune_DamageTransferAura_AllyBuff,1,EffectType.Beneficial
GE_Sune_DamageTransferAura_AllyBuff,2,EffectType.Buff
GE_Sune_DamageTransferAura_AllyBuff,3,EffectType.Magic.Holy
GE_Sune_DamageTransferAura_AllyBuff,4,EffectVisualization.Icon
GE_Sune_DamageTransferAura_AllyBuff,5,EffectVisualization.IconOnPartyUnitFrame
GE_Sune_DamageTransferAura_AllyBuff_Stacker,0,EffectLogic.System
GE_Sune_DamageTransferAura_Damage,0,EffectType.GeneratesThreat
GE_Sune_DamageTransferAura_Damage,1,EffectType.Harmful
GE_Sune_DamageTransferAura_Damage,2,EffectType.Magic.Holy
GE_Sune_DamageTransferAura_Damage,3,EffectType.Dot
GE_Sune_DamageTransferAura_SelfBuff,0,EffectLogic.RemoveOnDeath
GE_Sune_DamageTransferAura_SelfBuff,1,EffectType.Beneficial
GE_Sune_DamageTransferAura_SelfBuff,2,EffectType.Buff
GE_Sune_DamageTransferAura_SelfBuff,3,EffectVisualization.Icon
GE_Sune_DamageTransferAura_SelfBuff,4,EffectVisualization.IconOnPartyUnitFrame
GE_Sune_DamageTransferAura_SelfBuff,5,EffectType.Magic.Holy
GE_Sune_DamageTransferAura_SelfBuff,6,EffectVisualization.HeroSuperBuffbar
GE_Sune_DamageTransferAura_SelfBuff,7,CustomAssetTags.Sune.DamageTransferAura.SelfBuff
GE_Sune_DamageTransferAura_TransferedDamage,0,EffectType.Physical
GE_Sune_DamageTransferAura_TransferedDamage,1,CustomAssetTags.Sune.DamageTransferAura.TransferredDamage
GE_Sune_DamageTransferAura_TransferedDamage,2,EffectLogic.DamageIgnoreStagger
GE_Sune_DroppedPulseAoe_Damage,0,EffectType.GeneratesThreat
GE_Sune_DroppedPulseAoe_Damage,1,EffectType.Harmful
GE_Sune_DroppedPulseAoe_Damage,2,EffectType.Physical
GE_Sune_DroppedPulseAoe_SelfBuff,0,EffectLogic.RemoveOnDeath
GE_Sune_DroppedPulseAoe_SelfBuff,1,EffectType.Beneficial
GE_Sune_DroppedPulseAoe_SelfBuff,2,EffectType.Buff
GE_Sune_DroppedPulseAoe_SelfBuff,3,EffectType.Physical
GE_Sune_DroppedPulseAoe_SelfBuff,4,EffectVisualization.Icon
GE_Sune_DroppedPulseAoe_SelfBuff,5,EffectVisualization.IconOnPartyUnitFrame
GE_Sune_InstantCleaveMelee_Damage,0,EffectType.Physical
GE_Sune_InstantCleaveMelee_Damage,1,EffectType.Harmful
GE_Sune_InstantCleaveMelee_Damage,2,EffectType.GeneratesThreat
GE_Sune_InstantCleaveMelee_Damage,3,EffectType.SourceAbility.Basic
GE_Sune_InstantConeStunAndPull_Damage,0,EffectType.Physical
GE_Sune_InstantConeStunAndPull_Damage,1,EffectType.Harmful
GE_Sune_InstantConeStunAndPull_Damage,2,EffectType.GeneratesThreat
GE_Sune_InstantConeStunAndPull_Stun,0,EffectType.CrowdControl
GE_Sune_InstantConeStunAndPull_Stun,1,EffectType.MovementImpairing
GE_Sune_InstantConeStunAndPull_Stun,2,EffectType.Physical
GE_Sune_InstantConeStunAndPull_Stun,3,EffectLogic.RemoveOnDeath
GE_Sune_InstantConeStunAndPull_Stun,4,EffectType.GeneratesThreat
GE_Sune_InstantConeStunAndPull_Stun,5,EffectType.Harmful
GE_Sune_InstantConeStunAndPull_Stun,6,EffectVisualization.Icon
GE_Sune_InstantConteStunAndPull_Pull_Activator,0,EffectType.Harmful
GE_Sune_InstantConteStunAndPull_Pull_Activator,1,EffectType.GeneratesThreat
GE_Sune_InstantConteStunAndPull_Pull_Activator,2,EffectType.CrowdControl
GE_Sune_InstantConteStunAndPull_Pull_Activator,3,EffectType.Physical
GE_Sune_InstantSingleTargetHealOrDamage_Damage,0,EffectType.GeneratesThreat
GE_Sune_InstantSingleTargetHealOrDamage_Damage,1,EffectType.Harmful
GE_Sune_InstantSingleTargetHealOrDamage_Damage,2,EffectType.Magic.Holy
GE_Sune_InstantSingleTargetHealOrDamage_Heal,0,EffectType.Beneficial
GE_Sune_InstantSingleTargetHealOrDamage_Heal,1,EffectType.Healing
GE_Sune_InstantSingleTargetHealOrDamage_Heal,2,EffectType.GeneratesThreat
GE_Sune_InstantSingleTargetHealOrDamage_Heal,3,EffectType.Magic.Holy
GE_Sune_MeleeAutoAttack_Damage,0,EffectType.Physical
GE_Sune_MeleeAutoAttack_Damage,1,EffectType.GeneratesThreat
GE_Sune_MeleeAutoAttack_Damage,2,EffectType.Harmful
GE_Sune_MeleeAutoAttack_Damage,3,EffectType.AutoAttack
GE_Sune_OverhealToAoeDamage_Damage,0,EffectType.GeneratesThreat
GE_Sune_OverhealToAoeDamage_Damage,1,EffectType.Harmful
GE_Sune_OverhealToAoeDamage_Damage,2,EffectType.Physical
GE_Sune_Passive_SpiritPercentToMaxMana,0,EffectLogic.System
GE_Sune_Passive_talent_ResourceConsumed_StackingBuffToProc_Stacker,0,EffectType.Beneficial
GE_Sune_Passive_talent_ResourceConsumed_StackingBuffToProc_Stacker,1,EffectType.Buff
GE_Sune_Passive_talent_ResourceConsumed_StackingBuffToProc_Stacker,2,EffectType.Magic.Holy
GE_Sune_Passive_talent_ResourceConsumed_StackingBuffToProc_Stacker,3,EffectLogic.RemoveOnDeath
GE_Sune_Passive_talent_ResourceConsumed_StackingBuffToProc_Stacker,4,EffectVisualization.Icon
GE_Sune_Passive_talent_ResourceConsumed_StackingBuffToProc_Stacker,5,EffectVisualization.HeroSuperBuffbar
GE_Sune_Resource_Proc,0,EffectType.Beneficial
GE_Sune_Resource_Proc,1,EffectType.Buff
GE_Sune_Resource_Proc,2,EffectLogic.RemoveOnDeath
GE_Sune_Resource_Proc,3,EffectVisualization.Icon
GE_Sune_Resource_Proc,4,EffectVisualization.HeroSuperBuffbar
GE_Sune_SelfImmunityAndAoeHeal_AoeDamage,0,EffectType.Physical
GE_Sune_SelfImmunityAndAoeHeal_AoeDamage,1,EffectType.Harmful
GE_Sune_SelfImmunityAndAoeHeal_AoeDamage,2,EffectType.GeneratesThreat
GE_Sune_SelfImmunityAndAoeHeal_AoeHeal,0,EffectType.Physical
GE_Sune_SelfImmunityAndAoeHeal_AoeHeal,1,EffectType.GeneratesThreat
GE_Sune_SelfImmunityAndAoeHeal_AoeHeal,2,EffectType.Beneficial
GE_Sune_SelfImmunityAndAoeHeal_AoeHeal,3,EffectType.Healing
GE_Sune_SelfImmunityAndAoeHeal_SelfBuff,0,EffectLogic.RemoveOnDeath
GE_Sune_SelfImmunityAndAoeHeal_SelfBuff,1,EffectType.Beneficial
GE_Sune_SelfImmunityAndAoeHeal_SelfBuff,2,EffectLogic.System
GE_Sune_SelfImmunityAndAoeHeal_SelfBuff_DamageReduction,0,EffectLogic.RemoveOnDeath
GE_Sune_SelfImmunityAndAoeHeal_SelfBuff_DamageReduction,1,EffectType.Physical
GE_Sune_SelfImmunityAndAoeHeal_SelfBuff_DamageReduction,2,EffectType.Beneficial
GE_Sune_SelfImmunityAndAoeHeal_SelfBuff_DamageReduction,3,EffectType.Buff
GE_Sune_SelfImmunityAndAoeHeal_SelfBuff_DamageReduction,4,EffectLogic.NotDispellable
GE_Sune_SelfImmunityAndAoeHeal_SelfBuff_DamageReduction,5,EffectVisualization.Icon
GE_Sune_SelfImmunityAndAoeHeal_SelfBuff_DamageReduction,6,EffectVisualization.HeroSuperBuffbar
GE_Sune_SelfImmunityAndAoeHeal_SelfBuff_DamageReduction,7,EffectVisualization.IconOnPartyUnitFrame
GE_Sune_SelfImmunityAndAoeHeal_SelfBuff_Immunity,0,EffectLogic.RemoveOnDeath
GE_Sune_SelfImmunityAndAoeHeal_SelfBuff_Immunity,1,EffectType.Physical
GE_Sune_SelfImmunityAndAoeHeal_SelfBuff_Immunity,2,EffectType.Beneficial
GE_Sune_SelfImmunityAndAoeHeal_SelfBuff_Immunity,3,EffectType.Buff
GE_Sune_SelfImmunityAndAoeHeal_SelfBuff_Immunity,4,EffectLogic.NotDispellable
GE_Sune_SelfImmunityAndAoeHeal_SelfBuff_Immunity,5,EffectVisualization.Icon
GE_Sune_SelfImmunityAndAoeHeal_SelfBuff_Immunity,6,EffectLogic.NoIncomingImmuneLogging
GE_Sune_SelfImmunityAndAoeHeal_SelfBuff_Immunity,7,EffectVisualization.IconOnPartyUnitFrame
GE_Sune_SelfImmunityAndAoeHeal_SelfBuff_Immunity,8,EffectVisualization.HeroSuperBuffbar
GE_Sune_SingleTargetAbsorb_Absorb,0,EffectType.Absorption
GE_Sune_SingleTargetAbsorb_Absorb,1,EffectType.Beneficial
GE_Sune_SingleTargetAbsorb_Absorb,2,EffectType.GeneratesThreat
GE_Sune_SingleTargetAbsorb_Absorb,3,EffectType.Magic.Holy
GE_Sune_SingleTargetAbsorb_Absorb,4,EffectLogic.RemoveOnDeath
GE_Sune_SingleTargetAbsorb_Absorb,5,EffectVisualization.Icon
GE_Sune_SingleTargetAbsorb_Absorb,6,EffectVisualization.IconOnPartyUnitFrame
GE_Sune_SingleTargetAbsorb_Absorb,7,EffectVisualization.HeroSuperBuffbar
GE_Sune_SingleTargetAbsorb_Absorb,8,CustomAssetTags.Sune.SingleTargetAbsorb.Absorb
GE_Sune_SingleTargetDamageTransfer_Buff,0,EffectLogic.RemoveOnDeath
GE_Sune_SingleTargetDamageTransfer_Buff,1,EffectType.Physical
GE_Sune_SingleTargetDamageTransfer_Buff,2,EffectVisualization.Icon
GE_Sune_SingleTargetDamageTransfer_Buff,3,EffectType.Beneficial
GE_Sune_SingleTargetDamageTransfer_Buff,4,EffectType.Buff
GE_Sune_SingleTargetDamageTransfer_TransferedDamage,0,EffectType.Physical
GE_Sune_SingleTargetDamageTransfer_TransferedDamage,1,EffectType.GeneratesThreat
GE_Sune_SingleTargetDamageTransfer_TransferedDamage,2,EffectType.Harmful
GE_Sune_SingleTargetFillerMelee_Damage,0,EffectType.Physical
GE_Sune_SingleTargetFillerMelee_Damage,1,EffectType.GeneratesThreat
GE_Sune_SingleTargetFillerMelee_Damage,2,EffectType.Harmful
GE_Sune_SingleTargetFillerMelee_Damage,3,EffectType.SourceAbility.Basic
GE_Sune_SingleTargetInterrupt_Interrupt,0,EffectType.Harmful
GE_Sune_SingleTargetInterrupt_Interrupt,1,EffectType.GeneratesThreat
GE_Sune_SingleTargetInterrupt_Interrupt,2,EffectType.Physical
GE_Sune_SingleTargetTaunt_Taunt,0,EffectLogic.RemoveOnDeath
GE_Sune_SingleTargetTaunt_Taunt,1,EffectType.Physical
GE_Sune_SingleTargetTaunt_Taunt,2,EffectType.GeneratesThreat
GE_Sune_SingleTargetTaunt_Taunt,3,EffectVisualization.Icon
GE_Sune_SingleTargetTaunt_Taunt,4,EffectType.Harmful
GE_Sune_SingleTargetTaunt_Taunt,5,EffectType.Taunt
GE_Sune_SpiritTriggeredBuff,0,Effect.Buff
GE_Sune_SpiritTriggeredBuff,1,EffectType.GeneratesThreat
GE_Sune_SpiritTriggeredBuff,2,EffectVisualization.IconOnPartyUnitFrame
GE_Sune_Talent_AoeMelee_CooldownProc_Proc,0,EffectLogic.RemoveOnDeath
GE_Sune_Talent_AoeMelee_CooldownProc_Proc,1,EffectLogic.RemoveOnSourceLoadoutChange
GE_Sune_Talent_AoeMelee_CooldownProc_Proc,2,EffectVisualization.Icon
GE_Sune_Talent_AoeMelee_CooldownProc_Proc,3,EffectType.Beneficial
GE_Sune_Talent_AoeMelee_CooldownProc_Proc,4,EffectType.Buff
GE_Sune_Talent_AoeMelee_CooldownProc_Proc,5,EffectType.Magic.Holy
GE_Sune_Talent_AoeMelee_CooldownProc_Proc,6,EffectVisualization.HeroSuperBuffbar
GE_Sune_Talent_AtTargetInstantAoe_AddsDot_Dot,0,EffectType.Dot
GE_Sune_Talent_AtTargetInstantAoe_AddsDot_Dot,1,EffectType.GeneratesThreat
GE_Sune_Talent_AtTargetInstantAoe_AddsDot_Dot,2,EffectType.Harmful
GE_Sune_Talent_AtTargetInstantAoe_AddsDot_Dot,3,EffectType.Magic.Holy
GE_Sune_Talent_AtTargetInstantAoe_AddsDot_Dot,4,EffectLogic.RemoveOnDeath
GE_Sune_Talent_AtTargetInstantAoe_AddsDot_Dot,5,EffectVisualization.Icon
GE_Sune_Talent_AtTargetInstantAoe_AddsDot_SelfReducedDamage,0,EffectLogic.System
GE_Sune_Talent_AtTargetInstantAoe_DamageReduction_Debuff,0,EffectLogic.RemoveOnDeath
GE_Sune_Talent_AtTargetInstantAoe_DamageReduction_Debuff,1,EffectLogic.RemoveOnSourceLoadoutChange
GE_Sune_Talent_AtTargetInstantAoe_DamageReduction_Debuff,2,EffectType.Harmful
GE_Sune_Talent_AtTargetInstantAoe_DamageReduction_Debuff,3,EffectType.GeneratesThreat
GE_Sune_Talent_AtTargetInstantAoe_DamageReduction_Debuff,4,EffectType.Magic.Holy
GE_Sune_Talent_AtTargetInstantAoe_DamageReduction_Debuff,5,EffectType.Debuff
GE_Sune_Talent_AtTargetInstantAoe_DamageReduction_Debuff,6,EffectVisualization.Icon
GE_Sune_Talent_AtTargetInstantAoe_DamageReduction_Debuff,7,EffectVisualization.IconOnPartyUnitFrame
GE_Sune_Talent_AtTargetInstantAoe_DamageReduction_SelfBuff,0,EffectLogic.System
GE_Sune_Talent_DeathPrevention_Cooldown,0,EffectLogic.System
GE_Sune_Talent_DeathPrevention_Cooldown,1,EffectType.Debuff
GE_Sune_Talent_DeathPrevention_Cooldown,2,EffectVisualization.Icon
GE_Sune_Talent_DeathPrevention_Cooldown,3,EffectLogic.RemoveOnSourceLoadoutChange
GE_Sune_Talent_DeathPrevention_Cooldown,4,EffectType.Harmful
GE_Sune_Talent_DeathPrevention_Cooldown,5,EffectVisualization.IconOnPartyUnitFrame
GE_Sune_Talent_DroppedPulseAoeDebuffsTargets_AttackSpeedDebuff,0,EffectType.Debuff
GE_Sune_Talent_DroppedPulseAoeDebuffsTargets_AttackSpeedDebuff,1,EffectType.Harmful
GE_Sune_Talent_DroppedPulseAoeDebuffsTargets_AttackSpeedDebuff,2,EffectType.Magic.Holy
GE_Sune_Talent_DroppedPulseAoeDebuffsTargets_Debuff,0,EffectLogic.RemoveOnDeath
GE_Sune_Talent_DroppedPulseAoeDebuffsTargets_Debuff,1,EffectType.Debuff
GE_Sune_Talent_DroppedPulseAoeDebuffsTargets_Debuff,2,EffectType.GeneratesThreat
GE_Sune_Talent_DroppedPulseAoeDebuffsTargets_Debuff,3,EffectType.Harmful
GE_Sune_Talent_DroppedPulseAoeDebuffsTargets_Debuff,4,EffectType.Magic.Holy
GE_Sune_Talent_DroppedPulseAoeDebuffsTargets_SlowDebuff,0,EffectType.Debuff
GE_Sune_Talent_DroppedPulseAoeDebuffsTargets_SlowDebuff,1,EffectType.Harmful
GE_Sune_Talent_DroppedPulseAoeDebuffsTargets_SlowDebuff,2,EffectType.Magic.Holy
GE_Sune_Talent_DroppedPulseAoeDebuffsTargets_SlowDebuff,3,EffectType.MovementImpairing
GE_Sune_Talent_DroppedPulseAoe_HealsAlly_Heal,0,EffectType.Beneficial
GE_Sune_Talent_DroppedPulseAoe_HealsAlly_Heal,1,EffectType.Healing
GE_Sune_Talent_DroppedPulseAoe_HealsAlly_Heal,2,EffectType.Magic.Holy
GE_Sune_Talent_DroppedPulseAoe_StackingBoostBuff,0,EffectLogic.RemoveOnDeath
GE_Sune_Talent_DroppedPulseAoe_StackingBoostBuff,1,EffectLogic.RemoveOnSourceLoadoutChange
GE_Sune_Talent_DroppedPulseAoe_StackingBoostBuff,2,EffectType.Magic.Holy
GE_Sune_Talent_DroppedPulseAoe_StackingBoostBuff,3,EffectType.Beneficial
GE_Sune_Talent_DroppedPulseAoe_StackingBoostBuff,4,EffectType.Buff
GE_Sune_Talent_DroppedPulseAoe_StackingBoostBuff,5,EffectVisualization.Icon
GE_Sune_Talent_DroppedPulseAoe_StackingBoostBuff,6,EffectVisualization.HeroSuperBuffbar
GE_Sune_Talent_IncreasedParryChance_Buff,0,EffectLogic.System
GE_Sune_Talent_InstantSingleTargetHealOrDamage_DotHot_Dot,0,EffectType.Magic.Holy
GE_Sune_Talent_InstantSingleTargetHealOrDamage_DotHot_Dot,1,EffectLogic.RemoveOnDeath
GE_Sune_Talent_InstantSingleTargetHealOrDamage_DotHot_Dot,2,EffectLogic.RemoveOnSourceLoadoutChange
GE_Sune_Talent_InstantSingleTargetHealOrDamage_DotHot_Dot,3,EffectType.Dot
GE_Sune_Talent_InstantSingleTargetHealOrDamage_DotHot_Dot,4,EffectVisualization.IconOnPartyUnitFrame
GE_Sune_Talent_InstantSingleTargetHealOrDamage_DotHot_Dot,5,EffectVisualization.Icon
GE_Sune_Talent_InstantSingleTargetHealOrDamage_DotHot_Dot,6,EffectType.Harmful
GE_Sune_Talent_InstantSingleTargetHealOrDamage_DotHot_Hot,0,EffectType.Beneficial
GE_Sune_Talent_InstantSingleTargetHealOrDamage_DotHot_Hot,1,EffectType.Healing
GE_Sune_Talent_InstantSingleTargetHealOrDamage_DotHot_Hot,2,EffectType.Hot
GE_Sune_Talent_InstantSingleTargetHealOrDamage_DotHot_Hot,3,EffectType.Magic.Holy
GE_Sune_Talent_InstantSingleTargetHealOrDamage_DotHot_Hot,4,EffectLogic.RemoveOnDeath
GE_Sune_Talent_InstantSingleTargetHealOrDamage_DotHot_Hot,5,EffectLogic.RemoveOnSourceLoadoutChange
GE_Sune_Talent_InstantSingleTargetHealOrDamage_DotHot_Hot,6,EffectVisualization.Icon
GE_Sune_Talent_InstantSingleTargetHealOrDamage_DotHot_Hot,7,EffectVisualization.IconOnPartyUnitFrame
GE_Sune_Talent_LowHealthDamageReduction,0,EffectLogic.RemoveOnDeath
GE_Sune_Talent_LowHealthDamageReduction,1,EffectLogic.RemoveOnSourceLoadoutChange
GE_Sune_Talent_LowHealthDamageReduction,2,EffectType.Beneficial
GE_Sune_Talent_LowHealthDamageReduction,3,EffectType.Buff
GE_Sune_Talent_LowHealthDamageReduction,4,EffectType.Magic.Holy
GE_Sune_Talent_LowHealthDamageReduction,5,EffectVisualization.Icon
GE_Sune_Talent_ParryCounterAttack_Buff,0,EffectLogic.RemoveOnDeath
GE_Sune_Talent_ParryCounterAttack_Buff,1,EffectLogic.RemoveOnSourceLoadoutChange
GE_Sune_Talent_ParryCounterAttack_Buff,2,EffectType.Buff
GE_Sune_Talent_ParryCounterAttack_Buff,3,EffectType.Beneficial
GE_Sune_Talent_ParryCounterAttack_Buff,4,EffectType.Magic.Holy
GE_Sune_Talent_ParryCounterAttack_Buff,5,EffectVisualization.Icon
GE_Sune_Talent_ParryCounterAttack_Buff,6,EffectVisualization.HeroSuperBuffbar
GE_Sune_Talent_ParryCounterAttack_Damage,0,EffectType.GeneratesThreat
GE_Sune_Talent_ParryCounterAttack_Damage,1,EffectType.Harmful
GE_Sune_Talent_ParryCounterAttack_Damage,2,EffectType.Physical
GE_Sune_Talent_ReducedIncomingMagicDamage_Buff,0,EffectType.Beneficial
GE_Sune_Talent_ReducedIncomingMagicDamage_Buff,1,EffectType.Buff
GE_Sune_Talent_ReducedIncomingMagicDamage_Buff,2,EffectType.Magic.Holy
GE_Sune_Talent_ReducedIncomingMagicDamage_Buff,3,EffectLogic.RemoveOnDeath
GE_Sune_Talent_ReducedIncomingMagicDamage_Buff,4,EffectVisualization.Icon
GE_Sune_Talent_ReducedIncomingMagicDamage_Buff,5,EffectVisualization.HeroSuperBuffbar
GE_Sune_Talent_SingleTargetAbsorb_AoeDamage_Damage,0,EffectType.Harmful
GE_Sune_Talent_SingleTargetAbsorb_AoeDamage_Damage,1,EffectType.GeneratesThreat
GE_Sune_Talent_SingleTargetAbsorb_AoeDamage_Damage,2,EffectType.Magic.Holy
GE_Sune_Talent_SingleTargetAbsorb_ParryBoost_Buff,0,EffectType.Beneficial
GE_Sune_Talent_SingleTargetAbsorb_ParryBoost_Buff,1,EffectType.Buff
GE_Sune_Talent_SingleTargetAbsorb_ParryBoost_Buff,2,EffectType.Magic.Holy
GE_Sune_Talent_SingleTargetAbsorb_ParryBoost_Buff,3,EffectLogic.RemoveOnSourceLoadoutChange
GE_Sune_Talent_SingleTargetAbsorb_ParryBoost_Buff,4,EffectLogic.RemoveOnDeath
GE_Sune_Talent_SingleTargetAbsorb_ParryBoost_Buff,5,EffectVisualization.Icon
GE_Sune_Talent_SingleTargetAbsorb_SecondaryStatBoosts_Buff,0,EffectLogic.System
GE_Sune_Talent_SingleTargetAbsorb_SecondaryStatBoosts_SelfBuff,0,EffectLogic.System
GE_Sune_Talent_SingleTargetFillerMelee_AoeProcBuff_Buff,0,EffectLogic.RemoveOnDeath
GE_Sune_Talent_SingleTargetFillerMelee_AoeProcBuff_Buff,1,EffectLogic.RemoveOnSourceLoadoutChange
GE_Sune_Talent_SingleTargetFillerMelee_AoeProcBuff_Buff,2,EffectVisualization.Icon
GE_Sune_Talent_SingleTargetFillerMelee_AoeProcBuff_Buff,3,EffectType.Beneficial
GE_Sune_Talent_SingleTargetFillerMelee_AoeProcBuff_Buff,4,EffectType.Buff
GE_Sune_Talent_SingleTargetFillerMelee_AoeProcBuff_Buff,5,EffectType.Magic.Holy
GE_Sune_Talent_SingleTargetFillerMelee_AoeProcBuff_Buff,6,EffectVisualization.HeroSuperBuffbar
GE_Sune_Talent_SingleTargetFillerMelee_AoeProcBuff_Damage,0,EffectType.GeneratesThreat
GE_Sune_Talent_SingleTargetFillerMelee_AoeProcBuff_Damage,1,EffectType.Harmful
GE_Sune_Talent_SingleTargetFillerMelee_AoeProcBuff_Damage,2,EffectType.Magic.Holy
GE_Sune_Talent_TargetedLeapAoe_MoveSpeedAndArmorBuff_Buff,0,EffectLogic.RemoveOnDeath
GE_Sune_Talent_TargetedLeapAoe_MoveSpeedAndArmorBuff_Buff,1,EffectType.Beneficial
GE_Sune_Talent_TargetedLeapAoe_MoveSpeedAndArmorBuff_Buff,2,EffectType.Buff
GE_Sune_Talent_TargetedLeapAoe_MoveSpeedAndArmorBuff_Buff,3,EffectType.Magic.Holy
GE_Sune_Talent_TargetedLeapAoe_MoveSpeedAndArmorBuff_Buff,4,EffectVisualization.Icon
GE_Sune_Talent_TargetedLeapAoe_MoveSpeedAndArmorBuff_Buff,5,EffectVisualization.HeroSuperBuffbar
GE_Sune_Talent_TargetedLeapAoe_ParryBuff,0,EffectLogic.RemoveOnDeath
GE_Sune_Talent_TargetedLeapAoe_ParryBuff,1,EffectLogic.RemoveOnSourceLoadoutChange
GE_Sune_Talent_TargetedLeapAoe_ParryBuff,2,EffectType.Beneficial
GE_Sune_Talent_TargetedLeapAoe_ParryBuff,3,EffectType.Buff
GE_Sune_Talent_TargetedLeapAoe_ParryBuff,4,EffectType.Magic.Holy
GE_Sune_Talent_TargetedLeapAoe_ParryBuff,5,EffectVisualization.Icon
GE_Sune_Talent_TargetedLeapAoe_ParryBuff,6,EffectVisualization.HeroSuperBuffbar
GE_Sune_TargetedCastedHealOrDamage_Damage,0,EffectType.Physical
GE_Sune_TargetedCastedHealOrDamage_Damage,1,EffectType.GeneratesThreat
GE_Sune_TargetedCastedHealOrDamage_Damage,2,EffectType.Harmful
GE_Sune_TargetedCastedHealOrDamage_Heal,0,EffectType.Physical
GE_Sune_TargetedCastedHealOrDamage_Heal,1,EffectType.Beneficial
GE_Sune_TargetedCastedHealOrDamage_Heal,2,EffectType.Healing
GE_Sune_TargetedCastedHealOrDamage_Heal,3,EffectType.GeneratesThreat
GE_Sune_TargetedCastedHealOrDamage_OnEnemy_Debuff,0,EffectLogic.RemoveOnDeath
GE_Sune_TargetedCastedHealOrDamage_OnEnemy_Debuff,1,EffectLogic.System
GE_Sune_TargetedCastedHealOrDamage_OnEnemy_Debuff,2,EffectType.Debuff
GE_Sune_TargetedCastedHealOrDamage_OnEnemy_Debuff,3,EffectType.GeneratesThreat
GE_Sune_TargetedCastedHealOrDamage_OnEnemy_Debuff,4,EffectType.Physical
GE_Sune_TargetedCastedHealOrDamage_OnEnemy_Debuff,5,EffectType.Harmful
GE_Sune_TargetedCastedHealOrDamage_OnEnemy_Debuff,6,EffectVisualization.Icon
GE_Sune_TargetedLeapAoe_Damage,0,EffectType.Physical
GE_Sune_TargetedLeapAoe_Damage,1,EffectType.Harmful
GE_Sune_TargetedLeapAoe_Damage,2,EffectType.GeneratesThreat
GE_Sune_TargetedLeapAoe_SelfBuff,0,EffectLogic.RemoveOnDeath
GE_Sune_TargetedLeapAoe_SelfBuff,1,EffectType.Physical
GE_Sune_TargetedLeapAoe_SelfBuff,2,EffectType.Beneficial
GE_Sune_TargetedLeapAoe_SelfBuff,3,EffectType.Buff
GE_Sune_TargetedLeapAoe_SelfBuff,4,EffectLogic.NotDispellable
GE_Sune_TargetedLeapAoe_SelfBuff,5,EffectLogic.NoIncomingImmuneLogging
GE_Talent_HeavyMeleeDotBoost_IncreasedDotDamage,0,EffectLogic.System
GE_Talent_HeavyMeleeDotBoost_IncreasedDotDamage,1,EffectType.Beneficial
GE_Talent_HeavyMeleeDotBoost_IncreasedDotDamage,2,EffectVisualization.Icon
GE_Talent_HeavyMeleeDotBoost_IncreasedDotDamage,3,EffectLogic.RemoveOnDeath
GE_Talent_InstantAoeDot_StacksToHaste_Buff,0,EffectType.Beneficial
GE_Talent_InstantAoeDot_StacksToHaste_Buff,1,EffectVisualization.Icon
GE_Talent_InstantAoeDot_StacksToHaste_Buff,2,EffectLogic.RemoveOnDeath
GE_Talent_InstantAoeDot_StacksToHaste_Buff,3,EffectVisualization.HeroSuperBuffbar
GE_TauntTotem_Stats,0,EffectLogic.System
GE_Trait_AbilityToIncreasedMainStat_Buff,0,EffectVisualization.Icon
GE_Trait_AbilityToIncreasedMainStat_Buff,1,EffectLogic.System
GE_Trait_AbilityToIncreasedMainStat_Buff,2,EffectType.Beneficial
GE_Trait_AbilityToIncreasedMainStat_Buff,3,CustomAssetTags.Traits.AbilityToIncreasedMainStat.Buff
GE_Trait_AbilityToIncreasedMainStat_Stacker,0,EffectVisualization.Icon
GE_Trait_AbilityToIncreasedMainStat_Stacker,1,EffectLogic.System
GE_Trait_AbilityToIncreasedMainStat_Stacker,2,EffectType.Beneficial
GE_Trait_BigBlowMitigation_Cooldown,0,EffectLogic.System
GE_Trait_BigBlowMitigation_Cooldown,1,EffectType.Debuff
GE_Trait_BigBlowMitigation_Cooldown,2,EffectVisualization.Icon
GE_Trait_BigBlowMitigation_Cooldown,3,EffectLogic.RemoveOnSourceLoadoutChange
GE_Trait_BigBlowMitigation_Cooldown,4,EffectType.Harmful
GE_Trait_BigBlowMitigation_Cooldown,5,EffectVisualization.IconOnPartyUnitFrame
GE_Trait_CommitToHasteRatingAndWeaponCooldown_HasteRatingBuff,0,EffectVisualization.Icon
GE_Trait_CommitToHasteRatingAndWeaponCooldown_HasteRatingBuff,1,EffectLogic.System
GE_Trait_CommitToHasteRatingAndWeaponCooldown_HasteRatingBuff,2,EffectType.Beneficial
GE_Trait_CooldownRecoveryOnWeaponAbility_Buff,0,EffectType.Beneficial
GE_Trait_CooldownRecoveryOnWeaponAbility_Buff,1,EffectType.Buff
GE_Trait_CooldownRecoveryOnWeaponAbility_Buff,2,EffectLogic.System
GE_Trait_CooldownRecoveryOnWeaponAbility_Buff,3,EffectVisualization.Icon
GE_Trait_CooldownRecoveryOnWeaponAbility_Buff,4,EffectLogic.RemoveOnDeath
GE_Trait_CritsToIncreasedCritRating_Counter,0,EffectVisualization.Icon
GE_Trait_CritsToIncreasedCritRating_Counter,1,EffectLogic.System
GE_Trait_CritsToIncreasedCritRating_Counter,2,EffectType.Beneficial
GE_Trait_CritsToIncreasedCritRating_CritRatingBuff,0,EffectVisualization.Icon
GE_Trait_CritsToIncreasedCritRating_CritRatingBuff,1,EffectLogic.System
GE_Trait_CritsToIncreasedCritRating_CritRatingBuff,2,EffectType.Beneficial
GE_Trait_CritsToIncreasedPrimaryStatBuff_Buff,0,EffectLogic.System
GE_Trait_CritsToIncreasedPrimaryStatBuff_Buff,1,EffectType.Beneficial
GE_Trait_CritsToIncreasedPrimaryStatBuff_Buff,2,EffectVisualization.Icon
GE_Trait_CritsToIncreasedPrimaryStatBuff_Buff,3,EffectLogic.RemoveOnDeath
GE_Trait_CritsToIncreasedPrimaryStatBuff_Buff,4,EffectLogic.RemoveOnSourceLoadoutChange
GE_Trait_CritsToIncreasedPrimaryStatBuff_Hot,0,EffectType.Beneficial
GE_Trait_CritsToIncreasedPrimaryStatBuff_Hot,1,EffectType.GeneratesThreat
GE_Trait_CritsToIncreasedPrimaryStatBuff_Hot,2,EffectType.Healing
GE_Trait_CritsToIncreasedPrimaryStatBuff_Hot,3,EffectType.Magic
GE_Trait_CritsToIncreasedPrimaryStatBuff_Hot,4,EffectLogic.RemoveOnDeath
GE_Trait_CritsToIncreasedPrimaryStatBuff_Hot,5,EffectLogic.RemoveOnSourceLoadoutChange
GE_Trait_DamageReductionWhenHealthy,0,EffectLogic.System
GE_Trait_DamageReductionWhenHealthy,1,EffectType.Beneficial
GE_Trait_DamageReductionWhenHealthy,2,EffectType.Buff
GE_Trait_DamageReductionWhenHealthy,3,EffectVisualization.Icon
GE_Trait_DeathPreventionWithImmunity_Cooldown,0,EffectLogic.System
GE_Trait_DeathPreventionWithImmunity_Cooldown,1,EffectType.Debuff
GE_Trait_DeathPreventionWithImmunity_Cooldown,2,EffectVisualization.Icon
GE_Trait_DeathPreventionWithImmunity_Cooldown,3,EffectLogic.RemoveOnSourceLoadoutChange
GE_Trait_DeathPreventionWithImmunity_Cooldown,4,EffectType.Harmful
GE_Trait_DeathPreventionWithImmunity_Cooldown,5,EffectVisualization.IconOnPartyUnitFrame
GE_Trait_DeathPreventionWithImmunity_ImmunityBuff,0,EffectVisualization.Icon
GE_Trait_DeathPreventionWithImmunity_ImmunityBuff,1,EffectLogic.RemoveOnSourceLoadoutChange
GE_Trait_DeathPreventionWithImmunity_ImmunityBuff,2,EffectVisualization.IconOnPartyUnitFrame
GE_Trait_DeathPreventionWithImmunity_ImmunityBuff,3,EffectLogic.RemoveOnDeath
GE_Trait_DeathPreventionWithImmunity_ImmunityBuff,4,EffectType.Beneficial
GE_Trait_DeathPreventionWithImmunity_ImmunityBuff,5,EffectType.Buff
GE_Trait_DeathPreventionWithImmunity_ImmunityBuff,6,EffectType.Magic
GE_Trait_ExtraDotHotOnEffectApplicationProc_Dot,0,EffectType.Dot
GE_Trait_ExtraDotHotOnEffectApplicationProc_Dot,1,EffectType.GeneratesThreat
GE_Trait_ExtraDotHotOnEffectApplicationProc_Dot,2,EffectType.Harmful
GE_Trait_ExtraDotHotOnEffectApplicationProc_Dot,3,EffectLogic.RemoveOnDeath
GE_Trait_ExtraDotHotOnEffectApplicationProc_Dot,4,EffectVisualization.Icon
GE_Trait_ExtraDotHotOnEffectApplicationProc_Dot,5,CustomAssetTags.Traits.ExtraDotHotOnEffectApplicationProc
GE_Trait_ExtraDotHotOnEffectApplicationProc_Dot,6,EffectType.Magic.Fire
GE_Trait_ExtraDotHotOnEffectApplicationProc_Hot,0,EffectType.GeneratesThreat
GE_Trait_ExtraDotHotOnEffectApplicationProc_Hot,1,EffectLogic.RemoveOnDeath
GE_Trait_ExtraDotHotOnEffectApplicationProc_Hot,2,EffectVisualization.Icon
GE_Trait_ExtraDotHotOnEffectApplicationProc_Hot,3,EffectType.Hot
GE_Trait_ExtraDotHotOnEffectApplicationProc_Hot,4,EffectType.Beneficial
GE_Trait_ExtraDotHotOnEffectApplicationProc_Hot,5,EffectType.Healing
GE_Trait_ExtraDotHotOnEffectApplicationProc_Hot,6,CustomAssetTags.Traits.ExtraDotHotOnEffectApplicationProc
GE_Trait_ExtraDotHotOnEffectApplicationProc_Hot,7,EffectType.Magic.Fire
GE_Trait_FirstIncomingHitToReducedIncomingDamageBuff_Buff,0,EffectLogic.System
GE_Trait_FirstIncomingHitToReducedIncomingDamageBuff_Buff,1,EffectLogic.RemoveOnDeath
GE_Trait_FirstIncomingHitToReducedIncomingDamageBuff_Buff,2,EffectType.Beneficial
GE_Trait_FirstIncomingHitToReducedIncomingDamageBuff_Buff,3,EffectVisualization.Icon
GE_Trait_FirstIncomingHitToReducedIncomingDamageBuff_Marked,0,EffectLogic.System
GE_Trait_FirstIncomingHitToReducedIncomingDamageBuff_Marked,1,EffectLogic.RemoveOnDeath
GE_Trait_GemCooldownRecoveryOnAbilityProc_Buff,0,EffectType.Beneficial
GE_Trait_GemCooldownRecoveryOnAbilityProc_Buff,1,EffectType.Buff
GE_Trait_GemCooldownRecoveryOnAbilityProc_Buff,2,EffectType.Magic
GE_Trait_GemCooldownRecoveryOnAbilityProc_Buff,3,EffectVisualization.Icon
GE_Trait_GemDotHotOnCrit_DoT,0,EffectLogic.System
GE_Trait_GemDotHotOnCrit_DoT,1,EffectType.Harmful
GE_Trait_GemDotHotOnCrit_DoT,2,EffectLogic.RemoveOnDeath
GE_Trait_GemDotHotOnCrit_DoT,3,EffectVisualization.Icon
GE_Trait_GemDotHotOnCrit_DoT,4,EffectType.Magic
GE_Trait_GemDotHotOnCrit_DoT,5,EffectType.GeneratesThreat
GE_Trait_GemDotHotOnCrit_DoT,6,EffectType.Dot
GE_Trait_GemDotHotOnCrit_DoT,7,EffectLogic.RemoveOnSourceDeath
GE_Trait_GemDotHotOnCrit_HoT,0,EffectLogic.RemoveOnDeath
GE_Trait_GemDotHotOnCrit_HoT,1,EffectLogic.System
GE_Trait_GemDotHotOnCrit_HoT,2,EffectType.Beneficial
GE_Trait_GemDotHotOnCrit_HoT,3,EffectVisualization.Icon
GE_Trait_GemDotHotOnCrit_HoT,4,EffectType.Magic
GE_Trait_GemDotHotOnCrit_HoT,5,EffectType.GeneratesThreat
GE_Trait_GemDotHotOnCrit_HoT,6,EffectType.Healing
GE_Trait_GemDotHotOnCrit_HoT,7,EffectType.Hot
GE_Trait_GemDotHotOnCrit_HoT,8,EffectLogic.RemoveOnSourceDeath
GE_Trait_GemPulsatingOnAbilityTotemProc_FlatDamage,0,EffectType.Harmful
GE_Trait_GemPulsatingOnAbilityTotemProc_FlatDamage,1,EffectLogic.System
GE_Trait_GemPulsatingOnAbilityTotemProc_FlatDamage,2,EffectType.GeneratesThreat
GE_Trait_GemPulsatingOnAbilityTotemProc_FlatDamage,3,EffectType.Magic
GE_Trait_GemPulsatingOnAbilityTotemProc_FlatHeal,0,EffectLogic.System
GE_Trait_GemPulsatingOnAbilityTotemProc_FlatHeal,1,EffectType.Magic
GE_Trait_GemPulsatingOnAbilityTotemProc_FlatHeal,2,EffectType.Healing
GE_Trait_GemPulsatingOnAbilityTotemProc_FlatHeal,3,EffectType.Beneficial
GE_Trait_GemSingleTargetProcOnDamageHeal_Buff,0,EffectVisualization.Icon
GE_Trait_GemSingleTargetProcOnDamageHeal_Buff,1,EffectType.Magic
GE_Trait_GemSingleTargetProcOnDamageHeal_Buff,2,EffectLogic.RemoveOnDeath
GE_Trait_GemSingleTargetProcOnDamageHeal_Buff,3,EffectType.Beneficial
GE_Trait_GemSingleTargetProcOnDamageHeal_Buff,4,EffectType.Buff
GE_Trait_GemSingleTargetProcOnDamageHeal_Damage,0,EffectType.Harmful
GE_Trait_GemSingleTargetProcOnDamageHeal_Damage,1,EffectType.GeneratesThreat
GE_Trait_GemSingleTargetProcOnDamageHeal_Damage,2,EffectType.Magic
GE_Trait_GemSingleTargetProcOnDamageHeal_Damage,3,CustomAssetTags.Traits.GemSingleTargetProcOnDamageHeal.Damage
GE_Trait_GemSingleTargetProcOnDamageHeal_Debuff,0,EffectVisualization.Icon
GE_Trait_GemSingleTargetProcOnDamageHeal_Debuff,1,EffectType.GeneratesThreat
GE_Trait_GemSingleTargetProcOnDamageHeal_Debuff,2,EffectType.Harmful
GE_Trait_GemSingleTargetProcOnDamageHeal_Debuff,3,EffectType.Magic
GE_Trait_GemSingleTargetProcOnDamageHeal_Debuff,4,EffectLogic.RemoveOnDeath
GE_Trait_GemSingleTargetProcOnDamageHeal_Debuff,5,EffectType.Debuff
GE_Trait_GemSingleTargetProcOnDamageHeal_Heal,0,EffectType.Magic
GE_Trait_GemSingleTargetProcOnDamageHeal_Heal,1,EffectType.Beneficial
GE_Trait_GemSingleTargetProcOnDamageHeal_Heal,2,EffectType.Healing
GE_Trait_GemSingleTargetProcOnDamageHeal_Heal,3,CustomAssetTags.Traits.GemSingleTargetProcOnDamageHeal.Heal
GE_Trait_GemTargetedSpikeProc_Damage,0,EffectType.GeneratesThreat
GE_Trait_GemTargetedSpikeProc_Damage,1,EffectType.Harmful
GE_Trait_GemTargetedSpikeProc_Damage,2,EffectType.Magic
GE_Trait_GemTargetedSpikeProc_Damage,3,CustomAssetTags.Traits.GemTargetedSpikeProc.Damage
GE_Trait_GemTargetedSpikeProc_KnockBackImmunity,0,EffectType.Magic
GE_Trait_GemWhirlwindProc_Damage,0,EffectType.Harmful
GE_Trait_GemWhirlwindProc_Damage,1,EffectType.Magic
GE_Trait_GemWhirlwindProc_Damage,2,EffectType.GeneratesThreat
GE_Trait_IncomingDamageToDefenceAndDamage_Damage,0,EffectType.Harmful
GE_Trait_IncomingDamageToDefenceAndDamage_Damage,1,EffectType.Magic
GE_Trait_IncomingDamageToDefenceAndDamage_Damage,2,EffectType.GeneratesThreat
GE_Trait_IncomingDamageToDefenceAndDamage_Damage,3,EffectLogic.NotReflectable
GE_Trait_IncomingDamageToDefenceAndDamage_DefenceBuff,0,EffectLogic.System
GE_Trait_IncomingDamageToDefenceAndDamage_DefenceBuff,1,EffectType.Beneficial
GE_Trait_IncomingDamageToDefenceAndDamage_DefenceBuff,2,EffectLogic.RemoveOnDeath
GE_Trait_IncomingDamageToDefenceAndDamage_DefenceBuff,3,EffectVisualization.Icon
GE_Trait_IncomingDamageToDefenceAndDamage_DefenceBuff,4,EffectVisualization.IconOnPartyUnitFrame
GE_Trait_IncomingDamageToHotAndAbsorb_Absorb,0,EffectType.Absorption
GE_Trait_IncomingDamageToHotAndAbsorb_Absorb,1,EffectType.Beneficial
GE_Trait_IncomingDamageToHotAndAbsorb_Absorb,2,EffectType.GeneratesThreat
GE_Trait_IncomingDamageToHotAndAbsorb_Absorb,3,EffectLogic.RemoveOnDeath
GE_Trait_IncomingDamageToHotAndAbsorb_Absorb,4,EffectVisualization.Icon
GE_Trait_IncomingDamageToHotAndAbsorb_Absorb,5,EffectVisualization.IconOnPartyUnitFrame
GE_Trait_IncomingDamageToHotAndAbsorb_Absorb,6,EffectType.Magic
GE_Trait_IncomingDamageToHotAndAbsorb_Hot,0,EffectType.GeneratesThreat
GE_Trait_IncomingDamageToHotAndAbsorb_Hot,1,EffectType.Hot
GE_Trait_IncomingDamageToHotAndAbsorb_Hot,2,EffectType.Beneficial
GE_Trait_IncomingDamageToHotAndAbsorb_Hot,3,EffectLogic.RemoveOnDeath
GE_Trait_IncomingDamageToHotAndAbsorb_Hot,4,EffectVisualization.IconOnPartyUnitFrame
GE_Trait_IncomingDamageToHotAndAbsorb_Hot,5,EffectVisualization.Icon
GE_Trait_IncomingDamageToHotAndAbsorb_Hot,6,EffectType.Magic
GE_Trait_IncomingHealToStackingHealWithThreshold_Buff,0,EffectLogic.System
GE_Trait_IncomingHealToStackingHealWithThreshold_Buff,1,EffectType.Beneficial
GE_Trait_IncomingHealToStackingHealWithThreshold_Buff,2,EffectVisualization.Icon
GE_Trait_IncomingHealToStackingHealWithThreshold_Buff,3,EffectLogic.RemoveOnDeath
GE_Trait_IncomingHealToStackingHealWithThreshold_Heal,0,EffectType.Beneficial
GE_Trait_IncomingHealToStackingHealWithThreshold_Heal,1,EffectType.GeneratesThreat
GE_Trait_IncomingHealToStackingHealWithThreshold_Heal,2,EffectType.Healing
GE_Trait_IncomingHealToStackingHealWithThreshold_Heal,3,EffectType.Magic
GE_Trait_IncreasedMainStatAndSpiritRating_MainStat,0,EffectLogic.System
GE_Trait_IncreasedMainStatAndSpiritRating_MainStat,1,EffectLogic.RemoveOnDeath
GE_Trait_IncreasedMainStatAndSpiritRating_MainStat,2,EffectType.Beneficial
GE_Trait_IncreasedMainStatAndSpiritRating_MainStat,3,EffectVisualization.Icon
GE_Trait_IncreasedMainStatAndSpiritRating_SpiritRating,0,EffectLogic.System
GE_Trait_IncreasedStaminaToHealthConversion,0,EffectLogic.System
GE_Trait_IncreasedStaminaToHealthConversion,1,EffectType.Beneficial
GE_Trait_IncreasedStaminaToHealthConversion,2,EffectType.Buff
GE_Trait_NoDamageToDamageReduction_Buff,0,EffectLogic.System
GE_Trait_NoDamageToDamageReduction_Buff,1,EffectType.Beneficial
GE_Trait_NoDamageToDamageReduction_Buff,2,EffectLogic.RemoveOnDeath
GE_Trait_NoDamageToDamageReduction_Buff,3,EffectVisualization.Icon
GE_Trait_OffensiveAbilityHasteRatingStacking_Buff,0,EffectLogic.System
GE_Trait_OffensiveAbilityHasteRatingStacking_Buff,1,EffectType.Beneficial
GE_Trait_OffensiveAbilityHasteRatingStacking_Buff,2,EffectVisualization.Icon
GE_Trait_OffensiveAbilityHasteRatingStacking_Buff,3,EffectLogic.RemoveOnDeath
GE_Trait_OffensiveAbilityToHighestStatBuff_Buff_Crit,0,EffectLogic.System
GE_Trait_OffensiveAbilityToHighestStatBuff_Buff_Crit,1,EffectType.Beneficial
GE_Trait_OffensiveAbilityToHighestStatBuff_Buff_Crit,2,EffectVisualization.Icon
GE_Trait_OffensiveAbilityToHighestStatBuff_Buff_Crit,3,EffectLogic.RemoveOnDeath
GE_Trait_OffensiveAbilityToHighestStatBuff_Buff_Crit,4,CustomAssetTags.Traits.OffensiveAbilityToHighestStatBuff.Buff
GE_Trait_OffensiveAbilityToHighestStatBuff_Buff_Expertise,0,EffectLogic.System
GE_Trait_OffensiveAbilityToHighestStatBuff_Buff_Expertise,1,EffectType.Beneficial
GE_Trait_OffensiveAbilityToHighestStatBuff_Buff_Expertise,2,EffectVisualization.Icon
GE_Trait_OffensiveAbilityToHighestStatBuff_Buff_Expertise,3,EffectLogic.RemoveOnDeath
GE_Trait_OffensiveAbilityToHighestStatBuff_Buff_Expertise,4,CustomAssetTags.Traits.OffensiveAbilityToHighestStatBuff.Buff
GE_Trait_OffensiveAbilityToHighestStatBuff_Buff_Haste,0,EffectLogic.System
GE_Trait_OffensiveAbilityToHighestStatBuff_Buff_Haste,1,EffectType.Beneficial
GE_Trait_OffensiveAbilityToHighestStatBuff_Buff_Haste,2,EffectVisualization.Icon
GE_Trait_OffensiveAbilityToHighestStatBuff_Buff_Haste,3,EffectLogic.RemoveOnDeath
GE_Trait_OffensiveAbilityToHighestStatBuff_Buff_Haste,4,CustomAssetTags.Traits.OffensiveAbilityToHighestStatBuff.Buff
GE_Trait_OffensiveAbilityToHighestStatBuff_Buff_Spirit,0,EffectLogic.System
GE_Trait_OffensiveAbilityToHighestStatBuff_Buff_Spirit,1,EffectType.Beneficial
GE_Trait_OffensiveAbilityToHighestStatBuff_Buff_Spirit,2,EffectVisualization.Icon
GE_Trait_OffensiveAbilityToHighestStatBuff_Buff_Spirit,3,EffectLogic.RemoveOnDeath
GE_Trait_OffensiveAbilityToHighestStatBuff_Buff_Spirit,4,CustomAssetTags.Traits.OffensiveAbilityToHighestStatBuff.Buff
GE_Trait_RelicToDamageReduction_Buff,0,EffectLogic.System
GE_Trait_RelicToDamageReduction_Buff,1,EffectType.Beneficial
GE_Trait_RelicToDamageReduction_Buff,2,EffectVisualization.Icon
GE_Trait_RelicToDamageReduction_Buff,3,EffectLogic.RemoveOnDeath
GE_Trait_StandingStillHealStacking_Buff,0,EffectLogic.System
GE_Trait_StandingStillHealStacking_Buff,1,EffectLogic.RemoveOnDeath
GE_Trait_StandingStillHealStacking_Buff,2,EffectType.Beneficial
GE_Trait_StandingStillHealStacking_Buff,3,EffectVisualization.Icon
GE_Trait_StandingStillHealStacking_Heal,0,EffectType.Beneficial
GE_Trait_StandingStillHealStacking_Heal,1,EffectType.GeneratesThreat
GE_Trait_StandingStillHealStacking_Heal,2,EffectType.Healing
GE_Trait_StandingStillHealStacking_Heal,3,EffectType.Magic
GE_Trait_StandingStillStaminaExpertiseRatingIncrease_Buff_Durational,0,EffectLogic.System
GE_Trait_StandingStillStaminaExpertiseRatingIncrease_Buff_Durational,1,EffectLogic.RemoveOnDeath
GE_Trait_StandingStillStaminaExpertiseRatingIncrease_Buff_Durational,2,EffectType.Beneficial
GE_Trait_StandingStillStaminaExpertiseRatingIncrease_Buff_Durational,3,EffectVisualization.Icon
GE_Trait_StandingStillStaminaExpertiseRatingIncrease_Buff_Infinite,0,EffectLogic.System
GE_Trait_StandingStillStaminaExpertiseRatingIncrease_Buff_Infinite,1,EffectLogic.RemoveOnDeath
GE_Trait_StandingStillStaminaExpertiseRatingIncrease_Buff_Infinite,2,EffectType.Beneficial
GE_Trait_StandingStillStaminaExpertiseRatingIncrease_Buff_Infinite,3,EffectVisualization.Icon
GE_Trait_WeaponCritChanceCooldownReduction_Buff,0,EffectType.Beneficial
GE_Trait_WeaponCritChanceCooldownReduction_Buff,1,EffectType.Buff
GE_Trait_WeaponCritChanceCooldownReduction_Buff,2,EffectLogic.System
GE_Trait_WeaponDamageReductionPrimaryStatIncrease_Buff,0,EffectLogic.System
GE_Trait_WeaponDamageReductionPrimaryStatIncrease_Buff,1,EffectType.Beneficial
GE_Trait_WeaponDamageReductionPrimaryStatIncrease_Buff,2,EffectVisualization.Icon
GE_Trait_WeaponDamageReductionPrimaryStatIncrease_Buff,3,EffectLogic.RemoveOnDeath
GE_Trait_WeaponDamageReductionPrimaryStatIncrease_Buff,4,EffectLogic.CarryOverDuration
GE_Trait_WeaponHealDamageIncrease_Buff,0,EffectLogic.System
GE_Trait_WeaponHealDamageIncrease_Buff,1,EffectType.Beneficial
GE_Tutorial_Shared_MinHealth,0,EffectType.Beneficial
GE_Tutorial_Shared_MinHealth,1,EffectLogic.NoThreatGeneration
GE_UB_BossArchBishop_Orb_OrbOnDeathBuff_Buff,0,EffectType.Buff
GE_UB_BossArchBishop_Orb_OrbOnDeathBuff_Buff,1,EffectType.Beneficial
GE_UB_BossArchBishop_Orb_OrbOnDeathBuff_Buff,2,EffectVisualization.Icon
GE_UB_BossArchBishop_Orb_OrbOnDeathBuff_Buff,3,EffectLogic.RemoveOnDeath
GE_UB_BossArchbishop_AlternatingAOE_Clone_Debuff_Damage,0,EffectType.Harmful
GE_UB_BossArchbishop_AlternatingAOE_Clone_Debuff_Damage,1,EffectType.Magic.Shadow
GE_UB_BossArchbishop_ArenaAoeBeam_Damage,0,EffectType.Harmful
GE_UB_BossArchbishop_ArenaAoeBeam_Damage,1,EffectType.Magic.Arcane
GE_UB_BossArchbishop_AutoAttackMelee_Damage,0,EffectType.Physical
GE_UB_BossArchbishop_AutoAttackMelee_Damage,1,EffectType.Harmful
GE_UB_BossArchbishop_FollowingCylinderAOE_Damage,0,EffectType.Harmful
GE_UB_BossArchbishop_FollowingCylinderAOE_Damage,1,EffectType.Magic.Necromancy
GE_UB_BossArchbishop_FollowingCylinderAOE_Damage,2,EffectLogic.HolyTrinityNerf.IgnoreAoeIncomingDamageMultiplier
GE_UB_BossArchbishop_FollowingCylinderAOE_DamageToOrb,0,EffectType.Harmful
GE_UB_BossArchbishop_FollowingCylinderAOE_DamageToOrb,1,EffectType.Magic.Necromancy
GE_UB_BossArchbishop_RandomImpactsAOE_Damage,0,EffectType.Harmful
GE_UB_BossArchbishop_RandomImpactsAOE_Damage,1,EffectType.Magic.Necromancy
GE_UB_BossArchbishop_SpawnOrbs_Orb_AOEDamage,0,EffectType.Harmful
GE_UB_BossArchbishop_SpawnOrbs_Orb_AOEDamage,1,EffectType.Magic.Shadow
GE_UB_BossArchbishop_SpawnOrbs_Orb_BossDebuff,0,GameplayEffect.RemoveOnDeath
GE_UB_BossArchbishop_SpawnOrbs_Orb_BossDebuff,1,EffectType.Debuff
GE_UB_BossArchbishop_SpawnOrbs_Orb_BossDebuff,2,Effect.Debuff
GE_UB_BossArchbishop_SpawnOrbs_Orb_BossDebuff,3,EffectVisualization.Icon
GE_UB_BossArchbishop_SpawnOrbs_Orb_InvisibleImmuneAndUntargetable,0,Effect.Buff
GE_UB_BossCaster_CastedRangedProjectile_Damage,0,EffectType.Harmful
GE_UB_BossCaster_CastedRangedProjectile_Damage,1,EffectType.Magic.Fire
GE_UB_BossCaster_CastedRangedProjectile_HasteBuff,0,Effect.Buff
GE_UB_BossCaster_CastedRangedProjectile_HasteBuff,1,GameplayEffect.RemoveOnDeath
GE_UB_BossCaster_CastedRangedProjectile_HasteBuff,2,EffectLogic.RemoveOnDeath
GE_UB_BossCaster_CastedRangedProjectile_HasteBuff,3,GameplayEffect.NotDispellable
GE_UB_BossLifebringer_ImmuneAndUntargetable,0,EffectLogic.AlwaysApply
GE_UB_BossLifebringer_ImmuneAndUntargetable,1,EffectType.Buff
GE_UB_BossLifebringer_ResurectDamageIncrease,0,Effect.Buff
GE_UB_BossLifebringer_ResurectDamageIncrease,1,EffectType.Buff
GE_UB_BossLifebringer_ResurectDamageIncrease,2,GameplayEffect.RemoveOnDeath
GE_UB_BossLifebringer_ResurectDamageIncrease,3,EffectLogic.RemoveOnDeath
GE_UB_BossLunatic_ChasePlayer_Mark,0,Effect.Debuff
GE_UB_BossLunatic_ChasePlayer_Mark,1,GameplayEffect.NotDispellable
GE_UB_BossLunatic_ChasePlayer_Mark,2,GameplayEffect.RemoveOnDeath
GE_UB_BossLunatic_ChasePlayer_Mark,3,GameplayEffect.RemoveOnBossKill
GE_UB_BossLunatic_ChasePlayer_Stun,0,Effect.Debuff
GE_UB_BossLunatic_ChasePlayer_Stun,1,EffectType.Debuff
GE_UB_BossLunatic_ChasePlayer_Stun,2,EffectType.CrowdControl
GE_UB_BossLunatic_ChasePlayer_Stun,3,EffectType.MovementImpairing
GE_UB_BossLunatic_ChasePlayer_Stun,4,EffectType.Physical
GE_UB_BossLunatic_ChasePlayer_Stun,5,EffectType.Silencing
GE_UB_BossLunatic_ChasePlayer_Stun,6,EffectLogic.RemoveOnDeath
GE_UB_BossLunatic_ChasePlayer_Stun,7,GameplayEffect.RemoveOnDeath
GE_UB_BossMarcassCree_CastedTankBuster_Damage,0,EffectType.Physical
GE_UB_BossMarcassCree_CastedTankBuster_DamageIncreaseDebuff,0,EffectType.Debuff
GE_UB_BossMarcassCree_CastedTankBuster_DamageIncreaseDebuff,1,EffectType.Magic
GE_UB_BossMarcassCree_CastedTankBuster_DamageIncreaseDebuff,2,Effect.Debuff
GE_UB_BossMarcassCree_CastedTankBuster_DamageIncreaseDebuff,3,EffectLogic.RemoveOnDeath
GE_UB_BossMarcassCree_CastedTankBuster_DamageIncreaseDebuff,4,GameplayEffect.RemoveOnDeath
GE_UB_BossMarcassCree_FrontalCone_Dot,0,EffectType.Dot
GE_UB_BossMarcassCree_FrontalCone_Dot,1,EffectType.Debuff
GE_UB_BossMarcassCree_FrontalCone_Dot,2,EffectType.Harmful
GE_UB_BossMarcassCree_FrontalCone_Dot,3,EffectType.Magic.Fire
GE_UB_BossMarcassCree_FrontalCone_Dot,4,EffectVisualization.Icon
GE_UB_BossMarcassCree_FrontalCone_Dot,5,Effect.Debuff
GE_UB_BossMarcassCree_MeleeAutoAttack_Damage,0,EffectType.Physical
GE_UB_BossMarcassCree_Minion_ChanneledAttack_Stun,0,Effect.Debuff
GE_UB_BossMarcassCree_Minion_ChanneledAttack_Stun,1,EffectType.Debuff
GE_UB_BossMarcassCree_Minion_ChanneledAttack_Stun,2,EffectType.CrowdControl
GE_UB_BossMarcassCree_Minion_ChanneledAttack_Stun,3,EffectType.MovementImpairing
GE_UB_BossMarcassCree_Minion_ChanneledAttack_Stun,4,EffectType.Physical
GE_UB_BossMarcassCree_Minion_ChanneledAttack_Stun,5,EffectType.Silencing
GE_UB_BossMarcassCree_Minion_ChanneledAttack_Stun,6,EffectLogic.RemoveOnDeath
GE_UB_BossMarcassCree_Minion_ChanneledAttack_Stun,7,GameplayEffect.RemoveOnDeath
GE_UB_BossMarcassCree_Minion_Jump_Bleed,0,Effect.Debuff
GE_UB_BossMarcassCree_Minion_Jump_Bleed,1,EffectType.Debuff
GE_UB_BossMarcassCree_Minion_Jump_Bleed,2,EffectLogic.RemoveOnDeath
GE_UB_BossMarcassCree_Minion_Jump_Bleed,3,GameplayEffect.RemoveOnDeath
GE_UB_BossMarcassCree_Minion_Jump_Bleed,4,EffectType.Physical.Bleed
GE_UB_BossMarcassCree_Minion_Jump_Bleed,5,EffectType.Harmful
GE_UB_BossMarcassCree_Minion_Jump_Bleed,6,EffectVisualization.Icon
GE_UB_BossMarcassCree_PairUp_Debuff,0,EffectType.Debuff
GE_UB_BossMarcassCree_PairUp_Debuff,1,EffectType.Harmful
GE_UB_BossMarcassCree_PairUp_Debuff,2,EffectType.Dot
GE_UB_BossMarcassCree_PairUp_Debuff,3,EffectType.Magic.Necromancy
GE_UB_BossMarcassCree_PairUp_Debuff,4,EffectVisualization.Icon
GE_UB_BossMarcassCree_PairUp_Debuff,5,EffectLogic.NotDispellable
GE_UB_BossMarcassCree_Stampede_Bleed,0,EffectType.Debuff
GE_UB_BossMarcassCree_Stampede_Bleed,1,EffectType.Dot
GE_UB_BossMarcassCree_Stampede_Bleed,2,EffectType.Harmful
GE_UB_BossMarcassCree_Stampede_Bleed,3,EffectType.Physical.Bleed
GE_UB_BossMarcassCree_Stampede_Bleed,4,EffectVisualization.Icon
GE_UB_BossSiegeGraveyard_CastHomingProjectileSpawnCorpse_ProjectileDamage,0,EffectType.Physical
GE_UB_BossSiegeGraveyard_CastHomingProjectileSpawnCorpse_ProjectileDamage,1,EffectType.Harmful
GE_UB_BossSiegeGraveyard_MeleeAutoAttack_Damage,0,EffectType.Harmful
GE_UB_BossSiegeGraveyard_MeleeAutoAttack_Damage,1,EffectType.Physical
GE_UB_BossSiegeGraveyard_SpawnAddPassive_StackBuff,0,GameplayEffect.NotDispellable
GE_UB_BossSiegeGraveyard_SpawnAddPassive_StackBuff,1,EffectType.Buff
GE_UB_BossSiegeGraveyard_SpawnAddPassive_StackBuff,2,EffectLogic.System
GE_UB_BossSiegeGraveyard_SpawnAddPassive_StackBuff,3,Effect.Buff
GE_UB_BossSiegeGraveyard_TriggerNearbyCorpseAOE_ExplosionDamage,0,EffectType.Physical
GE_UB_BossSiegeGraveyard_TriggerNearbyCorpseAOE_ExplosionDamage,1,EffectType.Harmful
GE_UB_BossSiegeGraveyard_TriggerNearbyCorpseAOE_UnavoidableDamage,0,EffectType.Physical
GE_UB_BossSiegeGraveyard_TriggerNearbyCorpseAOE_UnavoidableDamage,1,EffectType.Harmful
GE_UB_BossWarMachine_AoeCircles_Damage,0,EffectType.Physical
GE_UB_BossWarMachine_BonusStackDot_Dot,0,EffectType.Physical
GE_UB_BossWarMachine_BonusStackDot_Dot,1,EffectType.Debuff
GE_UB_BossWarMachine_BonusStackDot_Dot,2,EffectLogic.RemoveOnDeath
GE_UB_BossWarMachine_BonusStackDot_Dot,3,GameplayEffect.RemoveOnDeath
GE_UB_BossWarMachine_BonusStackDot_Dot,4,Effect.Debuff
GE_UB_BossWarMachine_BonusStackDot_Dot,5,EffectType.Dot
GE_UB_BossWarMachine_BonusStackDot_Dot,6,EffectType.Harmful
GE_UB_BossWarMachine_Dismounted_Heal,0,GameplayEffect.AlwaysApply
GE_UB_BossWarMachine_Dismounted_Heal,1,EffectType.Beneficial
GE_UB_BossWarMachine_Dismounted_Heal,2,EffectType.Healing
GE_UB_BossWarMachine_Dismounted_Heal,3,EffectType.Hot
GE_UB_BossWarMachine_FireSweep_Dot,0,EffectType.Dot
GE_UB_BossWarMachine_FireSweep_Dot,1,EffectType.Harmful
GE_UB_BossWarMachine_FireSweep_Dot,2,EffectType.Magic.Fire
GE_UB_BossWarMachine_FireSweep_Dot,3,EffectVisualization.Icon
GE_UB_BossWarMachine_FireSweep_Dot,4,EffectLogic.NotDispellable
GE_UB_BossWarMachine_LinkTargets_Dot,0,EffectType.Physical
GE_UB_BossWarMachine_LinkTargets_Dot,1,EffectType.Debuff
GE_UB_BossWarMachine_LinkTargets_Dot,2,EffectLogic.RemoveOnDeath
GE_UB_BossWarMachine_LinkTargets_Dot,3,GameplayEffect.RemoveOnDeath
GE_UB_BossWarMachine_LinkTargets_Dot,4,GameplayEffect.NotDispellable
GE_UB_BossWarMachine_LinkTargets_Dot,5,Effect.Debuff
GE_UB_BossWarMachine_LinkTargets_Dot,6,EffectType.Dot
GE_UB_BossWarMachine_LinkTargets_Dot,7,EffectType.Harmful
GE_UB_BossWarMachine_LinkTargets_Slow,0,EffectLogic.RemoveOnDeath
GE_UB_BossWarMachine_LinkTargets_Slow,1,GameplayEffect.RemoveOnDeath
GE_UB_BossWarMachine_LinkTargets_Slow,2,GameplayEffect.NotDispellable
GE_UB_BossWarMachine_LinkTargets_Slow,3,EffectType.Physical
GE_UB_BossWarMachine_MeleeAutoAttack_Damage,0,EffectType.Physical
GE_UB_BossWarMachine_MeleeRangeAoeExplosion_Damage,0,EffectType.Physical
GE_UB_BossWarMachine_MeleeRangeAoeExplosion_Damage,1,EffectType.Harmful
GE_UB_BossWarband_BleedBuff_Dot,0,EffectType.Dot
GE_UB_BossWarband_BleedBuff_Dot,1,EffectType.Debuff
GE_UB_BossWarband_BleedBuff_Dot,2,EffectType.Harmful
GE_UB_BossWarband_BleedBuff_Dot,3,EffectType.Physical.Bleed
GE_UB_BossWarband_BleedBuff_Dot,4,EffectVisualization.Icon
GE_UB_BossWarband_DotAura_Dot,0,EffectType.Dot
GE_UB_BossWarband_DotAura_Dot,1,EffectType.Debuff
GE_UB_BossWarband_DotAura_Dot,2,EffectType.Harmful
GE_UB_BossWarband_DotAura_Dot,3,EffectType.Physical.Bleed
GE_UB_BossWarband_DotAura_Dot,4,EffectVisualization.Icon
GE_UB_BossWarband_SharedHealth_Damage,0,EffectType.Harmful
GE_UB_BossWarband_SharedHealth_Heal,0,EffectType.Beneficial
GE_UB_BossWarband_SharedHealth_Heal,1,EffectType.Healing
GE_UB_BossWarmachine_MassAoeDot_Dot,0,EffectType.Physical
GE_UB_BossWarmachine_MassAoeDot_Dot,1,EffectType.Debuff
GE_UB_BossWarmachine_MassAoeDot_Dot,2,EffectLogic.RemoveOnDeath
GE_UB_BossWarmachine_MassAoeDot_Dot,3,EffectLogic.AlwaysApply
GE_UB_BossWarmachine_MassAoeDot_Dot,4,GameplayEffect.RemoveOnDeath
GE_UB_BossWarmachine_MassAoeDot_Dot,5,GameplayEffect.NotDispellable
GE_UB_BossWarmachine_MassAoeDot_Dot,6,Effect.Debuff
GE_UB_BossWarmachine_MassAoeDot_Dot,7,EffectType.Dot
GE_UB_BossWarmachine_MassAoeDot_Dot,8,EffectType.Harmful
GE_UB_BossWarrior_RangedDotProjectile_Bleed,0,Effect.Debuff
GE_UB_BossWarrior_RangedDotProjectile_Bleed,1,EffectType.Dot
GE_UB_BossWarrior_RangedDotProjectile_Bleed,2,EffectType.Debuff
GE_UB_BossWarrior_RangedDotProjectile_Bleed,3,EffectType.Harmful
GE_UB_BossWarrior_RangedDotProjectile_Bleed,4,EffectType.Physical
GE_UB_BossWarrior_RangedDotProjectile_HealReduction,0,Effect.Debuff
GE_UB_BossWarrior_RangedDotProjectile_HealReduction,1,EffectType.Dot
GE_UB_BossWarrior_RangedDotProjectile_HealReduction,2,EffectType.Debuff
GE_UB_BossWarrior_RangedDotProjectile_HealReduction,3,EffectType.Harmful
GE_UB_BossWarrior_RangedDotProjectile_HealReduction,4,EffectType.Physical
GE_UB_CadavrianBannerman_AoeStun_Damage,0,EffectType.Harmful
GE_UB_CadavrianBannerman_AoeStun_Damage,1,EffectType.Physical
GE_UB_CadavrianBannerman_AoeStun_Stun,0,EffectType.Harmful
GE_UB_CadavrianBannerman_AoeStun_Stun,1,EffectType.Physical
GE_UB_CadavrianBannerman_AoeStun_Stun,2,EffectType.Debuff
GE_UB_CadavrianBannerman_AoeStun_Stun,3,EffectType.Stun
GE_UB_CadavrianBannerman_AoeStun_Stun,4,EffectVisualization.Icon
GE_UB_CadavrianBannerman_CastedHighestThreatAoe_Damage,0,EffectType.Harmful
GE_UB_CadavrianBannerman_CastedHighestThreatAoe_Damage,1,EffectType.Physical
GE_UB_CadavrianBannerman_ChargeFurthestTargetAoe_AoeDamage,0,EffectType.Harmful
GE_UB_CadavrianBannerman_ChargeFurthestTargetAoe_AoeDamage,1,Effect.Debuff
GE_UB_CadavrianBannerman_ChargeFurthestTargetAoe_AoeDamage,2,EffectType.Debuff
GE_UB_CadavrianBannerman_ChargeFurthestTargetAoe_AoeDamage,3,EffectType.Magic.Necromancy
GE_UB_CadavrianBannerman_ChargeFurthestTargetAoe_Damage,0,EffectType.Harmful
GE_UB_CadavrianBannerman_ChargeFurthestTargetAoe_Damage,1,EffectType.Physical
GE_UB_CadavrianBannerman_WarHorn_Buff,0,EffectType.Beneficial
GE_UB_CadavrianBannerman_WarHorn_Buff,1,EffectType.Buff
GE_UB_CadavrianBannerman_WarHorn_Buff,2,EffectType.Physical
GE_UB_CadavrianBannerman_WarHorn_Buff,3,EffectVisualization.Icon
GE_UB_CarrionCollector_CastHomingProjectileSpawnCorpse_ProjectileDamage,0,EffectType.Physical
GE_UB_CarrionCollector_CastHomingProjectileSpawnCorpse_ProjectileDamage,1,EffectType.Harmful
GE_UB_CarrionCollector_MeleeAutoAttack_Damage,0,EffectType.Harmful
GE_UB_CarrionCollector_MeleeAutoAttack_Damage,1,EffectType.Physical
GE_UB_CarrionCollector_TriggerNearbyCorpseAOE_ExplosionDamage,0,EffectType.Physical
GE_UB_CarrionCollector_TriggerNearbyCorpseAOE_ExplosionDamage,1,EffectType.Harmful
GE_UB_CarrionCollector_TriggerNearbyCorpseAOE_UnavoidableDamage,0,EffectType.Physical
GE_UB_CarrionCollector_TriggerNearbyCorpseAOE_UnavoidableDamage,1,EffectType.Harmful
GE_UB_Corpse_MeleeAutoAttack_Damage,0,EffectType.Physical
GE_UB_Corpse_MeleeAutoAttack_Damage,1,EffectType.Harmful
GE_UB_Crusader_CastedHighestThreatAoe_Damage,0,EffectType.Harmful
GE_UB_Crusader_CastedHighestThreatAoe_Damage,1,EffectType.Physical
GE_UB_Crusader_CastedHighestThreatDot_Dot,0,Effect.Debuff
GE_UB_Crusader_CastedHighestThreatDot_Dot,1,EffectType.Debuff
GE_UB_Crusader_CastedHighestThreatDot_Dot,2,EffectType.Harmful
GE_UB_Crusader_CastedHighestThreatDot_Dot,3,EffectType.Dot
GE_UB_Crusader_CastedHighestThreatDot_Dot,4,EffectType.Physical
GE_UB_DeadeyeArbalest_LineAttack_Damage,0,EffectType.Harmful
GE_UB_DeadeyeArbalest_LineAttack_Damage,1,EffectType.Magic.Necromancy
GE_UB_DeadeyeArbalest_LineAttack_Debuff,0,EffectType.Debuff
GE_UB_DeadeyeArbalest_LineAttack_Debuff,1,EffectType.Harmful
GE_UB_DeadeyeArbalest_LineAttack_Debuff,2,EffectType.Physical
GE_UB_DeadeyeArbalest_LineAttack_Debuff,3,EffectVisualization.Icon
GE_UB_DeadeyeArbalest_LineAttack_Debuff,4,EffectLogic.RemoveOnDeath
GE_UB_DeadeyeArbalest_RangedAutoAttack_Damage,0,EffectType.Harmful
GE_UB_DeadeyeArbalest_RangedAutoAttack_Damage,1,EffectType.Physical
GE_UB_DefendingArcher_ExitCombatBuff_Buff,0,EffectType.Beneficial
GE_UB_DefendingArcher_ExitCombatBuff_Buff,1,EffectType.Buff
GE_UB_DefendingArcher_ExitCombatBuff_Buff,2,EffectType.Magic.Holy
GE_UB_DefendingArcher_ExitCombatBuff_Buff,3,EffectVisualization.Icon
GE_UB_DefendingArcher_Volley_Dot,0,EffectType.Harmful
GE_UB_DefendingArcher_Volley_Dot,1,EffectType.Dot
GE_UB_DefendingArcher_Volley_Dot,2,EffectVisualization.Icon
GE_UB_DefendingArcher_Volley_Dot,3,EffectType.Magic.Fire
GE_UB_DefendingCleric_CastedProjectile_Damage,0,EffectType.Harmful
GE_UB_DefendingCleric_CastedProjectile_Damage,1,AbilityType.Magic.Holy
GE_UB_DefendingCleric_ExitCombatBuff_Hot,0,EffectType.Beneficial
GE_UB_DefendingCleric_ExitCombatBuff_Hot,1,EffectType.Buff
GE_UB_DefendingCleric_ExitCombatBuff_Hot,2,EffectType.Magic.Holy
GE_UB_DefendingCleric_ExitCombatBuff_Hot,3,EffectVisualization.Icon
GE_UB_DefendingCleric_ExitCombatBuff_Hot,4,EffectType.Hot
GE_UB_DefendingCleric_ExitCombatBuff_Hot,5,EffectType.Healing
GE_UB_DefendingCleric_Heal_Hot,0,EffectType.Beneficial
GE_UB_DefendingCleric_Heal_Hot,1,EffectType.Hot
GE_UB_DefendingCleric_Heal_Hot,2,EffectType.Healing
GE_UB_DefendingCleric_Heal_Hot,3,EffectType.Magic.Holy
GE_UB_DefendingCleric_Heal_Hot,4,EffectVisualization.Icon
GE_UB_DefendingCleric_MeleeAutoAttack_Damage,0,EffectType.Harmful
GE_UB_DefendingCleric_MeleeAutoAttack_Damage,1,EffectType.Physical
GE_UB_DefendingKnight_ExitCombatBuff_Buff,0,EffectType.Beneficial
GE_UB_DefendingKnight_ExitCombatBuff_Buff,1,EffectType.Buff
GE_UB_DefendingKnight_ExitCombatBuff_Buff,2,EffectType.Magic.Holy
GE_UB_DefendingKnight_ExitCombatBuff_Buff,3,EffectVisualization.Icon
GE_UB_DefendingKnight_FrontalCone_Damage,0,EffectType.Harmful
GE_UB_DefendingKnight_FrontalCone_Damage,1,EffectType.Physical
GE_UB_DefendingKnight_MeleeAutoAttack_Damage,0,EffectType.Harmful
GE_UB_DefendingKnight_MeleeAutoAttack_Damage,1,EffectType.Physical
GE_UB_FallenCleric_CastedProjectile_Damage,0,EffectType.Harmful
GE_UB_FallenCleric_CastedProjectile_Damage,1,EffectType.Magic.Necromancy
GE_UB_FallenCleric_HealDebuff_Debuff,0,EffectType.Debuff
GE_UB_FallenCleric_HealDebuff_Debuff,1,EffectType.Harmful
GE_UB_FallenCleric_HealDebuff_Debuff,2,EffectType.Magic.Necromancy
GE_UB_FallenCleric_HealDebuff_Debuff,3,EffectVisualization.Icon
GE_UB_FallenCleric_MeleeAutoAttack_Damage,0,EffectType.Harmful
GE_UB_FallenCleric_MeleeAutoAttack_Damage,1,EffectType.Physical
GE_UB_FerventSoldier_MeleeAutoAttack_Buff,0,EffectType.Beneficial
GE_UB_FerventSoldier_MeleeAutoAttack_Buff,1,EffectType.Buff
GE_UB_FerventSoldier_MeleeAutoAttack_Buff,2,EffectVisualization.Icon
GE_UB_FerventSoldier_MeleeAutoAttack_Buff,3,EffectLogic.RemoveOnDeath
GE_UB_FerventSoldier_MeleeAutoAttack_Damage,0,EffectType.Harmful
GE_UB_FerventSoldier_MeleeAutoAttack_Damage,1,EffectType.Physical
GE_UB_Healer_CastedAoeHeal_Heal,0,EffectType.Beneficial
GE_UB_Healer_CastedAoeHeal_Heal,1,EffectType.Healing
GE_UB_Healer_CastedAoeHeal_Heal,2,EffectType.Magic.Necromancy
GE_UB_Healer_CastedAoeHeal_HealBuff,0,Effect.Buff
GE_UB_Healer_CastedAoeHeal_HealBuff,1,EffectType.Beneficial
GE_UB_Healer_CastedAoeHeal_HealBuff,2,EffectType.Buff
GE_UB_Healer_CastedAoeHeal_HealBuff,3,EffectType.Healing
GE_UB_Healer_CastedAoeHeal_HealBuff,4,EffectType.Magic.Necromancy
GE_UB_Healer_CastedDamageReductionAoe_Buff,0,Effect.Buff
GE_UB_Healer_CastedDamageReductionAoe_Buff,1,EffectType.Beneficial
GE_UB_Healer_CastedDamageReductionAoe_Buff,2,EffectType.Buff
GE_UB_Healer_CastedDamageReductionAoe_Buff,3,EffectType.Magic.Necromancy
GE_UB_Healer_MeleeAutoAttack_Damage,0,EffectType.Physical
GE_UB_Healer_MeleeAutoAttack_Damage,1,EffectType.Harmful
GE_UB_HealingMinion_Heal,0,EffectType.Physical
GE_UB_HealingMinion_PostDeathCleanse_Buff,0,Effect.Buff
GE_UB_HealingMinion_PostDeathCleanse_Buff,1,EffectType.Buff
GE_UB_HealingMinion_PostDeathCleanse_Buff,2,EffectType.Beneficial
GE_UB_NecroticMas_CastedReviveAndConvert_BeingRevived,0,GameplayEffect.PermanentNotRemovable
GE_UB_NecroticMass_DebuffAuraPassive_Debuff,0,EffectType.Debuff
GE_UB_NecroticMass_DebuffAuraPassive_Debuff,1,EffectLogic.RemoveOnDeath
GE_UB_NecroticMass_DebuffAuraPassive_Debuff,2,GameplayEffect.RemoveOnDeath
GE_UB_NecroticMass_DebuffAuraPassive_Debuff,3,GameplayEffect.NotDispellable
GE_UB_NecroticMass_DebuffAuraPassive_Debuff,4,Effect.Debuff
GE_UB_NecroticMass_DebuffAuraPassive_Debuff,5,EffectType.Harmful
GE_UB_NecroticMass_SpawnExplosionDamage,0,EffectType.Harmful
GE_UB_NightclawBreacher_CastedAoeStun_Damage,0,EffectType.Harmful
GE_UB_NightclawBreacher_CastedAoeStun_Damage,1,EffectType.Physical
GE_UB_NightclawBreacher_CastedAoeStun_Stun,0,Effect.Debuff
GE_UB_NightclawBreacher_CastedAoeStun_Stun,1,EffectLogic.RemoveOnDeath
GE_UB_NightclawBreacher_CastedAoeStun_Stun,2,GameplayEffect.RemoveOnDeath
GE_UB_NightclawBreacher_CastedAoeStun_Stun,3,EffectType.Debuff
GE_UB_NightclawBreacher_CastedAoeStun_Stun,4,EffectType.CrowdControl
GE_UB_NightclawBreacher_CastedAoeStun_Stun,5,EffectType.MovementImpairing
GE_UB_NightclawBreacher_CastedAoeStun_Stun,6,EffectType.Silencing
GE_UB_NightclawBreacher_CastedAoeStun_Stun,7,EffectType.Stun
GE_UB_NightclawBreacher_Fear_Fear,0,EffectType.CrowdControl
GE_UB_NightclawBreacher_Fear_Fear,1,EffectVisualization.Icon
GE_UB_NightclawBreacher_Fear_Fear,2,EffectType.Harmful
GE_UB_NightclawBreacher_Fear_Fear,3,EffectType.Physical
GE_UB_NightclawBreacher_Fear_Fear,4,EffectLogic.NotDispellable
GE_UB_NightclawBreacher_Slam_Damage,0,EffectType.Harmful
GE_UB_NightclawBreacher_Slam_Damage,1,EffectType.Physical
GE_UB_NightclawBreacher_ThrowRock_Damage,0,EffectType.Harmful
GE_UB_NightclawBreacher_ThrowRock_Damage,1,EffectType.Physical
GE_UB_NightclawBreacher_ThrowRock_Stun,0,EffectType.Debuff
GE_UB_NightclawBreacher_ThrowRock_Stun,1,EffectType.Physical
GE_UB_NightclawBreacher_ThrowRock_Stun,2,EffectType.Stun
GE_UB_NightclawBreacher_ThrowRock_Stun,3,EffectVisualization.Icon
GE_UB_NightclawBreacher_ThrowRock_Stun,4,EffectType.Harmful
GE_UB_RaisedKnight_FrontalCone_Damage,0,EffectType.Harmful
GE_UB_RaisedKnight_FrontalCone_Damage,1,EffectType.Physical
GE_UB_RaisedKnight_FrontalCone_Debuff,0,EffectType.Debuff
GE_UB_RaisedKnight_FrontalCone_Debuff,1,EffectType.Harmful
GE_UB_RaisedKnight_FrontalCone_Debuff,2,EffectVisualization.Icon
GE_UB_RaisedKnight_FrontalCone_Debuff,3,EffectType.Magic
GE_UB_RaisedKnight_MeleeAutoAttack_Damage,0,EffectType.Harmful
GE_UB_RaisedKnight_MeleeAutoAttack_Damage,1,EffectType.Physical
GE_UB_ReanimatedArcher_RangedAutoAttack_Damage,0,EffectType.Harmful
GE_UB_ReanimatedArcher_RangedAutoAttack_Damage,1,EffectType.Physical
GE_UB_ReanimatedArcher_Volley_Dot,0,EffectType.Harmful
GE_UB_ReanimatedArcher_Volley_Dot,1,EffectType.Dot
GE_UB_ReanimatedArcher_Volley_Dot,2,EffectType.Physical
GE_UB_ReanimatedArcher_Volley_Dot,3,EffectVisualization.Icon
GE_UB_ShadowboundPhalanx_MeleeAutoAttack_Damage,0,EffectType.Harmful
GE_UB_ShadowboundPhalanx_MeleeAutoAttack_Damage,1,EffectType.Physical
GE_UB_SoulstainedIncinerator_CastedRangedProjectile_Damage,0,EffectType.Harmful
GE_UB_SoulstainedIncinerator_CastedRangedProjectile_Damage,1,EffectType.Magic.Fire
GE_UB_SoulstainedIncinerator_CastedTargetAoeCone_Damage,0,EffectType.Harmful
GE_UB_SoulstainedIncinerator_CastedTargetAoeCone_Damage,1,EffectType.Magic.Fire
GE_UB_SoulstainedIncinerator_FireRing_Dot,0,EffectType.Dot
GE_UB_SoulstainedIncinerator_FireRing_Dot,1,EffectType.Debuff
GE_UB_SoulstainedIncinerator_FireRing_Dot,2,EffectType.Harmful
GE_UB_SoulstainedIncinerator_FireRing_Dot,3,EffectType.Magic.Fire
GE_UB_SoulstainedIncinerator_FireRing_Dot,4,EffectVisualization.Icon
GE_UB_SoulstainedIncinerator_MeleeAutoAttack_Damage,0,EffectType.Harmful
GE_UB_SoulstainedIncinerator_MeleeAutoAttack_Damage,1,EffectType.Physical
GE_UB_SoulstainedIncinerator_MeleeDot_Dot,0,EffectType.Debuff
GE_UB_SoulstainedIncinerator_MeleeDot_Dot,1,EffectType.Magic.Fire
GE_UB_SoulstainedIncinerator_MeleeDot_Dot,2,EffectType.Dot
GE_UB_SoulstainedIncinerator_MeleeDot_Dot,3,EffectType.Harmful
GE_UB_SoulstainedIncinerator_MeleeDot_Dot,4,EffectVisualization.Icon
GE_UB_SoulstainedShambler_MeleeAutoAttack_Damage,0,EffectType.Harmful
GE_UB_SoulstainedShambler_MeleeAutoAttack_Damage,1,EffectType.Physical
GE_UB_SoulstainedShambler_PassiveDotMonitor_Dot,0,EffectType.Harmful
GE_UB_SoulstainedShambler_PassiveDotMonitor_Dot,1,Effect.Debuff
GE_UB_SoulstainedShambler_PassiveDotMonitor_Dot,2,EffectType.Debuff
GE_UB_SoulstainedShambler_PassiveDotMonitor_Dot,3,EffectType.Dot
GE_UB_SoulstainedShambler_PassiveDotMonitor_Dot,4,EffectType.Magic
GE_UC_BossBaptist_AutoAttackMelee_Damage,0,EffectType.Physical
GE_UC_BossBaptist_CircleDebuff,0,AbilityType.Dot
GE_UC_BossBaptist_CircleDebuff,1,Effect.Debuff
GE_UC_BossBaptist_CircleDebuff,2,EffectType.Debuff
GE_UC_BossBaptist_CircleDebuff,3,GameplayEffect.RemoveOnDeath
GE_UC_BossBaptist_CircleDebuff,4,EffectLogic.RemoveOnDeath
GE_UC_BossBaptist_CircleDebuff_WaveDamage,0,EffectType.Magic
GE_UC_BossBaptist_CircleDebuff_WaveIncreaseDamageDebuff,0,EffectType.Debuff
GE_UC_BossBaptist_CircleDebuff_WaveIncreaseDamageDebuff,1,Effect.Debuff
GE_UC_BossBaptist_CircleDebuff_WaveIncreaseDamageDebuff,2,GameplayEffect.NotDispellable
GE_UC_BossBaptist_CircleDebuff_WaveIncreaseDamageDebuff,3,GameplayEffect.RemoveOnDeath
GE_UC_BossBaptist_CircleDebuff_WaveIncreaseDamageDebuff,4,EffectLogic.RemoveOnDeath
GE_UC_BossBaptist_HighestThreatSplitDamageDot_SplitDamageDot,0,EffectType.Debuff
GE_UC_BossBaptist_HighestThreatSplitDamageDot_SplitDamageDot,1,Effect.Debuff
GE_UC_BossBaptist_HighestThreatSplitDamageDot_SplitDamageDot,2,EffectType.Magic
GE_UC_BossBaptist_HighestThreatSplitDamageDot_SplitDamageDot,3,EffectType.Dot
GE_UC_BossBaptist_HighestThreatSplitDamageDot_SplitDamageDot,4,EffectType.Harmful
GE_UC_BossBaptist_HighestThreatSplitDamageDot_SplitDamageDot,5,EffectLogic.RemoveOnDeath
GE_UC_BossBaptist_HighestThreatSplitDamageDot_SplitDamageDot,6,GameplayEffect.RemoveOnDeath
GE_UC_BossSoulKing_AutoAttackMelee_Damage,0,EffectType.Physical
GE_UC_BossSoulKing_ConeAOE_Damage,0,EffectType.Physical
GE_UC_BossSoulKing_ConeAOE_Damage,1,EffectType.Harmful
GE_UC_BossSoulKing_ConeAOE_DestructableMissSelfBuff,0,Effect.Buff
GE_UC_BossSoulKing_ConeAOE_DestructableMissSelfBuff,1,EffectLogic.RemoveOnDeath
GE_UC_BossSoulKing_ConeAOE_DestructableMissSelfBuff,2,EffectType.Buff
GE_UC_BossSoulKing_ConeAOE_DestructableMissSelfBuff,3,GameplayEffect.RemoveOnDeath
GE_UC_BossSoulKing_ConeAOE_Stun,0,Effect.Debuff
GE_UC_BossSoulKing_ConeAOE_Stun,1,EffectType.Debuff
GE_UC_BossSoulKing_ConeAOE_Stun,2,EffectType.CrowdControl
GE_UC_BossSoulKing_ConeAOE_Stun,3,EffectType.MovementImpairing
GE_UC_BossSoulKing_ConeAOE_Stun,4,EffectType.Physical
GE_UC_BossSoulKing_ConeAOE_Stun,5,EffectType.Silencing
GE_UC_BossSoulKing_ConeAOE_Stun,6,EffectLogic.RemoveOnDeath
GE_UC_BossSoulKing_ConeAOE_Stun,7,GameplayEffect.RemoveOnDeath
GE_UC_BossSoulKing_Incarcerate_ImmobalizeDebuff,0,Effect.Debuff
GE_UC_BossSoulKing_Incarcerate_ImmobalizeDebuff,1,EffectType.Debuff
GE_UC_BossSoulKing_Incarcerate_ImmobalizeDebuff,2,EffectType.CrowdControl
GE_UC_BossSoulKing_Incarcerate_ImmobalizeDebuff,3,EffectType.MovementImpairing
GE_UC_BossSoulKing_Incarcerate_ImmobalizeDebuff,4,EffectType.Physical
GE_UC_BossSoulKing_Incarcerate_ImmobalizeDebuff,5,EffectType.Silencing
GE_UC_BossSoulKing_Incarcerate_ImmobalizeDebuff,6,EffectLogic.RemoveOnDeath
GE_UC_BossSoulKing_Incarcerate_ImmobalizeDebuff,7,GameplayEffect.RemoveOnDeath
GE_UC_BossSoulKing_Incarcerate_ImmobalizeDebuff,8,EffectLogic.Piercing
GE_UC_BossSoulKing_LargeHomingProjectile_Damage,0,EffectType.Physical
GE_UC_BossSoulKing_LargeSpewAOE_DebuffMovementSpeedReduction,0,GameplayEffect.RemoveOnDeath
GE_UC_BossSoulKing_LargeSpewAOE_DebuffMovementSpeedReduction,1,CharacterContext
GE_UC_BossSoulKing_LargeSpewAOE_DebuffMovementSpeedReduction,2,EffectType.MovementImpairing
GE_UC_BossSoulKing_LargeSpewAOE_DebuffMovementSpeedReduction,3,EffectType.CrowdControl
GE_UC_BossSoulKing_LargeSpewAOE_DebuffMovementSpeedReduction,4,AbilityType.CrowdControl
GE_UC_BossSoulKing_LargeSpewAOE_DebuffMovementSpeedReduction,5,EffectType.Debuff
GE_UC_BossSoulKing_LargeSpewAOE_DebuffMovementSpeedReduction,6,AbilityType.Magic
GE_UC_BossSoulKing_LargeSpewAOE_DebuffMovementSpeedReduction,7,EffectType.Magic
GE_UC_BossSoulKing_LargeSpewAOE_DoT,0,Effect.Debuff
GE_UC_BossSoulKing_LargeSpewAOE_DoT,1,GameplayEffect.RemoveOnDeath
GE_UC_BossSoulKing_LargeSpewAOE_DoT,2,EffectType.Magic
GE_UC_BossSoulKing_LargeSpewAOE_DoT,3,AbilityType.Magic
GE_UC_BossSoulKing_PassiveAOEPools_Dot,0,GameplayEffect.RemoveOnDeath
GE_UC_BossSoulKing_PassiveAOEPools_Dot,1,Effect.Debuff
GE_UC_BossSoulKing_PassiveAOEPools_Dot,2,EffectType.Debuff
GE_UC_BossSoulKing_PassiveAOEPools_Dot,3,EffectType.Dot
GE_UC_BossSoulKing_PassiveAOEPools_Dot,4,EffectType.Harmful
GE_UC_BossSoulKing_PassiveAOEPools_Dot,5,EffectLogic.RemoveOnDeath
GE_UC_BossSoulKing_PassiveAOEPools_Dot,6,EffectLogic.Fortified
GE_UC_BossSoulKing_SingleRoot_Debuff,0,EffectLogic.RemoveOnDeath
GE_UC_BossSoulKing_SingleRoot_Debuff,1,EffectType.MovementImpairing
GE_UC_BossSoulKing_SingleRoot_Debuff,2,EffectType.Harmful
GE_UC_BossSoulKing_SingleRoot_Debuff,3,EffectType.Magic
GE_UC_BossSoulKing_SingleRoot_Debuff,4,EffectVisualization.Icon
GE_UC_BossSoulKing_TankFrontalConeAOE_Damage,0,EffectType.Physical
GE_UC_CadavrianArbalist_RangedSlow_Debuff,0,GameplayEffect.RemoveOnDeath
GE_UC_CadavrianArbalist_RangedSlow_Debuff,1,Effect.Debuff
GE_UC_CadavrianArbalist_RangedSlow_Debuff,2,EffectType.Debuff
GE_UC_CadavrianArbalist_RangedSlow_Debuff,3,EffectType.CrowdControl
GE_UC_CadavrianArbalist_RangedSlow_Debuff,4,EffectType.MovementImpairing
GE_UC_CadavrianArbalist_RangedSlow_Debuff,5,EffectType.Physical
GE_UC_CadavrianCrusader_AutoAttackMelee_Damage,0,EffectType.Physical
GE_UC_CadavrianCrusader_AutoAttackMelee_Damage,1,EffectType.Harmful
GE_UC_CadavrianCrusader_ChanneledAOE_Damage,0,EffectType.Physical
GE_UC_CadavrianCrusader_ChanneledAOE_Damage,1,EffectType.Harmful
GE_UC_CadavrianCrusader_Charge_Bleed,0,Effect.Debuff
GE_UC_CadavrianCrusader_Charge_Bleed,1,EffectType.Debuff
GE_UC_CadavrianCrusader_Charge_Bleed,2,EffectType.Physical
GE_UC_CadavrianCrusader_Charge_Bleed,3,EffectLogic.RemoveOnDeath
GE_UC_CadavrianCrusader_Charge_Bleed,4,GameplayEffect.RemoveOnDeath
GE_UC_CadavrianCrusader_Charge_Damage,0,EffectType.Physical
GE_UC_CadavrianCrusader_Charge_Damage,1,EffectType.Harmful
GE_UC_CadavrianCrusader_Charge_Stun,0,Effect.Debuff
GE_UC_CadavrianCrusader_Charge_Stun,1,EffectType.Debuff
GE_UC_CadavrianCrusader_Charge_Stun,2,EffectType.CrowdControl
GE_UC_CadavrianCrusader_Charge_Stun,3,EffectType.Physical
GE_UC_CadavrianCrusader_Charge_Stun,4,EffectLogic.RemoveOnDeath
GE_UC_CadavrianCrusader_Charge_Stun,5,GameplayEffect.RemoveOnDeath
GE_UC_CadavrianCrusader_Charge_Stun,6,EffectType.Stun
GE_UC_CadavrianCrusader_Charge_Stun,7,EffectVisualization.Icon
GE_UC_CadavrianCrusader_Charge_Stun,8,EffectType.Harmful
GE_UC_CadavrianDeathPriest_AutoAttackMelee_Damage,0,EffectType.Physical
GE_UC_CadavrianDeathPriest_AutoAttackMelee_Damage,1,EffectType.Harmful
GE_UC_CadavrianDeathPriest_ChannelMultiTargetHeal_HasteBuff,0,Effect.Buff
GE_UC_CadavrianDeathPriest_ChannelMultiTargetHeal_HasteBuff,1,GameplayEffect.RemoveOnDeath
GE_UC_CadavrianDeathPriest_ChannelMultiTargetHeal_HasteBuff,2,EffectLogic.RemoveOnDeath
GE_UC_CadavrianDeathPriest_ChannelMultiTargetHeal_HasteBuff,3,GameplayEffect.NotDispellable
GE_UC_CadavrianDeathPriest_ChanneledMultiTargetHeal_HealBuff,0,Effect.Buff
GE_UC_CadavrianDeathPriest_ChanneledMultiTargetHeal_HealBuff,1,GameplayEffect.RemoveOnDeath
GE_UC_CadavrianDeathPriest_ChanneledMultiTargetHeal_HealBuff,2,EffectLogic.RemoveOnDeath
GE_UC_CadavrianDeathPriest_ChanneledMultiTargetHeal_HealBuff,3,GameplayEffect.NotDispellable
GE_UC_CadavrianDeathPriest_ChanneledMultiTargetHeal_HealBuff,4,EffectType.Healing
GE_UC_CadavrianDeathPriest_ChanneledMultiTargetHeal_HealBuff,5,EffectType.Hot
GE_UC_CadavrianDeathPriest_ChanneledMultiTargetHeal_HealBuff,6,EffectType.Beneficial
GE_UC_CadavrianDeathPriest_TwoTargetDot_Damage,0,EffectType.Debuff
GE_UC_CadavrianDeathPriest_TwoTargetDot_Damage,1,EffectType.Dot
GE_UC_CadavrianDeathPriest_TwoTargetDot_Damage,2,GameplayEffect.RemoveOnDeath
GE_UC_CadavrianDeathPriest_TwoTargetDot_Damage,3,EffectLogic.RemoveOnDeath
GE_UC_CadavrianDeathPriest_TwoTargetDot_Damage,4,Effect.Debuff
GE_UC_CadavrianDeathPriest_TwoTargetDot_Damage,5,EffectType.Harmful
GE_UC_CadavrianDeathPriest_TwoTargetDot_Damage,6,EffectType.Magic.Necromancy
GE_UC_CadavrianDeathPriest_TwoTargetDot_ExpireDamage,0,EffectType.Harmful
GE_UC_CadavrianDeathPriest_TwoTargetDot_ExpireDamage,1,Effect.Debuff
GE_UC_CadavrianDeathPriest_TwoTargetDot_ExpireDamage,2,GameplayEffect.RemoveOnDeath
GE_UC_CadavrianDeathPriest_TwoTargetDot_ExpireDamage,3,EffectLogic.RemoveOnDeath
GE_UC_CadavrianDeathPriest_highThreatChannel_Damage,0,EffectType.Debuff
GE_UC_CadavrianDeathPriest_highThreatChannel_Damage,1,EffectType.Dot
GE_UC_CadavrianDeathPriest_highThreatChannel_Damage,2,GameplayEffect.RemoveOnDeath
GE_UC_CadavrianDeathPriest_highThreatChannel_Damage,3,EffectLogic.RemoveOnDeath
GE_UC_CadavrianDeathPriest_highThreatChannel_Damage,4,EffectType.Harmful
GE_UC_CadavrianMonk_AutoAttackMelee_Damage,0,EffectType.Physical
GE_UC_CadavrianMonk_AutoAttackMelee_Damage,1,EffectType.Harmful
GE_UC_CadavrianMonk_DeathBurstAOE_Damage,0,EffectType.Harmful
GE_UC_CadavrianMonk_DeathBurstAOE_Damage,1,EffectType.Physical
GE_UC_CadavrianMonk_TankFrontalConeAOE_Damage,0,EffectType.Physical
GE_UC_CadavrianMonk_TankFrontalConeAOE_Damage,1,EffectType.Harmful
GE_UC_CadavrianSharpShooter_AimedShot_Bleed,0,Effect.Debuff
GE_UC_CadavrianSharpShooter_AimedShot_Bleed,1,EffectType.Debuff
GE_UC_CadavrianSharpShooter_AimedShot_Bleed,2,EffectType.Physical
GE_UC_CadavrianSharpShooter_AimedShot_Bleed,3,EffectLogic.RemoveOnDeath
GE_UC_CadavrianSharpShooter_AimedShot_Bleed,4,GameplayEffect.RemoveOnDeath
GE_UC_CadavrianSharpshooter_ShadowmeldHideBuff,0,Effect.Buff
GE_UC_ConvertedSoldier_AutoAttackMelee_Damage,0,EffectType.Physical
GE_UC_ConvertedSoldier_AutoAttackMelee_Damage,1,EffectType.Harmful
GE_UC_EvilSpirit_AutoAttackMelee_Damage,0,EffectType.Physical
GE_UC_EvilSpirit_AutoAttackMelee_Damage,1,EffectType.Harmful
GE_UC_EvilSpirit_PassiveFixate_Buff,0,EffectType.Beneficial
GE_UC_EvilSpirit_PassiveFixate_Buff,1,EffectType.Buff
GE_UC_EvilSpirit_PassiveFixate_Buff,2,EffectLogic.AlwaysApply
GE_UC_EvilSpirit_PassiveFixate_Buff,3,EffectLogic.Fortified
GE_UC_EvilSpirit_PassiveFixate_Buff,4,EffectLogic.Piercing
GE_UC_EvilSpirit_PassiveFixate_Buff,5,EffectLogic.RemoveOnDeath
GE_UC_EvilSpirit_PassiveFixate_Buff,6,Effect.Buff
GE_UC_RotBringer_AutoAttackMelee_Damage,0,EffectType.Physical
GE_UC_RotBringer_AutoAttackMelee_Damage,1,EffectType.Harmful
GE_UC_RotBringer_MagicProjectile_Damage,0,EffectType.Harmful
GE_UC_RotBringer_MagicProjectile_Damage,1,EffectType.Magic
GE_UC_RotBringer_SpreadingAoeDot_Debuff_Pool_Dot,0,GameplayEffect.RemoveOnDeath
GE_UC_RotBringer_SpreadingAoeDot_Debuff_Pool_Dot,1,Effect.Debuff
GE_UC_RotBringer_SpreadingAoeDot_Debuff_Pool_Dot,2,EffectType.Debuff
GE_UC_RotBringer_SpreadingAoeDot_Debuff_Pool_Dot,3,EffectType.Dot
GE_UC_RotBringer_SpreadingAoeDot_Debuff_Pool_Dot,4,EffectType.Harmful
GE_UC_RotBringer_SpreadingAoeDot_Debuff_Pool_Dot,5,EffectLogic.RemoveOnDeath
GE_UC_RotBringer_SpreadingAoeDot_Debuff_Pool_Dot,6,EffectLogic.Fortified
GE_UC_RotBringer_SpreadingAoeDot_Dot,0,EffectType.Debuff
GE_UC_RotBringer_SpreadingAoeDot_Dot,1,GameplayEffect.NotDispellable
GE_UC_RotBringer_SpreadingAoeDot_Dot,2,Effect.Debuff
GE_UC_RotBringer_SpreadingAoeDot_Dot,3,EffectType.Dot
GE_UC_RotBringer_SpreadingAoeDot_Dot_OnExpireInstantDamage,0,EffectType.Harmful
GE_UC_RottenWretchHands_AutoAttackMelee_Damage,0,EffectType.Physical
GE_UC_RottenWretchHands_AutoAttackMelee_Damage,1,EffectType.Harmful
GE_UC_RottenWretchHands_PassiveAOEPools_Dot,0,GameplayEffect.RemoveOnDeath
GE_UC_RottenWretchHands_PassiveAOEPools_Dot,1,Effect.Debuff
GE_UC_RottenWretchHands_PassiveAOEPools_Dot,2,EffectType.Debuff
GE_UC_RottenWretchHands_PassiveAOEPools_Dot,3,EffectType.Dot
GE_UC_RottenWretchHands_PassiveAOEPools_Dot,4,EffectType.Harmful
GE_UC_RottenWretchHands_PassiveAOEPools_Dot,5,EffectLogic.RemoveOnDeath
GE_UC_RottenWretchHands_PassiveAOEPools_Dot,6,EffectLogic.Fortified
GE_UC_RottenWretchHands_PassiveAOEPools_Dot,7,EffectType.Magic.Blood
GE_UC_UndyingGuardian_AoeFear,0,GameplayEffect.RemoveOnDeath
GE_UC_UndyingGuardian_AoeFear,1,Effect.Debuff
GE_UC_UndyingGuardian_AoeFear,2,Effect.ShowAlertUI.Feared
GE_UC_UndyingGuardian_AoeFear,3,EffectType.Magic
GE_UC_UndyingGuardian_AoeFear,4,EffectType.CrowdControl
GE_UC_UndyingGuardian_AutoAttackMelee_Damage,0,EffectType.Harmful
GE_UC_UndyingGuardian_AutoAttackMelee_Damage,1,EffectType.Physical
GE_UC_UndyingGuardian_CastedAoeRoot_Root,0,Effect.Debuff
GE_UC_UndyingGuardian_CastedAoeRoot_Root,1,GameplayEffect.RemoveOnDeath
GE_UC_UndyingGuardian_CastedAoeRoot_Root,2,EffectLogic.RemoveOnDeath
GE_UC_UndyingGuardian_CastedAoeRoot_Root,3,EffectType.MovementImpairing
GE_UM_BossDrazhulTheFleshbroker_AoEDamageSlow_Damage,0,EffectType.Physical
GE_UM_BossDrazhulTheFleshbroker_AoEDamageSlow_Damage,1,EffectType.Harmful
GE_UM_BossDrazhulTheFleshbroker_AoeSoak_SoakedDamage,0,EffectType.Harmful
GE_UM_BossDrazhulTheFleshbroker_AoeSoak_SoakedDamage,1,EffectType.Magic.Fire
GE_UM_BossDrazhulTheFleshbroker_AoeSoak_UnsoakedDamage,0,EffectType.Harmful
GE_UM_BossDrazhulTheFleshbroker_AoeSoak_UnsoakedDamage,1,EffectType.Magic.Fire
GE_UM_BossDrazhulTheFleshbroker_AutoAttack_Damage,0,EffectType.Harmful
GE_UM_BossDrazhulTheFleshbroker_AutoAttack_Damage,1,EffectType.Physical
GE_UM_BossDrazhulTheFleshbroker_ChanneledAoeDamage_Damage,0,EffectType.Harmful
GE_UM_BossDrazhulTheFleshbroker_ChanneledAoeDamage_Damage,1,EffectType.Physical
GE_UM_BossDrazhulTheFleshbroker_ConjureScythe_Damage,0,EffectType.CM_BossYrsa.ConjurnedScythe
GE_UM_BossDrazhulTheFleshbroker_ConjureScythe_Damage,1,EffectType.Harmful
GE_UM_BossDrazhulTheFleshbroker_ConjureScythe_Damage,2,EffectType.Physical
GE_UM_BossDrazhulTheFleshbroker_ConjureScythe_Dot,0,EffectType.Dot
GE_UM_BossDrazhulTheFleshbroker_ConjureScythe_Dot,1,EffectType.Debuff
GE_UM_BossDrazhulTheFleshbroker_ConjureScythe_Dot,2,EffectType.Physical.Bleed
GE_UM_BossDrazhulTheFleshbroker_ConjureScythe_Dot,3,EffectType.Harmful
GE_UM_BossDrazhulTheFleshbroker_ConjureScythe_Dot,4,EffectVisualization.Icon
GE_UM_BossDrazhulTheFleshbroker_ConjureScythe_Dot,5,EffectLogic.RemoveOnDeath
GE_UM_BossDrazhulTheFleshbroker_ConjureScythe_Dot,6,EffectLogic.RemoveOnSourceDeath
GE_UM_BossSlavetraderBrull_Aina_Shared_Enrage_FinalBuff,0,EffectLogic.RemoveOnDeath
GE_UM_BossSlavetraderBrull_Aina_Shared_Enrage_FinalBuff,1,GameplayEffect.RemoveOnDeath
GE_UM_BossSlavetraderBrull_Aina_Shared_Enrage_FinalBuff,2,GameplayEffect.NotDispellable
GE_UM_BossSlavetraderBrull_Aina_Shared_Enrage_FinalBuff,3,EffectType.Buff
GE_UM_BossSlavetraderBrull_Aina_Shared_Enrage_FinalBuff,4,EffectType.Beneficial
GE_UM_BossSlavetraderBrull_Aina_Shared_Enrage_FinalBuff,5,Effect.Buff
GE_UM_BossSlavetraderBrull_Aina_Shared_Enrage_StackingBuff,0,EffectLogic.RemoveOnDeath
GE_UM_BossSlavetraderBrull_Aina_Shared_Enrage_StackingBuff,1,GameplayEffect.RemoveOnDeath
GE_UM_BossSlavetraderBrull_Aina_Shared_Enrage_StackingBuff,2,GameplayEffect.NotDispellable
GE_UM_BossSlavetraderBrull_Aina_Shared_Enrage_StackingBuff,3,EffectType.Buff
GE_UM_BossSlavetraderBrull_Aina_Shared_Enrage_StackingBuff,4,EffectType.Beneficial
GE_UM_BossSlavetraderBrull_Aina_Shared_Enrage_StackingBuff,5,Effect.Buff
GE_UM_BossSlavetraderBrull_AutoAttack_Damage,0,EffectType.Harmful
GE_UM_BossSlavetraderBrull_AutoAttack_Damage,1,EffectType.Physical
GE_UM_BossSlavetraderBrull_CastDebuffProjectile_Damage,0,EffectType.Harmful
GE_UM_BossSlavetraderBrull_CastDebuffProjectile_Damage,1,EffectType.Magic.Nature
GE_UM_BossSlavetraderBrull_CastFillerProjectile_Damage,0,EffectType.Harmful
GE_UM_BossSlavetraderBrull_CastFillerProjectile_Damage,1,EffectType.Magic.Nature
GE_UM_BossSlavetraderBrull_CastHealDebuff_Debuff,0,EffectType.Harmful
GE_UM_BossSlavetraderBrull_CastHealDebuff_Debuff,1,EffectType.Debuff
GE_UM_BossSlavetraderBrull_CastHealDebuff_Debuff,2,Effect.Debuff
GE_UM_BossSlavetraderBrull_CastHealDebuff_Debuff,3,EffectLogic.RemoveOnDeath
GE_UM_BossSlavetraderBrull_PlacedSlowAoe_AoeDot,0,EffectType.Debuff
GE_UM_BossSlavetraderBrull_PlacedSlowAoe_AoeDot,1,EffectLogic.RemoveOnDeath
GE_UM_BossSlavetraderBrull_PlacedSlowAoe_AoeDot,2,EffectType.Harmful
GE_UM_BossSlavetraderBrull_PlacedSlowAoe_AoeDot,3,EffectType.Dot
GE_UM_BossSlavetraderBrull_PlacedSlowAoe_AoeDot,4,EffectType.Magic.Blood
GE_UM_BossSlavetraderBrull_PlacedSlowAoe_AoeDot,5,EffectLogic.NotDispellable
GE_UM_BossSlavetraderBrull_PlacedSlowAoe_AoeDot,6,EffectVisualization.Icon
GE_UM_BossSlavetraderBrull_PlacedSlowAoe_EmpoweredDot,0,EffectType.Debuff
GE_UM_BossSlavetraderBrull_PlacedSlowAoe_EmpoweredDot,1,EffectLogic.RemoveOnDeath
GE_UM_BossSlavetraderBrull_PlacedSlowAoe_EmpoweredDot,2,EffectType.Harmful
GE_UM_BossSlavetraderBrull_PlacedSlowAoe_EmpoweredDot,3,EffectType.Dot
GE_UM_BossSlavetraderBrull_PlacedSlowAoe_EmpoweredDot,4,EffectType.Magic.Blood
GE_UM_BossSlavetraderBrull_PlacedSlowAoe_EmpoweredDot,5,EffectLogic.NotDispellable
GE_UM_BossSlavetraderBrull_PlacedSlowAoe_EmpoweredDot,6,EffectVisualization.Icon
GE_UM_BossSlavetraderBrull_PlacedSlowAoe_SlowEffect,0,EffectType.Debuff
GE_UM_BossSlavetraderBrull_PlacedSlowAoe_SlowEffect,1,EffectLogic.RemoveOnDeath
GE_UM_BossSlavetraderBrull_PlacedSlowAoe_SlowEffect,2,EffectType.Harmful
GE_UM_BossSlavetraderBrull_PlacedSlowAoe_SlowEffect,3,EffectLogic.NotDispellable
GE_UM_BossSlavetraderBrull_SummonVine_Damage,0,EffectType.Physical
GE_UM_BossSlavetraderBrull_SummonVine_Damage,1,EffectType.Harmful
GE_UM_CageDeath_Buff,0,EffectType.Beneficial
GE_UM_CageDeath_Buff,1,EffectType.Buff
GE_UM_CageDeath_Buff,2,EffectType.Magic
GE_UM_CageDeath_Buff,3,EffectVisualization.Icon
GE_UM_Desecrater_AoeSoak_SoakedDamage,0,EffectType.Harmful
GE_UM_Desecrater_AoeSoak_SoakedDamage,1,EffectType.Magic.Fire
GE_UM_Desecrater_AoeSoak_UnsoakedDamage,0,EffectType.Harmful
GE_UM_Desecrater_AoeSoak_UnsoakedDamage,1,EffectType.Magic.Fire
GE_UM_Desecrater_ChannelRandomTargetAoe_Damage,0,EffectType.Harmful
GE_UM_Desecrater_ChannelRandomTargetAoe_Damage,1,EffectType.Physical
GE_UM_Desecrater_MeleeAutoAttack_Damage,0,EffectType.Harmful
GE_UM_Desecrater_MeleeAutoAttack_Damage,1,EffectType.Physical
GE_UM_Desecrater_RangedAutoAttack_Damage,0,EffectType.Harmful
GE_UM_Desecrater_RangedAutoAttack_Damage,1,EffectType.Physical
GE_UM_GorestainedButcher_ChanneledAoeDamage_Damage,0,EffectType.Harmful
GE_UM_GorestainedButcher_ChanneledAoeDamage_Damage,1,EffectType.Physical
GE_UM_GorestainedButcher_ChanneledAttack_Damage,0,EffectType.Harmful
GE_UM_GorestainedButcher_ChanneledAttack_Damage,1,EffectType.Physical
GE_UM_GorestainedButcher_ChanneledAttack_Damage,2,EffectLogic.HolyTrinityNerf.IgnoreAoeIncomingDamageMultiplier
GE_UM_GorestainedButcher_ChanneledAttack_SelfSlow,0,EffectLogic.RemoveOnDeath
GE_UM_GorestainedButcher_Enrage,0,EffectType.Absorption
GE_UM_GorestainedButcher_Enrage,1,EffectType.Buff
GE_UM_GorestainedButcher_Enrage,2,EffectType.Beneficial
GE_UM_GorestainedButcher_Enrage,3,EffectVisualization.Icon
GE_UM_GorestainedButcher_Enrage,4,EffectType.Enrage
GE_UM_GorestainedButcher_MeleeAutoAttack_Damage,0,EffectType.Physical
GE_UM_GorestainedButcher_MeleeAutoAttack_Damage,1,EffectType.Harmful
GE_UM_HornedSeer_CastProjectile_Damage,0,EffectType.Harmful
GE_UM_HornedSeer_CastProjectile_Damage,1,EffectType.Magic.Blood
GE_UM_HornedSeer_ChanneledOrbProjectiles_SelfDamage,0,EffectType.Magic.Blood
GE_UM_HornedSeer_ChanneledOrbProjectiles_SelfDamage,1,EffectType.Harmful
GE_UM_HornedSeer_MeleeAutoAttack_Damage,0,EffectType.Harmful
GE_UM_HornedSeer_MeleeAutoAttack_Damage,1,EffectType.Physical
GE_UM_HornedSeer_OrbProjectile_Damage,0,EffectType.Harmful
GE_UM_HornedSeer_OrbProjectile_Damage,1,EffectType.Magic.Blood
GE_UM_HornedSeer_OrbProjectile_Debuff,0,EffectType.Harmful
GE_UM_HornedSeer_OrbProjectile_Debuff,1,EffectVisualization.Icon
GE_UM_HornedSeer_OrbProjectile_Debuff,2,EffectType.Magic.Blood
GE_UM_HornedSeer_OrbProjectile_Debuff,3,EffectType.Debuff
GE_UM_HornedSeer_OrbProjectile_Debuff,4,EffectLogic.RemoveOnDeath
GE_UM_HornedSeer_OrbProjectile_SelfDamage,0,EffectType.Magic.Blood
GE_UM_HornedSeer_OrbProjectile_SelfDamage,1,EffectType.Harmful
GE_UM_Outrunner_ChargeTank_Damage,0,EffectType.Harmful
GE_UM_Outrunner_ChargeTank_Damage,1,EffectType.Physical
GE_UM_Outrunner_MeleeAutoAttack_Damage,0,EffectType.Physical
GE_UM_Outrunner_MeleeAutoAttack_Damage,1,EffectType.Harmful
GE_UM_Outrunner_RangedSlow_Damage,0,EffectType.Physical
GE_UM_Outrunner_RangedSlow_Damage,1,EffectType.Harmful
GE_UM_Outrunner_RangedSlow_Debuff,0,GameplayEffect.RemoveOnDeath
GE_UM_Outrunner_RangedSlow_Debuff,1,Effect.Debuff
GE_UM_SlaveCage_DebuffAura,0,EffectType.Debuff
GE_UM_SlaveCage_DebuffAura,1,EffectType.Harmful
GE_UM_SlaveCage_DebuffAura,2,EffectType.Magic.Demonic
GE_UM_SlaveCage_DebuffAura,3,EffectVisualization.Icon
GE_UM_SlaveCage_DebuffAura,4,EffectLogic.NotDispellable
GE_UM_SlaveCage_Guard_DamageImmunity,0,EffectType.Buff
GE_UM_SlaveCage_Guard_DamageImmunity,1,EffectType.Beneficial
GE_UM_SlaveCage_Guard_DamageImmunity,2,EffectLogic.NotDispellable
GE_UM_SlaveCage_Guard_DamageImmunity,3,GameplayEffect.PermanentNotRemovable
GE_UM_SlaveCage_Guard_DamageImmunity,4,EffectVisualization.Icon
GE_UM_SlaveCage_Guard_Guard,0,EffectType.Beneficial
GE_UM_SlaveCage_Guard_Guard,1,EffectType.Buff
GE_UM_SlaveCage_Guard_Guard,2,EffectLogic.NotDispellable
GE_UM_SlaveCage_Guard_Guard,3,EffectVisualization.Icon
GE_UM_SlaveCage_Guard_Guard,4,GameplayEffect.PermanentNotRemovable
GE_UM_UrrakSlaver_CastedMeleeKnockback_Damage,0,EffectType.Harmful
GE_UM_UrrakSlaver_CastedMeleeKnockback_Damage,1,EffectType.Physical
GE_UM_UrrakSlaver_MeleeAutoAttack_Damage,0,EffectType.Harmful
GE_UM_UrrakSlaver_MeleeAutoAttack_Damage,1,EffectType.Physical
GE_UM_UrrakSlaver_ProximityChain_Debuff,0,EffectType.Debuff
GE_UM_UrrakSlaver_ProximityChain_Debuff,1,EffectType.Harmful
GE_UM_UrrakSlaver_ProximityChain_Debuff,2,EffectType.Dot
GE_UM_UrrakSlaver_ProximityChain_Debuff,3,EffectType.Magic.Necromancy
GE_UM_UrrakSlaver_ProximityChain_Debuff,4,EffectVisualization.Icon
GE_UM_UrrakSlaver_ProximityChain_Debuff,5,EffectLogic.NotDispellable
GE_UM_UrrakSlaver_ProximityChain_Debuff,6,EffectLogic.RemoveOnDeath
GE_UM_UrrakWitch_CastProjectile_Damage,0,EffectType.Harmful
GE_UM_UrrakWitch_CastProjectile_Damage,1,EffectType.Magic.Demonic
GE_UM_UrrakWitch_GroundRoots_Damage,0,EffectType.Magic.Nature
GE_UM_UrrakWitch_GroundRoots_Damage,1,EffectType.Harmful
GE_UM_UrrakWitch_GroundRoots_Dot,0,EffectType.Magic.Nature
GE_UM_UrrakWitch_GroundRoots_Dot,1,EffectType.Harmful
GE_UM_UrrakWitch_GroundRoots_Dot,2,EffectVisualization.Icon
GE_UM_UrrakWitch_GroundRoots_Dot,3,EffectLogic.NotDispellable
GE_UM_UrrakWitch_GroundRoots_Dot,4,EffectType.Debuff
GE_UM_UrrakWitch_GroundRoots_Stun,0,EffectType.Magic.Nature
GE_UM_UrrakWitch_GroundRoots_Stun,1,EffectType.Harmful
GE_UM_UrrakWitch_GroundRoots_Stun,2,EffectType.Debuff
GE_UM_UrrakWitch_GroundRoots_Stun,3,EffectType.CrowdControl
GE_UM_UrrakWitch_GroundRoots_Stun,4,EffectLogic.NotDispellable
GE_UM_UrrakWitch_GroundRoots_Stun,5,EffectVisualization.Icon
GE_UM_UrrakWitch_MeleeAutoAttack_Damage,0,EffectType.Harmful
GE_UM_UrrakWitch_MeleeAutoAttack_Damage,1,EffectType.Physical
GE_UM_UrrakWitch_ProjectileVolley_Dot,0,EffectType.Debuff
GE_UM_UrrakWitch_ProjectileVolley_Dot,1,EffectType.Dot
GE_UM_UrrakWitch_ProjectileVolley_Dot,2,EffectType.Harmful
GE_UM_UrrakWitch_ProjectileVolley_Dot,3,EffectType.Magic.Nature
GE_UM_UrrakWitch_ProjectileVolley_Dot,4,EffectVisualization.Icon
GE_UM_UrrakWitch_ProjectileVolley_Dot,5,EffectLogic.RemoveOnDeath
GE_VC_BossBrute_DotAura_Buff,0,EffectType.Beneficial
GE_VC_BossBrute_DotAura_Buff,1,EffectType.Buff
GE_VC_BossBrute_DotAura_Buff,2,EffectVisualization.Icon
GE_VC_BossBrute_DotAura_Dot,0,EffectType.Debuff
GE_VC_BossBrute_DotAura_Dot,1,EffectType.Dot
GE_VC_BossBrute_DotAura_Dot,2,EffectType.Harmful
GE_VC_BossBrute_DotAura_Dot,3,EffectType.Magic.Fire
GE_VC_BossBrute_DotAura_Dot,4,EffectLogic.NotDispellable
GE_VC_BossBrute_DotAura_Dot,5,EffectVisualization.Icon
GE_VC_BossBrute_DotAura_Dot,6,CustomAssetTags.VV.BossKaldursonFire.DotAura.Dot
GE_VC_BossBrute_DropTreasure_Buff,0,EffectType.Debuff
GE_VC_BossBrute_DropTreasure_Buff,1,EffectType.Harmful
GE_VC_BossBrute_DropTreasure_Buff,2,EffectType.Magic.Holy
GE_VC_BossBrute_DropTreasure_Buff,3,EffectVisualization.Icon
GE_VC_BossBrute_Enrage,0,EffectType.Absorption
GE_VC_BossBrute_Enrage,1,EffectType.Buff
GE_VC_BossBrute_Enrage,2,EffectType.Beneficial
GE_VC_BossBrute_Enrage,3,EffectVisualization.Icon
GE_VC_BossBrute_MeleeAutoAttack_Damage,0,EffectType.Physical
GE_VC_BossBrute_MeleeAutoAttack_Damage,1,EffectType.Harmful
GE_VV_BlackburnMystic_CastProjectile_Damage,0,EffectType.Harmful
GE_VV_BlackburnMystic_CastProjectile_Damage,1,EffectType.Magic.Frost
GE_VV_BlackburnMystic_CastProjectile_Slow,0,EffectType.Harmful
GE_VV_BlackburnMystic_CastProjectile_Slow,1,EffectType.Magic.Frost
GE_VV_BlackburnMystic_CastProjectile_Slow,2,EffectType.Debuff
GE_VV_BlackburnMystic_CastProjectile_Slow,3,EffectVisualization.Icon
GE_VV_BlackburnMystic_CastProjectile_Slow,4,EffectLogic.RemoveOnDeath
GE_VV_BlackburnMystic_Heal_Buff,0,EffectType.Beneficial
GE_VV_BlackburnMystic_Heal_Buff,1,EffectType.Buff
GE_VV_BlackburnMystic_Heal_Buff,2,EffectType.Magic
GE_VV_BlackburnMystic_Heal_Buff,3,EffectVisualization.Icon
GE_VV_BlackburnMystic_Heal_Heal,0,EffectType.Beneficial
GE_VV_BlackburnMystic_Heal_Heal,1,EffectType.Healing
GE_VV_BlackburnMystic_Heal_Heal,2,EffectType.Magic
GE_VV_BlackburnMystic_MeleeAutoAttack_Damage,0,EffectType.Harmful
GE_VV_BlackburnMystic_MeleeAutoAttack_Damage,1,EffectType.Physical
GE_VV_BlackburnMystic_RotatingOrb_Dot,0,EffectType.Dot
GE_VV_BlackburnMystic_RotatingOrb_Dot,1,EffectType.Debuff
GE_VV_BlackburnMystic_RotatingOrb_Dot,2,EffectType.Harmful
GE_VV_BlackburnMystic_RotatingOrb_Dot,3,EffectVisualization.Icon
GE_VV_BlackburnMystic_RotatingOrb_Dot,4,EffectLogic.NotDispellable
GE_VV_BlackburnMystic_RotatingOrb_Dot,5,EffectType.Magic.Frost
GE_VV_BlackburnMystic_RotatingOrb_Dot,6,EffectLogic.RemoveOnDeath
GE_VV_BlackburnSlaver_CastedMeleeKnockback_Damage,0,EffectType.Harmful
GE_VV_BlackburnSlaver_CastedMeleeKnockback_Damage,1,EffectType.Physical
GE_VV_BlackburnSlaver_MeleeAutoAttack_Damage,0,EffectType.Harmful
GE_VV_BlackburnSlaver_MeleeAutoAttack_Damage,1,EffectType.Physical
GE_VV_BlackburnSlaver_ProximityChain_Debuff,0,EffectType.Debuff
GE_VV_BlackburnSlaver_ProximityChain_Debuff,1,EffectType.Harmful
GE_VV_BlackburnSlaver_ProximityChain_Debuff,2,EffectType.Dot
GE_VV_BlackburnSlaver_ProximityChain_Debuff,3,EffectType.Magic.Necromancy
GE_VV_BlackburnSlaver_ProximityChain_Debuff,4,EffectVisualization.Icon
GE_VV_BlackburnSlaver_ProximityChain_Debuff,5,EffectLogic.NotDispellable
GE_VV_BlackburnSlaver_ProximityChain_Debuff,6,EffectLogic.RemoveOnDeath
GE_VV_BlackmistCutthroat_Backstab_Damage,0,EffectType.Harmful
GE_VV_BlackmistCutthroat_Backstab_Damage,1,EffectType.Physical
GE_VV_BlackmistCutthroat_ChannelCone_ActivationCharge,0,EffectLogic.AlwaysApply
GE_VV_BlackmistCutthroat_ChannelCone_ActivationCharge,1,EffectLogic.RemoveOnDeath
GE_VV_BlackmistCutthroat_ChannelCone_Damage,0,EffectType.Harmful
GE_VV_BlackmistCutthroat_ChannelCone_Damage,1,EffectType.Physical
GE_VV_BlackmistCutthroat_MeleeAutoAttack_Damage,0,EffectType.Harmful
GE_VV_BlackmistCutthroat_MeleeAutoAttack_Damage,1,EffectType.Physical
GE_VV_BlackmistCutthroat_Teleport_Fade,0,EffectType.Beneficial
GE_VV_BlackmistShadow_MagicSlam_Damage,0,EffectType.Harmful
GE_VV_BlackmistShadow_MagicSlam_Damage,1,EffectType.Magic.Shadow
GE_VV_BlackmistShadow_MeleeAutoAttack_Damage,0,EffectType.Harmful
GE_VV_BlackmistShadow_MeleeAutoAttack_Damage,1,EffectType.Physical
GE_VV_BlackmistWhisperer_AoeDebuff_Debuff,0,EffectType.Harmful
GE_VV_BlackmistWhisperer_AoeDebuff_Debuff,1,EffectType.Magic.Shadow
GE_VV_BlackmistWhisperer_AoeDebuff_Debuff,2,EffectType.Debuff
GE_VV_BlackmistWhisperer_AoeDebuff_Debuff,3,EffectLogic.NotDispellable
GE_VV_BlackmistWhisperer_AoeDebuff_Debuff,4,EffectVisualization.Icon
GE_VV_BlackmistWhisperer_AoeDebuff_Linger,0,EffectType.Harmful
GE_VV_BlackmistWhisperer_AoeDebuff_Linger,1,EffectType.Magic.Shadow
GE_VV_BlackmistWhisperer_AoeDebuff_Linger,2,EffectType.Debuff
GE_VV_BlackmistWhisperer_AoeDebuff_Linger,3,EffectLogic.NotDispellable
GE_VV_BlackmistWhisperer_AoeDebuff_Linger,4,EffectVisualization.Icon
GE_VV_BlackmistWhisperer_CastProjectile_Damage,0,EffectType.Harmful
GE_VV_BlackmistWhisperer_CastProjectile_Damage,1,EffectType.Magic.Frost
GE_VV_BlackmistWhisperer_MeleeAutoAttack_Damage,0,EffectType.Harmful
GE_VV_BlackmistWhisperer_MeleeAutoAttack_Damage,1,EffectType.Physical
GE_VV_BlackmistWhisperer_Silence_Silence,0,EffectType.Debuff
GE_VV_BlackmistWhisperer_Silence_Silence,1,EffectType.Harmful
GE_VV_BlackmistWhisperer_Silence_Silence,2,EffectType.Magic.Shadow
GE_VV_BlackmistWhisperer_Silence_Silence,3,EffectType.Silencing
GE_VV_BlackmistWhisperer_Silence_Silence,4,EffectVisualization.Icon
GE_VV_BlackmistWhisperer_Silence_Silence,5,EffectLogic.RemoveOnDeath
GE_VV_BossChilgar_AutoAttack_Damage,0,EffectType.Harmful
GE_VV_BossChilgar_AutoAttack_Damage,1,EffectType.Physical
GE_VV_BossChilgar_IceColdWater_Dot_Linger,0,EffectLogic.NotDispellable
GE_VV_BossChilgar_IceColdWater_Dot_Linger,1,EffectType.Dot
GE_VV_BossChilgar_IceColdWater_Dot_Linger,2,EffectType.Harmful
GE_VV_BossChilgar_IceColdWater_Dot_Linger,3,EffectType.Magic.Nature
GE_VV_BossChilgar_IceColdWater_Dot_Linger,4,EffectType.MovementImpairing
GE_VV_BossChilgar_IceColdWater_Dot_Linger,5,EffectLogic.RemoveOnDeath
GE_VV_BossChilgar_IceColdWater_Slow_Linger,0,EffectType.Harmful
GE_VV_BossChilgar_IceColdWater_Slow_Linger,1,EffectVisualization.Icon
GE_VV_BossChilgar_IceColdWater_Slow_Linger,2,EffectType.MovementImpairing
GE_VV_BossChilgar_IceColdWater_Slow_Linger,3,EffectType.Magic.Frost
GE_VV_BossChilgar_IceColdWater_Slow_Linger,4,EffectLogic.RemoveOnDeath
GE_VV_BossChilgar_LinearProjectiles_Charges,0,EffectLogic.AlwaysApply
GE_VV_BossChilgar_LinearProjectiles_Charges,1,EffectLogic.IgnoreImmunities
GE_VV_BossChilgar_LinearProjectiles_Charges,2,EffectLogic.RemoveOnDeath
GE_VV_BossChilgar_ReformBuff,0,EffectType.Buff
GE_VV_BossChilgar_ReformBuff,1,Effect.Buff
GE_VV_BossChilgar_ReformBuff,2,EffectType.Beneficial
GE_VV_BossChilgar_Shared_Orb_Explode_Damage,0,EffectType.Harmful
GE_VV_BossChilgar_Shared_Orb_Explode_Damage,1,EffectType.Magic.Water
GE_VV_BossChilgar_Shared_Orb_PulsingDamage_Damage,0,EffectType.Harmful
GE_VV_BossChilgar_Shared_Orb_PulsingDamage_Damage,1,EffectType.Magic.Water
GE_VV_BossChilgar_SwirlProjectile_Damage,0,EffectType.Harmful
GE_VV_BossChilgar_SwirlProjectile_Damage,1,EffectType.Magic.Frost
GE_VV_BossChilgar_TankSoakAoe_Damage,0,EffectType.Harmful
GE_VV_BossChilgar_TankSoakAoe_Damage,1,EffectType.Magic.Necromancy
GE_VV_BossChilgar_TankSoakAoe_Damage,2,EffectLogic.HolyTrinityNerf.IgnoreAoeIncomingDamageMultiplier
GE_VV_BossChilgar_TankSoakAoe_SpikeDamage,0,EffectType.Harmful
GE_VV_BossChilgar_TankSoakAoe_SpikeDamage,1,EffectType.Magic.Necromancy
GE_VV_BossFrostTroll_DotAura_Buff,0,EffectType.Beneficial
GE_VV_BossFrostTroll_DotAura_Buff,1,EffectType.Buff
GE_VV_BossFrostTroll_DotAura_Buff,2,EffectVisualization.Icon
GE_VV_BossFrostTroll_DotAura_Dot,0,EffectType.Debuff
GE_VV_BossFrostTroll_DotAura_Dot,1,EffectType.Dot
GE_VV_BossFrostTroll_DotAura_Dot,2,EffectType.Harmful
GE_VV_BossFrostTroll_DotAura_Dot,3,EffectType.Magic.Fire
GE_VV_BossFrostTroll_DotAura_Dot,4,EffectVisualization.Icon
GE_VV_BossFrostTroll_DotAura_Dot,5,CustomAssetTags.VV.BossKaldursonFire.DotAura.Dot
GE_VV_BossFrostTroll_DotAura_Dot,6,EffectLogic.RemoveOnDeath
GE_VV_BossFrostTroll_FirePhase,0,EffectLogic.AlwaysApply
GE_VV_BossFrostTroll_FirePhase,1,EffectLogic.System
GE_VV_BossFrostTroll_IceBlock_Freeze_Stun,0,EffectType.Debuff
GE_VV_BossFrostTroll_IceBlock_Freeze_Stun,1,EffectType.CrowdControl
GE_VV_BossFrostTroll_IceBlock_Freeze_Stun,2,EffectType.MovementImpairing
GE_VV_BossFrostTroll_IceBlock_Freeze_Stun,3,EffectType.Silencing
GE_VV_BossFrostTroll_IceBlock_Freeze_Stun,4,EffectLogic.RemoveOnDeath
GE_VV_BossFrostTroll_IceBlock_Freeze_Stun,5,EffectVisualization.Icon
GE_VV_BossFrostTroll_IceBlock_Freeze_Stun,6,EffectType.Harmful
GE_VV_BossFrostTroll_IcePhase,0,EffectLogic.AlwaysApply
GE_VV_BossFrostTroll_IcePhase,1,EffectLogic.System
GE_VV_BossFrostTroll_IceTomb_CastTargetDebuff,0,EffectType.Debuff
GE_VV_BossFrostTroll_IceTomb_CastTargetDebuff,1,EffectType.Harmful
GE_VV_BossFrostTroll_IceTomb_CastTargetDebuff,2,EffectLogic.AlwaysApply
GE_VV_BossFrostTroll_IceTomb_CastTargetDebuff,3,EffectLogic.RemoveOnDeath
GE_VV_BossFrostTroll_IceTomb_CastTargetDebuff,4,EffectLogic.NotDispellable
GE_VV_BossFrostTroll_IceTomb_CastTargetDebuff,5,EffectVisualization.Icon
GE_VV_BossFrostTroll_Kaldurson_Fire,0,EffectType.Beneficial
GE_VV_BossFrostTroll_Kaldurson_Fire,1,EffectType.Buff
GE_VV_BossFrostTroll_Kaldurson_Fire,2,EffectVisualization.Icon
GE_VV_BossFrostTroll_Kaldurson_Fire,3,EffectLogic.NotDispellable
GE_VV_BossFrostTroll_Kaldurson_Fire,4,CustomAssetTags.VV.BossFrostTroll.Kaldurson.Fire
GE_VV_BossFrostTroll_Kaldurson_Fire,5,GameplayEffect.PermanentNotRemovable
GE_VV_BossFrostTroll_Kaldurson_FireIsDeadBuff,0,EffectType.Beneficial
GE_VV_BossFrostTroll_Kaldurson_FireIsDeadBuff,1,EffectType.Buff
GE_VV_BossFrostTroll_Kaldurson_FireIsDeadBuff,2,EffectVisualization.Icon
GE_VV_BossFrostTroll_Kaldurson_FireIsDeadBuff,3,EffectLogic.NotDispellable
GE_VV_BossFrostTroll_Kaldurson_FireIsDeadBuff,4,GameplayEffect.PermanentNotRemovable
GE_VV_BossFrostTroll_Kaldurson_Ice,0,EffectType.Beneficial
GE_VV_BossFrostTroll_Kaldurson_Ice,1,EffectType.Buff
GE_VV_BossFrostTroll_Kaldurson_Ice,2,EffectVisualization.Icon
GE_VV_BossFrostTroll_Kaldurson_Ice,3,EffectLogic.NotDispellable
GE_VV_BossFrostTroll_Kaldurson_Ice,4,CustomAssetTags.VV.BossFrostTroll.Kaldurson.Ice
GE_VV_BossFrostTroll_Kaldurson_Ice,5,GameplayEffect.PermanentNotRemovable
GE_VV_BossFrostTroll_Kaldurson_IceIsDeadBuff,0,EffectType.Beneficial
GE_VV_BossFrostTroll_Kaldurson_IceIsDeadBuff,1,EffectType.Buff
GE_VV_BossFrostTroll_Kaldurson_IceIsDeadBuff,2,EffectLogic.NotDispellable
GE_VV_BossFrostTroll_Kaldurson_IceIsDeadBuff,3,GameplayEffect.PermanentNotRemovable
GE_VV_BossFrostTroll_Kaldurson_IceIsDeadBuff,4,EffectVisualization.Icon
GE_VV_BossFrostTroll_MeleeAutoAttack_Damage,0,EffectType.Harmful
GE_VV_BossFrostTroll_MeleeAutoAttack_Damage,1,EffectType.Physical
GE_VV_BossFrostTroll_SingleTargetDot_DamageReduction,0,EffectType.Magic.Frost
GE_VV_BossFrostTroll_SingleTargetDot_Dot,0,EffectType.Dot
GE_VV_BossFrostTroll_SingleTargetDot_Dot,1,EffectType.Debuff
GE_VV_BossFrostTroll_SingleTargetDot_Dot,2,EffectType.Harmful
GE_VV_BossFrostTroll_SingleTargetDot_Dot,3,EffectType.Magic.Frost
GE_VV_BossFrostTroll_SingleTargetDot_Dot,4,EffectVisualization.Icon
GE_VV_BossFrostTroll_SingleTargetDot_Dot,5,EffectLogic.IgnorePartialTicks
GE_VV_BossFrostTroll_SingleTargetDot_Dot,6,EffectLogic.RemoveOnDeath
GE_VV_BossFrostTroll_SingleTargetDot_Dot,7,EffectLogic.NotDispellable
GE_VV_BossFrostTroll_SingleTargetDot_Dot,8,EffectLogic.RemoveOnSourceDeath
GE_VV_BossFrostTroll_SingleTargetDot_Dummy,0,EffectType.Magic.Frost
GE_VV_BossFrostTroll_SingleTargetDot_Dummy,1,EffectType.Harmful
GE_VV_BossFrostTroll_SingleTargetDot_LargeDamageExpire,0,EffectType.Harmful
GE_VV_BossFrostTroll_SingleTargetDot_LargeDamageExpire,1,EffectType.Magic.Frost
GE_VV_BossFrostTroll_SlowAura_Slow,0,EffectType.Debuff
GE_VV_BossFrostTroll_SlowAura_Slow,1,EffectType.Harmful
GE_VV_BossFrostTroll_SlowAura_Slow,2,EffectType.Magic.Frost
GE_VV_BossFrostTroll_SlowAura_Slow,3,EffectType.CrowdControl
GE_VV_BossFrostTroll_SlowAura_Slow,4,EffectType.MovementImpairing
GE_VV_BossFrostTroll_SlowAura_Slow,5,EffectLogic.NotDispellable
GE_VV_BossFrostTroll_StationaryAura_Buff,0,EffectType.Beneficial
GE_VV_BossFrostTroll_StationaryAura_Buff,1,EffectType.Buff
GE_VV_BossFrostTroll_StationaryAura_Buff,2,EffectVisualization.Icon
GE_VV_BossFrostTroll_StationaryDot_Debuff,0,EffectType.Debuff
GE_VV_BossFrostTroll_StationaryDot_Debuff,1,EffectType.Harmful
GE_VV_BossFrostTroll_StationaryDot_Debuff,2,EffectType.Dot
GE_VV_BossFrostTroll_StationaryDot_Debuff,3,EffectType.Magic.Frost
GE_VV_BossFrostTroll_StationaryDot_Debuff,4,EffectVisualization.Icon
GE_VV_BossFrostTroll_StationaryDot_Debuff,5,EffectLogic.RemoveOnDeath
GE_VV_BossFrostTroll_StationaryDot_Debuff,6,CustomAssetTags.VV.BossFrostTroll.IceAura
GE_VV_BossFrostTroll_Stomp_Damage,0,EffectType.Harmful
GE_VV_BossFrostTroll_Stomp_Damage,1,EffectType.Physical
GE_VV_BossFrostTroll_Stomp_IceBlockDot,0,EffectType.Dot
GE_VV_BossFrostTroll_Stomp_IceBlockDot,1,EffectType.Harmful
GE_VV_BossFrostTroll_Stomp_IceBlockDot,2,EffectType.Magic.Fire
GE_VV_BossFrostTroll_Stomp_IceBlockDot,3,EffectVisualization.Icon
GE_VV_BossFrostTroll_Stomp_IceBlockDot,4,EffectLogic.NotDispellable
GE_VV_BossFrostTroll_Stomp_ParentEffect,0,EffectType.Dot
GE_VV_BossFrostTroll_Stomp_ParentEffect,1,EffectType.Harmful
GE_VV_BossFrostTroll_Stomp_ParentEffect,2,EffectType.Magic.Fire
GE_VV_BossFrostTroll_Stomp_ParentEffect,3,EffectLogic.NotDispellable
GE_VV_BossFrostTroll_Stomp_PlayerDot,0,EffectType.Dot
GE_VV_BossFrostTroll_Stomp_PlayerDot,1,EffectType.Harmful
GE_VV_BossFrostTroll_Stomp_PlayerDot,2,EffectType.Magic.Fire
GE_VV_BossFrostTroll_Stomp_PlayerDot,3,EffectVisualization.Icon
GE_VV_BossFrostTroll_Stomp_PlayerDot,4,EffectLogic.NotDispellable
GE_VV_BossFrostTroll_Stomp_RockDamage,0,EffectType.Harmful
GE_VV_BossFrostTroll_Stomp_RockDamage,1,EffectType.Physical
GE_VV_BossKaldursonFire_BossBuff,0,EffectType.Beneficial
GE_VV_BossKaldursonFire_BossBuff,1,EffectType.Buff
GE_VV_BossKaldursonFire_BossBuff,2,EffectVisualization.Icon
GE_VV_BossKaldursonFire_BossBuff,3,EffectLogic.NotDispellable
GE_VV_BossKaldursonFire_BossBuff,4,CustomAssetTags.VV.BossFrostTroll.Kaldurson.Fire
GE_VV_BossKaldursonFire_BossBuff,5,GameplayEffect.PermanentNotRemovable
GE_VV_BossKaldursonFire_DotAura_Buff,0,EffectType.Beneficial
GE_VV_BossKaldursonFire_DotAura_Buff,1,EffectType.Buff
GE_VV_BossKaldursonFire_DotAura_Buff,2,EffectVisualization.Icon
GE_VV_BossKaldursonFire_DotAura_Dot,0,EffectType.Debuff
GE_VV_BossKaldursonFire_DotAura_Dot,1,EffectType.Dot
GE_VV_BossKaldursonFire_DotAura_Dot,2,EffectType.Harmful
GE_VV_BossKaldursonFire_DotAura_Dot,3,EffectType.Magic.Fire
GE_VV_BossKaldursonFire_DotAura_Dot,4,EffectVisualization.Icon
GE_VV_BossKaldursonFire_DotAura_Dot,5,CustomAssetTags.VV.BossKaldursonFire.DotAura.Dot
GE_VV_BossKaldursonFire_DotAura_Dot,6,EffectLogic.RemoveOnDeath
GE_VV_BossKaldursonFire_MeleeAutoAttack_Damage,0,EffectType.Harmful
GE_VV_BossKaldursonFire_MeleeAutoAttack_Damage,1,EffectType.Physical
GE_VV_BossKaldursonFire_Stomp_Damage,0,EffectType.Harmful
GE_VV_BossKaldursonFire_Stomp_Damage,1,EffectType.Physical
GE_VV_BossKaldursonFire_Stomp_Damage,2,EffectLogic.HolyTrinityNerf.IgnoreAoeIncomingDamageMultiplier
GE_VV_BossKaldursonFire_Stomp_IceBlockDot,0,EffectType.Dot
GE_VV_BossKaldursonFire_Stomp_IceBlockDot,1,EffectType.Harmful
GE_VV_BossKaldursonFire_Stomp_IceBlockDot,2,EffectType.Magic.Fire
GE_VV_BossKaldursonFire_Stomp_IceBlockDot,3,EffectVisualization.Icon
GE_VV_BossKaldursonFire_Stomp_IceBlockDot,4,EffectLogic.NotDispellable
GE_VV_BossKaldursonFire_Stomp_ParentEffect,0,EffectType.Dot
GE_VV_BossKaldursonFire_Stomp_ParentEffect,1,EffectType.Harmful
GE_VV_BossKaldursonFire_Stomp_ParentEffect,2,EffectType.Magic.Fire
GE_VV_BossKaldursonFire_Stomp_ParentEffect,3,EffectLogic.NotDispellable
GE_VV_BossKaldursonFire_Stomp_PlayerDot,0,EffectType.Dot
GE_VV_BossKaldursonFire_Stomp_PlayerDot,1,EffectType.Harmful
GE_VV_BossKaldursonFire_Stomp_PlayerDot,2,EffectType.Magic.Fire
GE_VV_BossKaldursonFire_Stomp_PlayerDot,3,EffectVisualization.Icon
GE_VV_BossKaldursonFire_Stomp_PlayerDot,4,EffectLogic.NotDispellable
GE_VV_BossKaldursonFire_Stomp_RockDamage,0,EffectType.Harmful
GE_VV_BossKaldursonFire_Stomp_RockDamage,1,EffectType.Physical
GE_VV_BossKaldursonIce_BossBuff,0,EffectType.Beneficial
GE_VV_BossKaldursonIce_BossBuff,1,EffectType.Buff
GE_VV_BossKaldursonIce_BossBuff,2,EffectVisualization.Icon
GE_VV_BossKaldursonIce_BossBuff,3,EffectLogic.NotDispellable
GE_VV_BossKaldursonIce_BossBuff,4,CustomAssetTags.VV.BossFrostTroll.Kaldurson.Ice
GE_VV_BossKaldursonIce_BossBuff,5,GameplayEffect.PermanentNotRemovable
GE_VV_BossKaldursonIce_DotAura_Buff,0,EffectType.Beneficial
GE_VV_BossKaldursonIce_DotAura_Buff,1,EffectType.Buff
GE_VV_BossKaldursonIce_DotAura_Buff,2,EffectVisualization.Icon
GE_VV_BossKaldursonIce_IceTomb_CastTargetDebuff,0,EffectType.Debuff
GE_VV_BossKaldursonIce_IceTomb_CastTargetDebuff,1,EffectType.Harmful
GE_VV_BossKaldursonIce_IceTomb_CastTargetDebuff,2,EffectLogic.AlwaysApply
GE_VV_BossKaldursonIce_IceTomb_CastTargetDebuff,3,EffectLogic.RemoveOnDeath
GE_VV_BossKaldursonIce_IceTomb_CastTargetDebuff,4,EffectLogic.NotDispellable
GE_VV_BossKaldursonIce_IceTomb_CastTargetDebuff,5,EffectVisualization.Icon
GE_VV_BossKaldursonIce_MeleeAutoAttack_Damage,0,EffectType.Harmful
GE_VV_BossKaldursonIce_MeleeAutoAttack_Damage,1,EffectType.Physical
GE_VV_BossKaldursonIce_SlowAura_Slow,0,EffectType.Debuff
GE_VV_BossKaldursonIce_SlowAura_Slow,1,EffectType.Harmful
GE_VV_BossKaldursonIce_SlowAura_Slow,2,EffectType.Magic.Frost
GE_VV_BossKaldursonIce_SlowAura_Slow,3,EffectType.CrowdControl
GE_VV_BossKaldursonIce_SlowAura_Slow,4,EffectType.MovementImpairing
GE_VV_BossKaldursonIce_SlowAura_Slow,5,EffectLogic.NotDispellable
GE_VV_BossKaldursonIce_StationaryDot_Debuff,0,EffectType.Debuff
GE_VV_BossKaldursonIce_StationaryDot_Debuff,1,EffectType.Harmful
GE_VV_BossKaldursonIce_StationaryDot_Debuff,2,EffectType.Dot
GE_VV_BossKaldursonIce_StationaryDot_Debuff,3,EffectType.Magic.Frost
GE_VV_BossKaldursonIce_StationaryDot_Debuff,4,EffectVisualization.Icon
GE_VV_BossKaldursonIce_StationaryDot_Debuff,5,CustomAssetTags.VV.BossFrostTroll.IceAura
GE_VV_BossKaldursonIce_StationaryDot_Debuff,6,EffectLogic.RemoveOnDeath
GE_VV_BossVikingMystic_ChanneledAoeDamage_Damage,0,EffectType.Harmful
GE_VV_BossVikingMystic_ChanneledAoeDamage_Damage,1,EffectType.Magic.Shadow
GE_VV_BossVikingMystic_ChanneledAoeDamage_DoLines,0,EffectType.Beneficial
GE_VV_BossVikingMystic_CrossLines_Damage,0,EffectType.Magic.Shadow
GE_VV_BossVikingMystic_CrossLines_Damage,1,EffectType.Harmful
GE_VV_BossVikingMystic_GoBackToPhase1_PartyBuff,0,Effect.Buff
GE_VV_BossVikingMystic_GoBackToPhase1_PartyBuff,1,EffectType.Buff
GE_VV_BossVikingMystic_GoBackToPhase1_PartyBuff,2,EffectType.Beneficial
GE_VV_BossVikingMystic_MeleeAutoAttack_Damage,0,EffectType.Harmful
GE_VV_BossVikingMystic_MeleeAutoAttack_Damage,1,EffectType.Physical
GE_VV_BossVikingMystic_Phase2Invulnerability,0,Effect.Buff
GE_VV_BossVikingMystic_Phase2Invulnerability,1,EffectType.Buff
GE_VV_BossVikingMystic_Phase2Invulnerability,2,GameplayEffect.AlwaysApply
GE_VV_BossVikingMystic_Phase2Invulnerability,3,EffectLogic.AlwaysApply
GE_VV_BossVikingMystic_Phase2Invulnerability,4,GameplayEffect.PermanentNotRemovable
GE_VV_BossVikingMystic_RuneCharge,0,GameplayEffect.NotDispellable
GE_VV_BossVikingMystic_RuneCharge,1,GameplayEffect.AlwaysApply
GE_VV_BossVikingMystic_RuneCharge,2,EffectLogic.AlwaysApply
GE_VV_BossVikingMystic_RunePuzzle_KillWrongStun,0,EffectType.Debuff
GE_VV_BossVikingMystic_RunePuzzle_KillWrongStun,1,EffectType.Stun
GE_VV_BossVikingMystic_RunePuzzle_KillWrongStun,2,EffectVisualization.Icon
GE_VV_BossVikingMystic_RunePuzzle_KillWrongStun,3,EffectType.Harmful
GE_VV_BossVikingMystic_RunePuzzle_KillWrongStun,4,EffectType.Magic.Shadow
GE_VV_BossVikingMystic_TankNuke_Damage,0,EffectType.Harmful
GE_VV_BossVikingMystic_TankNuke_Damage,1,EffectType.Magic.Shadow
GE_VV_BossVikingMystic_TeleportAttack_Damage,0,EffectType.Harmful
GE_VV_BossVikingMystic_TeleportAttack_Damage,1,EffectType.Magic
GE_VV_BossVikingMystic_TeleportAttack_Stun,0,EffectType.Harmful
GE_VV_BossVikingMystic_TeleportAttack_Stun,1,EffectLogic.NotDispellable
GE_VV_BossVikingMystic_TeleportAttack_Stun,2,EffectType.Magic.Shadow
GE_VV_BossVikingMystic_TeleportAttack_Stun,3,EffectType.CrowdControl
GE_VV_BossVikingMystic_TeleportAttack_Stun,4,EffectVisualization.Icon
GE_VV_BossVikingMystic_TeleportAttack_Stun,5,EffectType.MovementImpairing
GE_VV_BossVikingMystic_TeleportAttack_Stun,6,EffectLogic.RemoveOnDeath
GE_VV_BossVikingMystic_TransferableDebuff_Dot,0,GameplayEffect.NotDispellable
GE_VV_BossVikingMystic_TransferableDebuff_Dot,1,EffectType.Debuff
GE_VV_BossVikingMystic_TransferableDebuff_Dot,2,EffectType.Dot
GE_VV_BossVikingMystic_TransferableDebuff_Dot,3,EffectType.Harmful
GE_VV_BossVikingMystic_TransferableDebuff_Dot,4,EffectType.Magic.Shadow
GE_VV_BossVikingMystic_TransferableDebuff_Dot,5,EffectLogic.RemoveOnDeath
GE_VV_BossVikingMystic_TransferableDebuff_Fear,0,EffectType.CrowdControl
GE_VV_BossVikingMystic_TransferableDebuff_Fear,1,EffectType.Debuff
GE_VV_BossVikingMystic_TransferableDebuff_Fear,2,EffectType.GeneratesThreat
GE_VV_BossVikingMystic_TransferableDebuff_Fear,3,EffectType.Harmful
GE_VV_BossVikingMystic_TransferableDebuff_Fear,4,EffectType.Silencing
GE_VV_BossVikingMystic_TransferableDebuff_Fear,5,EffectVisualization.Icon
GE_VV_BossVikingMystic_TransferableDebuff_Fear,6,EffectType.Magic.Shadow
GE_VV_BossVikingMystic_TransferableDebuff_Fear,7,EffectLogic.RemoveOnDeath
GE_VV_BossVikingMystic_TransferableDebuff_Transfer,0,GameplayEffect.NotDispellable
GE_VV_ChilgarSpike_Hide,0,EffectType.Beneficial
GE_VV_ChilgarSpike_Tether_Tethered,0,EffectType.Debuff
GE_VV_ChilgarSpike_Tether_Tethered,1,EffectType.Harmful
GE_VV_ChilgarSpike_Tether_Tethered,2,EffectType.Magic.Frost
GE_VV_ChilgarSpike_Tether_Tethered,3,EffectLogic.NotDispellable
GE_VV_ColdbrineElementalist_AoeImmobilize_Immobilize,0,EffectType.Debuff
GE_VV_ColdbrineElementalist_AoeImmobilize_Immobilize,1,EffectType.Harmful
GE_VV_ColdbrineElementalist_AoeImmobilize_Immobilize,2,EffectType.Magic.Frost
GE_VV_ColdbrineElementalist_AoeImmobilize_Immobilize,3,EffectType.CrowdControl
GE_VV_ColdbrineElementalist_AoeImmobilize_Immobilize,4,EffectVisualization.Icon
GE_VV_ColdbrineElementalist_CastProjectile_Damage,0,EffectType.Harmful
GE_VV_ColdbrineElementalist_CastProjectile_Damage,1,EffectType.Magic.Frost
GE_VV_ColdbrineElementalist_MeleeAutoAttack_Damage,0,EffectType.Harmful
GE_VV_ColdbrineElementalist_MeleeAutoAttack_Damage,1,EffectType.Physical
GE_VV_ColdbrineFiend_CastBigProjectile_Damage,0,EffectType.Harmful
GE_VV_ColdbrineFiend_CastBigProjectile_Damage,1,EffectType.Magic.Frost
GE_VV_ColdbrineFiend_CastProjectile_Damage,0,EffectType.Harmful
GE_VV_ColdbrineFiend_CastProjectile_Damage,1,EffectType.Magic.Frost
GE_VV_ColdbrineFiend_MeleeAutoAttack_Damage,0,EffectType.Harmful
GE_VV_ColdbrineFiend_MeleeAutoAttack_Damage,1,EffectType.Physical
GE_VV_CravenHiisi_AttachedAttack_Damage,0,EffectType.Harmful
GE_VV_CravenHiisi_AttachedAttack_Damage,1,EffectType.Physical
GE_VV_CravenHiisi_Dot,0,EffectType.Debuff
GE_VV_CravenHiisi_Dot,1,EffectType.Dot
GE_VV_CravenHiisi_Dot,2,EffectType.Harmful
GE_VV_CravenHiisi_Dot,3,EffectType.Physical.Bleed
GE_VV_CravenHiisi_Dot,4,EffectVisualization.Icon
GE_VV_CravenHiisi_Jump_Attack_HeroDebuff,0,EffectLogic.RemoveOnDeath
GE_VV_CravenHiisi_MeleeAutoAttack_Damage,0,EffectType.Harmful
GE_VV_CravenHiisi_MeleeAutoAttack_Damage,1,EffectType.Physical
GE_VV_FrenziedLooter_DropTreasure_Buff,0,EffectType.Debuff
GE_VV_FrenziedLooter_DropTreasure_Buff,1,EffectType.Harmful
GE_VV_FrenziedLooter_DropTreasure_Buff,2,EffectType.Magic.Holy
GE_VV_FrenziedLooter_DropTreasure_Buff,3,EffectVisualization.Icon
GE_VV_FrenziedLooter_DropTreasure_Buff,4,EffectLogic.RemoveOnDeath
GE_VV_FrenziedLooter_MeleeAutoAttack_Damage,0,EffectType.Harmful
GE_VV_FrenziedLooter_MeleeAutoAttack_Damage,1,EffectType.Physical
GE_VV_IcebitePIllager_Enrage_Buff,0,Effect.Buff
GE_VV_IcebitePIllager_Enrage_Buff,1,EffectVisualization.Icon
GE_VV_IcebitePIllager_Enrage_Buff,2,EffectLogic.RemoveOnDeath
GE_VV_IcebitePIllager_Enrage_Buff,3,EffectType.Beneficial
GE_VV_IcebitePIllager_Enrage_MaxHealthIncrease,0,EffectLogic.RemoveOnDeath
GE_VV_IcebitePIllager_Enrage_MaxHealthIncrease,1,EffectType.Beneficial
GE_VV_IcebitePIllager_Enrage_OrcMarker,0,GameplayEffect.PermanentNotRemovable
GE_VV_IcebitePIllager_Enrage_OrcMarker,1,EffectLogic.NotDispellable
GE_VV_IcebitePillager_MeleeAutoAttack_Damage,0,EffectType.Harmful
GE_VV_IcebitePillager_MeleeAutoAttack_Damage,1,EffectType.Physical
GE_VV_IcebiteReaver_HasteBuff_Buff,0,EffectType.Buff
GE_VV_IcebiteReaver_HasteBuff_Buff,1,EffectType.Beneficial
GE_VV_IcebiteReaver_HasteBuff_Buff,2,EffectType.Physical
GE_VV_IcebiteReaver_HasteBuff_Buff,3,EffectVisualization.Icon
GE_VV_IcebiteReaver_HasteBuff_Buff,4,EffectLogic.RemoveOnDeath
GE_VV_IcebiteReaver_MeleeAutoAttack_Damage,0,EffectType.Harmful
GE_VV_IcebiteReaver_MeleeAutoAttack_Damage,1,EffectType.Physical
GE_VV_IcebiteReaver_Slam_Damage,0,EffectType.Harmful
GE_VV_IcebiteReaver_Slam_Damage,1,EffectType.Magic.Frost
GE_VV_Shared_IceBite,0,EffectType.Magic.Frost
GE_VV_Shared_IceBite,1,EffectType.Debuff
GE_VV_Shared_IceBite,2,EffectType.Harmful
GE_VV_Shared_IceBite,3,EffectVisualization.Icon
GE_VV_Shared_IceBite,4,EffectLogic.RemoveOnDeath
GE_VV_SootstainedArsonist_CastedSingleTargetProjectile_Damage,0,EffectType.Magic.Fire
GE_VV_SootstainedArsonist_CastedSingleTargetProjectile_Damage,1,EffectType.Harmful
GE_VV_SootstainedArsonist_Cone_Damage,0,EffectType.Magic.Fire
GE_VV_SootstainedArsonist_Cone_Damage,1,EffectType.Harmful
GE_VV_SootstainedArsonist_Dot,0,EffectType.Debuff
GE_VV_SootstainedArsonist_Dot,1,EffectType.Dot
GE_VV_SootstainedArsonist_Dot,2,EffectType.Harmful
GE_VV_SootstainedArsonist_Dot,3,EffectType.Magic.Fire
GE_VV_SootstainedArsonist_Dot,4,EffectVisualization.Icon
GE_VV_SootstainedArsonist_Dot,5,EffectLogic.RemoveOnDeath
GE_VV_SootstainedArsonist_MeleeAutoAttack_Damage,0,EffectType.Harmful
GE_VV_SootstainedArsonist_MeleeAutoAttack_Damage,1,EffectType.Physical
GE_Vigor_CastedSingleTargetDamageDoubleHit_Passive,0,EffectType.GeneratesThreat
GE_Vigor_CastedSingleTargetDamageDoubleHit_Passive,1,EffectVisualization.Icon
GE_Vigor_CastedSingleTargetDamageDoubleHit_Passive,2,EffectType.Magic.Holy
GE_Vigor_CastedSingleTargetDamageDoubleHit_Passive,3,EffectType.Beneficial
GE_Vigor_CastedSingleTargetDamageDoubleHit_Passive,4,EffectLogic.System
GE_Vigor_CastedSingleTargetDamage_Damage,0,EffectType.Harmful
GE_Vigor_CastedSingleTargetDamage_Damage,1,EffectType.Magic.Holy
GE_Vigor_CastedSingleTargetDamage_Damage,2,EffectType.GeneratesThreat
GE_Vigor_CastedSingleTargetDamage_Damage,3,CustomAssetTags.Vigor.CastedSingleTargetDamage.Damage
GE_Vigor_CastedSingleTargetDamage_Damage,4,EffectType.SourceAbility.Basic
GE_Vigor_CastedSingleTargetHeal_Heal,0,EffectType.Healing
GE_Vigor_CastedSingleTargetHeal_Heal,1,EffectType.Beneficial
GE_Vigor_CastedSingleTargetHeal_Heal,2,EffectType.Magic.Holy
GE_Vigor_CastedSingleTargetHeal_Heal,3,CustomAssetTags.Vigor.CastedSingleTargetHeal.Heal
GE_Vigor_ChargedMovementSpeedSelfBuff_SelfBuff,0,EffectType.Beneficial
GE_Vigor_ChargedMovementSpeedSelfBuff_SelfBuff,1,EffectType.Magic.Holy
GE_Vigor_ChargedMovementSpeedSelfBuff_SelfBuff,2,EffectLogic.RemoveOnDeath
GE_Vigor_ChargedMovementSpeedSelfBuff_SelfBuff,3,EffectVisualization.IconOnPartyUnitFrame
GE_Vigor_ChargedMovementSpeedSelfBuff_SelfBuff,4,EffectVisualization.Icon
GE_Vigor_ChargedMovementSpeedSelfBuff_SelfBuff,5,EffectVisualization.HeroSuperBuffbar
GE_Vigor_ChargedMovementSpeedSelfBuff_SelfBuff,6,CustomAssetTags.Vigor.ChargedMovementSpeedSelfBuff.Buff
GE_Vigor_DamageReductionAndImmunityBuff,0,EffectType.Buff
GE_Vigor_DamageReductionAndImmunityBuff,1,EffectType.Beneficial
GE_Vigor_DamageReductionAndImmunityBuff,2,EffectLogic.RemoveOnDeath
GE_Vigor_DamageReductionAndImmunityBuff,3,EffectType.Magic.Holy
GE_Vigor_DamageReductionAndImmunityBuff,4,EffectType.GeneratesThreat
GE_Vigor_DamageReductionAndImmunityBuff,5,EffectVisualization.Icon
GE_Vigor_DamageReductionAndImmunityBuff,6,EffectVisualization.IconOnPartyUnitFrame
GE_Vigor_DamageReductionAndImmunityBuff,7,EffectVisualization.HeroSuperBuffbar
GE_Vigor_DamageReductionAndImmunityBuff,8,CustomAssetTags.Vigor.DamageReductionAndImmunityBuff.Buff
GE_Vigor_Echo_Heal,0,EffectType.Beneficial
GE_Vigor_Echo_Heal,1,EffectType.Healing
GE_Vigor_Echo_Heal,2,EffectType.Magic.Holy
GE_Vigor_Echo_Heal,3,CustomAssetTags.Vigor.Echo.Heal
GE_Vigor_InstantAoeHeal_Heal,0,EffectType.Beneficial
GE_Vigor_InstantAoeHeal_Heal,1,EffectType.Magic.Holy
GE_Vigor_InstantAoeHeal_Heal,2,EffectType.Healing
GE_Vigor_InstantAoeHeal_Heal,3,CustomAssetTags.Vigor.InstantAoeHeal.Talent.Tier2
GE_Vigor_InstantAoeHeal_Heal,4,EffectType.GeneratesThreat
GE_Vigor_InstantAoeHeal_Heal,5,CustomAssetTags.Vigor.InstantAoeHeal.Heal
GE_Vigor_InstantFrontalConeDamageHeal_Damage,0,EffectType.Harmful
GE_Vigor_InstantFrontalConeDamageHeal_Damage,1,EffectType.GeneratesThreat
GE_Vigor_InstantFrontalConeDamageHeal_Damage,2,EffectType.Magic.Holy
GE_Vigor_InstantFrontalConeDamageHeal_Damage,3,CustomAssetTags.Vigor.InstantFrontalConeDamageHeal.Damage
GE_Vigor_InstantFrontalConeDamageHeal_Heal,0,EffectType.Beneficial
GE_Vigor_InstantFrontalConeDamageHeal_Heal,1,EffectType.Magic.Holy
GE_Vigor_InstantFrontalConeDamageHeal_Heal,2,EffectType.Healing
GE_Vigor_InstantFrontalConeDamageHeal_Heal,3,CustomAssetTags.Vigor.InstantFrontalConeDamageHeal.Heal
GE_Vigor_InstantResourceGain,0,EffectType.Beneficial
GE_Vigor_InstantResourceGain,1,EffectType.Magic.Holy
GE_Vigor_InstantResourceGain_Buff,0,EffectLogic.RemoveOnDeath
GE_Vigor_InstantResourceGain_Buff,1,EffectType.Magic.Holy
GE_Vigor_InstantResourceGain_Buff,2,EffectType.Buff
GE_Vigor_InstantResourceGain_Buff,3,EffectType.Beneficial
GE_Vigor_InstantResourceGain_Buff,4,EffectVisualization.Icon
GE_Vigor_InstantResourceGain_Buff,5,EffectVisualization.IconOnPartyUnitFrame
GE_Vigor_InstantResourceGain_Buff,6,EffectVisualization.HeroSuperBuffbar
GE_Vigor_MetaResource_Gain,0,EffectLogic.System
GE_Vigor_PartyHealAndSelfBuff_Heal,0,EffectType.Beneficial
GE_Vigor_PartyHealAndSelfBuff_Heal,1,EffectType.Healing
GE_Vigor_PartyHealAndSelfBuff_Heal,2,EffectType.Magic.Holy
GE_Vigor_PartyHealAndSelfBuff_Visual,0,EffectLogic.RemoveOnDeath
GE_Vigor_PartyHealAndSelfBuff_Visual,1,EffectLogic.System
GE_Vigor_Passive_Talent_SkillshotAoeProjectile_HealsApplyAbsorb_Absorb,0,EffectType.Absorption
GE_Vigor_Passive_Talent_SkillshotAoeProjectile_HealsApplyAbsorb_Absorb,1,EffectType.Beneficial
GE_Vigor_Passive_Talent_SkillshotAoeProjectile_HealsApplyAbsorb_Absorb,2,EffectType.GeneratesThreat
GE_Vigor_Passive_Talent_SkillshotAoeProjectile_HealsApplyAbsorb_Absorb,3,EffectLogic.RemoveOnDeath
GE_Vigor_Passive_Talent_SkillshotAoeProjectile_HealsApplyAbsorb_Absorb,4,EffectVisualization.Icon
GE_Vigor_Passive_Talent_SkillshotAoeProjectile_HealsApplyAbsorb_Absorb,5,EffectVisualization.IconOnPartyUnitFrame
GE_Vigor_Passive_Talent_SkillshotAoeProjectile_HealsApplyAbsorb_Absorb,6,EffectType.Magic
GE_Vigor_Shared_Absorb_DamageReduction,0,EffectLogic.System
GE_Vigor_SingleAllyDispel_Dispel,0,EffectType.Beneficial
GE_Vigor_SingleAllyDispel_Dispel,1,EffectType.Magic.Holy
GE_Vigor_SingleAllyDispel_Dispel,2,EffectType.GeneratesThreat
GE_Vigor_SingleTargetAbsorb_Absorb,0,EffectType.Absorption
GE_Vigor_SingleTargetAbsorb_Absorb,1,EffectType.Beneficial
GE_Vigor_SingleTargetAbsorb_Absorb,2,EffectType.GeneratesThreat
GE_Vigor_SingleTargetAbsorb_Absorb,3,EffectType.Magic.Holy
GE_Vigor_SingleTargetAbsorb_Absorb,4,EffectLogic.RemoveOnDeath
GE_Vigor_SingleTargetAbsorb_Absorb,5,EffectVisualization.Icon
GE_Vigor_SingleTargetAbsorb_Absorb,6,EffectVisualization.IconOnPartyUnitFrame
GE_Vigor_SingleTargetAbsorb_Absorb,7,CustomAssetTags.Vigor.SingleTargetAbsorb.Absorb
GE_Vigor_SingleTargetAbsorb_UponRemovalBuff,0,EffectType.Beneficial
GE_Vigor_SingleTargetAbsorb_UponRemovalBuff,1,EffectLogic.RemoveOnDeath
GE_Vigor_SingleTargetAbsorb_UponRemovalBuff,2,EffectVisualization.Icon
GE_Vigor_SingleTargetAbsorb_UponRemovalBuff,3,EffectVisualization.IconOnPartyUnitFrame
GE_Vigor_SingleTargetAbsorb_UponRemovalBuff,4,EffectType.Magic.Holy
GE_Vigor_SingleTargetChargedHot_DirectHeal,0,EffectType.Healing
GE_Vigor_SingleTargetChargedHot_DirectHeal,1,EffectType.Beneficial
GE_Vigor_SingleTargetChargedHot_DirectHeal,2,EffectType.Magic.Holy
GE_Vigor_SingleTargetChargedHot_DirectHeal,3,CustomAssetTags.Vigor.SingleTargetChargedHot.DirectHeal
GE_Vigor_SingleTargetDot_BuffActiveAdditionalDirectDamage,0,EffectType.Harmful
GE_Vigor_SingleTargetDot_BuffActiveAdditionalDirectDamage,1,EffectType.Magic.Holy
GE_Vigor_SingleTargetDot_BuffActiveAdditionalDirectDamage,2,EffectType.GeneratesThreat
GE_Vigor_SingleTargetDot_BuffActiveAdditionalDirectDamage,3,CustomAssetTags.Vigor.SingleTargetDot.DirectDamage
GE_Vigor_SingleTargetDot_Dot,0,EffectType.Debuff
GE_Vigor_SingleTargetDot_Dot,1,EffectType.Dot
GE_Vigor_SingleTargetDot_Dot,2,EffectType.Magic.Holy
GE_Vigor_SingleTargetDot_Dot,3,EffectType.Harmful
GE_Vigor_SingleTargetDot_Dot,4,EffectType.GeneratesThreat
GE_Vigor_SingleTargetDot_Dot,5,EffectLogic.CarryOverDuration
GE_Vigor_SingleTargetDot_Dot,6,EffectVisualization.Icon
GE_Vigor_SingleTargetDot_Dot,7,EffectLogic.RemoveOnDeath
GE_Vigor_SingleTargetDot_Dot,8,CustomAssetTag.Vigor.InstantFrontalConeDamageHeal.Talent.DotHotExtension
GE_Vigor_SingleTargetDot_Dot,9,CustomAssetTags.Vigor.SingleTargetDot.Dot
GE_Vigor_SingleTargetEchoProccer_Buff,0,EffectLogic.RemoveOnDeath
GE_Vigor_SingleTargetEchoProccer_Buff,1,EffectType.Magic.Holy
GE_Vigor_SingleTargetEchoProccer_Buff,2,EffectType.Buff
GE_Vigor_SingleTargetEchoProccer_Buff,3,EffectType.Beneficial
GE_Vigor_SingleTargetEchoProccer_Buff,4,EffectType.GeneratesThreat
GE_Vigor_SingleTargetEchoProccer_Buff,5,EffectVisualization.Icon
GE_Vigor_SingleTargetEchoProccer_Buff,6,EffectVisualization.IconOnPartyUnitFrame
GE_Vigor_SingleTargetProjectileStun_Stun,0,EffectType.CrowdControl
GE_Vigor_SingleTargetProjectileStun_Stun,1,EffectType.MovementImpairing
GE_Vigor_SingleTargetProjectileStun_Stun,2,EffectLogic.RemoveOnDeath
GE_Vigor_SingleTargetProjectileStun_Stun,3,EffectType.Magic.Holy
GE_Vigor_SingleTargetProjectileStun_Stun,4,EffectType.GeneratesThreat
GE_Vigor_SingleTargetProjectileStun_Stun,5,EffectVisualization.Icon
GE_Vigor_SingleTargetProjectileStun_Stun,6,EffectType.Stun
GE_Vigor_SingleTargetProjectileStun_Stun,7,EffectType.Harmful
GE_Vigor_SkillshotAoeProjectile_Damage,0,EffectType.GeneratesThreat
GE_Vigor_SkillshotAoeProjectile_Damage,1,EffectType.Magic.Holy
GE_Vigor_SkillshotAoeProjectile_Damage,2,EffectType.Harmful
GE_Vigor_SkillshotAoeProjectile_Damage,3,CustomAssetTags.Vigor.SkillshotAoeProjectile.Damage
GE_Vigor_SkillshotAoeProjectile_Heal,0,EffectType.Beneficial
GE_Vigor_SkillshotAoeProjectile_Heal,1,EffectType.GeneratesThreat
GE_Vigor_SkillshotAoeProjectile_Heal,2,EffectType.Healing
GE_Vigor_SkillshotAoeProjectile_Heal,3,EffectType.Magic.Holy
GE_Vigor_SkillshotAoeProjectile_Heal,4,CustomAssetTags.Vigor.SkillshotAoeProjectile.Heal
GE_Vigor_StackForDoubleHitBuff_Passive,0,EffectType.Beneficial
GE_Vigor_StackForDoubleHitBuff_Passive,1,EffectType.Buff
GE_Vigor_StackForDoubleHitBuff_Passive,2,EffectType.Magic.Holy
GE_Vigor_StackForDoubleHitBuff_Passive,3,EffectType.GeneratesThreat
GE_Vigor_StackForDoubleHitBuff_Passive,4,EffectLogic.System
GE_Vigor_StackForDoubleHitBuff_Passive,5,EffectVisualization.Icon
GE_Vigor_Talent_CastedSingleTargetDamage_GlobalCooldown,0,EffectLogic.System
GE_Vigor_Talent_CastedSingleTargetDamage_ManaRegenBuff,0,EffectLogic.AlwaysApply
GE_Vigor_Talent_CastedSingleTargetDamage_ManaRegenBuff,1,EffectType.Beneficial
GE_Vigor_Talent_CastedSingleTargetDamage_ManaRegenBuff,2,EffectType.Magic.Holy
GE_Vigor_Talent_CastedSingleTargetDamage_ManaRegenBuff,3,EffectVisualization.Icon
GE_Vigor_Talent_CastedSingleTargetDamage_ManaRegenBuff,4,EffectLogic.RemoveOnDeath
GE_Vigor_Talent_CastedSingleTargetDamage_ManaRegenBuff,5,EffectVisualization.HeroSuperBuffbar
GE_Vigor_Talent_CastedSingleTargetDamage_ReducedCastTime,0,EffectType.Beneficial
GE_Vigor_Talent_CastedSingleTargetDamage_ReducedCastTime,1,EffectType.Buff
GE_Vigor_Talent_CastedSingleTargetDamage_ReducedCastTime,2,EffectType.Magic.Holy
GE_Vigor_Talent_CastedSingleTargetDamage_ReducedCastTime,3,EffectVisualization.Icon
GE_Vigor_Talent_CastedSingleTargetDamage_ReducedCastTime,4,EffectVisualization.HeroSuperBuffbar
GE_Vigor_Talent_CastedSingleTargetDamage_SingleTargetChargedHot_HealAlly_Heal,0,EffectType.Beneficial
GE_Vigor_Talent_CastedSingleTargetDamage_SingleTargetChargedHot_HealAlly_Heal,1,EffectType.Healing
GE_Vigor_Talent_CastedSingleTargetDamage_SingleTargetChargedHot_HealAlly_Heal,2,EffectType.Magic.Holy
GE_Vigor_Talent_CastedSingleTargetDamage_StatBonusBuff,0,EffectLogic.AlwaysApply
GE_Vigor_Talent_CastedSingleTargetDamage_StatBonusBuff,1,EffectType.Beneficial
GE_Vigor_Talent_CastedSingleTargetDamage_StatBonusBuff,2,EffectType.Magic.Holy
GE_Vigor_Talent_CastedSingleTargetDamage_StatBonusBuff,3,EffectLogic.RemoveOnDeath
GE_Vigor_Talent_CastedSingleTargetHeal_CheaperInstantCast_Proc,0,EffectLogic.RemoveOnDeath
GE_Vigor_Talent_CastedSingleTargetHeal_CheaperInstantCast_Proc,1,EffectLogic.System
GE_Vigor_Talent_CastedSingleTargetHeal_CheaperInstantCast_Proc,2,EffectVisualization.Icon
GE_Vigor_Talent_CastedSingleTargetHeal_CheaperInstantCast_Proc,3,EffectVisualization.IconOnPartyUnitFrame
GE_Vigor_Talent_CastedSingleTargetHeal_CheaperInstantCast_Proc,4,EffectLogic.Proc
GE_Vigor_Talent_CastedSingleTargetHeal_CheaperInstantCast_Proc,5,EffectType.Magic
GE_Vigor_Talent_CastedSingleTargetHeal_CheaperInstantCast_Proc,6,EffectType.Beneficial
GE_Vigor_Talent_CastedSingleTargetHeal_CheaperInstantCast_Proc,7,EffectVisualization.HeroSuperBuffbar
GE_Vigor_Talent_CastedSingleTargetHeal_ReducedCastTime,0,EffectLogic.System
GE_Vigor_Talent_IncreasedMaxMana,0,EffectLogic.System
GE_Vigor_Talent_InstantAoeHeal_DamageReduction_AoeBuff,0,EffectLogic.RemoveOnDeath
GE_Vigor_Talent_InstantAoeHeal_DamageReduction_AoeBuff,1,EffectType.Buff
GE_Vigor_Talent_InstantAoeHeal_DamageReduction_AoeBuff,2,EffectType.Beneficial
GE_Vigor_Talent_InstantAoeHeal_DamageReduction_AoeBuff,3,EffectType.Magic.Holy
GE_Vigor_Talent_InstantAoeHeal_DamageReduction_AoeBuff,4,EffectVisualization.Icon
GE_Vigor_Talent_InstantAoeHeal_Hot,0,EffectType.GeneratesThreat
GE_Vigor_Talent_InstantAoeHeal_Hot,1,EffectLogic.RemoveOnDeath
GE_Vigor_Talent_InstantAoeHeal_Hot,2,EffectVisualization.Icon
GE_Vigor_Talent_InstantAoeHeal_Hot,3,EffectType.Hot
GE_Vigor_Talent_InstantAoeHeal_Hot,4,EffectType.Healing
GE_Vigor_Talent_InstantAoeHeal_Hot,5,EffectType.Beneficial
GE_Vigor_Talent_InstantAoeHeal_Hot,6,EffectType.Buff
GE_Vigor_Talent_InstantAoeHeal_Hot,7,EffectType.Magic.Holy
GE_Vigor_Talent_InstantAoeHeal_Hot,8,EffectVisualization.IconOnPartyUnitFrame
GE_Vigor_Talent_InstantAoeHeal_ReducedCost,0,EffectLogic.System
GE_Vigor_Talent_InstantFrontalConeDamageHeal_DotProc_Proc,0,EffectType.Beneficial
GE_Vigor_Talent_InstantFrontalConeDamageHeal_DotProc_Proc,1,EffectType.Magic.Holy
GE_Vigor_Talent_InstantFrontalConeDamageHeal_DotProc_Proc,2,EffectLogic.Proc
GE_Vigor_Talent_InstantFrontalConeDamageHeal_DotProc_Proc,3,EffectVisualization.Icon
GE_Vigor_Talent_InstantFrontalConeDamageHeal_DotProc_Proc,4,EffectLogic.System
GE_Vigor_Talent_InstantFrontalConeDamageHeal_DotProc_Proc,5,EffectVisualization.HeroSuperBuffbar
GE_Vigor_Talent_InstantFrontalConeDamageHeal_DotProc_Proc,6,EffectLogic.RemoveOnDeath
GE_Vigor_Talent_InstantFrontalConeDamageHeal_IncreasedHeal,0,EffectLogic.System
GE_Vigor_Talent_InstantFrontalConeDamageHeal_InstantAoeHeal_FreePowerProc_ActualProc,0,EffectLogic.System
GE_Vigor_Talent_InstantFrontalConeDamageHeal_InstantAoeHeal_FreePowerProc_ActualProc,1,EffectType.Beneficial
GE_Vigor_Talent_InstantFrontalConeDamageHeal_InstantAoeHeal_FreePowerProc_ActualProc,2,EffectLogic.RemoveOnDeath
GE_Vigor_Talent_InstantFrontalConeDamageHeal_InstantAoeHeal_FreePowerProc_Proc,0,EffectLogic.System
GE_Vigor_Talent_InstantFrontalConeDamageHeal_InstantAoeHeal_FreePowerProc_Proc,1,EffectType.Beneficial
GE_Vigor_Talent_InstantFrontalConeDamageHeal_InstantAoeHeal_FreePowerProc_Proc,2,EffectVisualization.HeroSuperBuffbar
GE_Vigor_Talent_InstantFrontalConeDamageHeal_InstantAoeHeal_FreePowerProc_Proc,3,EffectVisualization.Icon
GE_Vigor_Talent_InstantFrontalConeDamageHeal_InstantAoeHeal_FreePowerProc_Proc,4,EffectLogic.RemoveOnDeath
GE_Vigor_Talent_InstantFrontalConeDamageHeal_Tier2_BoostProc,0,EffectLogic.RemoveOnDeath
GE_Vigor_Talent_InstantFrontalConeDamageHeal_Tier2_BoostProc,1,EffectType.Beneficial
GE_Vigor_Talent_InstantFrontalConeDamageHeal_Tier2_BoostProc,2,EffectType.Buff
GE_Vigor_Talent_InstantFrontalConeDamageHeal_Tier2_BoostProc,3,EffectType.Magic.Holy
GE_Vigor_Talent_InstantFrontalConeDamageHeal_Tier2_BoostProc,4,EffectLogic.System
GE_Vigor_Talent_InstantFrontalConeDamageHeal_Tier2_BoostProc,5,EffectVisualization.Icon
GE_Vigor_Talent_ReducedIncomingAoeDamage,0,EffectLogic.System
GE_Vigor_Talent_ReducedIncomingMagicDamage,0,EffectLogic.System
GE_Vigor_Talent_Runes_IncreasedDuration,0,EffectLogic.System
GE_Vigor_Talent_SingleTargetAbsorb_ReducedIncomingDamage,0,EffectLogic.System
GE_Vigor_Talent_SingleTargetAbsorb_ReducedIncomingDamage,1,EffectType.Beneficial
GE_Vigor_Talent_SingleTargetAbsorb_ReducedIncomingDamage,2,EffectType.Magic.Holy
GE_Vigor_Talent_SingleTargetChargedHot_BuffIncreasesMaxHealth_Buff,0,EffectLogic.RemoveOnDeath
GE_Vigor_Talent_SingleTargetChargedHot_BuffIncreasesMaxHealth_Buff,1,EffectType.Beneficial
GE_Vigor_Talent_SingleTargetChargedHot_BuffIncreasesMaxHealth_Buff,2,EffectType.Buff
GE_Vigor_Talent_SingleTargetChargedHot_BuffIncreasesMaxHealth_Buff,3,EffectType.Magic.Holy
GE_Vigor_Talent_SingleTargetDot_BuffActiveAdditionalDirectDamage_DamageHealsAlly_Heal,0,EffectType.Beneficial
GE_Vigor_Talent_SingleTargetDot_BuffActiveAdditionalDirectDamage_DamageHealsAlly_Heal,1,EffectType.Healing
GE_Vigor_Talent_SingleTargetDot_BuffActiveAdditionalDirectDamage_DamageHealsAlly_Heal,2,EffectType.Magic.Holy
GE_Vigor_Talent_SingleTargetDot_DamageToAoe_Damage,0,EffectType.GeneratesThreat
GE_Vigor_Talent_SingleTargetDot_DamageToAoe_Damage,1,EffectType.Magic.Holy
GE_Vigor_Talent_SingleTargetDot_DamageToAoe_Damage,2,EffectType.Harmful
GE_Vigor_Talent_SingleTargetDot_DamageToAoe_ResourceGain,0,EffectType.Beneficial
GE_Vigor_Talent_SingleTargetDot_DamageToAoe_ResourceGain,1,EffectType.Magic.Holy
GE_Vigor_Talent_SingleTargetDot_IncreasedDamage,0,EffectLogic.System
GE_Vigor_Talent_SkillshotAoeProjectile_IncreasedCriticalStrikeChance,0,EffectLogic.System
GE_Vigor_Talent_SpiritProcBuff_NextRuneSpenderIncreasedPower_Proc,0,EffectLogic.RemoveOnDeath
GE_Vigor_Talent_SpiritProcBuff_NextRuneSpenderIncreasedPower_Proc,1,EffectLogic.System
GE_Vigor_Talent_SpiritProcBuff_NextRuneSpenderIncreasedPower_Proc,2,EffectVisualization.Icon
GE_Vigor_Talent_SpiritProcBuff_NextRuneSpenderIncreasedPower_Proc,3,EffectLogic.Proc
GE_Vigor_Talent_SpiritProcBuff_NextRuneSpenderIncreasedPower_Proc,4,EffectType.Magic
GE_Vigor_Talent_SpiritProcBuff_NextRuneSpenderIncreasedPower_Proc,5,EffectType.Beneficial
GE_Vigor_Talent_SpiritProcBuff_NextRuneSpenderIncreasedPower_Proc,6,EffectVisualization.HeroSuperBuffbar
GE_Warmaster_AoeIncite_FriendlyAura_Buff,0,EffectType.Beneficial
GE_Warmaster_AoeIncite_FriendlyAura_Buff,1,EffectType.Buff
GE_Warmaster_AoeIncite_FriendlyAura_Buff,2,EffectType.Physical
GE_Warmaster_AoeIncite_FriendlyAura_Buff,3,EffectVisualization.Icon
GE_Warmaster_AoeIncite_FriendlyAura_Buff,4,EffectVisualization.IconOnPartyUnitFrame
GE_Warmaster_AoeIncite_InciteTarget,0,EffectLogic.RemoveOnDeath
GE_Warmaster_AoeIncite_InciteTarget,1,EffectType.Debuff
GE_Warmaster_AoeIncite_InciteTarget,2,EffectType.GeneratesThreat
GE_Warmaster_AoeIncite_InciteTarget,3,EffectType.Harmful
GE_Warmaster_AoeIncite_InciteTarget,4,EffectType.Physical
GE_Warmaster_AoeIncite_InciteTarget,5,EffectType.Incite
GE_Warmaster_AoeIncite_InciteTarget,6,EffectVisualization.Icon
GE_Warmaster_AoeIncite_InciteTarget,7,EffectLogic.NoImmuneLogging
GE_Warmaster_AoeIncite_SelfBuff,0,EffectLogic.RemoveOnDeath
GE_Warmaster_AoeIncite_SelfBuff,1,EffectType.Beneficial
GE_Warmaster_AoeIncite_SelfBuff,2,EffectType.Buff
GE_Warmaster_AoeIncite_SelfBuff,3,EffectType.Physical
GE_Warmaster_AoeIncite_SelfBuff,4,EffectVisualization.Icon
GE_Warmaster_AoeIncite_SelfBuff,5,EffectVisualization.HeroSuperBuffbar
GE_Warmaster_BouncyProjectile_Damage,0,EffectType.Physical
GE_Warmaster_BouncyProjectile_Damage,1,EffectType.GeneratesThreat
GE_Warmaster_BouncyProjectile_Damage,2,EffectType.Harmful
GE_Warmaster_BouncyProjectile_Damage,3,CustomAssetTags.Warmaster.BouncyProjectile.Damage
GE_Warmaster_DefenceBuff_Buff,0,EffectLogic.RemoveOnDeath
GE_Warmaster_DefenceBuff_Buff,1,EffectType.GeneratesThreat
GE_Warmaster_DefenceBuff_Buff,2,EffectVisualization.Icon
GE_Warmaster_DefenceBuff_Buff,3,EffectType.Beneficial
GE_Warmaster_DefenceBuff_Buff,4,EffectVisualization.IconOnPartyUnitFrame
GE_Warmaster_DefenceBuff_Buff,5,EffectVisualization.HeroSuperBuffbar
GE_Warmaster_DefenceBuff_Buff,6,CustomAssetTags.Warmaster.DefenceBuff.Buff
GE_Warmaster_DefenceBuff_TemporaryToughnessLossProtection,0,EffectLogic.RemoveOnDeath
GE_Warmaster_DefenceBuff_TemporaryToughnessLossProtection,1,EffectType.Beneficial
GE_Warmaster_HeavyMelee_CleaveDamage,0,EffectType.Physical
GE_Warmaster_HeavyMelee_CleaveDamage,1,EffectType.GeneratesThreat
GE_Warmaster_HeavyMelee_CleaveDamage,2,EffectType.Harmful
GE_Warmaster_HeavyMelee_Damage,0,EffectType.Physical
GE_Warmaster_HeavyMelee_Damage,1,EffectType.GeneratesThreat
GE_Warmaster_HeavyMelee_Damage,2,EffectType.Harmful
GE_Warmaster_HeavyMelee_Damage,3,CustomAssetTags.Warmaster.HeavyMelee.Damage
GE_Warmaster_HeavyMelee_Damage,4,EffectType.SourceAbility.Basic
GE_Warmaster_InstantMeleeCleave_BleedDebuff,0,GameplayEffect.NotDispellable
GE_Warmaster_InstantMeleeCleave_BleedDebuff,1,GameplayEffect.RemoveOnDeath
GE_Warmaster_InstantMeleeCleave_BleedDebuff,2,Effect.Debuff
GE_Warmaster_InstantMeleeCleave_BleedDebuff,3,EffectType.Physical.Bleed
GE_Warmaster_InstantMeleeCleave_BleedDebuff,4,EffectType.Harmful
GE_Warmaster_InstantMeleeCleave_BleedDebuff,5,EffectType.Dot
GE_Warmaster_InstantMeleeCleave_BleedDebuff,6,EffectLogic.CarryOverDuration
GE_Warmaster_InstantMeleeCleave_Damage,0,EffectType.GeneratesThreat
GE_Warmaster_InstantMeleeCleave_Damage,1,EffectType.Harmful
GE_Warmaster_InstantMeleeCleave_Damage,2,EffectType.Physical
GE_Warmaster_LightMelee_Damage,0,EffectType.Physical
GE_Warmaster_LightMelee_Damage,1,EffectType.GeneratesThreat
GE_Warmaster_LightMelee_Damage,2,EffectType.Harmful
GE_Warmaster_LightMelee_Damage,3,CustomAssetTags.Warmaster.LightMelee.Damage
GE_Warmaster_LightMelee_Damage,4,EffectType.SourceAbility.Basic
GE_Warmaster_MeleeAoeSlow_Damage,0,EffectType.Physical
GE_Warmaster_MeleeAoeSlow_Damage,1,EffectType.GeneratesThreat
GE_Warmaster_MeleeAoeSlow_Damage,2,EffectType.Harmful
GE_Warmaster_MeleeAoeSlow_Debuff,0,EffectType.Debuff
GE_Warmaster_MeleeAoeSlow_Debuff,1,EffectType.GeneratesThreat
GE_Warmaster_MeleeAoeSlow_Debuff,2,EffectType.Harmful
GE_Warmaster_MeleeAoeSlow_Debuff,3,EffectType.Physical
GE_Warmaster_MeleeAoeSlow_Debuff,4,EffectType.MovementImpairing
GE_Warmaster_MeleeAoeSlow_Debuff,5,EffectLogic.RemoveOnDeath
GE_Warmaster_MeleeAoeSlow_DebuffIcon,0,EffectType.Debuff
GE_Warmaster_MeleeAoeSlow_DebuffIcon,1,EffectLogic.RemoveOnDeath
GE_Warmaster_MeleeAoeSlow_DebuffIcon,2,EffectVisualization.Icon
GE_Warmaster_MeleeAoeSlow_DebuffIcon,3,EffectType.Harmful
GE_Warmaster_MeleeAoeSlow_DebuffIcon,4,EffectType.Physical
GE_Warmaster_MeleeAoeSlow_DebuffIcon,5,EffectType.CrowdControl
GE_Warmaster_MeleeAoeSlow_Stun,0,EffectType.CrowdControl
GE_Warmaster_MeleeAoeSlow_Stun,1,EffectType.MovementImpairing
GE_Warmaster_MeleeAoeSlow_Stun,2,EffectType.Physical
GE_Warmaster_MeleeAoeSlow_Stun,3,EffectLogic.RemoveOnDeath
GE_Warmaster_MeleeAoeSlow_Stun,4,EffectType.GeneratesThreat
GE_Warmaster_MeleeAoeSlow_Stun,5,EffectType.Harmful
GE_Warmaster_MeleeAoeSlow_Stun,6,EffectVisualization.Icon
GE_Warmaster_MeleeAutoAttack_Damage,0,EffectType.Physical
GE_Warmaster_MeleeAutoAttack_Damage,1,EffectType.GeneratesThreat
GE_Warmaster_MeleeAutoAttack_Damage,2,EffectType.Harmful
GE_Warmaster_MeleeAutoAttack_Damage,3,EffectType.AutoAttack
GE_Warmaster_MeleeCleaveBonusProc,0,EffectLogic.RemoveOnDeath
GE_Warmaster_MeleeCleaveBonusProc,1,EffectType.GeneratesThreat
GE_Warmaster_MeleeCleaveBonusProc,2,EffectType.Beneficial
GE_Warmaster_MeleeCleaveBonusProc,3,EffectVisualization.Icon
GE_Warmaster_MeleeCleave_Absorb,0,EffectType.Absorption
GE_Warmaster_MeleeCleave_Absorb,1,EffectType.Beneficial
GE_Warmaster_MeleeCleave_Absorb,2,EffectType.GeneratesThreat
GE_Warmaster_MeleeCleave_Absorb,3,EffectLogic.RemoveOnDeath
GE_Warmaster_MeleeCleave_Absorb,4,EffectVisualization.Icon
GE_Warmaster_MeleeCleave_Absorb,5,EffectVisualization.IconOnPartyUnitFrame
GE_Warmaster_MeleeCleave_Absorb,6,EffectType.Physical
GE_Warmaster_MeleeCleave_Absorb,7,EffectVisualization.HeroSuperBuffbar
GE_Warmaster_MeleeCleave_AbsorbBuff_SelfBuff,0,EffectType.Buff
GE_Warmaster_MeleeCleave_AbsorbBuff_SelfBuff,1,EffectType.Beneficial
GE_Warmaster_MeleeCleave_AbsorbBuff_SelfBuff,2,EffectType.Physical
GE_Warmaster_MeleeCleave_AbsorbBuff_SelfBuff,3,EffectLogic.RemoveOnDeath
GE_Warmaster_MeleeCleave_AbsorbBuff_SelfBuff,4,EffectVisualization.Icon
GE_Warmaster_MeleeCleave_AbsorbBuff_SelfBuff,5,EffectVisualization.HeroSuperBuffbar
GE_Warmaster_MeleeCleave_CleaveDamage,0,EffectType.Physical
GE_Warmaster_MeleeCleave_CleaveDamage,1,EffectType.GeneratesThreat
GE_Warmaster_MeleeCleave_CleaveDamage,2,EffectType.Harmful
GE_Warmaster_MeleeCleave_Damage,0,EffectType.Physical
GE_Warmaster_MeleeCleave_Damage,1,EffectType.GeneratesThreat
GE_Warmaster_MeleeCleave_Damage,2,EffectType.Harmful
GE_Warmaster_MeleeCleave_Damage,3,CustomAssetTags.Warmaster.MeleeCleave.MainDamage
GE_Warmaster_MeleeCleave_ReducedIncomingDamageFromTarget_Debuff,0,EffectLogic.RemoveOnDeath
GE_Warmaster_MeleeCleave_ReducedIncomingDamageFromTarget_Debuff,1,EffectType.Physical
GE_Warmaster_MeleeCleave_ReducedIncomingDamageFromTarget_Debuff,2,EffectType.Harmful
GE_Warmaster_MeleeCleave_ReducedIncomingDamageFromTarget_Debuff,3,EffectType.Debuff
GE_Warmaster_MeleeCleave_ReducedIncomingDamageFromTarget_Debuff,4,EffectType.GeneratesThreat
GE_Warmaster_MeleeCleave_ReducedIncomingDamageFromTarget_Debuff,5,EffectVisualization.Icon
GE_Warmaster_MeleeCleave_ReducedIncomingDamageFromTarget_SelfBuff,0,EffectLogic.System
GE_Warmaster_MeleeCleave_ReducedIncomingDamageFromTarget_SelfBuff,1,EffectLogic.RemoveOnDeath
GE_Warmaster_MeleeInterrupt_Interrupt,0,EffectType.Harmful
GE_Warmaster_MeleeInterrupt_Interrupt,1,EffectType.GeneratesThreat
GE_Warmaster_MeleeInterrupt_Interrupt,2,EffectType.Physical
GE_Warmaster_MoveSpeedBuff_AllyBuff,0,EffectType.Buff
GE_Warmaster_MoveSpeedBuff_AllyBuff,1,EffectType.Beneficial
GE_Warmaster_MoveSpeedBuff_AllyBuff,2,EffectType.Physical
GE_Warmaster_MoveSpeedBuff_AllyBuff,3,EffectLogic.RemoveOnDeath
GE_Warmaster_MoveSpeedBuff_AllyBuff,4,EffectVisualization.Icon
GE_Warmaster_MoveSpeedBuff_SelfBuff,0,EffectType.Buff
GE_Warmaster_MoveSpeedBuff_SelfBuff,1,EffectType.Beneficial
GE_Warmaster_MoveSpeedBuff_SelfBuff,2,EffectType.Physical
GE_Warmaster_MoveSpeedBuff_SelfBuff,3,EffectLogic.RemoveOnDeath
GE_Warmaster_MoveSpeedBuff_SelfBuff,4,EffectVisualization.Icon
GE_Warmaster_MoveToTargetStun_Damage,0,EffectType.Physical
GE_Warmaster_MoveToTargetStun_Damage,1,EffectType.GeneratesThreat
GE_Warmaster_MoveToTargetStun_Damage,2,EffectType.Harmful
GE_Warmaster_MoveToTargetStun_Stun,0,EffectType.CrowdControl
GE_Warmaster_MoveToTargetStun_Stun,1,EffectType.MovementImpairing
GE_Warmaster_MoveToTargetStun_Stun,2,EffectType.Physical
GE_Warmaster_MoveToTargetStun_Stun,3,EffectLogic.RemoveOnDeath
GE_Warmaster_MoveToTargetStun_Stun,4,EffectType.GeneratesThreat
GE_Warmaster_MoveToTargetStun_Stun,5,EffectType.Harmful
GE_Warmaster_MoveToTargetStun_Stun,6,EffectVisualization.Icon
GE_Warmaster_NoResourceLossSelfBuff_Buff,0,EffectType.Beneficial
GE_Warmaster_NoResourceLossSelfBuff_Buff,1,EffectLogic.RemoveOnDeath
GE_Warmaster_NoResourceLossSelfBuff_Buff,2,EffectVisualization.Icon
GE_Warmaster_NoResourceLossSelfBuff_Buff,3,EffectType.Physical
GE_Warmaster_NoResourceLossSelfBuff_Buff,4,EffectVisualization.IconOnPartyUnitFrame
GE_Warmaster_NoResourceLossSelfBuff_Buff,5,EffectVisualization.HeroSuperBuffbar
GE_Warmaster_NoResourceLossSelfBuff_Buff,6,CustomAssetTags.Warmaster.NoResourceLossSelfBuff.Buff
GE_Warmaster_PassiveHealthRegen,0,EffectType.Beneficial
GE_Warmaster_PassiveHealthRegen,1,EffectType.Healing
GE_Warmaster_PassiveHealthRegen,2,EffectType.Physical
GE_Warmaster_PassiveHealthRegen,3,EffectVisualization.Icon
GE_Warmaster_PassiveHealthRegen,4,EffectVisualization.IconOnPartyUnitFrame
GE_Warmaster_PassiveHealthRegen,5,EffectVisualization.HeroSuperBuffbar
GE_Warmaster_PassiveHealthRegen,6,EffectLogic.RemoveOnDeath
GE_Warmaster_PassiveHealthRegen,7,EffectType.Buff
GE_Warmaster_PassiveHealthRegen,8,EffectLogic.TickrateNotAffectedByHaste
GE_Warmaster_RangedTaunt_Debuff,0,EffectLogic.RemoveOnDeath
GE_Warmaster_RangedTaunt_Debuff,1,EffectType.Physical
GE_Warmaster_RangedTaunt_Debuff,2,EffectType.GeneratesThreat
GE_Warmaster_RangedTaunt_Debuff,3,EffectVisualization.Icon
GE_Warmaster_RangedTaunt_Debuff,4,EffectType.Harmful
GE_Warmaster_RangedTaunt_Debuff,5,EffectType.Taunt
GE_Warmaster_SharedToughnessAura_PartyBuff,0,EffectType.Beneficial
GE_Warmaster_SharedToughnessAura_PartyBuff,1,EffectType.Buff
GE_Warmaster_SharedToughnessAura_PartyBuff,2,EffectType.Magic
GE_Warmaster_SharedToughnessAura_PartyBuff,3,EffectLogic.RemoveOnDeath
GE_Warmaster_SharedToughnessAura_PartyBuff,4,EffectVisualization.Icon
GE_Warmaster_SharedToughnessAura_PartyBuff,5,EffectVisualization.IconOnPartyUnitFrame
GE_Warmaster_SharedToughnessAura_SelfBuff,0,EffectType.Beneficial
GE_Warmaster_SharedToughnessAura_SelfBuff,1,EffectType.Buff
GE_Warmaster_SharedToughnessAura_SelfBuff,2,EffectType.Magic
GE_Warmaster_SharedToughnessAura_SelfBuff,3,EffectLogic.RemoveOnDeath
GE_Warmaster_ShieldSelfBuff_Buff,0,EffectType.Beneficial
GE_Warmaster_ShieldSelfBuff_Buff,1,EffectLogic.RemoveOnDeath
GE_Warmaster_ShieldSelfBuff_Buff,2,EffectVisualization.Icon
GE_Warmaster_ShieldSelfBuff_Buff,3,EffectVisualization.IconOnPartyUnitFrame
GE_Warmaster_ShieldSelfBuff_Buff,4,EffectVisualization.HeroSuperBuffbar
GE_Warmaster_ShieldSelfBuff_DamageReductionBuff,0,EffectType.Buff
GE_Warmaster_ShieldSelfBuff_DamageReductionBuff,1,EffectType.Beneficial
GE_Warmaster_ShieldSelfBuff_DamageReductionBuff,2,EffectLogic.RemoveOnDeath
GE_Warmaster_ShieldSelfBuff_DamageReductionBuff,3,EffectType.GeneratesThreat
GE_Warmaster_ShieldSelfBuff_DamageReductionBuff,4,EffectType.Physical
GE_Warmaster_Talent_BlockToIncreasedPower_Proc,0,EffectLogic.System
GE_Warmaster_Talent_BlockToIncreasedPower_Proc,1,EffectType.Beneficial
GE_Warmaster_Talent_BlockToIncreasedPower_Proc,2,EffectVisualization.Icon
GE_Warmaster_Talent_BlockToIncreasedPower_Proc,3,EffectLogic.RemoveOnDeath
GE_Warmaster_Talent_BouncyProjectile_ChanceAoeDamage_Damage,0,EffectType.Physical
GE_Warmaster_Talent_BouncyProjectile_ChanceAoeDamage_Damage,1,EffectType.GeneratesThreat
GE_Warmaster_Talent_BouncyProjectile_ChanceAoeDamage_Damage,2,EffectType.Harmful
GE_Warmaster_Talent_BouncyProjectile_FirstHitAoeDamageDebuff_Debuff,0,EffectType.Harmful
GE_Warmaster_Talent_BouncyProjectile_FirstHitAoeDamageDebuff_Debuff,1,EffectLogic.RemoveOnDeath
GE_Warmaster_Talent_BouncyProjectile_FirstHitAoeDamageDebuff_Debuff,2,EffectVisualization.Icon
GE_Warmaster_Talent_BouncyProjectile_FirstHitAoeDamageDebuff_Debuff_OwnerEffect,0,EffectLogic.System
GE_Warmaster_Talent_BouncyProjectile_IncreasedCritChance,0,EffectLogic.System
GE_Warmaster_Talent_BouncyProjectile_IncreasedDamageProc,0,EffectVisualization.Icon
GE_Warmaster_Talent_BouncyProjectile_IncreasedDamageProc,1,EffectType.Beneficial
GE_Warmaster_Talent_BouncyProjectile_IncreasedDamageProc,2,EffectVisualization.HeroSuperBuffbar
GE_Warmaster_Talent_DefenceBuff_MeleeCleaveIncreasedDamageHeal,0,EffectLogic.System
GE_Warmaster_Talent_DefenceBuff_MeleeCleaveIncreasedDamageHeal,1,EffectType.Beneficial
GE_Warmaster_Talent_DefenceBuff_MeleeCleaveIncreasedDamageHeal,2,EffectType.Buff
GE_Warmaster_Talent_DefenceBuff_MeleeCleaveIncreasedDamageHeal,3,EffectType.Physical
GE_Warmaster_Talent_HeavyMelee_SweepingStrikeApplied_IncreasedDamage_OwnerEffect,0,EffectLogic.System
GE_Warmaster_Talent_IncreasedArmor,0,EffectLogic.AlwaysApply
GE_Warmaster_Talent_IncreasedArmor,1,EffectLogic.System
GE_Warmaster_Talent_IncreasedArmorFromAbilities_Buff,0,EffectType.Beneficial
GE_Warmaster_Talent_IncreasedArmorFromAbilities_Buff,1,EffectLogic.RemoveOnDeath
GE_Warmaster_Talent_IncreasedArmorFromAbilities_Buff,2,EffectVisualization.Icon
GE_Warmaster_Talent_IncreasedArmorFromAbilities_Buff,3,EffectVisualization.HeroSuperBuffbar
GE_Warmaster_Talent_IncreasedMeleeCleaveAndHeavyMeleeDamage,0,EffectLogic.System
GE_Warmaster_Talent_IncreasedSpirit,0,EffectLogic.System
GE_Warmaster_Talent_IncreasedToughnessGenBuff,0,EffectVisualization.Icon
GE_Warmaster_Talent_IncreasedToughnessGenBuff,1,EffectType.Beneficial
GE_Warmaster_Talent_InstantMeleeCleave_ReducedAttackSpeed_Debuff,0,EffectType.Debuff
GE_Warmaster_Talent_InstantMeleeCleave_ReducedAttackSpeed_Debuff,1,EffectType.GeneratesThreat
GE_Warmaster_Talent_InstantMeleeCleave_ReducedAttackSpeed_Debuff,2,EffectType.Harmful
GE_Warmaster_Talent_InstantMeleeCleave_ReducedAttackSpeed_Debuff,3,EffectType.Physical
GE_Warmaster_Talent_InstantMeleeCleave_ReducedAttackSpeed_Debuff,4,EffectLogic.RemoveOnDeath
GE_Warmaster_Talent_InstantMeleeCleave_ReducedAttackSpeed_Debuff,5,EffectType.CrowdControl
GE_Warmaster_Talent_LowHealthBuff,0,EffectLogic.System
GE_Warmaster_Talent_LowHealthBuff,1,EffectType.Beneficial
GE_Warmaster_Talent_LowHealthBuff,2,EffectVisualization.HeroSuperBuffbar
GE_Warmaster_Talent_LowHealthBuff,3,EffectVisualization.Icon
GE_Warmaster_Talent_MeleeAoeSlow_ReducedIncomingDamageFromTarget,0,EffectLogic.RemoveOnDeath
GE_Warmaster_Talent_MeleeAoeSlow_ReducedIncomingDamageFromTarget,1,EffectType.Physical
GE_Warmaster_Talent_MeleeAoeSlow_ReducedIncomingDamageFromTarget,2,EffectType.Harmful
GE_Warmaster_Talent_MeleeAoeSlow_ReducedIncomingDamageFromTarget,3,EffectType.Debuff
GE_Warmaster_Talent_MeleeAoeSlow_ReducedIncomingDamageFromTarget,4,EffectType.GeneratesThreat
GE_Warmaster_Talent_MeleeAoeSlow_ReducedIncomingDamageFromTarget,5,EffectVisualization.Icon
GE_Warmaster_Talent_MeleeAoeSlow_ReducedIncomingDamageFromTarget_RealBuff,0,EffectLogic.RemoveOnDeath
GE_Warmaster_Talent_MeleeAoeSlow_ReducedIncomingDamageFromTarget_RealBuff,1,EffectType.Physical
GE_Warmaster_Talent_MeleeAoeSlow_ReducedIncomingDamageFromTarget_RealBuff,2,EffectType.Harmful
GE_Warmaster_Talent_MeleeAoeSlow_ReducedIncomingDamageFromTarget_RealBuff,3,EffectType.Debuff
GE_Warmaster_Talent_MeleeCleaveAbsorbBuff_ReducedDamageReflectDamage_Damage,0,EffectType.GeneratesThreat
GE_Warmaster_Talent_MeleeCleaveAbsorbBuff_ReducedDamageReflectDamage_Damage,1,EffectType.Harmful
GE_Warmaster_Talent_MeleeCleaveAbsorbBuff_ReducedDamageReflectDamage_Damage,2,EffectLogic.NotReflectable
GE_Warmaster_Talent_MeleeCleaveAbsorbBuff_ReducedDamageReflectDamage_Damage,3,EffectType.Physical
GE_Warmaster_Talent_MeleeCleaveAbsorbBuff_ReducedDamageReflectDamage_DamageReduction,0,EffectType.Beneficial
GE_Warmaster_Talent_MeleeCleaveAbsorbBuff_ReducedDamageReflectDamage_DamageReduction,1,EffectLogic.System
GE_Warmaster_Talent_MeleeCleave_MeleeAoeSlow_IncreasedDamageStun_Debuff,0,EffectType.Harmful
GE_Warmaster_Talent_MeleeCleave_MeleeAoeSlow_IncreasedDamageStun_Debuff,1,EffectVisualization.Icon
GE_Warmaster_Talent_MeleeCleave_MeleeAoeSlow_IncreasedDamageStun_Debuff,2,EffectVisualization.IconOnPartyUnitFrame
GE_Warmaster_Talent_MeleeCleave_MeleeAoeSlow_IncreasedDamageStun_Debuff,3,EffectLogic.RemoveOnDeath
GE_Warmaster_Talent_MeleeCleave_MeleeAoeSlow_IncreasedDamageStun_Debuff,4,EffectLogic.RemoveOnSourceDeath
GE_Warmaster_Talent_MeleeCleave_MeleeAoeSlow_IncreasedDamageStun_OwnerEffect,0,EffectLogic.System
GE_Warmaster_Talent_MeleeCleave_MeleeAoeSlow_IncreasedDamageStun_Stun,0,EffectType.CrowdControl
GE_Warmaster_Talent_MeleeCleave_MeleeAoeSlow_IncreasedDamageStun_Stun,1,EffectType.MovementImpairing
GE_Warmaster_Talent_MeleeCleave_MeleeAoeSlow_IncreasedDamageStun_Stun,2,EffectType.Physical
GE_Warmaster_Talent_MeleeCleave_MeleeAoeSlow_IncreasedDamageStun_Stun,3,EffectLogic.RemoveOnDeath
GE_Warmaster_Talent_MeleeCleave_MeleeAoeSlow_IncreasedDamageStun_Stun,4,EffectType.GeneratesThreat
GE_Warmaster_Talent_MeleeCleave_MeleeAoeSlow_IncreasedDamageStun_Stun,5,EffectType.Harmful
GE_Warmaster_Talent_MeleeCleave_MeleeAoeSlow_IncreasedDamageStun_Stun,6,EffectVisualization.Icon
GE_Warmaster_Talent_MeleeCleave_Tier2_MeleeCleaveDamageIncreaseFreeCastProc,0,EffectVisualization.Icon
GE_Warmaster_Talent_MeleeCleave_Tier2_MeleeCleaveDamageIncreaseFreeCastProc,1,EffectType.Beneficial
GE_Warmaster_Talent_MeleeCleave_Tier2_MeleeCleaveDamageIncreaseFreeCastProc,2,EffectLogic.System
GE_Warmaster_Talent_MeleeCleave_Tier3b_IncreasedAbilityDamagePerStack_Buff,0,EffectType.Beneficial
GE_Warmaster_Talent_MeleeCleave_Tier3b_IncreasedAbilityDamagePerStack_Buff,1,EffectVisualization.Icon
GE_Warmaster_Talent_MeleeCleave_Tier3b_IncreasedAbilityDamagePerStack_Buff,2,EffectLogic.IgnoreImmunities
GE_Warmaster_Talent_MeleeCleave_Tier3b_IncreasedAbilityDamagePerStack_Buff,3,EffectLogic.NotDispellable
GE_Warmaster_Talent_MoveSpeedBuff_PartyAndIncreasedSpeed_SelfBuff,0,EffectType.Buff
GE_Warmaster_Talent_MoveSpeedBuff_PartyAndIncreasedSpeed_SelfBuff,1,EffectType.Beneficial
GE_Warmaster_Talent_MoveSpeedBuff_PartyAndIncreasedSpeed_SelfBuff,2,EffectType.Physical
GE_Warmaster_Talent_MoveSpeedBuff_PartyAndIncreasedSpeed_SelfBuff,3,EffectLogic.RemoveOnDeath
GE_Warmaster_Talent_MoveSpeedBuff_PartyAndIncreasedSpeed_SelfBuff,4,EffectVisualization.Icon
GE_Warmaster_Talent_MoveSpeedBuff_PartyAndIncreasedSpeed_TargetBuff,0,EffectType.Buff
GE_Warmaster_Talent_MoveSpeedBuff_PartyAndIncreasedSpeed_TargetBuff,1,EffectType.Beneficial
GE_Warmaster_Talent_MoveSpeedBuff_PartyAndIncreasedSpeed_TargetBuff,2,EffectType.Physical
GE_Warmaster_Talent_MoveSpeedBuff_PartyAndIncreasedSpeed_TargetBuff,3,EffectLogic.RemoveOnDeath
GE_Warmaster_Talent_MoveSpeedBuff_PartyAndIncreasedSpeed_TargetBuff,4,EffectVisualization.Icon
GE_Warmaster_Talent_MoveToTargetStun_ArrivalMeleeAoeSlow_TargetExtraWarmasterDamage,0,EffectLogic.RemoveOnDeath
GE_Warmaster_Talent_MoveToTargetStun_ArrivalMeleeAoeSlow_TargetExtraWarmasterDamage,1,EffectType.Physical
GE_Warmaster_Talent_MoveToTargetStun_ArrivalMeleeAoeSlow_TargetExtraWarmasterDamage,2,EffectType.Harmful
GE_Warmaster_Talent_MoveToTargetStun_ArrivalMeleeAoeSlow_TargetExtraWarmasterDamage,3,EffectType.Debuff
GE_Warmaster_Talent_MoveToTargetStun_ArrivalMeleeAoeSlow_TargetExtraWarmasterDamage,4,EffectType.GeneratesThreat
GE_Warmaster_Talent_MoveToTargetStun_ArrivalMeleeAoeSlow_TargetExtraWarmasterDamage,5,EffectVisualization.Icon
GE_Warmaster_Talent_MoveToTargetStun_ArrivalMeleeAoeSlow_TargetExtraWarmasterDamage_OwnerEffect,0,EffectLogic.RemoveOnDeath
GE_Warmaster_Talent_MoveToTargetStun_ArrivalMeleeAoeSlow_TargetExtraWarmasterDamage_OwnerEffect,1,EffectType.Physical
GE_Warmaster_Talent_MoveToTargetStun_ArrivalMeleeAoeSlow_TargetExtraWarmasterDamage_OwnerEffect,2,EffectType.Harmful
GE_Warmaster_Talent_MoveToTargetStun_ArrivalMeleeAoeSlow_TargetExtraWarmasterDamage_OwnerEffect,3,EffectType.Debuff
GE_Warmaster_Talent_MoveToTargetStun_ArrivalMeleeAoeSlow_TargetExtraWarmasterDamage_OwnerEffect,4,EffectType.GeneratesThreat
GE_Warmaster_Talent_MoveToTargetStun_IncreasedMoveSpeed,0,EffectType.Beneficial
GE_Warmaster_Talent_MoveToTargetStun_IncreasedMoveSpeed,1,EffectVisualization.Icon
GE_Warmaster_Talent_ReducedMagicDamageTaken,0,EffectLogic.AlwaysApply
GE_Warmaster_Talent_ReducedMagicDamageTaken,1,EffectLogic.System
GE_Warmaster_Talent_ToughnessBuff_Buff,0,EffectVisualization.Icon
GE_Warmaster_Talent_ToughnessBuff_Buff,1,EffectType.Beneficial
GE_Warmaster_Talent_ToughnessBuff_Buff,2,EffectLogic.RemoveOnDeath
GE_Warmaster_Talent_ToughnessBuff_Buff,3,EffectVisualization.HeroSuperBuffbar
GE_Warmaster_Talent_ToughnessBuff_Stacker,0,EffectVisualization.Icon
GE_Warmaster_Talent_ToughnessBuff_Stacker,1,EffectType.Beneficial
GE_Warmaster_Talent_ToughnessBuff_Stacker,2,EffectLogic.AlwaysApply
GE_Warmaster_Talent_ToughnessBuff_Stacker,3,EffectVisualization.HeroSuperBuffbar
GE_Warmaster_Talent_ToughnessBuff_Stacker,4,EffectLogic.RemoveOnSourceLoadoutChange
GE_Warmaster_Toughness,0,EffectLogic.System
GE_Warmaster_Toughness,1,CustomAssetTags.Warmaster.Toughness
GE_Warmaster_ToughnessLevel_Base,0,EffectLogic.System
GE_Warmaster_ToughnessLevel_Base,1,EffectType.Beneficial
GE_Warmaster_ToughnessLevel_Base,2,CustomAssetTags.Warmaster.ToughnessLevelEffect
GE_Warmaster_ToughnessLevel_Base,3,EffectLogic.NotDispellable
GE_Weapon_AbsorbDelayedAoeDamage_Absorb,0,EffectType.Absorption
GE_Weapon_AbsorbDelayedAoeDamage_Absorb,1,EffectType.Beneficial
GE_Weapon_AbsorbDelayedAoeDamage_Absorb,2,EffectType.Magic
GE_Weapon_AbsorbDelayedAoeDamage_Absorb,3,EffectLogic.RemoveOnDeath
GE_Weapon_AbsorbDelayedAoeDamage_Absorb,4,EffectVisualization.Icon
GE_Weapon_AbsorbDelayedAoeDamage_Absorb,5,EffectVisualization.IconOnPartyUnitFrame
GE_Weapon_AbsorbDelayedAoeDamage_AoeDamage,0,EffectType.Harmful
GE_Weapon_AbsorbDelayedAoeDamage_AoeDamage,1,EffectType.Magic.Arcane
GE_Weapon_CastedBuffStacksHealOnDamage_Buff,0,EffectType.Beneficial
GE_Weapon_CastedBuffStacksHealOnDamage_Buff,1,EffectLogic.RemoveOnDeath
GE_Weapon_CastedBuffStacksHealOnDamage_Buff,2,EffectVisualization.Icon
GE_Weapon_CastedBuffStacksHealOnDamage_Buff,3,EffectVisualization.IconOnPartyUnitFrame
GE_Weapon_CastedBuffStacksHealOnDamage_Buff,4,EffectLogic.RemoveOnSourceDeath
GE_Weapon_CastedBuffStacksHealOnDamage_Heal,0,EffectType.Beneficial
GE_Weapon_CastedBuffStacksHealOnDamage_Heal,1,EffectType.GeneratesThreat
GE_Weapon_CastedBuffStacksHealOnDamage_Heal,2,EffectType.Healing
GE_Weapon_CastedBuffStacksHealOnDamage_Heal,3,EffectType.Magic
GE_Weapon_CastedChainHealDamage_Damage,0,EffectType.Harmful
GE_Weapon_CastedChainHealDamage_Damage,1,EffectType.Magic.Arcane
GE_Weapon_CastedChainHealDamage_Heal,0,EffectType.Healing
GE_Weapon_CastedChainHealDamage_Heal,1,EffectType.Beneficial
GE_Weapon_CastedChainHealDamage_Heal,2,EffectType.Magic.Arcane
GE_Weapon_CastedHealAndDamageChannel_AoeDamage,0,EffectType.Harmful
GE_Weapon_CastedHealAndDamageChannel_AoeDamage,1,EffectType.GeneratesThreat
GE_Weapon_CastedHealAndDamageChannel_AoeDamage,2,EffectType.Magic
GE_Weapon_CastedHealAndDamageChannel_Damage,0,EffectType.Harmful
GE_Weapon_CastedHealAndDamageChannel_Damage,1,EffectType.GeneratesThreat
GE_Weapon_CastedHealAndDamageChannel_Damage,2,CustomAssetTags.Weapon.CastedHealAndDamageChannel.Damage
GE_Weapon_CastedHealAndDamageChannel_Damage,3,EffectType.Magic
GE_Weapon_CastedHealAndDamageChannel_Heal,0,EffectType.Beneficial
GE_Weapon_CastedHealAndDamageChannel_Heal,1,EffectType.GeneratesThreat
GE_Weapon_CastedHealAndDamageChannel_Heal,2,EffectType.Healing
GE_Weapon_CastedHealAndDamageChannel_Heal,3,EffectType.Magic
GE_Weapon_CastedRepetitivelyAOEDamageDebuff_Damage,0,EffectType.Harmful
GE_Weapon_CastedRepetitivelyAOEDamageDebuff_Damage,1,EffectType.Magic.Frost
GE_Weapon_CastedRepetitivelyAOEDamageDebuff_Damage,2,CustomAssetTags.Weapon.CastedRepetitivelyAOEDamageDebuff.DamageEffect
GE_Weapon_CastedRepetitivelyAOEDamageDebuff_Dot,0,EffectLogic.RemoveOnDeath
GE_Weapon_CastedRepetitivelyAOEDamageDebuff_Dot,1,EffectType.Debuff
GE_Weapon_CastedRepetitivelyAOEDamageDebuff_Dot,2,EffectType.Dot
GE_Weapon_CastedRepetitivelyAOEDamageDebuff_Dot,3,EffectType.Harmful
GE_Weapon_CastedRepetitivelyAOEDamageDebuff_Dot,4,EffectType.Magic.Frost
GE_Weapon_CastedRepetitivelyAOEDamageDebuff_Dot,5,EffectVisualization.Icon
GE_Weapon_CastedRepetitivelyAOEDamageDebuff_Dot,6,EffectLogic.RemoveOnSourceDeath
GE_Weapon_CastedRepetitivelyAOEDamageDebuff_ExtraDamageDebuff,0,EffectLogic.RemoveOnDeath
GE_Weapon_CastedRepetitivelyAOEDamageDebuff_ExtraDamageDebuff,1,EffectType.Debuff
GE_Weapon_CastedRepetitivelyAOEDamageDebuff_ExtraDamageDebuff,2,EffectType.Harmful
GE_Weapon_CastedRepetitivelyAOEDamageDebuff_ExtraDamageDebuff,3,EffectType.Magic.Frost
GE_Weapon_CastedRepetitivelyAOEDamageDebuff_ExtraDamageDebuff_OwnerEffect,0,EffectLogic.System
GE_Weapon_ChanneledCooldownReducer_AoeDamage,0,EffectType.Harmful
GE_Weapon_ChanneledCooldownReducer_AoeDamage,1,EffectType.Magic.Arcane
GE_Weapon_ChanneledCooldownReducer_Buff,0,EffectType.Beneficial
GE_Weapon_ChanneledCooldownReducer_Buff,1,EffectLogic.RemoveOnDeath
GE_Weapon_ChanneledCooldownReducer_Buff,2,EffectVisualization.Icon
GE_Weapon_ChanneledCooldownReducer_Buff,3,EffectVisualization.IconOnPartyUnitFrame
GE_Weapon_ChanneledCooldownReducer_Buff,4,EffectType.Magic.Arcane
GE_Weapon_CleaveDamageBuffCooldownReduction_Buff,0,EffectType.Beneficial
GE_Weapon_CleaveDamageBuffCooldownReduction_Buff,1,EffectLogic.RemoveOnDeath
GE_Weapon_CleaveDamageBuffCooldownReduction_Buff,2,EffectVisualization.Icon
GE_Weapon_CleaveDamageBuffCooldownReduction_CleaveDamage,0,EffectType.Harmful
GE_Weapon_CleaveDamageBuffCooldownReduction_CleaveDamage,1,EffectType.GeneratesThreat
GE_Weapon_CleaveDamageBuffCooldownReduction_CleaveDamage,2,EffectType.Physical
GE_Weapon_CleaveDamageBuffCooldownReduction_MainDamage,0,EffectType.Harmful
GE_Weapon_CleaveDamageBuffCooldownReduction_MainDamage,1,EffectType.GeneratesThreat
GE_Weapon_CleaveDamageBuffCooldownReduction_MainDamage,2,EffectType.Physical
GE_Weapon_FrontalAOEConeRepeatingStunDamage_Damage_Final,0,EffectType.Harmful
GE_Weapon_FrontalAOEConeRepeatingStunDamage_Damage_Final,1,EffectType.Magic.Earth
GE_Weapon_FrontalAOEConeRepeatingStunDamage_Damage_Initial,0,EffectType.Harmful
GE_Weapon_FrontalAOEConeRepeatingStunDamage_Damage_Initial,1,EffectType.Magic.Earth
GE_Weapon_FrontalAOEConeRepeatingStunDamage_Damage_Repeating,0,EffectType.Harmful
GE_Weapon_FrontalAOEConeRepeatingStunDamage_Damage_Repeating,1,EffectType.Magic.Earth
GE_Weapon_FrontalAOEConeRepeatingStunDamage_Stun,0,EffectType.CrowdControl
GE_Weapon_FrontalAOEConeRepeatingStunDamage_Stun,1,EffectType.MovementImpairing
GE_Weapon_FrontalAOEConeRepeatingStunDamage_Stun,2,EffectLogic.RemoveOnDeath
GE_Weapon_FrontalAOEConeRepeatingStunDamage_Stun,3,EffectType.GeneratesThreat
GE_Weapon_FrontalAOEConeRepeatingStunDamage_Stun,4,EffectType.Harmful
GE_Weapon_FrontalAOEConeRepeatingStunDamage_Stun,5,EffectVisualization.Icon
GE_Weapon_FrontalAOEConeRepeatingStunDamage_Stun,6,EffectType.Magic.Earth
GE_Weapon_InstantAoeDamageBuff_Buff,0,EffectType.Beneficial
GE_Weapon_InstantAoeDamageBuff_Buff,1,EffectLogic.RemoveOnDeath
GE_Weapon_InstantAoeDamageBuff_Buff,2,EffectVisualization.Icon
GE_Weapon_InstantAoeDamageBuff_Buff,3,EffectType.Buff
GE_Weapon_InstantAoeDamageBuff_Damage,0,EffectType.Harmful
GE_Weapon_InstantAoeDamageBuff_Damage,1,EffectType.Magic.Arcane
GE_Weapon_InstantChargedProjectileHealOrDamage_Damage,0,EffectType.GeneratesThreat
GE_Weapon_InstantChargedProjectileHealOrDamage_Damage,1,EffectType.Harmful
GE_Weapon_InstantChargedProjectileHealOrDamage_Damage,2,EffectType.Magic.Arcane
GE_Weapon_InstantChargedProjectileHealOrDamage_Heal,0,EffectType.Healing
GE_Weapon_InstantChargedProjectileHealOrDamage_Heal,1,EffectType.Beneficial
GE_Weapon_InstantChargedProjectileHealOrDamage_Heal,2,EffectType.Magic.Arcane
GE_Weapon_InstantChargedProjectileHealOrDamage_PowerCharge,0,EffectType.Beneficial
GE_Weapon_InstantChargedProjectileHealOrDamage_PowerCharge,1,EffectLogic.RemoveOnDeath
GE_Weapon_InstantChargedProjectileHealOrDamage_PowerCharge,2,EffectLogic.AlwaysApply
GE_Weapon_InstantChargedProjectileHealOrDamage_PowerCharge,3,EffectVisualization.Icon
GE_Weapon_InstantChargedProjectileHealOrDamage_PowerCharge,4,EffectType.Buff
GE_Weapon_InstantDamageAccumulativeDebuff_Damage,0,EffectType.Harmful
GE_Weapon_InstantDamageAccumulativeDebuff_Damage,1,EffectType.GeneratesThreat
GE_Weapon_InstantDamageAccumulativeDebuff_Damage,2,EffectType.Magic.Shadow
GE_Weapon_InstantDamageAccumulativeDebuff_Debuff,0,EffectType.Harmful
GE_Weapon_InstantDamageAccumulativeDebuff_Debuff,1,EffectType.GeneratesThreat
GE_Weapon_InstantDamageAccumulativeDebuff_Debuff,2,EffectType.Magic.Shadow
GE_Weapon_InstantDamageAccumulativeDebuff_Debuff,3,EffectType.Debuff
GE_Weapon_InstantDamageAccumulativeDebuff_Debuff,4,EffectLogic.RemoveOnDeath
GE_Weapon_InstantDamageAccumulativeDebuff_Debuff,5,EffectVisualization.Icon
GE_Weapon_InstantDamageAccumulativeDebuff_Debuff,6,EffectVisualization.IconOnPartyUnitFrame
GE_Weapon_StunDotAoeDamageSlow_AoeDamage,0,EffectType.Harmful
GE_Weapon_StunDotAoeDamageSlow_AoeDamage,1,EffectType.Magic.Frost
GE_Weapon_StunDotAoeDamageSlow_AoeDamage,2,EffectType.GeneratesThreat
GE_Weapon_StunDotAoeDamageSlow_Debuff,0,EffectLogic.RemoveOnDeath
GE_Weapon_StunDotAoeDamageSlow_Debuff,1,EffectType.Harmful
GE_Weapon_StunDotAoeDamageSlow_Debuff,2,EffectType.Magic.Frost
GE_Weapon_StunDotAoeDamageSlow_Debuff,3,EffectType.CrowdControl
GE_Weapon_StunDotAoeDamageSlow_Debuff,4,EffectType.MovementImpairing
GE_Weapon_StunDotAoeDamageSlow_SlowDot,0,EffectType.Dot
GE_Weapon_StunDotAoeDamageSlow_SlowDot,1,EffectType.GeneratesThreat
GE_Weapon_StunDotAoeDamageSlow_SlowDot,2,EffectType.Harmful
GE_Weapon_StunDotAoeDamageSlow_SlowDot,3,EffectType.Magic.Frost
GE_Weapon_StunDotAoeDamageSlow_SlowDot,4,EffectVisualization.Icon
GE_Weapon_StunDotAoeDamageSlow_Stun,0,EffectType.CrowdControl
GE_Weapon_StunDotAoeDamageSlow_Stun,1,EffectType.MovementImpairing
GE_Weapon_StunDotAoeDamageSlow_Stun,2,EffectLogic.RemoveOnDeath
GE_Weapon_StunDotAoeDamageSlow_Stun,3,EffectType.GeneratesThreat
GE_Weapon_StunDotAoeDamageSlow_Stun,4,EffectType.Stun
GE_Weapon_StunDotAoeDamageSlow_Stun,5,EffectType.Harmful
GE_Weapon_StunDotAoeDamageSlow_Stun,6,EffectType.Physical
GE_Weapon_StunDotAoeDamageSlow_StunDot,0,EffectType.Dot
GE_Weapon_StunDotAoeDamageSlow_StunDot,1,EffectType.GeneratesThreat
GE_Weapon_StunDotAoeDamageSlow_StunDot,2,EffectType.Harmful
GE_Weapon_StunDotAoeDamageSlow_StunDot,3,EffectType.Magic.Frost
GE_Weapon_StunDotAoeDamageSlow_StunDot,4,EffectVisualization.Icon
