name,definitions_ordinal,calculation_modifiers_ordinal,magnitude_scalars_ordinal,role,value,curve_table,curve_row,registry_type
CRAgilityDamageCalculation,0,0,0,magnitude,1.0,,Bowguy.AoeProjectileDamage.AgilityCoefficient,AbilityConstants
CRAgilityDamageCalculation,0,3,0,coefficient,1.0,,,
CRAgilityDamageCalculation,0,3,1,pre_multiply_additive,0.0,,,
CRAgilityDamageCalculation,0,3,2,post_multiply_additive,0.0,,,
CRAgilityDamageCalculation,1,0,0,magnitude,1.0,,Bowguy.AoeProjectileDamage.AgilityCoefficient,AbilityConstants
CRAgilityDamageCalculation,1,3,0,coefficient,1.0,,,
CRAgilityDamageCalculation,1,3,1,pre_multiply_additive,0.0,,,
CRAgilityDamageCalculation,1,3,2,post_multiply_additive,0.0,,,
CRAgilityDamageCalculation,1,4,0,magnitude,1.0,,Bowguy.CastedProjectileDamage.Talent.AoeProjectileDamageEmpowered.DamageBonus,AbilityConstants
CRAgilityDamageCalculation,1,5,0,magnitude,1.0,,Bowguy.SelfBuffForAoeProjectile.Talent.ChargesCooldownAndDuration.DamageBonus,AbilityConstants
CRAgilityDamageCalculation,2,0,0,magnitude,1.0,,Bowguy.CastedBouncyProjectileDamage.AgilityCoefficient,AbilityConstants
CRAgilityDamageCalculation,3,0,0,magnitude,1.0,,Bowguy.CastedProjectileDamage.AgilityCoefficient,AbilityConstants
CRAgilityDamageCalculation,3,1,0,magnitude,1.0,,Bowguy.CastedProjectileDamage.Talent.Enhanced.DamageScaler,AbilityConstants
CRAgilityDamageCalculation,4,0,0,magnitude,1.0,,Bowguy.CastedProjectileHeavyDamage.AgilityCoefficient,AbilityConstants
CRAgilityDamageCalculation,4,2,0,magnitude,1.0,,Bowguy.CastedProjectileHeavyDamage.Talent.StacksMoreDamageAndBounces.DamageMultiplier,AbilityConstants
CRAgilityDamageCalculation,5,0,0,magnitude,1.0,,Bowguy.ChanneledMultiProjectileDebuff.AgilityCoefficient,AbilityConstants
CRAgilityDamageCalculation,5,3,0,magnitude,0.2,,,
CRAgilityDamageCalculation,6,0,0,magnitude,1.0,,Bowguy.InstantMarkTarget.AdditionalHit.Aoe.AgilityCoefficient,AbilityConstants
CRAgilityDamageCalculation,6,2,0,magnitude,1.0,,Bowguy.InstantMarkTarget.Talent.IncreasedDamage.DamageScale,AbilityConstants
CRAgilityDamageCalculation,7,0,0,magnitude,1.0,,Bowguy.InstantMarkTarget.AdditionalHit.AgilityCoefficient,AbilityConstants
CRAgilityDamageCalculation,7,1,0,magnitude,1.0,,Bowguy.InstantMarkTarget.Talent.IncreasedDamage.DamageScale,AbilityConstants
CRAgilityDamageCalculation,8,0,0,magnitude,1.0,,Bowguy.RangedAutoAttack.AgilityCoefficient,AbilityConstants
CRAgilityDamageCalculation,9,0,0,magnitude,1.0,,Bowguy.SingleProjectileDamage.AgilityCoefficient,AbilityConstants
CRAgilityDamageCalculation,9,1,0,magnitude,1.0,,Bowguy.RangedAutoAttack.Proc.DamageMultiplier,AbilityConstants
CRAgilityDamageCalculation,9,2,0,magnitude,0.0,,Bowguy.RangedAutoAttack.Proc.CritChanceModifier,AbilityConstants
CRAgilityDamageCalculation,9,3,0,coefficient,1.0,,,
CRAgilityDamageCalculation,9,3,1,pre_multiply_additive,0.0,,,
CRAgilityDamageCalculation,9,3,2,post_multiply_additive,0.0,,,
CRAgilityDamageCalculation,9,4,0,magnitude,1.0,,Bowguy.CastedProjectileDamage.Talent.Enhanced.DamageScaler,AbilityConstants
CRAgilityDamageCalculation,10,0,0,magnitude,1.0,,Bowguy.TargetedAoeDamage.AgilityCoefficient,AbilityConstants
CRAgilityDamageCalculation,10,2,0,magnitude,1.0,,Bowguy.TargetedAoeDamage.Talent.IncreasedDamage,AbilityConstants
CRAgilityDamageCalculation,10,3,0,magnitude,1.0,,Bowguy.TargetedAoeDamage.Talent.IncreasedDurationAndExtension.MainTargetDamageBonus.DamageScaler,AbilityConstants
CRAgilityDamageCalculation,11,0,0,magnitude,1.0,,DD_Arbalist.LineAttack.AgilityCoefficient,AbilityConstants
CRAgilityDamageCalculation,12,0,0,magnitude,1.0,,DR_BarbedRoot.RangedAutoAttack.AgilityCoefficient,AbilityConstants
CRAgilityDamageCalculation,13,0,0,magnitude,1.0,,Mara.AoeAttackBuilder.AgilityCoefficient,AbilityConstants
CRAgilityDamageCalculation,14,0,0,magnitude,1.0,,Mara.AoeAttackBuilder.Poison.AgilityCoefficient,AbilityConstants
CRAgilityDamageCalculation,14,1,0,coefficient,1.0,,Mara.HasteToPoisonAndBleedDamageBonus.Scaler,AbilityConstants
CRAgilityDamageCalculation,14,1,1,pre_multiply_additive,-1.0,,,
CRAgilityDamageCalculation,14,1,2,post_multiply_additive,1.0,,,
CRAgilityDamageCalculation,15,0,0,magnitude,1.0,,Mara.AoeAttackBuilder.Poison.Aoe.AgilityCoefficient,AbilityConstants
CRAgilityDamageCalculation,15,2,0,coefficient,1.0,,Mara.HasteToPoisonAndBleedDamageBonus.Scaler,AbilityConstants
CRAgilityDamageCalculation,15,2,1,pre_multiply_additive,-1.0,,,
CRAgilityDamageCalculation,15,2,2,post_multiply_additive,1.0,,,
CRAgilityDamageCalculation,16,0,0,magnitude,1.0,,Mara.AoeAttackSpender.AgilityCoefficient,AbilityConstants
CRAgilityDamageCalculation,16,3,0,magnitude,1.0,,Mara.CopyCharacterDamage.DamageMultiplier,AbilityConstants
CRAgilityDamageCalculation,16,4,0,magnitude,1.0,,Mara.Talent.ResourceAttackSpenderCritChance.AdditionalCritChance,AbilityConstants
CRAgilityDamageCalculation,16,5,0,coefficient,1.0,,,
CRAgilityDamageCalculation,16,5,1,pre_multiply_additive,0.0,,,
CRAgilityDamageCalculation,16,5,2,post_multiply_additive,0.0,,,
CRAgilityDamageCalculation,16,6,0,magnitude,1.0,,Mara.Stealth.Talent.SpenderIncreasedDamage.DamageMultiplier,AbilityConstants
CRAgilityDamageCalculation,16,7,0,magnitude,1.0,,Mara.Talent.DamageSpenders.BuffOtherSpender.DamageScaler,AbilityConstants
CRAgilityDamageCalculation,17,0,0,magnitude,1.0,,Mara.AutoAttack.EnergyGainProc.AgilityCoefficient,AbilityConstants
CRAgilityDamageCalculation,18,0,0,magnitude,1.0,,Mara.AutoAttack.AgilityCoefficient,AbilityConstants
CRAgilityDamageCalculation,19,0,0,magnitude,1.0,,Mara.BleedAttackSpender.AgilityCoefficient,AbilityConstants
CRAgilityDamageCalculation,19,2,0,magnitude,1.0,,Mara.BleedAttackSpender.Talent.IncreasedCritChance.AdditionalCritChance,AbilityConstants
CRAgilityDamageCalculation,19,4,0,coefficient,1.0,,Mara.HasteToPoisonAndBleedDamageBonus.Scaler,AbilityConstants
CRAgilityDamageCalculation,19,4,1,pre_multiply_additive,-1.0,,,
CRAgilityDamageCalculation,19,4,2,post_multiply_additive,1.0,,,
CRAgilityDamageCalculation,19,5,0,magnitude,1.0,,Mara.ChargedDoubleAttackBuilder.Poison.BleedMultiplier,AbilityConstants
CRAgilityDamageCalculation,20,0,0,magnitude,1.0,,Mara.BleedAttackSpender.InitialDamage.AgilityCoefficient,AbilityConstants
CRAgilityDamageCalculation,21,0,0,magnitude,1.0,,Mara.ChargedDoubleAttackBuilder.FirstAttack.AgilityCoefficient,AbilityConstants
CRAgilityDamageCalculation,21,1,0,magnitude,1.0,,Mara.ChargedDoubleAttackBuilder.FirstAttack.Spread,AbilityConstants
CRAgilityDamageCalculation,21,2,0,magnitude,1.0,,Mara.ChargedDoubleAttackBuilder.Talent.IncreasedCritChance.AdditionalCritChance,AbilityConstants
CRAgilityDamageCalculation,22,0,0,magnitude,1.0,,Mara.ChargedDoubleAttackBuilder.SecondAttack.AgilityCoefficient,AbilityConstants
CRAgilityDamageCalculation,22,1,0,magnitude,1.0,,Mara.ChargedDoubleAttackBuilder.SecondAttack.Spread,AbilityConstants
CRAgilityDamageCalculation,22,2,0,magnitude,1.0,,Mara.ChargedDoubleAttackBuilder.Talent.IncreasedCritChance.AdditionalCritChance,AbilityConstants
CRAgilityDamageCalculation,23,0,0,magnitude,1.0,,Mara.ChargedDoubleAttackBuilder.Poison.AgilityCoefficient,AbilityConstants
CRAgilityDamageCalculation,23,1,0,coefficient,1.0,,Mara.HasteToPoisonAndBleedDamageBonus.Scaler,AbilityConstants
CRAgilityDamageCalculation,23,1,1,pre_multiply_additive,-1.0,,,
CRAgilityDamageCalculation,23,1,2,post_multiply_additive,1.0,,,
CRAgilityDamageCalculation,24,0,0,magnitude,1.0,,Mara.HeavyAttackSpender.AgilityCoefficient,AbilityConstants
CRAgilityDamageCalculation,24,3,0,magnitude,1.0,,Mara.CopyCharacterDamage.DamageMultiplier,AbilityConstants
CRAgilityDamageCalculation,24,4,0,magnitude,1.0,,Mara.Talent.ResourceAttackSpenderCritChance.AdditionalCritChance,AbilityConstants
CRAgilityDamageCalculation,24,7,0,magnitude,1.0,,Mara.Stealth.Talent.SpenderIncreasedDamage.DamageMultiplier,AbilityConstants
CRAgilityDamageCalculation,24,8,0,magnitude,1.0,,Mara.Talent.DamageSpenders.BuffOtherSpender.DamageScaler,AbilityConstants
CRAgilityDamageCalculation,25,0,0,magnitude,1.0,,Mara.StrongerBehindAttackBuilder.AgilityCoefficient,AbilityConstants
CRAgilityDamageCalculation,25,1,0,magnitude,1.0,,Mara.StrongerBehindAttackBuilder.DamageMultiplierInStealth,AbilityConstants
CRAgilityDamageCalculation,26,0,0,magnitude,1.0,,Mara.StrongerBehindAttackBuilder.AgilityCoefficient,AbilityConstants
CRAgilityDamageCalculation,26,1,0,magnitude,1.0,,Mara.StrongerBehindAttackBuilder.DamageMultiplierInStealth,AbilityConstants
CRAgilityDamageCalculation,27,0,0,magnitude,1.0,,Mara.StrongerBehindAttackBuilder.Poison.AgilityCoefficient,AbilityConstants
CRAgilityDamageCalculation,27,1,0,magnitude,1.0,,Mara.StrongerBehindAttackBuilder.Poison.AddedCritChance,AbilityConstants
CRAgilityDamageCalculation,27,2,0,coefficient,1.0,,Mara.HasteToPoisonAndBleedDamageBonus.Scaler,AbilityConstants
CRAgilityDamageCalculation,27,2,1,pre_multiply_additive,-1.0,,,
CRAgilityDamageCalculation,27,2,2,post_multiply_additive,1.0,,,
CRAgilityDamageCalculation,28,0,0,magnitude,1.0,,Mara.BleedAttackSpender.Talent.ExplosivePoison.Poison.AgilityCoefficient,AbilityConstants
CRAgilityDamageCalculation,29,0,0,magnitude,1.0,,Mara.ChargedDoubleAttackBuilder.Talent.AoeDamage.AgilityCoefficient,AbilityConstants
CRAgilityDamageCalculation,29,3,0,coefficient,1.0,,Mara.HasteToPoisonAndBleedDamageBonus.Scaler,AbilityConstants
CRAgilityDamageCalculation,29,3,1,pre_multiply_additive,-1.0,,,
CRAgilityDamageCalculation,29,3,2,post_multiply_additive,1.0,,,
CRAgilityDamageCalculation,30,0,0,magnitude,1.0,,Mara.Talent.ComboPointsChanceAoeDamage.Debuff.AgilityCoefficient,AbilityConstants
CRAgilityDamageCalculation,30,1,0,coefficient,1.0,,Mara.HasteToPoisonAndBleedDamageBonus.Scaler,AbilityConstants
CRAgilityDamageCalculation,30,1,1,pre_multiply_additive,-1.0,,,
CRAgilityDamageCalculation,30,1,2,post_multiply_additive,1.0,,,
CRAgilityDamageCalculation,31,0,0,magnitude,1.0,,Meiko.ChanneledHeavyDamage.AgilityCoefficient,AbilityConstants
CRAgilityDamageCalculation,31,2,0,magnitude,1.0,,Meiko.ChanneledHeavyDamage.Talent.IncreasedDamage,AbilityConstants
CRAgilityDamageCalculation,31,3,0,coefficient,1.0,,,
CRAgilityDamageCalculation,31,3,1,pre_multiply_additive,0.0,,,
CRAgilityDamageCalculation,31,3,2,post_multiply_additive,0.0,,,
CRAgilityDamageCalculation,31,5,0,magnitude,1.0,,Meiko.DurationalMultipleTeleportDamage.Talent.TargetDebuff.IncreasedDamage,AbilityConstants
CRAgilityDamageCalculation,31,6,0,magnitude,1.0,,Meiko.Earth.Talent.IncreasedDamage.DamageMultiplier,AbilityConstants
CRAgilityDamageCalculation,31,7,0,magnitude,1.0,,Meiko.Finishers.Talent.IncreasedDamageScaler,AbilityConstants
CRAgilityDamageCalculation,32,0,0,magnitude,1.0,,Meiko.ChanneledHeavyDamage.FinalHit.AgilityCoefficient,AbilityConstants
CRAgilityDamageCalculation,32,2,0,magnitude,1.0,,Meiko.ChanneledHeavyDamage.Talent.IncreasedDamage,AbilityConstants
CRAgilityDamageCalculation,32,3,0,coefficient,1.0,,,
CRAgilityDamageCalculation,32,3,1,pre_multiply_additive,0.0,,,
CRAgilityDamageCalculation,32,3,2,post_multiply_additive,0.0,,,
CRAgilityDamageCalculation,32,5,0,magnitude,1.0,,Meiko.DurationalMultipleTeleportDamage.Talent.TargetDebuff.IncreasedDamage,AbilityConstants
CRAgilityDamageCalculation,32,6,0,magnitude,1.0,,Meiko.Earth.Talent.IncreasedDamage.DamageMultiplier,AbilityConstants
CRAgilityDamageCalculation,32,7,0,magnitude,1.0,,Meiko.Finishers.Talent.IncreasedDamageScaler,AbilityConstants
CRAgilityDamageCalculation,33,0,0,magnitude,1.0,,Meiko.DamageSoakBuff.DamageAgilityCoefficient,AbilityConstants
CRAgilityDamageCalculation,33,1,0,magnitude,1.0,,Meiko.DamageSoakBuff.DamageSpread,AbilityConstants
CRAgilityDamageCalculation,33,3,0,magnitude,1.0,,Meiko.Earth.Talent.IncreasedDamage.DamageMultiplier,AbilityConstants
CRAgilityDamageCalculation,33,4,0,magnitude,1.0,,Meiko.DamageSoakBuff.Talent.IncreasedDamage.DamageMultiplier,AbilityConstants
CRAgilityDamageCalculation,33,5,0,magnitude,1.0,,Meiko.TauntTotem.Talent.BuffAfterDestroyed.AbilityDamageIncrease,AbilityConstants
CRAgilityDamageCalculation,34,0,0,magnitude,1.0,,Meiko.DurationalAoeDamageBuff.AgilityCoefficient,AbilityConstants
CRAgilityDamageCalculation,34,1,0,magnitude,1.0,,Meiko.DurationalAoeDamageBuff.Spread,AbilityConstants
CRAgilityDamageCalculation,34,2,0,magnitude,1.0,,Meiko.DurationalMultipleTeleportDamage.Talent.TargetDebuff.IncreasedDamage,AbilityConstants
CRAgilityDamageCalculation,34,3,0,magnitude,1.0,,Meiko.DurationalAoeDamageBuff.Talent.IncreasedDamage.DamageMultiplier,AbilityConstants
CRAgilityDamageCalculation,34,4,0,magnitude,1.0,,Meiko.Finishers.Talent.IncreasedDamageScaler,AbilityConstants
CRAgilityDamageCalculation,34,7,0,magnitude,1.0,,Meiko.TauntTotem.Talent.BuffAfterDestroyed.WindDamageIncrease,AbilityConstants
CRAgilityDamageCalculation,35,0,0,magnitude,1.0,,Meiko.DurationalMultipleTeleportDamage.AgilityCoefficient,AbilityConstants
CRAgilityDamageCalculation,35,1,0,magnitude,1.0,,Meiko.DurationalMultipleTeleportDamage.Talent.IncreasedDamage,AbilityConstants
CRAgilityDamageCalculation,35,2,0,magnitude,1.0,,Meiko.DurationalMultipleTeleportDamage.Talent.TargetDebuff.IncreasedDamage,AbilityConstants
CRAgilityDamageCalculation,35,3,0,magnitude,1.0,,Meiko.TauntTotem.Talent.BuffAfterDestroyed.WindDamageIncrease,AbilityConstants
CRAgilityDamageCalculation,36,0,0,magnitude,1.0,,Meiko.FrontalAoeDebuff.AgilityCoefficient,AbilityConstants
CRAgilityDamageCalculation,36,1,0,magnitude,1.0,,Meiko.FrontalAoeDebuff.Spread,AbilityConstants
CRAgilityDamageCalculation,36,2,0,magnitude,1.0,,Meiko.DurationalMultipleTeleportDamage.Talent.TargetDebuff.IncreasedDamage,AbilityConstants
CRAgilityDamageCalculation,36,3,0,magnitude,1.0,,Meiko.Earth.Talent.IncreasedDamage.DamageMultiplier,AbilityConstants
CRAgilityDamageCalculation,37,0,0,magnitude,1.0,,Meiko.HighDamageCleave.AgilityCoefficient,AbilityConstants
CRAgilityDamageCalculation,37,1,0,magnitude,1.0,,Meiko.MeleeDamageSelfBuff.Spread,AbilityConstants
CRAgilityDamageCalculation,37,3,0,magnitude,1.0,,Meiko.DurationalMultipleTeleportDamage.Talent.TargetDebuff.IncreasedDamage,AbilityConstants
CRAgilityDamageCalculation,37,6,0,magnitude,1.0,,Meiko.HighDamageCleave.Talent.IncreasedCriticalChance.ChanceMultiplier,AbilityConstants
CRAgilityDamageCalculation,37,7,0,magnitude,1.0,,Meiko.Finishers.Talent.IncreasedDamageScaler,AbilityConstants
CRAgilityDamageCalculation,37,8,0,magnitude,1.0,,Meiko.TauntTotem.Talent.BuffAfterDestroyed.WindDamageIncrease,AbilityConstants
CRAgilityDamageCalculation,38,0,0,magnitude,1.0,,Meiko.MeleeAutoAttack.AgilityCoefficient,AbilityConstants
CRAgilityDamageCalculation,38,1,0,magnitude,1.0,,Meiko.MeleeAutoAttack.Spread,AbilityConstants
CRAgilityDamageCalculation,39,0,0,magnitude,1.0,,Meiko.MeleeDamageImmediateSelfBuff.AgilityCoefficient,AbilityConstants
CRAgilityDamageCalculation,39,1,0,magnitude,1.0,,Meiko.MeleeDamageImmediateSelfBuff.Spread,AbilityConstants
CRAgilityDamageCalculation,39,2,0,magnitude,1.0,,Meiko.DurationalMultipleTeleportDamage.Talent.TargetDebuff.IncreasedDamage,AbilityConstants
CRAgilityDamageCalculation,39,3,0,magnitude,1.0,,Meiko.Finishers.Talent.IncreasedDamageScaler,AbilityConstants
CRAgilityDamageCalculation,39,4,0,magnitude,1.0,,Meiko.Talent.ConsumedBuffsToDefensiveBuff.MeleeDamageImmediateSelfBuff.DamageMultiplier,AbilityConstants
CRAgilityDamageCalculation,40,0,0,magnitude,1.0,,Meiko.MeleeDamageLowHealthSelfBuff.AgilityCoefficient,AbilityConstants
CRAgilityDamageCalculation,40,1,0,magnitude,1.0,,Meiko.MeleeDamageLowHealthSelfBuff.Spread,AbilityConstants
CRAgilityDamageCalculation,40,2,0,magnitude,1.0,,Meiko.DurationalMultipleTeleportDamage.Talent.TargetDebuff.IncreasedDamage,AbilityConstants
CRAgilityDamageCalculation,40,3,0,magnitude,1.0,,Meiko.Earth.Talent.IncreasedDamage.DamageMultiplier,AbilityConstants
CRAgilityDamageCalculation,40,4,0,magnitude,1.0,,Meiko.Finishers.Talent.IncreasedDamageScaler,AbilityConstants
CRAgilityDamageCalculation,41,0,0,magnitude,1.0,,Meiko.MeleeDamageSelfBuff.AgilityCoefficient,AbilityConstants
CRAgilityDamageCalculation,41,1,0,magnitude,1.0,,Meiko.MeleeDamageSelfBuff.Spread,AbilityConstants
CRAgilityDamageCalculation,41,3,0,magnitude,1.0,,Meiko.DurationalMultipleTeleportDamage.Talent.TargetDebuff.IncreasedDamage,AbilityConstants
CRAgilityDamageCalculation,41,4,0,magnitude,1.0,,Meiko.Finishers.Talent.IncreasedDamageScaler,AbilityConstants
CRAgilityDamageCalculation,41,5,0,magnitude,1.0,,Meiko.TauntTotem.Talent.BuffAfterDestroyed.WindDamageIncrease,AbilityConstants
CRAgilityDamageCalculation,42,0,0,magnitude,1.0,,Meiko.MeleeDown.AgilityCoefficient,AbilityConstants
CRAgilityDamageCalculation,42,1,0,magnitude,1.0,,Meiko.MeleeDown.Spread,AbilityConstants
CRAgilityDamageCalculation,42,3,0,magnitude,1.0,,Meiko.DurationalMultipleTeleportDamage.Talent.TargetDebuff.IncreasedDamage,AbilityConstants
CRAgilityDamageCalculation,42,4,0,magnitude,1.0,,Meiko.TauntTotem.Talent.BuffAfterDestroyed.WindDamageIncrease,AbilityConstants
CRAgilityDamageCalculation,43,0,0,magnitude,1.0,,Meiko.MeleeLeft.AgilityCoefficient,AbilityConstants
CRAgilityDamageCalculation,43,1,0,magnitude,1.0,,Meiko.MeleeLeft.Spread,AbilityConstants
CRAgilityDamageCalculation,43,2,0,magnitude,1.0,,Meiko.DurationalMultipleTeleportDamage.Talent.TargetDebuff.IncreasedDamage,AbilityConstants
CRAgilityDamageCalculation,44,0,0,magnitude,1.0,,Meiko.MeleeRight.AgilityCoefficient,AbilityConstants
CRAgilityDamageCalculation,44,1,0,magnitude,1.0,,Meiko.MeleeRight.Spread,AbilityConstants
CRAgilityDamageCalculation,44,2,0,magnitude,1.0,,Meiko.DurationalMultipleTeleportDamage.Talent.TargetDebuff.IncreasedDamage,AbilityConstants
CRAgilityDamageCalculation,44,3,0,magnitude,1.0,,Meiko.Earth.Talent.IncreasedDamage.DamageMultiplier,AbilityConstants
CRAgilityDamageCalculation,45,0,0,magnitude,1.0,,Meiko.MoveToLocationAoeDamage.AgilityCoefficient,AbilityConstants
CRAgilityDamageCalculation,45,1,0,magnitude,1.0,,Meiko.MoveToLocationAoeDamage.Spread,AbilityConstants
CRAgilityDamageCalculation,45,3,0,magnitude,1.0,,Meiko.Earth.Talent.IncreasedDamage.DamageMultiplier,AbilityConstants
CRAgilityDamageCalculation,45,4,0,magnitude,1.0,,Meiko.TauntTotem.Talent.BuffAfterDestroyed.AbilityDamageIncrease,AbilityConstants
CRAgilityDamageCalculation,46,0,0,magnitude,1.0,,Meiko.MoveToLocationAoeDamage.Dot.AgilityCoefficient,AbilityConstants
CRAgilityDamageCalculation,46,1,0,magnitude,1.0,,Meiko.TauntTotem.Talent.BuffAfterDestroyed.AbilityDamageIncrease,AbilityConstants
CRAgilityDamageCalculation,47,0,0,magnitude,1.0,,Meiko.InstantSelfDefensive.Talent.DamageReductionLessHeal.AoeDamage.AgilityCoefficient,AbilityConstants
CRAgilityDamageCalculation,48,0,0,magnitude,1.0,,UB_DeadeyeArbalest.LineAttack.AgilityCoefficient,AbilityConstants
CRAgilityDamageCalculation,49,0,0,magnitude,1.0,,UB_DeadeyeArbalest.RangedAutoAttack.AgilityCoefficient,AbilityConstants
CRAgilityDamageCalculation,50,0,0,magnitude,1.0,,UB_DefendingArcher.RangedAutoAttack.AgilityCoefficient,AbilityConstants
CRAgilityDamageCalculation,50,1,0,magnitude,1.0,,UB_DefendingArcher.RangedAutoAttack.Spread,AbilityConstants
CRAgilityDamageCalculation,51,0,0,magnitude,1.0,,UB_DefendingArcher.Volley.Aoe.AgilityCoefficient,AbilityConstants
CRAgilityDamageCalculation,51,1,0,magnitude,1.0,,UB_DefendingArcher.Volley.Aoe.Spread,AbilityConstants
CRAgilityDamageCalculation,52,0,0,magnitude,1.0,,UB_ReanimatedArcher.RangedAutoAttack.AgilityCoefficient,AbilityConstants
CRAgilityDamageCalculation,53,0,0,magnitude,1.0,,UB_ReanimatedArcher.Volley.Aoe.AgilityCoefficient,AbilityConstants
CRAgilityDamageCalculation,53,1,0,magnitude,1.0,,UB_ReanimatedArcher.Volley.Aoe.Spread,AbilityConstants
CRAgilityDamageCalculation,54,0,0,magnitude,1.0,/Game/Abilities/DataTables/CT_AbilityConstants,UC_CadavrianArbalist.AutoAttack.Spread,
CRAgilityDamageCalculation,54,1,0,magnitude,1.0,/Game/Abilities/DataTables/CT_AbilityConstants,UC_CadavrianArbalist.AutoAttack.StrengthCoefficient,
CRIntellectDamageCalculation,0,0,0,magnitude,1.0,,VV_BlackmistShadowMinion.Cast.IntCoefficient,AbilityConstants
CRIntellectDamageCalculation,1,0,0,magnitude,1.0,,VV_BlackmistShadowMinion.OnDeathExplosion.IntCoefficient,AbilityConstants
CRIntellectDamageCalculation,2,0,0,magnitude,1.0,,VV_BossVikingMystic_RuneMinion.Cast.IntCoefficient,AbilityConstants
CRIntellectDamageCalculation,3,0,0,magnitude,1.0,,VV_BossVikingMystic_RuneMinion.OnDeathExplosion.IntCoefficient,AbilityConstants
CRIntellectDamageCalculation,4,0,0,magnitude,1.0,,CM_BlackburnMantrader.CastedRangedProjectile.IntellectCoefficient,AbilityConstants
CRIntellectDamageCalculation,4,1,0,magnitude,1.0,,CM_BlackburnMantrader.CastedRangedProjectile.Spread,AbilityConstants
CRIntellectDamageCalculation,5,0,0,magnitude,1.0,,CM_BlackburnMantrader.LargeCastedRangedProjectile.IntellectCoefficient,AbilityConstants
CRIntellectDamageCalculation,5,1,0,magnitude,1.0,,CM_BlackburnMantrader.LargeCastedRangedProjectile.Spread,AbilityConstants
CRIntellectDamageCalculation,6,0,0,magnitude,1.0,,CM_BossAina.CastDebuffProjectile.IntCoefficient,AbilityConstants
CRIntellectDamageCalculation,7,0,0,magnitude,1.0,,CM_BossAina.CastFillerProjectile.IntCoefficient,AbilityConstants
CRIntellectDamageCalculation,8,0,0,magnitude,1.0,,CM_BossAina.PlacedSlowAOE.Area.Dot.IntellectCoefficient,AbilityConstants
CRIntellectDamageCalculation,9,0,0,magnitude,1.0,,CM_BossWhisperingCore.Beam.IntellectCoefficient,AbilityConstants
CRIntellectDamageCalculation,9,1,0,magnitude,1.0,,CM_BossWhisperingCore.Beam.Spread,AbilityConstants
CRIntellectDamageCalculation,10,0,0,magnitude,1.0,,CM_BossWhisperingCore.PlatformAoEDamage.Debuff.IntellectCoefficient,AbilityConstants
CRIntellectDamageCalculation,10,1,0,magnitude,1.0,,CM_BossWhisperingCore.PlatformAoEDamage.Debuff.Spread,AbilityConstants
CRIntellectDamageCalculation,11,0,0,magnitude,1.0,,CM_BossWhisperingCore.PulsingAoEDamage.IntellectCoefficient,AbilityConstants
CRIntellectDamageCalculation,12,0,0,magnitude,1.0,,CM_ChargedConstruct.ChainLightning.IntellectCoefficient,AbilityConstants
CRIntellectDamageCalculation,12,1,0,magnitude,1.0,,CM_ChargedConstruct.ChainLightning.Spread,AbilityConstants
CRIntellectDamageCalculation,13,0,0,magnitude,1.0,,CM_CrystalConstructCharged.RotatingBeam.IntCoefficient,AbilityConstants
CRIntellectDamageCalculation,13,1,0,magnitude,1.0,,CM_CrystalConstructCharged.RotatingBeam.Spread,AbilityConstants
CRIntellectDamageCalculation,14,0,0,magnitude,1.0,,CM_ElfWarden.CastSingleBlast.IntellectCoefficient,AbilityConstants
CRIntellectDamageCalculation,14,1,0,magnitude,1.0,,CM_ElfWarden.CastSingleBlast.Spread,AbilityConstants
CRIntellectDamageCalculation,15,0,0,magnitude,1.0,,CM_ElfWarden.Fear.IntellectCoefficient,AbilityConstants
CRIntellectDamageCalculation,16,0,0,magnitude,1.0,,CM_ElfWarden.BurstingBarrier.BurstDamage.IntellectCoefficient,AbilityConstants
CRIntellectDamageCalculation,17,0,0,magnitude,1.0,,CM_ElfWarden.DrainMana.IntCoefficientPerTick,AbilityConstants
CRIntellectDamageCalculation,18,0,0,magnitude,1.0,,CM_RubiliteAurastone.ChasingLaser.IntCoefficient,AbilityConstants
CRIntellectDamageCalculation,18,1,0,magnitude,1.0,,CM_RubiliteAurastone.ChasingLaser.Spread,AbilityConstants
CRIntellectDamageCalculation,19,0,0,magnitude,1.0,,CM_RubiliteAurastone.LockOnLaser.IntCoefficient,AbilityConstants
CRIntellectDamageCalculation,19,1,0,magnitude,1.0,,CM_RubiliteAurastone.LockOnLaser.Spread,AbilityConstants
CRIntellectDamageCalculation,20,0,0,magnitude,1.0,,CM_RubiliteFocus.Laser.Spread,AbilityConstants
CRIntellectDamageCalculation,20,1,0,magnitude,1.0,,CM_RubiliteFocus.Laser.IntellectCoefficient,AbilityConstants
CRIntellectDamageCalculation,21,0,0,magnitude,1.0,,MF_FoulTotemic.SummonTraps.Dot.StrengthCoefficient,AbilityConstants
CRIntellectDamageCalculation,22,0,0,magnitude,1.0,,CM_VolatileConstruct.CastProjectile.IntCoefficient,AbilityConstants
CRIntellectDamageCalculation,22,1,0,magnitude,1.0,,CM_VolatileConstruct.CastProjectile.Spread,AbilityConstants
CRIntellectDamageCalculation,23,0,0,magnitude,1.0,,FK_BossRangerCaptain.IceTrap.DamageIntellectCoefficient,AbilityConstants
CRIntellectDamageCalculation,24,0,0,magnitude,1.0,,DD_NightboundMagi.CastedPartyAoeDebuff.IntellectCoefficient,AbilityConstants
CRIntellectDamageCalculation,24,1,0,coefficient,1.0,,,
CRIntellectDamageCalculation,24,1,1,pre_multiply_additive,0.0,,,
CRIntellectDamageCalculation,24,1,2,post_multiply_additive,0.0,,,
CRIntellectDamageCalculation,25,0,0,magnitude,1.0,,DD_NightboundMagi.CastedRangedProjectileInstantDamage.IntellectCoefficient,AbilityConstants
CRIntellectDamageCalculation,25,1,0,coefficient,1.0,,,
CRIntellectDamageCalculation,25,1,1,pre_multiply_additive,0.0,,,
CRIntellectDamageCalculation,25,1,2,post_multiply_additive,0.0,,,
CRIntellectDamageCalculation,27,0,0,magnitude,1.0,,DD_WitheringMagi.CastedRangedProjectileInstantDamage.IntellectCoefficient,AbilityConstants
CRIntellectDamageCalculation,27,1,0,coefficient,1.0,,,
CRIntellectDamageCalculation,27,1,1,pre_multiply_additive,0.0,,,
CRIntellectDamageCalculation,27,1,2,post_multiply_additive,0.0,,,
CRIntellectDamageCalculation,28,0,0,magnitude,1.0,,DD_WitheringMagi.CastedRangedProjectileDOT.Debuff.IntCoefficient,AbilityConstants
CRIntellectDamageCalculation,28,1,0,coefficient,1.0,,,
CRIntellectDamageCalculation,28,1,1,pre_multiply_additive,0.0,,,
CRIntellectDamageCalculation,28,1,2,post_multiply_additive,0.0,,,
CRIntellectDamageCalculation,29,0,0,magnitude,1.0,,DM_WinterTrickster.ThrowBomb.DamageIntellectCoefficient,AbilityConstants
CRIntellectDamageCalculation,30,0,0,magnitude,1.0,,DM_WinterTrickster.JumpToCollectBuffs.LandingAoE.DamageIntellectCoefficient,AbilityConstants
CRIntellectDamageCalculation,31,0,0,magnitude,1.0,,DM_WinterTrickster.JumpToCollectBuffs.LandingUnavoidableDamage.DamageIntellectCoefficient,AbilityConstants
CRIntellectDamageCalculation,32,0,0,magnitude,1.0,,DR_BarbedRoot.ChanneledAoe.DamageIntellectCoefficient,AbilityConstants
CRIntellectDamageCalculation,32,1,0,coefficient,1.0,,,
CRIntellectDamageCalculation,32,1,1,pre_multiply_additive,0.0,,,
CRIntellectDamageCalculation,32,1,2,post_multiply_additive,0.0,,,
CRIntellectDamageCalculation,33,0,0,magnitude,1.0,,DR_BossCultLeader.SoakBeam.IntellectCoefficient,AbilityConstants
CRIntellectDamageCalculation,34,0,0,magnitude,1.0,,DR_BossCultLeader.Defile.IntellectCoefficient,AbilityConstants
CRIntellectDamageCalculation,34,2,0,magnitude,0.01,,,
CRIntellectDamageCalculation,35,0,0,magnitude,1.0,,DR_BossCultLeader.RotatingCrossAbility.IntellectCoefficient,AbilityConstants
CRIntellectDamageCalculation,36,0,0,magnitude,1.0,,DR_BossGateWizard.AbsorbDamagePulse.IntCoefficient,AbilityConstants
CRIntellectDamageCalculation,36,1,0,magnitude,1.0,,DR_BossGateWizard.AbsorbDamagePulse.Spread,AbilityConstants
CRIntellectDamageCalculation,37,0,0,magnitude,1.0,,DR_BossGateWizard.SafeDangerZones.IntellectCoefficient,AbilityConstants
CRIntellectDamageCalculation,38,0,0,magnitude,1.0,,DR_BossGateWizard.FirePillar.Debuff.IntCoefficient,AbilityConstants
CRIntellectDamageCalculation,39,0,0,magnitude,1.0,,DR_BossSummonedDemon_Portal.ShootProjectiles.IntCoefficient,AbilityConstants
CRIntellectDamageCalculation,39,1,0,magnitude,1.0,,DR_BossSummonedDemon_Portal.ShootProjectiles.Spread,AbilityConstants
CRIntellectDamageCalculation,40,0,0,magnitude,1.0,,DR_BurningDemon.DemonboltVolley.IntellectCoefficient,AbilityConstants
CRIntellectDamageCalculation,40,1,0,magnitude,1.0,,DR_BurningDemon.DemonboltVolley.Spread,AbilityConstants
CRIntellectDamageCalculation,40,2,0,coefficient,1.0,,,
CRIntellectDamageCalculation,40,2,1,pre_multiply_additive,0.0,,,
CRIntellectDamageCalculation,40,2,2,post_multiply_additive,0.0,,,
CRIntellectDamageCalculation,41,0,0,magnitude,1.0,,DR_CultistCaster.CastedRangedProjectileInstantDamage.IntellectCoefficient,AbilityConstants
CRIntellectDamageCalculation,41,1,0,coefficient,1.0,,,
CRIntellectDamageCalculation,41,1,1,pre_multiply_additive,0.0,,,
CRIntellectDamageCalculation,41,1,2,post_multiply_additive,0.0,,,
CRIntellectDamageCalculation,42,0,0,magnitude,1.0,,DR_CultistCaster.CastedRangedProjectileDOT.Debuff.IntCoefficient,AbilityConstants
CRIntellectDamageCalculation,42,1,0,coefficient,1.0,,,
CRIntellectDamageCalculation,42,1,1,pre_multiply_additive,0.0,,,
CRIntellectDamageCalculation,42,1,2,post_multiply_additive,0.0,,,
CRIntellectDamageCalculation,43,0,0,magnitude,1.0,,DR_CultistMajorCaster.CastedRangedProjectile.IntellectCoefficient,AbilityConstants
CRIntellectDamageCalculation,43,1,0,coefficient,1.0,,,
CRIntellectDamageCalculation,43,1,1,pre_multiply_additive,0.0,,,
CRIntellectDamageCalculation,43,1,2,post_multiply_additive,0.0,,,
CRIntellectDamageCalculation,44,0,0,magnitude,1.0,,DR_CultistMajorCaster.GrowingCircleCast.IntCoefficient,AbilityConstants
CRIntellectDamageCalculation,44,1,0,coefficient,1.0,,,
CRIntellectDamageCalculation,44,1,1,pre_multiply_additive,0.0,,,
CRIntellectDamageCalculation,44,1,2,post_multiply_additive,0.0,,,
CRIntellectDamageCalculation,45,0,0,magnitude,1.0,,DR_BossCultLeader.RitualistSacrificeDebuff.IntellectCoefficient,AbilityConstants
CRIntellectDamageCalculation,46,0,0,magnitude,1.0,,DR_BossCultLeader.RitualistTurret.IntellectCoefficient,AbilityConstants
CRIntellectDamageCalculation,47,0,0,magnitude,1.0,,DR_RuinsLasher.PassiveAOEPools.Pool.IntellectCoefficientPerTick,AbilityConstants
CRIntellectDamageCalculation,48,0,0,magnitude,1.0,,Environmental.Hazard.LightningBolts.DamageCoefficient,AbilityConstants
CRIntellectDamageCalculation,49,0,0,magnitude,1.0,,FK_BossElfDragon.AutoAttack.IntellectCoefficient,AbilityConstants
CRIntellectDamageCalculation,50,0,0,magnitude,1.0,,FK_BossElfDragon.FierySoak.PoolAOE.DamageIntellectCoefficient,AbilityConstants
CRIntellectDamageCalculation,50,1,0,magnitude,0.01,,,
CRIntellectDamageCalculation,51,0,0,magnitude,1.0,,FK_BossElfDragon.FierySoak.Soak.DamageIntellectCoefficient,AbilityConstants
CRIntellectDamageCalculation,51,2,0,magnitude,0.01,,,
CRIntellectDamageCalculation,52,0,0,magnitude,1.0,,FK_BossElfDragon.KnockbackCone.AoeDamageIntellectCoefficient,AbilityConstants
CRIntellectDamageCalculation,52,1,0,magnitude,0.01,,,
CRIntellectDamageCalculation,53,0,0,magnitude,1.0,,FK_BossElfDragon.MultiDash.ArrivalAOE.DamageIntellectCoefficient,AbilityConstants
CRIntellectDamageCalculation,53,1,0,magnitude,0.01,,,
CRIntellectDamageCalculation,54,0,0,magnitude,1.0,,FK_BossElfDragon.ShrinkingArena.Debuff.IntellectCoefficient,AbilityConstants
CRIntellectDamageCalculation,55,0,0,magnitude,1.0,,FK_BossFreezingWaterLord.ExplosiveOrb.ExplosionIntellectCoefficient,AbilityConstants
CRIntellectDamageCalculation,56,0,0,magnitude,1.0,,FK_BossFreezingWaterLord.ExplosiveOrb.PeriodicAoeDamage.IntellectCoefficient,AbilityConstants
CRIntellectDamageCalculation,57,0,0,magnitude,1.0,,FK_BossFreezingWaterLord.FreezingCone.IntellectCoefficient,AbilityConstants
CRIntellectDamageCalculation,58,0,0,magnitude,1.0,,FK_BossFreezingWaterLord.FreezingCone.IntellectCoefficient,AbilityConstants
CRIntellectDamageCalculation,58,1,0,magnitude,1.0,,FK_BossFreezingWaterLord.FreezingCone.WetDamageMultiplier,AbilityConstants
CRIntellectDamageCalculation,59,0,0,magnitude,1.0,,FK_BossFreezingWaterLord.GreaterWaterNova.Dot.IntellectCoefficient,AbilityConstants
CRIntellectDamageCalculation,59,1,0,coefficient,1.0,,,
CRIntellectDamageCalculation,59,1,1,pre_multiply_additive,0.0,,,
CRIntellectDamageCalculation,59,1,2,post_multiply_additive,0.0,,,
CRIntellectDamageCalculation,60,0,0,magnitude,1.0,,FK_BossFreezingWaterLord.IceSoak.PostEffect.IntellectCoefficient,AbilityConstants
CRIntellectDamageCalculation,61,0,0,magnitude,1.0,,FK_BossFreezingWaterLord.IceSoak.InitialEffect.IntellectCoefficient,AbilityConstants
CRIntellectDamageCalculation,61,2,0,magnitude,0.01,,,
CRIntellectDamageCalculation,62,0,0,magnitude,1.0,,FK_BossRangerCaptain.BigCross.DamageIntellectCoefficient,AbilityConstants
CRIntellectDamageCalculation,63,0,0,magnitude,1.0,,FK_BossRangerCaptain.ExplosiveShot.IntellectCoefficient,AbilityConstants
CRIntellectDamageCalculation,63,1,0,magnitude,0.01,,,
CRIntellectDamageCalculation,64,0,0,magnitude,1.0,,FK_BossRangerCaptain.HailOfArrows.IntellectCoefficient,AbilityConstants
CRIntellectDamageCalculation,65,0,0,magnitude,1.0,,FK_BossRangerCaptain.HailOfArrows.Debuff.IntellectCoefficient,AbilityConstants
CRIntellectDamageCalculation,65,1,0,coefficient,1.0,,,
CRIntellectDamageCalculation,65,1,1,pre_multiply_additive,0.0,,,
CRIntellectDamageCalculation,65,1,2,post_multiply_additive,0.0,,,
CRIntellectDamageCalculation,66,0,0,magnitude,1.0,,FK_BossRangerCaptain.IceTrap.DamageIntellectCoefficient,AbilityConstants
CRIntellectDamageCalculation,67,0,0,magnitude,1.0,,FK_ElfCleric.DrainLife.HealPercentage,AbilityConstants
CRIntellectDamageCalculation,67,1,0,magnitude,1.0,,FK_ElfCleric.DrainLife.DamageIntellectCoefficient,AbilityConstants
CRIntellectDamageCalculation,67,2,0,coefficient,1.0,,,
CRIntellectDamageCalculation,67,2,1,pre_multiply_additive,0.0,,,
CRIntellectDamageCalculation,67,2,2,post_multiply_additive,0.0,,,
CRIntellectDamageCalculation,68,0,0,magnitude,1.0,,FK_ElfCleric.Redemption.BurstDamageIntellectCoefficient,AbilityConstants
CRIntellectDamageCalculation,68,1,0,coefficient,1.0,,,
CRIntellectDamageCalculation,68,1,1,pre_multiply_additive,0.0,,,
CRIntellectDamageCalculation,68,1,2,post_multiply_additive,0.0,,,
CRIntellectDamageCalculation,69,0,0,magnitude,1.0,,FK_ElfCleric.Redemption.DoTDamageIntellectCoefficient,AbilityConstants
CRIntellectDamageCalculation,69,1,0,coefficient,1.0,,,
CRIntellectDamageCalculation,69,1,1,pre_multiply_additive,0.0,,,
CRIntellectDamageCalculation,69,1,2,post_multiply_additive,0.0,,,
CRIntellectDamageCalculation,70,0,0,magnitude,1.0,,FK_ElfCleric.SoulBolt.DamageIntellectCoefficient,AbilityConstants
CRIntellectDamageCalculation,70,1,0,coefficient,1.0,,,
CRIntellectDamageCalculation,70,1,1,pre_multiply_additive,0.0,,,
CRIntellectDamageCalculation,70,1,2,post_multiply_additive,0.0,,,
CRIntellectDamageCalculation,71,0,0,magnitude,1.0,,FK_ElfDuelist.IceBreaker.DamageCoefficient,AbilityConstants
CRIntellectDamageCalculation,71,1,0,magnitude,0.01,,,
CRIntellectDamageCalculation,72,0,0,magnitude,1.0,,FK_ElfGuard.ShatteringBarrier.AoeDamageIntellectCoefficient,AbilityConstants
CRIntellectDamageCalculation,72,1,0,coefficient,1.0,,,
CRIntellectDamageCalculation,72,1,1,pre_multiply_additive,0.0,,,
CRIntellectDamageCalculation,72,1,2,post_multiply_additive,0.0,,,
CRIntellectDamageCalculation,73,0,0,magnitude,1.0,,FK_ElfIllusionist.CastSingleFrost.DamageIntellectCoefficient,AbilityConstants
CRIntellectDamageCalculation,73,1,0,coefficient,1.0,,,
CRIntellectDamageCalculation,73,1,1,pre_multiply_additive,0.0,,,
CRIntellectDamageCalculation,73,1,2,post_multiply_additive,0.0,,,
CRIntellectDamageCalculation,74,0,0,magnitude,1.0,,FK_ElfIllusionist.ChanneledDamageAoe.DamageIntellectCoefficient,AbilityConstants
CRIntellectDamageCalculation,74,1,0,coefficient,1.0,,,
CRIntellectDamageCalculation,74,1,1,pre_multiply_additive,0.0,,,
CRIntellectDamageCalculation,74,1,2,post_multiply_additive,0.0,,,
CRIntellectDamageCalculation,75,0,0,magnitude,1.0,,FK_ElfIllusionist.ExplosiveOrb.ExplosionIntellectCoefficient,AbilityConstants
CRIntellectDamageCalculation,76,0,0,magnitude,1.0,,FK_ElfIllusionist.ExplosiveOrb.PeriodicAoeDamage.IntellectCoefficient,AbilityConstants
CRIntellectDamageCalculation,77,0,0,magnitude,1.0,,FK_ElfRanger.IceTrap.DamageIntellectCoefficient,AbilityConstants
CRIntellectDamageCalculation,78,0,0,magnitude,1.0,,FK_ElfRanger.RapidFire.DamageIntellectCoefficient,AbilityConstants
CRIntellectDamageCalculation,79,0,0,magnitude,1.0,,FK_ElfShardling.DeathExplosion.Debuff.IntellectCoefficientPerTick,AbilityConstants
CRIntellectDamageCalculation,79,1,0,coefficient,1.0,,,
CRIntellectDamageCalculation,79,1,1,pre_multiply_additive,0.0,,,
CRIntellectDamageCalculation,79,1,2,post_multiply_additive,0.0,,,
CRIntellectDamageCalculation,80,0,0,magnitude,1.0,,FM_AshenArsonist.Cone.Damage.IntCoefficient,AbilityConstants_ForestMeadow
CRIntellectDamageCalculation,80,1,0,coefficient,1.0,,,
CRIntellectDamageCalculation,80,1,1,pre_multiply_additive,0.0,,,
CRIntellectDamageCalculation,80,1,2,post_multiply_additive,0.0,,,
CRIntellectDamageCalculation,81,0,0,magnitude,1.0,,FM_OrcCaster.CastProjectile.PrimaryAttributeCoefficient,AbilityConstants_ForestMeadow
CRIntellectDamageCalculation,81,1,0,magnitude,1.0,,,AbilityConstants_ForestMeadow
CRIntellectDamageCalculation,82,0,0,magnitude,1.0,,FM_Invoker.CastedRangedProjectileInstantDamage.IntellectCoefficient,AbilityConstants_ForestMeadow
CRIntellectDamageCalculation,82,1,0,coefficient,1.0,,,
CRIntellectDamageCalculation,82,1,1,pre_multiply_additive,0.0,,,
CRIntellectDamageCalculation,82,1,2,post_multiply_additive,0.0,,,
CRIntellectDamageCalculation,83,0,0,magnitude,1.0,,FM_OrcCaster.CastProjectile.PrimaryAttributeCoefficient,AbilityConstants_ForestMeadow
CRIntellectDamageCalculation,83,1,0,magnitude,1.0,,,AbilityConstants_ForestMeadow
CRIntellectDamageCalculation,84,0,0,magnitude,1.0,/Game/Abilities/DataTables/CT_AbilityConstants,Firemage.CastedDotBoostProjectile.DirectDamage.IntellectCoefficient,
CRIntellectDamageCalculation,84,2,0,magnitude,1.0,,Firemage.CastedDotBoostProjectile.Talent.IncreasedCritChance,AbilityConstants
CRIntellectDamageCalculation,84,3,0,magnitude,1.0,,Firemage.CastedDotBoostProjectile.Talent.IncreasedCritChance.AdditionalCritChance,AbilityConstants
CRIntellectDamageCalculation,85,0,0,magnitude,1.0,/Game/Abilities/DataTables/CT_AbilityConstants,Firemage.CastedPlacedAoe.Damage.IntellectCoefficient,
CRIntellectDamageCalculation,85,2,0,coefficient,1.0,,,
CRIntellectDamageCalculation,85,2,1,pre_multiply_additive,0.0,,,
CRIntellectDamageCalculation,85,2,2,post_multiply_additive,0.0,,,
CRIntellectDamageCalculation,86,0,0,magnitude,1.0,/Game/Abilities/DataTables/CT_AbilityConstants,Firemage.CastedSingleDot.DamageIntellectCoefficient,
CRIntellectDamageCalculation,86,1,0,magnitude,1.0,/Game/Abilities/DataTables/CT_AbilityConstants,Firemage.Talent.IncreasedDotCritChance.CritChanceIncrease,
CRIntellectDamageCalculation,86,2,0,magnitude,1.0,/Game/Abilities/DataTables/CT_AbilityConstants,Firemage.CastedSingleDot.Talent.IncreasedDamage.DamageScaler,
CRIntellectDamageCalculation,87,0,0,magnitude,1.0,/Game/Abilities/DataTables/CT_AbilityConstants,Firemage.CastedSingleHeavyDot.DamageIntellectCoefficient,
CRIntellectDamageCalculation,87,1,0,magnitude,1.0,/Game/Abilities/DataTables/CT_AbilityConstants,Firemage.Talent.IncreasedDotCritChance.CritChanceIncrease,
CRIntellectDamageCalculation,87,2,0,magnitude,1.0,/Game/Abilities/DataTables/CT_AbilityConstants,Firemage.CastedSingleDot.Talent.IncreasedDamage.DamageScaler,
CRIntellectDamageCalculation,88,0,0,magnitude,1.0,/Game/Abilities/DataTables/CT_AbilityConstants,Firemage.ChanneledForwardAoeDamage.IntellectCoefficient,
CRIntellectDamageCalculation,89,0,0,magnitude,1.0,/Game/Abilities/DataTables/CT_AbilityConstants,Firemage.ChanneledForwardAoeDamage.DotIntellectCoefficientPerTick,
CRIntellectDamageCalculation,89,1,0,coefficient,1.0,,,
CRIntellectDamageCalculation,89,1,1,pre_multiply_additive,0.0,,,
CRIntellectDamageCalculation,89,1,2,post_multiply_additive,0.0,,,
CRIntellectDamageCalculation,89,2,0,magnitude,1.0,/Game/Abilities/DataTables/CT_AbilityConstants,Firemage.Talent.IncreasedDotCritChance.CritChanceIncrease,
CRIntellectDamageCalculation,90,0,0,magnitude,1.0,/Game/Abilities/DataTables/CT_AbilityConstants,Firemage.FireFrog.DirectDamage.DamageIntellectCoefficient,
CRIntellectDamageCalculation,90,3,0,magnitude,1.0,,Firemage.FireFrogs.Ability.Talent.DirectDamageIncrease.DamageScale,AbilityConstants
CRIntellectDamageCalculation,91,0,0,magnitude,1.0,,Firemage.InstantDoubleDotSelfBuff.InstantCastedSingleDot.MainTargetBonus.DamageIntellectCoefficient,AbilityConstants
CRIntellectDamageCalculation,91,1,0,magnitude,1.0,,Firemage.InstantDoubleDotSelfBuff.Talent.AdditionalHitDamageIncreased,AbilityConstants
CRIntellectDamageCalculation,92,0,0,magnitude,1.0,/Game/Abilities/DataTables/CT_AbilityConstants,Firemage.InstantSingleDisorient.Damage.IntellectCoefficient,
CRIntellectDamageCalculation,93,0,0,magnitude,1.0,/Game/Abilities/DataTables/CT_AbilityConstants,Firemage.InstantSingleTargetDot.IntellectCoefficientPerTick,
CRIntellectDamageCalculation,93,1,0,coefficient,1.0,,,
CRIntellectDamageCalculation,93,1,1,pre_multiply_additive,0.0,,,
CRIntellectDamageCalculation,93,1,2,post_multiply_additive,0.0,,,
CRIntellectDamageCalculation,93,2,0,magnitude,1.0,/Game/Abilities/DataTables/CT_AbilityConstants,Firemage.Talent.IncreasedDotCritChance.CritChanceIncrease,
CRIntellectDamageCalculation,94,0,0,magnitude,1.0,/Game/Abilities/DataTables/CT_AbilityConstants,Firemage.PlacedProjectileAoe.AoeDamageIntellectCoefficient,
CRIntellectDamageCalculation,94,2,0,magnitude,1.0,,Firemage.PlacedProjectileAoe.Talent.PlacedProjectileAoeHasCharges.CastedDotDetonateChargeRecoveryProc.CritChanceIncrease,AbilityConstants
CRIntellectDamageCalculation,95,0,0,magnitude,1.0,,IC_BossMagistrate.FrigidMist.Damage.IntellectCoefficient,AbilityConstants
CRIntellectDamageCalculation,95,1,0,coefficient,1.0,,,
CRIntellectDamageCalculation,95,1,1,pre_multiply_additive,0.0,,,
CRIntellectDamageCalculation,95,1,2,post_multiply_additive,0.0,,,
CRIntellectDamageCalculation,95,2,0,magnitude,0.01,,,
CRIntellectDamageCalculation,96,0,0,magnitude,1.0,,IC_BossMagistrate.Frostbolt.IntellectCoefficient,AbilityConstants
CRIntellectDamageCalculation,96,1,0,coefficient,1.0,,,
CRIntellectDamageCalculation,96,1,1,pre_multiply_additive,0.0,,,
CRIntellectDamageCalculation,96,1,2,post_multiply_additive,0.0,,,
CRIntellectDamageCalculation,96,2,0,magnitude,0.01,,,
CRIntellectDamageCalculation,97,0,0,magnitude,1.0,,IC_BossMagistrate.IceSpikes.IntellectCoefficient,AbilityConstants
CRIntellectDamageCalculation,98,0,0,magnitude,1.0,,IC_BossMagistrate.KnockbackCone.AoeDamage.IntellectCoefficient,AbilityConstants
CRIntellectDamageCalculation,99,0,0,magnitude,1.0,,IC_BossMagistrate.Redemption.Dot.IntellectCoefficient,AbilityConstants
CRIntellectDamageCalculation,99,1,0,coefficient,1.0,,,
CRIntellectDamageCalculation,99,1,1,pre_multiply_additive,0.0,,,
CRIntellectDamageCalculation,99,1,2,post_multiply_additive,0.0,,,
CRIntellectDamageCalculation,100,0,0,magnitude,1.0,,IC_BossMagistrate.Redemption.ShootProjectilesOnExpired.IntellectCoefficient,AbilityConstants
CRIntellectDamageCalculation,101,0,0,magnitude,1.0,,IC_GlacialSprite.PassiveAOEPools.Pool.IntellectCoefficientPerTick,AbilityConstants
CRIntellectDamageCalculation,102,0,0,magnitude,1.0,,IC_Healer.TwoTargetDot.IntellectCoefficient,AbilityConstants
CRIntellectDamageCalculation,102,1,0,coefficient,1.0,,,
CRIntellectDamageCalculation,102,1,1,pre_multiply_additive,0.0,,,
CRIntellectDamageCalculation,102,1,2,post_multiply_additive,0.0,,,
CRIntellectDamageCalculation,103,0,0,magnitude,1.0,,IC_Healer.HighThreatChannel.IntellectCoefficient,AbilityConstants
CRIntellectDamageCalculation,103,1,0,coefficient,1.0,,,
CRIntellectDamageCalculation,103,1,1,pre_multiply_additive,0.0,,,
CRIntellectDamageCalculation,103,1,2,post_multiply_additive,0.0,,,
CRIntellectDamageCalculation,104,0,0,magnitude,1.0,,JS_NPCRime.CastProjectile.IntCoefficient,AbilityConstants
CRIntellectDamageCalculation,104,1,0,magnitude,1.0,,JS_NPCRime.CastProjectile.Spread,AbilityConstants
CRIntellectDamageCalculation,104,2,0,magnitude,1.0,,JS_NPCRime.CastProjectile.DamageThreatMultiplier,AbilityConstants
CRIntellectDamageCalculation,105,0,0,magnitude,1.0,,JS_NPCRime.ChanneledDamageBeam.IntCoefficient,AbilityConstants
CRIntellectDamageCalculation,105,1,0,magnitude,1.0,,JS_NPCRime.ChanneledDamageBeam.Spread,AbilityConstants
CRIntellectDamageCalculation,105,2,0,magnitude,1.0,,JS_NPCRime.ChanneledDamageBeam.DamageThreatMultiplier,AbilityConstants
CRIntellectDamageCalculation,106,0,0,magnitude,1.0,,JS_NPCRime.OnTargetPulsatingAoe.DamageIntellectCoefficient,AbilityConstants
CRIntellectDamageCalculation,106,1,0,magnitude,1.0,,JS_NPCRime.OnTargetPulsatingAoe.DamageThreatMultiplier,AbilityConstants
CRIntellectDamageCalculation,107,0,0,magnitude,1.0,,JS_NPCSylvie.CastProjectile.IntCoefficient,AbilityConstants
CRIntellectDamageCalculation,107,1,0,magnitude,1.0,,JS_NPCSylvie.CastProjectile.Spread,AbilityConstants
CRIntellectDamageCalculation,108,0,0,magnitude,1.0,,JS_TutorialTroll.Cone.Damage.IntCoefficient,AbilityConstants
CRIntellectDamageCalculation,108,1,0,magnitude,1.0,,JS_TutorialTroll.Cone.Damage.Spread,AbilityConstants
CRIntellectDamageCalculation,109,0,0,magnitude,1.0,,JS_TutorialTroll.PassiveAOEPools.Pool.IntellectCoefficientPerTick,AbilityConstants
CRIntellectDamageCalculation,109,1,0,magnitude,1.0,,JS_TutorialTroll.PassiveAOEPools.Pool.Spread,AbilityConstants
CRIntellectDamageCalculation,110,0,0,magnitude,1.0,,Lisa.CastedProjectileDamageIncreaseDebuff.IntellectCoefficient,AbilityConstants
CRIntellectDamageCalculation,110,1,0,magnitude,1.0,,Lisa.CastedProjectileDamageIncreaseDebuff.Talent.ChargesAndCrit.AdditionalCritChance,AbilityConstants
CRIntellectDamageCalculation,111,0,0,magnitude,1.0,,Lisa.CastedSingleTargetProjectile.IntellectCoefficient,AbilityConstants
CRIntellectDamageCalculation,111,2,0,magnitude,1.0,,Lisa.CastedProjectileDamageIncreaseDebuff.Talent.AbilityDamageIncrease.CastedSingleTargetProjectile.AdditionalCritChance,AbilityConstants
CRIntellectDamageCalculation,112,0,0,magnitude,1.0,,Lisa.InstantDamageSpender.IntellectCoefficient,AbilityConstants
CRIntellectDamageCalculation,112,1,0,magnitude,1.0,,Lisa.InstantDamageSpender.Talent.CritPowerBonus.AdditiveMultiplier,AbilityConstants
CRIntellectDamageCalculation,113,0,0,magnitude,1.0,,Lisa.InstantSingleTargetDamageAndDot.Damage.IntellectCoefficient,AbilityConstants
CRIntellectDamageCalculation,114,0,0,magnitude,1.0,,Lisa.InstantSingleTargetDamageAndDot.Dot.IntellectCoefficient,AbilityConstants
CRIntellectDamageCalculation,115,0,0,magnitude,1.0,,Lisa.SingleTargetDot.IntellectCoefficient,AbilityConstants
CRIntellectDamageCalculation,115,1,0,magnitude,1.0,,Lisa.SingleTargetDot.Talent.StunAndDamageIncrease.DamageScaler,AbilityConstants
CRIntellectDamageCalculation,117,0,0,magnitude,1.0,,Lisa.SingleTargetDot.Talent.DotAoe.Aoe.IntellectCoefficient,AbilityConstants
CRIntellectDamageCalculation,118,0,0,magnitude,1.0,,Lisa.SingleTargetDot.Talent.DotAoe.Dot.IntellectCoefficient,AbilityConstants
CRIntellectDamageCalculation,119,0,0,magnitude,1.0,,MC_WanderingGhostPriest.CastProjectile.IntCoefficient,AbilityConstants
CRIntellectDamageCalculation,120,0,0,magnitude,1.0,,MF_BossNecrolord.ChanneledNova.IntCoefficient,AbilityConstants
CRIntellectDamageCalculation,120,1,0,magnitude,0.01,,,
CRIntellectDamageCalculation,121,0,0,magnitude,1.0,,MF_BossNecrolord.DeathCast.IntCoefficient,AbilityConstants
CRIntellectDamageCalculation,122,0,0,magnitude,1.0,,MF_BossNecrolord.MultiShot.IntCoefficient,AbilityConstants
CRIntellectDamageCalculation,122,1,0,magnitude,0.01,,,
CRIntellectDamageCalculation,123,0,0,magnitude,1.0,,MF_BossNecrolord.SpreadingDot.Debuff.IntCoefficient,AbilityConstants
CRIntellectDamageCalculation,123,1,0,coefficient,1.0,,,
CRIntellectDamageCalculation,123,1,1,pre_multiply_additive,0.0,,,
CRIntellectDamageCalculation,123,1,2,post_multiply_additive,0.0,,,
CRIntellectDamageCalculation,124,0,0,magnitude,1.0,,MF_BossNecrolord.SummonCrystal.IntCoefficient,AbilityConstants
CRIntellectDamageCalculation,125,0,0,magnitude,1.0,,MF_FoulTotemic.CastProjectile.IntCoefficient,AbilityConstants
CRIntellectDamageCalculation,126,0,0,magnitude,1.0,/Game/Abilities/DataTables/CT_AbilityConstants,Mosse.CastedSingleTargetProjectile.IntellectCoefficient,
CRIntellectDamageCalculation,127,0,0,magnitude,1.0,,Mosse.ExplosiveMinion.IntellectCoefficient,AbilityConstants
CRIntellectDamageCalculation,127,2,0,magnitude,1.0,,Mosse.ExplosiveMinion.Talent.IncreasedDamage.DamageMultiplier,AbilityConstants
CRIntellectDamageCalculation,128,0,0,magnitude,1.0,/Game/Abilities/DataTables/CT_AbilityConstants,Mosse.ProjectileTurret.DamageIntellectCoefficient,
CRIntellectDamageCalculation,128,1,0,coefficient,1.0,,,
CRIntellectDamageCalculation,128,1,1,pre_multiply_additive,0.0,,,
CRIntellectDamageCalculation,128,1,2,post_multiply_additive,0.0,,,
CRIntellectDamageCalculation,129,0,0,magnitude,1.0,,NP_BossHellcaller.CastedRangedProjectile.IntellectCoefficient,AbilityConstants
CRIntellectDamageCalculation,129,1,0,coefficient,1.0,,,
CRIntellectDamageCalculation,129,1,1,pre_multiply_additive,0.0,,,
CRIntellectDamageCalculation,129,1,2,post_multiply_additive,0.0,,,
CRIntellectDamageCalculation,130,0,0,magnitude,1.0,,NP_BossHellcaller.ChainLightning.IntellectCoefficient,AbilityConstants
CRIntellectDamageCalculation,130,1,0,coefficient,1.0,,,
CRIntellectDamageCalculation,130,1,1,pre_multiply_additive,0.0,,,
CRIntellectDamageCalculation,130,1,2,post_multiply_additive,0.0,,,
CRIntellectDamageCalculation,131,0,0,magnitude,1.0,,NP_BossHellcaller.GrowingCircleCast.IntCoefficient,AbilityConstants
CRIntellectDamageCalculation,133,0,0,magnitude,1.0,,NP_BossHellcaller.TankSlamCone.AoeDamage.IntellectCoefficient,AbilityConstants
CRIntellectDamageCalculation,134,0,0,magnitude,1.0,,NP_Stormscreamer.CastProjectile.IntCoefficient,AbilityConstants
CRIntellectDamageCalculation,135,0,0,magnitude,1.0,,NP_Stormscreamer.CastedAoeProjectile.Projectile.IntellectCoefficient,AbilityConstants
CRIntellectDamageCalculation,136,0,0,magnitude,1.0,,NP_Stormscreamer.CastedAoeProjectile.Zap.IntellectCoefficient,AbilityConstants
CRIntellectDamageCalculation,137,0,0,magnitude,1.0,,PR_BossPirateCaptain.CannonAoe.IntellectCoefficient,AbilityConstants
CRIntellectDamageCalculation,138,0,0,magnitude,1.0,,PR_BossTreasureDemon.CastedRangedProjectile.IntellectCoefficient,AbilityConstants
CRIntellectDamageCalculation,138,1,0,magnitude,0.01,,,
CRIntellectDamageCalculation,139,0,0,magnitude,1.0,,PR_BossTreasureDemon.ConeAttack.IntellectCoefficient,AbilityConstants
CRIntellectDamageCalculation,140,0,0,magnitude,1.0,,PR_FoB.CastedStun.IntellectCoefficient,AbilityConstants
CRIntellectDamageCalculation,140,1,0,coefficient,1.0,,,
CRIntellectDamageCalculation,140,1,1,pre_multiply_additive,0.0,,,
CRIntellectDamageCalculation,140,1,2,post_multiply_additive,0.0,,,
CRIntellectDamageCalculation,141,0,0,magnitude,1.0,,PR_FoB.RangedAutoAttack.IntellectCoefficient,AbilityConstants
CRIntellectDamageCalculation,141,1,0,coefficient,1.0,,,
CRIntellectDamageCalculation,141,1,1,pre_multiply_additive,0.0,,,
CRIntellectDamageCalculation,141,1,2,post_multiply_additive,0.0,,,
CRIntellectDamageCalculation,142,0,0,magnitude,1.0,,PR_PossessedArmor.MeleeAutoAttack.IntellectCoefficient,AbilityConstants
CRIntellectDamageCalculation,143,0,0,magnitude,1.0,,PR_PossessedArmor.RampingDamageDebuff.IntellectCoefficient,AbilityConstants
CRIntellectDamageCalculation,143,1,0,coefficient,1.0,,,
CRIntellectDamageCalculation,143,1,1,pre_multiply_additive,0.0,,,
CRIntellectDamageCalculation,143,1,2,post_multiply_additive,0.0,,,
CRIntellectDamageCalculation,144,0,0,magnitude,1.0,,PR_Watercaster.CastedAoeProjectile.Projectile.IntellectCoefficient,AbilityConstants
CRIntellectDamageCalculation,144,1,0,coefficient,1.0,,,
CRIntellectDamageCalculation,144,1,1,pre_multiply_additive,0.0,,,
CRIntellectDamageCalculation,144,1,2,post_multiply_additive,0.0,,,
CRIntellectDamageCalculation,145,0,0,magnitude,1.0,,PR_Watercaster.CastedRangedProjectile.Aoe.IntellectCoefficient,AbilityConstants
CRIntellectDamageCalculation,145,1,0,coefficient,1.0,,,
CRIntellectDamageCalculation,145,1,1,pre_multiply_additive,0.0,,,
CRIntellectDamageCalculation,145,1,2,post_multiply_additive,0.0,,,
CRIntellectDamageCalculation,146,0,0,magnitude,1.0,,PR_Watercaster.CastedRangedProjectile.IntellectCoefficient,AbilityConstants
CRIntellectDamageCalculation,146,1,0,coefficient,1.0,,,
CRIntellectDamageCalculation,146,1,1,pre_multiply_additive,0.0,,,
CRIntellectDamageCalculation,146,1,2,post_multiply_additive,0.0,,,
CRIntellectDamageCalculation,147,0,0,magnitude,1.0,/Game/Abilities/DataTables/CT_AbilityConstants,Rime.AutoDamageProjectile.IntellectCoefficient,
CRIntellectDamageCalculation,147,2,0,coefficient,1.0,,,
CRIntellectDamageCalculation,147,2,1,pre_multiply_additive,0.0,,,
CRIntellectDamageCalculation,147,2,2,post_multiply_additive,0.0,,,
CRIntellectDamageCalculation,147,3,0,magnitude,1.0,/Game/Abilities/DataTables/CT_AbilityConstants,Rime.AutoDamageProjectile.Talent.CritChanceAndCritDamage.CritChanceIncrease,
CRIntellectDamageCalculation,147,4,0,coefficient,1.0,,Rime.AutoDamageProjectile.BonusDamageFromSpiritCoefficient,AbilityConstants
CRIntellectDamageCalculation,147,4,1,pre_multiply_additive,0.0,,,
CRIntellectDamageCalculation,147,4,2,post_multiply_additive,1.0,,,
CRIntellectDamageCalculation,148,0,0,magnitude,1.0,/Game/Abilities/DataTables/CT_AbilityConstants,Rime.CastedDebuffAoeDamage.AoeDamageIntellectCoefficient,
CRIntellectDamageCalculation,148,2,0,magnitude,1.0,/Game/Abilities/DataTables/CT_AbilityConstants,Rime.CastedDebuffAoeDamage.Talent.IncreasedCastedDebuffAoeDamageDamage.DamageScaler,
CRIntellectDamageCalculation,149,0,0,magnitude,1.0,/Game/Abilities/DataTables/CT_AbilityConstants,Rime.CastedProjectileDamageFiller.IntellectCoefficient,
CRIntellectDamageCalculation,150,0,0,magnitude,1.0,/Game/Abilities/DataTables/CT_AbilityConstants,Rime.CastedProjectileDamageOrbSpender.IntellectCoefficient,
CRIntellectDamageCalculation,150,2,0,magnitude,1.0,/Game/Abilities/DataTables/CT_AbilityConstants,Rime.CastedProjectileDamageOrbSpender.Talent.IncreasedCritChance.CritChanceIncrease,
CRIntellectDamageCalculation,150,3,0,magnitude,1.0,,Rime.CastedProjectileDamageOrbSpender.Talent.DamageIncreaseAndCastTimeIncrease.AdditionalDamage,AbilityConstants
CRIntellectDamageCalculation,151,0,0,magnitude,1.0,/Game/Abilities/DataTables/CT_AbilityConstants,Rime.ChanneledBeamSingleDamage.IntellectCoefficientPerTick,
CRIntellectDamageCalculation,152,0,0,magnitude,1.0,/Game/Abilities/DataTables/CT_AbilityConstants,Rime.ChanneledBeamSingleDamage.IntellectCoefficientPerTick,
CRIntellectDamageCalculation,152,2,0,magnitude,1.0,/Game/Abilities/DataTables/CT_AbilityConstants,Rime.ChanneledBeamSingleDamageAndCastedDebuffAoeDamage.Talent.IncreasedDamage.DamageScaler,
CRIntellectDamageCalculation,153,0,0,magnitude,1.0,/Game/Abilities/DataTables/CT_AbilityConstants,Rime.InstantSingleDamage.DamageIntellectCoefficient,
CRIntellectDamageCalculation,154,0,0,magnitude,1.0,/Game/Abilities/DataTables/CT_AbilityConstants,Rime.OnTargetPulsatingAoe.DamageIntellectCoefficient,
CRIntellectDamageCalculation,155,0,0,magnitude,1.0,/Game/Abilities/DataTables/CT_AbilityConstants,Rime.InstantSingleDamage.DamageIntellectCoefficient,
CRIntellectDamageCalculation,156,0,0,magnitude,1.0,/Game/Abilities/DataTables/CT_AbilityConstants,Rime.TargetedPeriodicProjectileAoe.Aoe.Damage.IntellectCoefficient,
CRIntellectDamageCalculation,156,1,0,coefficient,1.0,,,
CRIntellectDamageCalculation,156,1,1,pre_multiply_additive,0.0,,,
CRIntellectDamageCalculation,156,1,2,post_multiply_additive,0.0,,,
CRIntellectDamageCalculation,156,3,0,magnitude,1.0,/Game/Abilities/DataTables/CT_AbilityConstants,Rime.AutoDamageProjectile.Talent.CritChanceAndCritDamage.CritChanceIncrease,
CRIntellectDamageCalculation,156,4,0,coefficient,1.0,,Rime.AutoDamageProjectile.BonusDamageFromSpiritCoefficient,AbilityConstants
CRIntellectDamageCalculation,156,4,1,pre_multiply_additive,0.0,,,
CRIntellectDamageCalculation,156,4,2,post_multiply_additive,1.0,,,
CRIntellectDamageCalculation,157,0,0,magnitude,1.0,,SG_GhostEruptor.CastedPartyAoeDebuff.IntellectCoefficient,AbilityConstants
CRIntellectDamageCalculation,158,0,0,magnitude,1.0,,UB_SoulSpreader.CastedRangedProjectileInstantDamage.IntellectCoefficient,AbilityConstants
CRIntellectDamageCalculation,158,1,0,coefficient,1.0,,,
CRIntellectDamageCalculation,158,1,1,pre_multiply_additive,0.0,,,
CRIntellectDamageCalculation,158,1,2,post_multiply_additive,0.0,,,
CRIntellectDamageCalculation,160,0,0,magnitude,1.0,,SG_WaterElemental.CastedAoeProjectile.Projectile.IntellectCoefficient,AbilityConstants
CRIntellectDamageCalculation,160,1,0,magnitude,1.0,,SG_WaterElemental.CastedAoeProjectile.Projectile.Spread,AbilityConstants
CRIntellectDamageCalculation,160,2,0,coefficient,1.0,,,
CRIntellectDamageCalculation,160,2,1,pre_multiply_additive,0.0,,,
CRIntellectDamageCalculation,160,2,2,post_multiply_additive,0.0,,,
CRIntellectDamageCalculation,161,0,0,magnitude,1.0,,SG_WaterElemental.CastedRangedProjectile.Aoe.IntellectCoefficient,AbilityConstants
CRIntellectDamageCalculation,161,1,0,magnitude,0.01,,,
CRIntellectDamageCalculation,162,0,0,magnitude,1.0,,SG_WaterElemental.CastedRangedProjectile.IntellectCoefficient,AbilityConstants
CRIntellectDamageCalculation,162,1,0,coefficient,1.0,,,
CRIntellectDamageCalculation,162,1,1,pre_multiply_additive,0.0,,,
CRIntellectDamageCalculation,162,1,2,post_multiply_additive,0.0,,,
CRIntellectDamageCalculation,163,0,0,magnitude,1.0,,ST_BloodBrute.BloodSpikes.IntellectCoefficient,AbilityConstants
CRIntellectDamageCalculation,164,0,0,magnitude,1.0,,ST_BossDefenseEye.PlatformAoEDamage.Debuff.Spread,AbilityConstants
CRIntellectDamageCalculation,164,1,0,magnitude,1.0,,ST_BossDefenseEye.PlatformAoEDamage.Debuff.PrimaryAttributeCoefficient,AbilityConstants
CRIntellectDamageCalculation,165,0,0,magnitude,1.0,,ST_BossDefenseEye.RotatingCross.IntellectCoefficient,AbilityConstants
CRIntellectDamageCalculation,166,0,0,magnitude,1.0,,ST_BossDefenseEye.RotatingCross.IntellectCoefficient,AbilityConstants
CRIntellectDamageCalculation,167,0,0,magnitude,1.0,,UB_BossArchbishop.AlternatingAOE.IntellectCoefficient,AbilityConstants
CRIntellectDamageCalculation,168,0,0,magnitude,1.0,,UB_BossArchbishop.RandomImpactsAOE.IntellectCoefficient,AbilityConstants
CRIntellectDamageCalculation,169,0,0,magnitude,1.0,,UB_BossArchbishop.OrbOfDeath.Orb.IntellectCoefficient,AbilityConstants
CRIntellectDamageCalculation,169,1,0,magnitude,0.01,,,
CRIntellectDamageCalculation,170,0,0,magnitude,1.0,,UB_BossLifebringer.Caster.CastedProjectile.IntellectCoefficient,AbilityConstants
CRIntellectDamageCalculation,170,1,0,magnitude,1.0,,UB_BossLifebringer.Caster.CastedProjectile.Spread,AbilityConstants
CRIntellectDamageCalculation,171,0,0,magnitude,1.0,,UB_BossLifebringer.Lunatic.BombToss.IntellectCoefficient,AbilityConstants
CRIntellectDamageCalculation,171,1,0,magnitude,1.0,,UB_BossLifebringer.Lunatic.BombToss.Spread,AbilityConstants
CRIntellectDamageCalculation,172,0,0,magnitude,1.0,,UB_BossLifebringer.Lunatic.ChasePlayer.IntellectCoefficient,AbilityConstants
CRIntellectDamageCalculation,172,1,0,magnitude,1.0,,UB_BossLifebringer.Lunatic.ChasePlayer.Spread,AbilityConstants
CRIntellectDamageCalculation,173,0,0,magnitude,1.0,,UB_BossWarband.DotAura.Aura.Spread,AbilityConstants
CRIntellectDamageCalculation,173,1,0,magnitude,1.0,,UB_BossWarband.DotAura.Aura.IntCoefficient,AbilityConstants
CRIntellectDamageCalculation,174,0,0,magnitude,1.0,,UB_CadavrianBannerman.ChargeFurthestTargetAoe.AoeIntellectCoefficient,AbilityConstants
CRIntellectDamageCalculation,175,0,0,magnitude,1.0,,UB_SoulstainedIncinerator.CastedRangedProjectile.IntellectCoefficient,AbilityConstants
CRIntellectDamageCalculation,175,1,0,magnitude,1.0,,UB_SoulstainedIncinerator.CastedRangedProjectile.Spread,AbilityConstants
CRIntellectDamageCalculation,176,0,0,magnitude,1.0,,UB_SoulstainedIncinerator.CastedTargetAoeCone.IntellectCoefficientPerPulse,AbilityConstants
CRIntellectDamageCalculation,177,0,0,magnitude,1.0,/Game/Abilities/DataTables/CT_AbilityConstants,UC_BossBaptist.CastedPushBack.IntellectCoefficient,
CRIntellectDamageCalculation,177,1,0,magnitude,1.0,/Game/Abilities/DataTables/CT_AbilityConstants,UC_BossBaptist.CastedPushBack.Spread,
CRIntellectDamageCalculation,178,0,0,magnitude,1.0,/Game/Abilities/DataTables/CT_AbilityConstants,UC_BossBaptist.CircleDebuff.DebuffDotIntCoefficient,
CRIntellectDamageCalculation,179,0,0,magnitude,1.0,/Game/Abilities/DataTables/CT_AbilityConstants,UC_BossBaptist.CircleDebuff.WaveIntCoefficient,
CRIntellectDamageCalculation,179,1,0,magnitude,1.0,/Game/Abilities/DataTables/CT_AbilityConstants,UC_BossBaptist.CircleDebuff.WaveDamageSpread,
CRIntellectDamageCalculation,180,0,0,magnitude,1.0,/Game/Abilities/DataTables/CT_AbilityConstants,UC_BossBaptist.HighestThreatSplitDamageDot.IntellectCoefficient,
CRIntellectDamageCalculation,180,1,0,magnitude,1.0,/Game/Abilities/DataTables/CT_AbilityConstants,UC_BossBaptist.HighestThreatSplitDamageDot.Spread,
CRIntellectDamageCalculation,181,0,0,magnitude,1.0,/Game/Abilities/DataTables/CT_AbilityConstants,UC_BossSoulKing.LargeSpewAOE.IntellectCoefficient,
CRIntellectDamageCalculation,182,0,0,magnitude,1.0,/Game/Abilities/DataTables/CT_AbilityConstants,UC_BossSoulKing.PassiveAOEPools.Pool.IntellectCoefficientPerTick,
CRIntellectDamageCalculation,182,1,0,magnitude,1.0,/Game/Abilities/DataTables/CT_AbilityConstants,UC_BossSoulKing.PassiveAOEPools.Pool.Spread,
CRIntellectDamageCalculation,183,0,0,magnitude,1.0,/Game/Abilities/DataTables/CT_AbilityConstants,UC_CadavrianDeathPriest.TwoTargetDot.IntellectCoefficient,
CRIntellectDamageCalculation,184,0,0,magnitude,1.0,/Game/Abilities/DataTables/CT_AbilityConstants,UC_CadavrianDeathPriest.TwoTargetDot.AoeIntellectCoefficient,
CRIntellectDamageCalculation,184,1,0,magnitude,1.0,/Game/Abilities/DataTables/CT_AbilityConstants,UC_CadavrianDeathPriest.TwoTargetDot.AoeDamageSpread,
CRIntellectDamageCalculation,185,0,0,magnitude,1.0,/Game/Abilities/DataTables/CT_AbilityConstants,UC_CadavrianDeathPriest.HighThreatChannel.IntellectCoefficient,
CRIntellectDamageCalculation,186,0,0,magnitude,1.0,/Game/Abilities/DataTables/CT_AbilityConstants,UC_RotBringer.MagicProjectile.IntellectCoefficient,
CRIntellectDamageCalculation,187,0,0,magnitude,1.0,/Game/Abilities/DataTables/CT_AbilityConstants,UC_RotBringer.SpreadingAoeDot.Debuff.Pool.IntellectCoefficientPerTick,
CRIntellectDamageCalculation,187,1,0,magnitude,1.0,/Game/Abilities/DataTables/CT_AbilityConstants,UC_RotBringer.SpreadingAoeDot.Debuff.Pool.Spread,
CRIntellectDamageCalculation,188,0,0,magnitude,1.0,/Game/Abilities/DataTables/CT_AbilityConstants,UC_RotBringer.SpreadingAoeDot.IntellectCoefficient,
CRIntellectDamageCalculation,189,0,0,magnitude,1.0,/Game/Abilities/DataTables/CT_AbilityConstants,UC_RotBringer.SpreadingAoeDot.Debuff.OnExpireInstantDamage.IntellectCoefficient,
CRIntellectDamageCalculation,190,0,0,magnitude,1.0,/Game/Abilities/DataTables/CT_AbilityConstants,UC_RottenWretchHands.PassiveAOEPools.Pool.IntellectCoefficientPerTick,
CRIntellectDamageCalculation,190,1,0,magnitude,1.0,/Game/Abilities/DataTables/CT_AbilityConstants,UC_RottenWretchHands.PassiveAOEPools.Pool.Spread,
CRIntellectDamageCalculation,191,0,0,magnitude,1.0,,UM_BossSlavetraderBrull.CastDebuffProjectile.IntCoefficient,AbilityConstants
CRIntellectDamageCalculation,191,1,0,magnitude,0.01,,,
CRIntellectDamageCalculation,192,0,0,magnitude,1.0,,UM_BossSlavetraderBrull.CastFillerProjectile.IntCoefficient,AbilityConstants
CRIntellectDamageCalculation,193,0,0,magnitude,1.0,,UM_BossSlavetraderBrull.PlacedSlowAOE.Area.Dot.IntellectCoefficient,AbilityConstants
CRIntellectDamageCalculation,194,0,0,magnitude,1.0,,UM_HornedSeer.CastProjectile.IntCoefficient,AbilityConstants
CRIntellectDamageCalculation,195,0,0,magnitude,1.0,,UM_HornedSeer.OrbProjectile.IntCoefficient,AbilityConstants
CRIntellectDamageCalculation,196,0,0,magnitude,1.0,,UM_UrrakWitch.CastProjectile.IntCoefficient,AbilityConstants
CRIntellectDamageCalculation,197,0,0,magnitude,1.0,,VC_BossBrute.DotAura.IntCoefficient,AbilityConstants
CRIntellectDamageCalculation,198,0,0,magnitude,1.0,,VV_BlackburnMystic.CastProjectile.IntCoefficient,AbilityConstants
CRIntellectDamageCalculation,199,0,0,magnitude,1.0,,VV_BlackburnMystic.RotatingOrb.IntCoefficient,AbilityConstants
CRIntellectDamageCalculation,199,1,0,magnitude,1.0,,VV_BlackburnMystic.RotatingOrb.Spread,AbilityConstants
CRIntellectDamageCalculation,200,0,0,magnitude,1.0,,VV_BlackmistShadow.MagicSlam.IntCoefficient,AbilityConstants
CRIntellectDamageCalculation,200,1,0,magnitude,1.0,,VV_BlackmistShadow.MagicSlam.Spread,AbilityConstants
CRIntellectDamageCalculation,201,0,0,magnitude,1.0,,VV_BlackmistWhisperer.CastProjectile.IntCoefficient,AbilityConstants
CRIntellectDamageCalculation,202,0,0,magnitude,1.0,,VV_BossChilgar.LinearProjectiles.IntellectCoefficient,AbilityConstants
CRIntellectDamageCalculation,202,1,0,magnitude,1.0,,VV_BossChilgar.LinearProjectiles.Spread,AbilityConstants
CRIntellectDamageCalculation,203,0,0,magnitude,1.0,,VV_BossChilgar.Orbs.Explode.IntCoefficient,AbilityConstants
CRIntellectDamageCalculation,203,1,0,magnitude,1.0,,VV_BossChilgar.Orbs.Explode.Spread,AbilityConstants
CRIntellectDamageCalculation,204,0,0,magnitude,1.0,,VV_BossChilgar.Orbs.PulsingDamage.IntCoefficient,AbilityConstants
CRIntellectDamageCalculation,204,1,0,magnitude,1.0,,VV_BossChilgar.Orbs.PulsingDamage.Spread,AbilityConstants
CRIntellectDamageCalculation,205,0,0,magnitude,1.0,,VV_BossChilgar.SwirlProjectile.IntellectCoefficient,AbilityConstants
CRIntellectDamageCalculation,206,0,0,magnitude,1.0,,VV_BossFrostTroll.DotAura.IntCoefficient,AbilityConstants
CRIntellectDamageCalculation,207,0,0,magnitude,1.0,,VV_BossFrostTroll.StationaryDot.IntCoefficient,AbilityConstants
CRIntellectDamageCalculation,207,1,0,magnitude,1.0,,VV_BossFrostTroll.Kaldurson.Ice.AuraDamageScale,AbilityConstants
CRIntellectDamageCalculation,208,0,0,magnitude,1.0,,VV_BossKaldursonFire.DotAura.IntCoefficient,AbilityConstants
CRIntellectDamageCalculation,208,1,0,magnitude,1.0,,VV_BossFrostTroll.Kaldurson.Fire.AuraDamageScale,AbilityConstants
CRIntellectDamageCalculation,209,0,0,magnitude,1.0,,VV_BossKaldursonIce.StationaryDot.IntCoefficient,AbilityConstants
CRIntellectDamageCalculation,209,1,0,magnitude,1.0,,VV_BossFrostTroll.Kaldurson.Ice.AuraDamageScale,AbilityConstants
CRIntellectDamageCalculation,210,0,0,magnitude,1.0,,VV_BossVikingMystic.ChanneledAoeDamage.IntCoefficient,AbilityConstants
CRIntellectDamageCalculation,211,0,0,magnitude,1.0,,VV_BossVikingMystic.CrossLines.IntCoefficient,AbilityConstants
CRIntellectDamageCalculation,212,0,0,magnitude,1.0,,VV_BossVikingMystic.TeleportAttack.Soak.IntCoefficient,AbilityConstants
CRIntellectDamageCalculation,212,2,0,magnitude,0.01,,,
CRIntellectDamageCalculation,213,0,0,magnitude,1.0,,VV_BossVikingMystic.TransferableDebuff.Dot.IntCoefficient,AbilityConstants
CRIntellectDamageCalculation,213,1,0,magnitude,1.0,,VV_BossVikingMystic.TransferableDebuff.Dot.Spread,AbilityConstants
CRIntellectDamageCalculation,214,0,0,magnitude,1.0,,VV_ColdbrineElementalist.CastProjectile.IntCoefficient,AbilityConstants
CRIntellectDamageCalculation,215,0,0,magnitude,1.0,,VV_ColdbrineFiend.CastBigProjectile.IntCoefficient,AbilityConstants
CRIntellectDamageCalculation,215,1,0,magnitude,1.0,,VV_ColdbrineFiend.CastBigProjectile.Spread,AbilityConstants
CRIntellectDamageCalculation,216,0,0,magnitude,1.0,,VV_ColdbrineFiend.CastProjectile.IntCoefficient,AbilityConstants
CRIntellectDamageCalculation,217,0,0,magnitude,1.0,,VV_SootstainedArsonist.LobProjectile.Damage.IntCoefficient,AbilityConstants
CRIntellectDamageCalculation,217,1,0,coefficient,1.0,,,
CRIntellectDamageCalculation,217,1,1,pre_multiply_additive,0.0,,,
CRIntellectDamageCalculation,217,1,2,post_multiply_additive,0.0,,,
CRIntellectDamageCalculation,218,0,0,magnitude,1.0,,VV_SootstainedArsonist.Cone.Damage.IntCoefficient,AbilityConstants
CRIntellectDamageCalculation,218,1,0,coefficient,1.0,,,
CRIntellectDamageCalculation,218,1,1,pre_multiply_additive,0.0,,,
CRIntellectDamageCalculation,218,1,2,post_multiply_additive,0.0,,,
CRIntellectDamageCalculation,219,0,0,magnitude,1.0,,VV_SootstainedArsonist.Dot.IntCoefficient,AbilityConstants
CRIntellectDamageCalculation,219,1,0,coefficient,1.0,,,
CRIntellectDamageCalculation,219,1,1,pre_multiply_additive,0.0,,,
CRIntellectDamageCalculation,219,1,2,post_multiply_additive,0.0,,,
CRIntellectDamageCalculation,220,0,0,magnitude,1.0,/Game/Abilities/DataTables/CT_AbilityConstants,Vigor.CastedSingleTargetDamage.IntellectDamageCoefficient,
CRIntellectDamageCalculation,220,1,0,magnitude,1.0,,Vigor.CastedSingleTargetDamage.Talent.IncreasedDamage.DamageMultiplier,AbilityConstants
CRIntellectDamageCalculation,221,0,0,magnitude,1.0,/Game/Abilities/DataTables/CT_AbilityConstants,Vigor.InstantFrontalConeDamageHeal.DamageIntellectCoefficient,
CRIntellectDamageCalculation,221,3,0,magnitude,1.0,,Vigor.PartyHealAndSelfBuff.DamageMultiplier,AbilityConstants
CRIntellectDamageCalculation,221,4,0,magnitude,1.0,,Vigor.InstantFrontalConeDamageHeal.Talent.DotProc.CritChanceOverride,AbilityConstants
CRIntellectDamageCalculation,221,5,0,magnitude,1.0,,Vigor.InstantFrontalConeDamageHeal.Talent.IncreasedHealandDamage.Multiplier,AbilityConstants
CRIntellectDamageCalculation,222,0,0,magnitude,1.0,/Game/Abilities/DataTables/CT_AbilityConstants,Vigor.SingleTargetDot.IntellectDamageCoefficient,
CRIntellectDamageCalculation,222,1,0,magnitude,1.0,/Game/Abilities/DataTables/CT_AbilityConstants,Vigor.SingleTargetDot.BuffActiveAdditionalDirectDamage.NumberOfTicks,
CRIntellectDamageCalculation,222,2,0,magnitude,1.0,/Game/Abilities/DataTables/CT_AbilityConstants,Vigor.InstantResourceGain.Buff.RuneAbilityEnhancementMultiplier,
CRIntellectDamageCalculation,222,3,0,magnitude,1.0,,Vigor.InstantFrontalConeDamageHeal.Talent.DotHotExtension.DoTHotCoefficientScaler,AbilityConstants
CRIntellectDamageCalculation,222,4,0,magnitude,1.0,,Vigor.Talent.SpiritProcBuff.NextRuneSpenderIncreasedPower.Multiplier,AbilityConstants
CRIntellectDamageCalculation,222,5,0,magnitude,1.0,,Vigor.Runes.Talent.ChargeUpMultiple.DamageMultiplier,AbilityConstants
CRIntellectDamageCalculation,223,0,0,magnitude,1.0,/Game/Abilities/DataTables/CT_AbilityConstants,Vigor.SingleTargetDot.IntellectDamageCoefficient,
CRIntellectDamageCalculation,223,1,0,magnitude,1.0,/Game/Abilities/DataTables/CT_AbilityConstants,Vigor.InstantResourceGain.Buff.RuneAbilityEnhancementMultiplier,
CRIntellectDamageCalculation,223,2,0,magnitude,1.0,,Vigor.InstantFrontalConeDamageHeal.Talent.DotHotExtension.DoTHotCoefficientScaler,AbilityConstants
CRIntellectDamageCalculation,223,3,0,magnitude,1.0,,Vigor.Talent.SpiritProcBuff.NextRuneSpenderIncreasedPower.Multiplier,AbilityConstants
CRIntellectDamageCalculation,223,4,0,magnitude,1.0,,Vigor.Runes.Talent.ChargeUpMultiple.DamageMultiplier,AbilityConstants
CRIntellectDamageCalculation,224,0,0,magnitude,1.0,/Game/Abilities/DataTables/CT_AbilityConstants,Vigor.SkillshotAoeProjectile.Damage.IntellectCoefficient,
CRIntellectDamageCalculation,224,1,0,magnitude,1.0,/Game/Abilities/DataTables/CT_AbilityConstants,Vigor.InstantResourceGain.Buff.RuneAbilityEnhancementMultiplier,
CRIntellectDamageCalculation,224,2,0,magnitude,1.0,,Vigor.SkillshotAoeProjectile.Talent.IncreasedCriticalStrikeChance,AbilityConstants
CRIntellectDamageCalculation,224,3,0,magnitude,1.0,,Vigor.Talent.SpiritProcBuff.NextRuneSpenderIncreasedPower.Multiplier,AbilityConstants
CRIntellectDamageCalculation,224,4,0,coefficient,1.0,,,
CRIntellectDamageCalculation,224,4,1,pre_multiply_additive,0.0,,,
CRIntellectDamageCalculation,224,4,2,post_multiply_additive,0.0,,,
CRIntellectDamageCalculation,224,5,0,magnitude,1.0,,Vigor.SkillshotAoeProjectile.Talent.PingPong.PassiveDamageAndHealScaler,AbilityConstants
CRIntellectHealCalculation,0,0,0,magnitude,1.0,,DR_BossSummonedDemon.ChanneledHellfire.Heal.IntCoefficient,AbilityConstants
CRIntellectHealCalculation,1,0,0,magnitude,1.0,,DR_CultistMajorCaster.CastedSingleTargetHeal.IntellectCoefficient,AbilityConstants
CRIntellectHealCalculation,1,1,0,coefficient,1.0,,,
CRIntellectHealCalculation,1,1,1,pre_multiply_additive,0.0,,,
CRIntellectHealCalculation,1,1,2,post_multiply_additive,0.0,,,
CRIntellectHealCalculation,2,0,0,magnitude,1.0,,IC_Healer.ChannelMultiTargetHeal.IntellectCoefficient,AbilityConstants
CRIntellectHealCalculation,2,1,0,coefficient,1.0,,,
CRIntellectHealCalculation,2,1,1,pre_multiply_additive,0.0,,,
CRIntellectHealCalculation,2,1,2,post_multiply_additive,0.0,,,
CRIntellectHealCalculation,3,0,0,magnitude,1.0,,JS_NPCSylvie.GroundHeal.Heal.IntellectCoefficient,AbilityConstants
CRIntellectHealCalculation,4,0,0,magnitude,1.0,,JS_NPCSylvie.GroundHeal.Hot.IntellectCoefficient,AbilityConstants
CRIntellectHealCalculation,4,1,0,coefficient,1.0,,,
CRIntellectHealCalculation,4,1,1,pre_multiply_additive,0.0,,,
CRIntellectHealCalculation,4,1,2,post_multiply_additive,0.0,,,
CRIntellectHealCalculation,5,0,0,magnitude,1.0,,JS_NPCSylvie.LowHealthHot.FlashHeal.IntellectCoefficient,AbilityConstants
CRIntellectHealCalculation,6,0,0,magnitude,1.0,,JS_NPCSylvie.LowHealthHot.Hot.IntellectCoefficientPerTick,AbilityConstants
CRIntellectHealCalculation,7,0,0,magnitude,1.0,,JS_NPCSylvie.PinkButterfly.Hot.IntCoefficient,AbilityConstants
CRIntellectHealCalculation,8,0,0,magnitude,1.0,,Lisa.CastedHeal.IntellectCoefficient,AbilityConstants
CRIntellectHealCalculation,9,0,0,magnitude,1.0,/Game/Abilities/DataTables/CT_AbilityConstants,Mosse.HealingTotem.Heal.IntellectCoefficient,
CRIntellectHealCalculation,9,2,0,magnitude,1.0,,Mosse.CastedSingleTargetHeal.Talent.IncreasedHealOnLowHealthTarget.HealMultiplier,AbilityConstants
CRIntellectHealCalculation,9,3,0,magnitude,1.0,,Mosse.PlacedAoeBuff.Talent.HealingTotem.IncreasedCritChance,AbilityConstants
CRIntellectHealCalculation,10,0,0,magnitude,1.0,/Game/Abilities/DataTables/CT_AbilityConstants,Mosse.PinkButterfly.Double.FlashHeal.IntellectCoefficient,
CRIntellectHealCalculation,10,1,0,coefficient,1.0,,,
CRIntellectHealCalculation,10,1,1,pre_multiply_additive,0.0,,,
CRIntellectHealCalculation,10,1,2,post_multiply_additive,0.0,,,
CRIntellectHealCalculation,10,2,0,magnitude,1.0,,Mosse.PinkButterfly.Double.Talent.IncreasedCriticalStrikeChance,AbilityConstants
CRIntellectHealCalculation,10,3,0,magnitude,1.0,,Mosse.CastedSingleTargetHeal.Talent.IncreasedHealOnLowHealthTarget.HealMultiplier,AbilityConstants
CRIntellectHealCalculation,10,4,0,coefficient,1.0,,,
CRIntellectHealCalculation,10,4,1,pre_multiply_additive,0.0,,,
CRIntellectHealCalculation,10,4,2,post_multiply_additive,0.0,,,
CRIntellectHealCalculation,11,0,0,magnitude,1.0,/Game/Abilities/DataTables/CT_AbilityConstants,Mosse.PinkButterfly.Double.Hot.IntellectCoefficientPerTick,
CRIntellectHealCalculation,11,1,0,coefficient,1.0,,,
CRIntellectHealCalculation,11,1,1,pre_multiply_additive,0.0,,,
CRIntellectHealCalculation,11,1,2,post_multiply_additive,0.0,,,
CRIntellectHealCalculation,11,2,0,magnitude,1.0,/Game/Abilities/DataTables/CT_AbilityConstants,Mosse.PinkButterfly.Double.Hot.Spread,
CRIntellectHealCalculation,11,3,0,magnitude,1.0,,Mosse.YellowButterflies.Talent.MoveToLowestHealth.IncreasedCriticalChance,AbilityConstants
CRIntellectHealCalculation,11,4,0,magnitude,1.0,,Mosse.CastedSingleTargetHeal.Talent.IncreasedHealOnLowHealthTarget.HealMultiplier,AbilityConstants
CRIntellectHealCalculation,11,5,0,coefficient,1.0,,,
CRIntellectHealCalculation,11,5,1,pre_multiply_additive,0.0,,,
CRIntellectHealCalculation,11,5,2,post_multiply_additive,0.0,,,
CRIntellectHealCalculation,11,6,0,magnitude,1.0,,Mosse.Talent.ButterflyHealLowHealth.Buff.HotScaler,AbilityConstants
CRIntellectHealCalculation,12,0,0,magnitude,1.0,/Game/Abilities/DataTables/CT_AbilityConstants,Mosse.PinkButterfly.Simple.HotIntellectCoefficientPerTick,
CRIntellectHealCalculation,12,1,0,coefficient,1.0,,,
CRIntellectHealCalculation,12,1,1,pre_multiply_additive,0.0,,,
CRIntellectHealCalculation,12,1,2,post_multiply_additive,0.0,,,
CRIntellectHealCalculation,12,2,0,magnitude,1.0,,Mosse.YellowButterflies.Talent.MoveToLowestHealth.IncreasedCriticalChance,AbilityConstants
CRIntellectHealCalculation,12,3,0,magnitude,1.0,,Mosse.CastedSingleTargetHeal.Talent.IncreasedHealOnLowHealthTarget.HealMultiplier,AbilityConstants
CRIntellectHealCalculation,12,4,0,coefficient,1.0,,,
CRIntellectHealCalculation,12,4,1,pre_multiply_additive,0.0,,,
CRIntellectHealCalculation,12,4,2,post_multiply_additive,0.0,,,
CRIntellectHealCalculation,12,5,0,magnitude,1.0,,Mosse.PinkButterfly.Simple.Talent.HealingBonusToPinkSimple,AbilityConstants
CRIntellectHealCalculation,12,6,0,magnitude,1.0,,Mosse.Talent.ButterflyHealLowHealth.Buff.HotScaler,AbilityConstants
CRIntellectHealCalculation,13,0,0,magnitude,1.0,/Game/Abilities/DataTables/CT_AbilityConstants,Mosse.ExplosiveMinion.Talent.AllyTargetHeal.Heal.IntellectCoefficient,
CRIntellectHealCalculation,13,1,0,magnitude,1.0,,Mosse.CastedSingleTargetHeal.Talent.IncreasedHealOnLowHealthTarget.HealMultiplier,AbilityConstants
CRIntellectHealCalculation,14,0,0,magnitude,1.0,,SG_WaterElemental.CastedSingleTargetHeal.IntellectCoefficient,AbilityConstants
CRIntellectHealCalculation,14,1,0,coefficient,1.0,,,
CRIntellectHealCalculation,14,1,1,pre_multiply_additive,0.0,,,
CRIntellectHealCalculation,14,1,2,post_multiply_additive,0.0,,,
CRIntellectHealCalculation,15,0,0,magnitude,1.0,,UB_DefendingCleric.ExitCombatBuff.IntellectCoefficient,AbilityConstants
CRIntellectHealCalculation,16,0,0,magnitude,1.0,,UB_DefendingCleric.Heal.IntellectCoefficient,AbilityConstants
CRIntellectHealCalculation,17,0,0,magnitude,1.0,/Game/Abilities/DataTables/CT_AbilityConstants,UC_CadavrianDeathPriest.ChannelMultiTargetHeal.IntellectCoefficient,
CRIntellectHealCalculation,18,0,0,magnitude,1.0,/Game/Abilities/DataTables/CT_AbilityConstants,Vigor.CastedSingleTargetHeal.IntellectCoefficient,
CRIntellectHealCalculation,18,1,0,magnitude,1.0,,Vigor.CastedSingleTargetHeal.Talent.IncreasedCritChance,AbilityConstants
CRIntellectHealCalculation,19,0,0,magnitude,1.0,/Game/Abilities/DataTables/CT_AbilityConstants,Vigor.InstantAoeHeal.HealIntellectCoefficient,
CRIntellectHealCalculation,19,2,0,coefficient,1.0,,,
CRIntellectHealCalculation,19,2,1,pre_multiply_additive,0.0,,,
CRIntellectHealCalculation,19,2,2,post_multiply_additive,1.0,,,
CRIntellectHealCalculation,20,0,0,magnitude,1.0,/Game/Abilities/DataTables/CT_AbilityConstants,Vigor.InstantFrontalConeDamageHeal.HealIntellectCoefficient,
CRIntellectHealCalculation,20,2,0,magnitude,1.0,/Game/Abilities/DataTables/CT_AbilityConstants,Vigor.InstantFrontalConeDamageHeal.Talent.DotProc.CritChanceOverride,
CRIntellectHealCalculation,20,3,0,magnitude,1.0,,Vigor.InstantFrontalConeDamageHeal.Talent.IncreasedHealandDamage.Multiplier,AbilityConstants
CRIntellectHealCalculation,21,0,0,magnitude,1.0,/Game/Abilities/DataTables/CT_AbilityConstants,Vigor.PartyHealAndSelfBuff.HealIntellectCoefficient,
CRIntellectHealCalculation,22,0,0,magnitude,1.0,/Game/Abilities/DataTables/CT_AbilityConstants,Vigor.SingleTargetChargedHot.DirectHealIntCoefficient,
CRIntellectHealCalculation,22,1,0,magnitude,1.0,,Vigor.InstantFrontalConeDamageHeal.Talent.DotHotExtension.DoTHotCoefficientScaler,AbilityConstants
CRIntellectHealCalculation,22,2,0,magnitude,1.0,,Vigor.Talent.SpiritProcBuff.NextRuneSpenderIncreasedPower.Multiplier,AbilityConstants
CRIntellectHealCalculation,22,3,0,magnitude,1.0,,Vigor.SingleTargetChargedHot.DirectHealBonusWhenBuffed,AbilityConstants
CRIntellectHealCalculation,22,4,0,magnitude,1.0,,Vigor.InstantResourceGain.Buff.RuneAbilityEnhancementMultiplier,AbilityConstants
CRIntellectHealCalculation,22,5,0,magnitude,1.0,,Vigor.Runes.Talent.ChargeUpMultiple.DamageMultiplier,AbilityConstants
CRIntellectHealCalculation,23,0,0,magnitude,1.0,/Game/Abilities/DataTables/CT_AbilityConstants,Vigor.SkillshotAoeProjectile.Heal.IntellectCoefficient,
CRIntellectHealCalculation,23,1,0,magnitude,1.0,/Game/Abilities/DataTables/CT_AbilityConstants,Vigor.InstantResourceGain.Buff.RuneAbilityEnhancementMultiplier,
CRIntellectHealCalculation,23,2,0,magnitude,1.0,,Vigor.SkillshotAoeProjectile.Talent.IncreasedCriticalStrikeChance,AbilityConstants
CRIntellectHealCalculation,23,3,0,magnitude,1.0,,Vigor.Talent.SpiritProcBuff.NextRuneSpenderIncreasedPower.Multiplier,AbilityConstants
CRIntellectHealCalculation,23,4,0,coefficient,1.0,,,
CRIntellectHealCalculation,23,4,1,pre_multiply_additive,0.0,,,
CRIntellectHealCalculation,23,4,2,post_multiply_additive,0.0,,,
CRIntellectHealCalculation,23,5,0,magnitude,1.0,,Vigor.SkillshotAoeProjectile.Talent.PingPong.PassiveDamageAndHealScaler,AbilityConstants
CRManaGainCalculation,0,0,0,coefficient,-1.0,,CM_ElfWarden.DrainMana.ManaPercentageDrainPerTick,AbilityConstants
CRManaGainCalculation,0,0,1,pre_multiply_additive,0.0,,,
CRManaGainCalculation,0,0,2,post_multiply_additive,0.0,,,
CRManaGainCalculation,1,0,0,coefficient,1.0,/Game/Abilities/DataTables/CT_AbilityConstants,Vigor.CastedSingleTargetDamage.Talent.ManaRegenBuff.ManaRegenPerTickInPercentage,
CRManaGainCalculation,1,0,1,pre_multiply_additive,0.0,,,
CRManaGainCalculation,1,0,2,post_multiply_additive,0.0,,,
CRModifyStaggerExecution,2,0,0,coefficient,-1.0,,Lisa.Talent.StaggerRemovalOverTime.PercentageOfMaxHealth,AbilityConstants
CRModifyStaggerExecution,2,0,1,pre_multiply_additive,0.0,,,
CRModifyStaggerExecution,2,0,2,post_multiply_additive,0.0,,,
CRPrimaryAttributeDamageCalculation,0,0,0,magnitude,1.0,,CM_ElfLookout.MeleeAutoAttack.StrengthCoefficient,AbilityConstants
CRPrimaryAttributeDamageCalculation,1,0,0,magnitude,1.0,,DM_WinterTrickster.Boon.FriendlyRat.DamageStrengthCoefficient,AbilityConstants
CRPrimaryAttributeDamageCalculation,2,0,0,magnitude,1.0,,DM_WinterWitch.CastProjectile.PrimaryAttributeCoefficient,AbilityConstants
CRPrimaryAttributeDamageCalculation,3,0,0,magnitude,1.0,,DM_WinterGiant.AutoAttackCleave.PrimaryAttributeCoefficient,AbilityConstants
CRPrimaryAttributeDamageCalculation,4,0,0,magnitude,1.0,,DM_WinterGiant.CastSoakDebuff.Damage.PrimaryAttributeCoefficient,AbilityConstants
CRPrimaryAttributeDamageCalculation,5,0,0,magnitude,1.0,,DM_WinterGiant.ChannelAoePullToSelf.PrimaryAttributeCoefficient,AbilityConstants
CRPrimaryAttributeDamageCalculation,6,0,0,magnitude,1.0,,DM_WinterGiant.CrossAOE.PrimaryAttributeCoefficient,AbilityConstants
CRPrimaryAttributeDamageCalculation,7,0,0,magnitude,1.0,,DM_WinterGiant.MeleeChannelDamage.Damage.PrimaryAttributeCoefficient,AbilityConstants
CRPrimaryAttributeDamageCalculation,8,0,0,magnitude,1.0,,DM_WinterWitch.AutoAttackMelee.PrimaryAttributeCoefficient,AbilityConstants
CRPrimaryAttributeDamageCalculation,9,0,0,magnitude,1.0,,DM_WinterWitch.CastAoeImmobalize.PrimaryAttributeCoefficient,AbilityConstants
CRPrimaryAttributeDamageCalculation,10,0,0,magnitude,1.0,,DM_WinterWitch.CastDelayedAoeSequence.Aoe.DirectHit.PrimaryAttributeCoefficient,AbilityConstants
CRPrimaryAttributeDamageCalculation,11,0,0,magnitude,1.0,,DM_WinterWitch.CastDelayedAoeSequence.Aoe.NearbyHit.PrimaryAttributeCoefficient,AbilityConstants
CRPrimaryAttributeDamageCalculation,12,0,0,magnitude,1.0,,DM_WinterWitch.ChannelAoeDamage.Damage.PrimaryAttributeCoefficient,AbilityConstants
CRPrimaryAttributeDamageCalculation,13,0,0,magnitude,1.0,,DM_WinterWitch.ChannelAoeDamage.Debuff.OverflowExplosion.PrimaryAttributeCoefficient,AbilityConstants
CRPrimaryAttributeDamageCalculation,14,0,0,magnitude,1.0,,DR_BossDemonPlant.TankSlamAoe.PrimaryAttributeCoefficient,AbilityConstants
CRPrimaryAttributeDamageCalculation,15,0,0,magnitude,1.0,,Shadowlord.TickingAoE.PrimaryAttributeCoefficient,AbilityConstants
CRPrimaryAttributeDamageCalculation,16,0,0,magnitude,1.0,,EM_BossGiantTroll.MeleeAutoAttack.PrimaryAttributeCoefficient,AbilityConstants
CRPrimaryAttributeDamageCalculation,17,0,0,magnitude,1.0,,EM_BossVaerith.PassiveProjectiles.PrimaryAttributeCoefficient,AbilityConstants
CRPrimaryAttributeDamageCalculation,18,0,0,magnitude,1.0,,FM_GravesnareKidnapper.ConeAoeProjectiles.PrimaryAttributeCoefficient,AbilityConstants_ForestMeadow
CRPrimaryAttributeDamageCalculation,19,0,0,magnitude,1.0,,FM_GravesnareKidnapper.ConeAoeProjectiles.Dot.PrimaryAttributeCoefficient,AbilityConstants_ForestMeadow
CRPrimaryAttributeDamageCalculation,20,0,0,magnitude,1.0,,Finesse.CritChanceToHealOrDamage.DamageCoefficient,AbilityConstants
CRPrimaryAttributeDamageCalculation,21,0,0,magnitude,1.0,,Finesse.DrainHealthBasedOnPrimaryStat.PrimaryStatMultiplier,AbilityConstants
CRPrimaryAttributeDamageCalculation,22,0,0,magnitude,1.0,,MC_BloodAnimation.AutoAttackMelee.PrimaryAttributeCoefficient,AbilityConstants
CRPrimaryAttributeDamageCalculation,23,0,0,magnitude,1.0,,MC_BloodCaster.CastProjectile.PrimaryAttributeCoefficient,AbilityConstants
CRPrimaryAttributeDamageCalculation,24,0,0,magnitude,1.0,,MC_BloodGrunt.Jump.Debuff.PrimaryAttributeCoefficient,AbilityConstants
CRPrimaryAttributeDamageCalculation,25,0,0,magnitude,1.0,,MC_BloodGrunt.Jump.LandingPrimaryAttributeCoefficient,AbilityConstants
CRPrimaryAttributeDamageCalculation,26,0,0,magnitude,1.0,,MC_BloodGuard.ChargeHalfHealth.BleedDot.PrimaryAttributeCoefficient,AbilityConstants
CRPrimaryAttributeDamageCalculation,27,0,0,magnitude,1.0,,MC_BloodSummoner.AutoAttackMelee.PrimaryAttributeCoefficient,AbilityConstants
CRPrimaryAttributeDamageCalculation,28,0,0,magnitude,1.0,,MC_BloodSummoner.ChannelSpawnBloodAnimation.Channel.PrimaryAttributeCoefficient,AbilityConstants
CRPrimaryAttributeDamageCalculation,29,0,0,magnitude,1.0,,MC_BossGuardian.AutoAttackMeleeCleave.PrimaryAttributeCoefficient,AbilityConstants
CRPrimaryAttributeDamageCalculation,30,0,0,magnitude,1.0,,MC_BossGuardian.Runes.PrimaryAttributeCoefficient,AbilityConstants
CRPrimaryAttributeDamageCalculation,31,0,0,magnitude,1.0,,MC_BossGuardian.Soaks.Damage.PrimaryAttributeCoefficient,AbilityConstants
CRPrimaryAttributeDamageCalculation,33,0,0,magnitude,1.0,,MC_BossGuardian.TankSlam.Projectiles.PrimaryAttributeCoefficient,AbilityConstants
CRPrimaryAttributeDamageCalculation,35,0,0,magnitude,1.0,,MF_BossNecrolord.DispellableSoakDot.Debuff.PrimaryAttributeCoefficient,AbilityConstants
CRPrimaryAttributeDamageCalculation,36,1,0,magnitude,0.01,,,
CRPrimaryAttributeDamageCalculation,37,0,0,magnitude,1.0,,MF_BossNecrolord.ShootDeer.PrimaryAttributeCoefficient,AbilityConstants
CRPrimaryAttributeDamageCalculation,38,0,0,magnitude,1.0,,MF_BossTotem.AoePulse.PrimaryAttributeCoefficient,AbilityConstants
CRPrimaryAttributeDamageCalculation,38,1,0,magnitude,0.01,,,
CRPrimaryAttributeDamageCalculation,39,0,0,magnitude,1.0,,MF_Totem.AoePulse.PrimaryAttributeCoefficient,AbilityConstants
CRPrimaryAttributeDamageCalculation,39,1,0,magnitude,0.01,,,
CRPrimaryAttributeDamageCalculation,40,0,0,magnitude,1.0,,MF_Totem.OnDeathExplosion.PrimaryAttributeCoefficient,AbilityConstants
CRPrimaryAttributeDamageCalculation,41,0,0,magnitude,1.0,,NP_BossHellcaller.MeleeAutoAttack.StrengthCoefficient,AbilityConstants
CRPrimaryAttributeDamageCalculation,42,0,0,magnitude,1.0,,PR_BossAnchor.PeriodicMultiSoak.Debuff.PrimaryAttributeCoefficient,AbilityConstants
CRPrimaryAttributeDamageCalculation,43,0,0,magnitude,1.0,,PR_BossAnchor.PeriodicMultiSoak.Pool.PrimaryAttributeCoefficient,AbilityConstants
CRPrimaryAttributeDamageCalculation,44,0,0,magnitude,1.0,,PR_BossPirateCaptain.DebuffAoePool.Pool.PlacementAOE.PrimaryAttributeCoefficient,AbilityConstants
CRPrimaryAttributeDamageCalculation,45,0,0,magnitude,1.0,,PR_BossPirateCaptain.DebuffAoePool.Pool.Debuff.PrimaryAttributeCoefficient,AbilityConstants
CRPrimaryAttributeDamageCalculation,46,0,0,magnitude,1.0,,SH_GravesnareKidnapper.ConeAoeProjectiles.PrimaryAttributeCoefficient,AbilityConstants
CRPrimaryAttributeDamageCalculation,47,0,0,magnitude,1.0,,SH_GravesnareKidnapper.ConeAoeProjectiles.Dot.PrimaryAttributeCoefficient,AbilityConstants
CRPrimaryAttributeDamageCalculation,48,0,0,magnitude,1.0,,SH_Venomdrinker.CastSlowHomingProjectile.PrimaryAttributeCoefficient,AbilityConstants
CRPrimaryAttributeDamageCalculation,49,0,0,magnitude,1.0,,SP_BossMarcass.ChanneledPulsingDamage.PrimaryAttributeCoefficient,AbilityConstants
CRPrimaryAttributeDamageCalculation,50,0,0,magnitude,1.0,,SP_BossMarcass.MultiCone.PrimaryAttributeCoefficient,AbilityConstants
CRPrimaryAttributeDamageCalculation,51,0,0,magnitude,1.0,,SP_BossMarcass.PairUp.BreakPrimaryAttributeCoefficient,AbilityConstants
CRPrimaryAttributeDamageCalculation,52,0,0,magnitude,1.0,,SP_FrostWolf.Bite.Damage.PrimaryAttributeCoefficient,AbilityConstants
CRPrimaryAttributeDamageCalculation,53,0,0,magnitude,1.0,,SP_FrostWolf.Pursuit.Damage.PrimaryAttributeCoefficient,AbilityConstants
CRPrimaryAttributeDamageCalculation,54,0,0,magnitude,1.0,,SP_PolarBear.Tornadoes.Tornado.PrimaryAttributeCoefficient,AbilityConstants
CRPrimaryAttributeDamageCalculation,55,0,0,magnitude,1.0,,ST_BigBloodElemental.ChannelBeam.PrimaryAttributeCoefficient,AbilityConstants
CRPrimaryAttributeDamageCalculation,56,0,0,magnitude,1.0,,ST_BloodBrute.TankSlamAoe.PrimaryAttributeCoefficient,AbilityConstants
CRPrimaryAttributeDamageCalculation,57,0,0,magnitude,1.0,,ST_BossArbiter.BeamIllusions.Beam.AoePrimayDamageCoefficient,AbilityConstants
CRPrimaryAttributeDamageCalculation,58,0,0,magnitude,1.0,,ST_BossArbiter.BeamIllusions.Beam.TargetPrimayDamageCoefficient,AbilityConstants
CRPrimaryAttributeDamageCalculation,59,0,0,magnitude,1.0,,ST_BossArbiter.CircleIllusions.StepInside.PrimayDamageCoefficient,AbilityConstants
CRPrimaryAttributeDamageCalculation,60,0,0,magnitude,1.0,,ST_BossArbiter.CircleIllusions.Dot.PrimayDamageCoefficient,AbilityConstants
CRPrimaryAttributeDamageCalculation,61,0,0,magnitude,1.0,,ST_BossDefenseEye.PassiveShootProjectiles.Projectile.Damage.PrimaryAttributeCoefficient,AbilityConstants
CRPrimaryAttributeDamageCalculation,62,0,0,magnitude,1.0,,ST_BossDefenseEye.ApplyDelayedAoePlacementDebuffToAll.Explosion.PrimaryAttributeCoefficient,AbilityConstants
CRPrimaryAttributeDamageCalculation,63,0,0,magnitude,1.0,,ST_BossDefenseEye.Beams.PrimaryAttributeCoefficient,AbilityConstants
CRPrimaryAttributeDamageCalculation,63,2,0,magnitude,1.0,,ST_BossDefenseEye.Beams.Spread,AbilityConstants
CRPrimaryAttributeDamageCalculation,64,0,0,magnitude,1.0,,ST_BossDefenseEye.RotatingCross.Hard.IncreasingStacks.Debuff.Damage.PrimaryAttributeCoefficient,AbilityConstants
CRPrimaryAttributeDamageCalculation,65,0,0,magnitude,1.0,,ST_BossDefenseEye.SearchLight.DamagePulse.PrimaryAttributeCoefficient,AbilityConstants
CRPrimaryAttributeDamageCalculation,66,0,0,magnitude,1.0,,ST_BossDefenseEye.SlowDotAoe.Dot.PrimaryAttributeCoefficient,AbilityConstants
CRPrimaryAttributeDamageCalculation,67,0,0,magnitude,1.0,,ST_BossGatekeeper.Aura.ProximityDamage.PrimaryAttributeCoefficient,AbilityConstants
CRPrimaryAttributeDamageCalculation,68,0,0,magnitude,1.0,,ST_BossGatekeeper.Conduit.Circle.Projectile.PrimaryAttributeCoefficient,AbilityConstants
CRPrimaryAttributeDamageCalculation,69,1,0,magnitude,0.0,,,
CRPrimaryAttributeDamageCalculation,70,0,0,magnitude,1.0,,ST_BossGatekeeper.Conduit.Triangle.Aoe.PrimaryAttributeCoefficient,AbilityConstants
CRPrimaryAttributeDamageCalculation,71,0,0,magnitude,1.0,,ST_BossGatekeeper.MeleeAutoAttack.PrimaryAttributeCoefficient,AbilityConstants
CRPrimaryAttributeDamageCalculation,72,0,0,magnitude,1.0,,ST_BossGatekeeper.MultiCastedMeleeStrike.TickDamage.PrimaryAttributeCoefficient,AbilityConstants
CRPrimaryAttributeDamageCalculation,73,0,0,magnitude,1.0,,ST_BossGateKeeper.PullAndCastedAoe.Aoe.PrimaryAttributeCoefficient,AbilityConstants
CRPrimaryAttributeDamageCalculation,74,0,0,magnitude,1.0,,ST_BossGatekeeper.TankCone.Damage.PrimaryAttributeCoefficient,AbilityConstants
CRPrimaryAttributeDamageCalculation,75,0,0,magnitude,1.0,,ST_SmallBloodElemental.CastProjectile.PrimaryAttributeCoefficient,AbilityConstants
CRPrimaryAttributeDamageCalculation,76,0,0,magnitude,1.0,,ST_SmallBloodElemental.SpinProjectiles.PrimaryAttributeCoefficient,AbilityConstants
CRPrimaryAttributeDamageCalculation,77,0,0,magnitude,1.0,,Trait.ExtraDotHotOnEffectApplicationProc.Dot.FlatDamageValue,AbilityConstants
CRPrimaryAttributeDamageCalculation,78,0,0,magnitude,1.0,,Trait.GemSingleTargetProcOnDamageHeal.Damage.PrimaryAttributeCoefficient,AbilityConstants
CRPrimaryAttributeDamageCalculation,79,0,0,magnitude,1.0,,Trait.GemTargetedSpikeProc.Small.SpikeDamage.PrimaryAttributeCoefficient,AbilityConstants
CRPrimaryAttributeDamageCalculation,80,0,0,magnitude,1.0,,Trait.IncomingDamageToDefenceAndDamage.FlatDamageValue,AbilityConstants
CRPrimaryAttributeDamageCalculation,81,0,0,magnitude,1.0,,UB_BossArchbishop.ArenaAOEBeam.PrimaryAttributeCoefficient,AbilityConstants
CRPrimaryAttributeDamageCalculation,82,0,0,magnitude,1.0,,VV_BlackmistCutthroat.ChannelCone.PrimaryAttributeCoefficient,AbilityConstants
CRPrimaryAttributeDamageCalculation,83,0,0,magnitude,1.0,,Weapon.AbsorbDelayedAoeDamage.Explosion.PrimaryAttributeCoefficient,AbilityConstants
CRPrimaryAttributeDamageCalculation,84,0,0,magnitude,1.0,,Weapon.CastedChainHealDamage.Damage.PrimaryAttributeCoefficient,AbilityConstants
CRPrimaryAttributeDamageCalculation,84,1,0,magnitude,1.0,,Weapon.CastedChainHealDamage.AbilityAddedCritChance,AbilityConstants
CRPrimaryAttributeDamageCalculation,85,0,0,magnitude,1.0,,Weapon.CastedHealAndDamageChannel.PrimaryAttributeCoefficient,AbilityConstants
CRPrimaryAttributeDamageCalculation,86,0,0,magnitude,1.0,,Weapon.CastedRepetitivelyAOEDamageDebuff.Aoe.Damage.PrimaryAttributeCoefficient,AbilityConstants
CRPrimaryAttributeDamageCalculation,87,0,0,magnitude,1.0,,Weapon.CastedRepetitivelyAOEDamageDebuff.Debuff.PrimaryAttributeCoefficient,AbilityConstants
CRPrimaryAttributeDamageCalculation,88,0,0,magnitude,1.0,,Weapon.ChanneledCooldownReducer.Damage.PrimaryAttributeCoefficient,AbilityConstants
CRPrimaryAttributeDamageCalculation,89,0,0,magnitude,1.0,,Weapon.CleaveDamageBuffCooldownReduction.Cleave.PrimaryAttributeCoefficient,AbilityConstants
CRPrimaryAttributeDamageCalculation,90,0,0,magnitude,1.0,,Weapon.CleaveDamageBuffCooldownReduction.PrimaryAttributeCoefficient,AbilityConstants
CRPrimaryAttributeDamageCalculation,91,0,0,magnitude,1.0,,Weapon.FrontalAOEConeRepeatingStunDamage.FinalHit.PrimaryAttributeCoefficient,AbilityConstants
CRPrimaryAttributeDamageCalculation,92,0,0,magnitude,1.0,,Weapon.FrontalAOEConeRepeatingStunDamage.InitialHit.PrimaryAttributeCoefficient,AbilityConstants
CRPrimaryAttributeDamageCalculation,93,0,0,magnitude,1.0,,Weapon.FrontalAOEConeRepeatingStunDamage.RepeatingHit.PrimaryAttributeCoefficient,AbilityConstants
CRPrimaryAttributeDamageCalculation,94,0,0,magnitude,1.0,,Weapon.InstantAoeDamageBuff.Damage.PrimaryAttributeCoefficient,AbilityConstants
CRPrimaryAttributeDamageCalculation,95,0,0,magnitude,1.0,,Weapon.InstantChargedProjectileHealOrDamage.Damage.PrimaryAttributeCoefficient,AbilityConstants
CRPrimaryAttributeDamageCalculation,96,0,0,magnitude,1.0,,Weapon.StunDotAoeDamageSlow.Aoe.PrimaryAttributeCoefficient,AbilityConstants
CRPrimaryAttributeDamageCalculation,97,0,0,magnitude,1.0,,Weapon.StunDotAoeDamageSlow.Debuff.Dot.PrimaryAttributeCoefficient,AbilityConstants
CRPrimaryAttributeDamageCalculation,98,0,0,magnitude,1.0,,Weapon.StunDotAoeDamageSlow.Stun.Dot.PrimaryAttributeCoefficient,AbilityConstants
CRPrimaryAttributeHealCalculation,0,0,0,magnitude,1.0,,Finesse.CritChanceToHealOrDamage.HealCoefficient,AbilityConstants
CRPrimaryAttributeHealCalculation,1,0,0,magnitude,1.0,,Trait.CritsToIncreasedPrimaryStatBuff.Hot.HealValue,AbilityConstants
CRPrimaryAttributeHealCalculation,2,0,0,magnitude,1.0,,Trait.ExtraDotHotOnEffectApplicationProc.Hot.FlatHealValue,AbilityConstants
CRPrimaryAttributeHealCalculation,3,0,0,magnitude,1.0,,Trait.GemSingleTargetProcOnDamageHeal.Heal.PrimaryAttributeCoefficient,AbilityConstants
CRPrimaryAttributeHealCalculation,4,0,0,magnitude,1.0,,Trait.IncomingDamageToHotAndAbsorb.Hot.FlatHealValue,AbilityConstants
CRPrimaryAttributeHealCalculation,5,0,0,magnitude,1.0,,Trait.IncomingHealToStackingHealWithThreshold.HealValue,AbilityConstants
CRPrimaryAttributeHealCalculation,5,1,0,magnitude,0.0,,,
CRPrimaryAttributeHealCalculation,5,2,0,coefficient,1.0,,,
CRPrimaryAttributeHealCalculation,5,2,1,pre_multiply_additive,1.0,,,
CRPrimaryAttributeHealCalculation,5,2,2,post_multiply_additive,0.0,,,
CRPrimaryAttributeHealCalculation,6,0,0,magnitude,1.0,/Game/Abilities/Traits/CT_TraitConstants,Trait.StandingStillHealStacking.StackToHealMultiplier,
CRPrimaryAttributeHealCalculation,7,0,0,magnitude,1.0,,Weapon.CastedBuffStacksHealOnDamage.PrimaryAttributeCoefficient,AbilityConstants
CRPrimaryAttributeHealCalculation,8,0,0,magnitude,1.0,,Weapon.CastedChainHealDamage.Heal.PrimaryAttributeCoefficient,AbilityConstants
CRPrimaryAttributeHealCalculation,8,1,0,magnitude,1.0,,Weapon.CastedChainHealDamage.AbilityAddedCritChance,AbilityConstants
CRPrimaryAttributeHealCalculation,9,0,0,magnitude,1.0,,Weapon.InstantChargedProjectileHealOrDamage.Heal.PrimaryAttributeCoefficient,AbilityConstants
CRScaleAllThreatExecution,0,0,0,magnitude,1.0,,Mosse.InstantSelfEscapeBuff.ExistingThreatMultiplier,AbilityConstants
CRStrengthDamageCalculation,0,0,0,magnitude,1.0,,CM_BlackburnMantrader.MeleeAutoAttack.StrengthCoefficient,AbilityConstants
CRStrengthDamageCalculation,1,0,0,magnitude,1.0,,CM_BossAina.Charge.StrengthCoefficient,AbilityConstants
CRStrengthDamageCalculation,1,1,0,magnitude,1.0,,CM_BossAina.Charge.Spread,AbilityConstants
CRStrengthDamageCalculation,2,0,0,magnitude,1.0,,CM_BossAina.AutoAttack.StrengthCoefficient,AbilityConstants
CRStrengthDamageCalculation,3,0,0,magnitude,1.0,,CM_BossTroll.AutoAttack.StrengthCoefficient,AbilityConstants
CRStrengthDamageCalculation,3,1,0,magnitude,1.0,,CM_BossTroll.AutoAttack.Spread,AbilityConstants
CRStrengthDamageCalculation,4,0,0,magnitude,1.0,,CM_BossTroll.Charge.Bump.StrengthCoefficient,AbilityConstants
CRStrengthDamageCalculation,4,1,0,magnitude,1.0,,CM_BossTroll.Charge.Bump.Spread,AbilityConstants
CRStrengthDamageCalculation,5,0,0,magnitude,1.0,,CM_BossTroll.Charge.ImpactAoe.StrengthCoefficient,AbilityConstants
CRStrengthDamageCalculation,5,1,0,magnitude,1.0,,CM_BossTroll.Charge.ImpactAoe.Spread,AbilityConstants
CRStrengthDamageCalculation,6,0,0,magnitude,1.0,,CM_BossTroll.Enrage.AoeDamageStrengthCoefficient,AbilityConstants
CRStrengthDamageCalculation,6,1,0,magnitude,1.0,,CM_BossTroll.Enrage.AoeDamageSpread,AbilityConstants
CRStrengthDamageCalculation,7,0,0,magnitude,1.0,,CM_BossTroll.FallingRock.StrengthCoefficient,AbilityConstants
CRStrengthDamageCalculation,8,0,0,magnitude,1.0,,CM_BossWhisperingCore.RangedAutoAttack.Spread,AbilityConstants
CRStrengthDamageCalculation,8,1,0,magnitude,1.0,,CM_BossWhisperingCore.RangedAutoAttack.StrengthCoefficient,AbilityConstants
CRStrengthDamageCalculation,9,0,0,magnitude,1.0,,CM_BossWhisperingCore.TankSlam.StrengthCoefficient,AbilityConstants
CRStrengthDamageCalculation,9,1,0,magnitude,1.0,,CM_BossWhisperingCore.TankSlam.Spread,AbilityConstants
CRStrengthDamageCalculation,10,0,0,magnitude,1.0,,CM_BossYrsa.Vortex.DamageCoefficient,AbilityConstants
CRStrengthDamageCalculation,11,0,0,magnitude,1.0,,CM_BossYrsa.AOESoak.SoakedStrengthCoefficient,AbilityConstants
CRStrengthDamageCalculation,11,1,0,magnitude,1.0,,CM_BossYrsa.AOESoak.SoakedSpread,AbilityConstants
CRStrengthDamageCalculation,12,0,0,magnitude,1.0,,CM_BossYrsa.AOESoak.UnsoakedStrengthCoefficient,AbilityConstants
CRStrengthDamageCalculation,12,1,0,magnitude,1.0,,CM_BossYrsa.AOESoak.UnsoakedSpread,AbilityConstants
CRStrengthDamageCalculation,13,0,0,magnitude,1.0,,CM_BossYrsa.AutoAttack.StrengthCoefficient,AbilityConstants
CRStrengthDamageCalculation,13,1,0,magnitude,1.0,,CM_BossYrsa.Autoattack.Spread,AbilityConstants
CRStrengthDamageCalculation,14,0,0,magnitude,1.0,,CM_BossYrsa.ConjureScythe.StrengthCoefficient,AbilityConstants
CRStrengthDamageCalculation,14,1,0,magnitude,1.0,,CM_BossYrsa.ConjureScythe.Spread,AbilityConstants
CRStrengthDamageCalculation,15,0,0,coefficient,1.0,,CM_ChargedConstructGhost.SelfDamagePerTick,AbilityConstants
CRStrengthDamageCalculation,15,0,1,pre_multiply_additive,0.0,,,
CRStrengthDamageCalculation,15,0,2,post_multiply_additive,0.0,,,
CRStrengthDamageCalculation,16,0,0,magnitude,1.0,,CM_ChargedConstruct.RangedAutoAttack.StrengthCoefficient,AbilityConstants
CRStrengthDamageCalculation,16,1,0,magnitude,1.0,,CM_ChargedConstruct.RangedAutoAttack.Spread,AbilityConstants
CRStrengthDamageCalculation,17,0,0,magnitude,1.0,,CM_ChargedConstructGhost.AutoAttack.StrengthCoefficient,AbilityConstants
CRStrengthDamageCalculation,17,1,0,magnitude,1.0,,CM_ChargedConstructGhost.AutoAttack.Spread,AbilityConstants
CRStrengthDamageCalculation,18,0,0,magnitude,1.0,,CM_CrystalConstructCharged.MeleeAutoAttack.StrengthCoefficient,AbilityConstants
CRStrengthDamageCalculation,19,0,0,magnitude,1.0,,CM_EarthElemental.AutoAttack.StrengthCoefficient,AbilityConstants
CRStrengthDamageCalculation,19,1,0,magnitude,1.0,,CM_EarthElemental.AutoAttack.Spread,AbilityConstants
CRStrengthDamageCalculation,20,0,0,magnitude,1.0,,CM_EarthElemental.BurrowedStrike.StrengthCoefficient,AbilityConstants
CRStrengthDamageCalculation,20,1,0,magnitude,1.0,,CM_EarthElemental.BurrowedStrike.Spread,AbilityConstants
CRStrengthDamageCalculation,21,0,0,magnitude,1.0,,CM_EarthElemental.CastAoeDamage.StrengthCoefficient,AbilityConstants
CRStrengthDamageCalculation,21,1,0,magnitude,0.01,,,
CRStrengthDamageCalculation,22,0,0,magnitude,1.0,,CM_EarthElemental.EarthBreaker.StrengthCoefficient,AbilityConstants
CRStrengthDamageCalculation,22,1,0,magnitude,1.0,,CM_EarthElemental.EarthBreaker.Spread,AbilityConstants
CRStrengthDamageCalculation,23,0,0,magnitude,1.0,,CM_EarthElemental.EarthStomp.StrengthCoefficient,AbilityConstants
CRStrengthDamageCalculation,23,1,0,magnitude,1.0,,CM_EarthElemental.EarthStomp.Spread,AbilityConstants
CRStrengthDamageCalculation,24,0,0,magnitude,1.0,,CM_EarthElemental.Upheaval.StrengthCoefficient,AbilityConstants
CRStrengthDamageCalculation,24,1,0,magnitude,1.0,,CM_EarthElemental.Upheaval.Spread,AbilityConstants
CRStrengthDamageCalculation,25,0,0,magnitude,1.0,,CM_ElfEnforcer.MeleeAutoAttack.StrengthCoefficient,AbilityConstants
CRStrengthDamageCalculation,25,1,0,magnitude,1.0,,CM_ElfEnforcer.MeleeAutoAttack.Spread,AbilityConstants
CRStrengthDamageCalculation,26,0,0,magnitude,1.0,,CM_ElfEnforcer.TankSlam.StrengthCoefficient,AbilityConstants
CRStrengthDamageCalculation,27,0,0,magnitude,1.0,,CM_ElfGoon.FirstThreatProjectile.StrengthCoefficient,AbilityConstants
CRStrengthDamageCalculation,28,0,0,magnitude,1.0,,CM_ElfInterrogator.AutoAttack.StrengthCoefficient,AbilityConstants
CRStrengthDamageCalculation,28,1,0,magnitude,1.0,,CM_ElfInterrogator.Autoattack.Spread,AbilityConstants
CRStrengthDamageCalculation,29,0,0,magnitude,1.0,,CM_ElfInterrogator.PoisonDagger.StrengthCoefficient,AbilityConstants
CRStrengthDamageCalculation,29,1,0,magnitude,1.0,,CM_ElfInterrogator.PoisonDagger.Spread,AbilityConstants
CRStrengthDamageCalculation,30,0,0,magnitude,1.0,,CM_ElfInterrogator.WickedStrike.Damage.StrengthCoefficient,AbilityConstants
CRStrengthDamageCalculation,31,0,0,magnitude,1.0,,,AbilityConstants
CRStrengthDamageCalculation,32,0,0,magnitude,1.0,,CM_ElfLookout.AutoAttack.StrengthCoefficient,AbilityConstants
CRStrengthDamageCalculation,32,1,0,magnitude,1.0,,CM_ElfLookout.AutoAttack.Spread,AbilityConstants
CRStrengthDamageCalculation,33,0,0,magnitude,1.0,,CM_ElfLookout.QuickShots.StrengthCoefficient,AbilityConstants
CRStrengthDamageCalculation,34,0,0,magnitude,1.0,,CM_ElfTaskmaster.ConePull.StrengthCoefficient,AbilityConstants
CRStrengthDamageCalculation,35,0,0,magnitude,1.0,,CM_ElfTaskmaster.ConePull.Dot.StrengthCoefficient,AbilityConstants
CRStrengthDamageCalculation,36,0,0,magnitude,1.0,,CM_ElfGoon.AutoAttack.DamageStrengthCoefficient,AbilityConstants
CRStrengthDamageCalculation,37,0,0,magnitude,1.0,,CM_ElfTaskmaster.AutoAttack.DamageStrengthCoefficient,AbilityConstants
CRStrengthDamageCalculation,37,1,0,magnitude,1.0,,CM_ElfTaskmaster.AutoAttack.Spread,AbilityConstants
CRStrengthDamageCalculation,38,0,0,magnitude,1.0,,CM_ImpatientBrawler.MeleeAutoAttack.StrengthCoefficient,AbilityConstants
CRStrengthDamageCalculation,39,0,0,magnitude,1.0,,CM_ReflectedHero.AutoAttack.StrengthCoefficient,AbilityConstants
CRStrengthDamageCalculation,39,1,0,magnitude,1.0,,CM_ReflectedHero.AutoAttack.Spread,AbilityConstants
CRStrengthDamageCalculation,40,0,0,magnitude,1.0,,CM_BossTroll.Crush.AoeStrengthCoefficient,AbilityConstants
CRStrengthDamageCalculation,41,0,0,magnitude,1.0,,CM_VolatileConstruct.MeleeAutoAttack.StrengthCoefficient,AbilityConstants
CRStrengthDamageCalculation,41,1,0,magnitude,1.0,,CM_VolatileConstruct.MeleeAutoAttack.Spread,AbilityConstants
CRStrengthDamageCalculation,42,0,0,magnitude,1.0,,CM_VolatileConstruct.DeathBomb.StrengthCoefficient,AbilityConstants
CRStrengthDamageCalculation,42,1,0,magnitude,1.0,,CM_VolatileConstruct.DeathBomb.Spread,AbilityConstants
CRStrengthDamageCalculation,43,0,0,magnitude,1.0,,CM_VolatileConstruct.ExplosiveCrystal.StrengthCoefficient,AbilityConstants
CRStrengthDamageCalculation,44,0,0,magnitude,1.0,,CM_VolatileConstruct.JaggedCrystal.StrengthCoefficient,AbilityConstants
CRStrengthDamageCalculation,44,1,0,magnitude,1.0,,CM_VolatileConstruct.JaggedCrystal.Spread,AbilityConstants
CRStrengthDamageCalculation,45,0,0,magnitude,1.0,,Shared_PolymorphChickenSmall.AutoAttack.Damage.StrengthCoefficient,AbilityConstants
CRStrengthDamageCalculation,46,0,0,magnitude,1.0,,DD_Arbalist.AutoAttack.DamageIntellectCoefficient,AbilityConstants
CRStrengthDamageCalculation,47,0,0,magnitude,1.0,,DD_Arbalist.MeleeAutoAttack.StrengthCoefficient,AbilityConstants
CRStrengthDamageCalculation,48,0,0,magnitude,1.0,,DD_BossCadavrianMagi.MeleeAutoAttack.StrengthCoefficient,AbilityConstants
CRStrengthDamageCalculation,48,1,0,magnitude,1.0,,DD_BossCadavrianMagi.MeleeAutoAttack.Spread,AbilityConstants
CRStrengthDamageCalculation,49,0,0,magnitude,1.0,,DD_BossCadavrianMagi.MoonCast.Damage.StrengthCoefficient,AbilityConstants
CRStrengthDamageCalculation,49,1,0,magnitude,1.0,,DD_BossCadavrianMagi.MoonCast.Damage.Spread,AbilityConstants
CRStrengthDamageCalculation,50,0,0,magnitude,1.0,,DD_BossCadavrianMagi.ShadowCast.Damage.StrengthCoefficient,AbilityConstants
CRStrengthDamageCalculation,51,0,0,magnitude,1.0,,DD_BossCadavrianMagi.SunCast.Dot.StrengthCoefficient,AbilityConstants
CRStrengthDamageCalculation,52,0,0,magnitude,1.0,,DD_DesertBrute.AoePulse.StrengthCoefficient,AbilityConstants
CRStrengthDamageCalculation,53,0,0,magnitude,1.0,,DD_DesertBrute.CastedGrowingEarthStomp.StrengthCoefficient,AbilityConstants
CRStrengthDamageCalculation,54,0,0,magnitude,1.0,,DD_DesertBrute.MeleeAutoAttack.StrengthCoefficient,AbilityConstants
CRStrengthDamageCalculation,55,0,0,magnitude,1.0,,DD_DesertNomad.MeleeAutoAttack.StrengthCoefficient,AbilityConstants
CRStrengthDamageCalculation,56,0,0,magnitude,1.0,,DD_DesertWarrior.AutoAttack.StrengthCoefficient,AbilityConstants
CRStrengthDamageCalculation,57,0,0,magnitude,1.0,,DD_DesertWarrior.ChanneledAOE.StrengthCoefficient,AbilityConstants
CRStrengthDamageCalculation,58,0,0,magnitude,1.0,,DD_DesertWarrior.Charge.BleedDebuff.StrengthCoefficient,AbilityConstants
CRStrengthDamageCalculation,59,0,0,magnitude,1.0,,DD_DesertWarrior.Charge.StrengthCoefficient,AbilityConstants
CRStrengthDamageCalculation,60,0,0,magnitude,1.0,,DD_NightboundMagi.MeleeAutoAttack.StrengthCoefficient,AbilityConstants
CRStrengthDamageCalculation,61,0,0,magnitude,1.0,,DD_NightboundMagi.MultiAOESoak.SoakedStrengthCoefficient,AbilityConstants
CRStrengthDamageCalculation,61,1,0,magnitude,1.0,,DD_NightboundMagi.MultiAOESoak.SoakedSpread,AbilityConstants
CRStrengthDamageCalculation,62,0,0,magnitude,1.0,,DD_NightboundMagi.MultiAOESoak.UnsoakedStrengthCoefficient,AbilityConstants
CRStrengthDamageCalculation,62,1,0,magnitude,1.0,,DD_NightboundMagi.MultiAOESoak.UnsoakedSpread,AbilityConstants
CRStrengthDamageCalculation,63,0,0,magnitude,1.0,,NP_Stormscreamer.PeriodicDamage.StrengthCoefficient,AbilityConstants
CRStrengthDamageCalculation,64,0,0,magnitude,1.0,,DD_WitheringMagi.MeleeAutoAttack.StrengthCoefficient,AbilityConstants
CRStrengthDamageCalculation,65,0,0,magnitude,1.0,,PR_ShipRat.OnDeathAoe.StrengthCoefficient,AbilityConstants
CRStrengthDamageCalculation,65,2,0,coefficient,1.0,,,
CRStrengthDamageCalculation,65,2,1,pre_multiply_additive,0.0,,,
CRStrengthDamageCalculation,65,2,2,post_multiply_additive,0.0,,,
CRStrengthDamageCalculation,66,0,0,magnitude,1.0,,PR_ShipRat.OnDeathAoe.StrengthCoefficient,AbilityConstants
CRStrengthDamageCalculation,66,2,0,coefficient,1.0,,,
CRStrengthDamageCalculation,66,2,1,pre_multiply_additive,0.0,,,
CRStrengthDamageCalculation,66,2,2,post_multiply_additive,0.0,,,
CRStrengthDamageCalculation,67,0,0,magnitude,1.0,,DM_WinterTrickster.Charge.DamageIntellectCoefficient,AbilityConstants
CRStrengthDamageCalculation,68,0,0,magnitude,1.0,,DR_BarbedRoot.MeleeAutoAttack.AgilityCoefficient,AbilityConstants
CRStrengthDamageCalculation,69,0,0,magnitude,1.0,,DR_BarbedRoot.CastedSlam.StrengthCoefficient,AbilityConstants
CRStrengthDamageCalculation,69,1,0,magnitude,0.01,,,
CRStrengthDamageCalculation,70,0,0,magnitude,1.0,,DR_BarbedRoot.Grip.StrengthCoefficient,AbilityConstants
CRStrengthDamageCalculation,71,0,0,magnitude,1.0,,DR_BloodfangMauler.AOECone.Damage.StrengthCoefficient,AbilityConstants
CRStrengthDamageCalculation,72,0,0,magnitude,1.0,,DR_BloodfangMauler.MeleeAutoAttack.StrengthCoefficient,AbilityConstants
CRStrengthDamageCalculation,73,0,0,magnitude,1.0,,NP_HalfMancatcher.Grip.StrengthCoefficient,AbilityConstants
CRStrengthDamageCalculation,73,1,0,magnitude,0.01,,,
CRStrengthDamageCalculation,74,0,0,magnitude,1.0,,DR_BossCultLeader.MeleeAutoAttack.StrengthCoefficient,AbilityConstants
CRStrengthDamageCalculation,75,0,0,magnitude,1.0,,DR_BossCultLeader.ResizingAoeCircles.StrengthCoefficient,AbilityConstants
CRStrengthDamageCalculation,75,1,0,magnitude,1.0,,DR_BossCultLeader.ResizingAoeCircles.Spread,AbilityConstants
CRStrengthDamageCalculation,76,0,0,magnitude,1.0,,DR_BossCultLeader.ResizingAoeCircles.DotStrengthCoefficient,AbilityConstants
CRStrengthDamageCalculation,76,1,0,magnitude,1.0,,DR_BossCultLeader.ResizingAoeCircles.DotSpread,AbilityConstants
CRStrengthDamageCalculation,77,0,0,magnitude,1.0,,DR_BossDemonPlant.MeleeAutoAttack.StrengthCoefficient,AbilityConstants
CRStrengthDamageCalculation,78,0,0,magnitude,1.0,,DR_BossDemonPlant.SpawnVine.StrengthCoefficient,AbilityConstants
CRStrengthDamageCalculation,78,1,0,magnitude,1.0,,DR_BossDemonPlant.SpawnVine.Spread,AbilityConstants
CRStrengthDamageCalculation,79,0,0,magnitude,1.0,,DR_BossGateWizard.FirePillar.IntCoefficient,AbilityConstants
CRStrengthDamageCalculation,80,0,0,magnitude,1.0,,DR_BossGateWizard.Football.HitBoss.StrengthCoefficient,AbilityConstants
CRStrengthDamageCalculation,80,1,0,magnitude,1.0,,DR_BossGateWizard.Football.HitBoss.Spread,AbilityConstants
CRStrengthDamageCalculation,81,0,0,magnitude,1.0,,DR_BossGateWizard.Football.HitPlayer.StrengthCoefficient,AbilityConstants
CRStrengthDamageCalculation,81,1,0,magnitude,0.01,,,
CRStrengthDamageCalculation,82,0,0,magnitude,1.0,,DR_BossGateWizard.MeleeAutoAttack.StrengthCoefficient,AbilityConstants
CRStrengthDamageCalculation,83,0,0,magnitude,1.0,,DR_BossGateWizard.TankDot.Bleed.StrengthCoefficient,AbilityConstants
CRStrengthDamageCalculation,84,0,0,magnitude,1.0,,DR_BossSummonedDemon.ChanneledHellfire.Damage.StrengthCoefficient,AbilityConstants
CRStrengthDamageCalculation,84,1,0,magnitude,1.0,,DR_BossSummonedDemon.ChanneledHellfire.Damage.Spread,AbilityConstants
CRStrengthDamageCalculation,84,2,0,coefficient,1.0,,,
CRStrengthDamageCalculation,84,2,1,pre_multiply_additive,0.0,,,
CRStrengthDamageCalculation,84,2,2,post_multiply_additive,0.0,,,
CRStrengthDamageCalculation,85,0,0,magnitude,1.0,,DR_BossSummonedDemon.LeapSlam.BurningGround.StrengthCoefficient,AbilityConstants
CRStrengthDamageCalculation,85,1,0,magnitude,1.0,,DR_BossSummonedDemon.LeapSlam.BurningGround.Spread,AbilityConstants
CRStrengthDamageCalculation,86,0,0,magnitude,1.0,,DR_BossSummonedDemon.LeapSlam.Damage.StrengthCoefficient,AbilityConstants
CRStrengthDamageCalculation,86,1,0,magnitude,1.0,,DR_BossSummonedDemon.LeapSlam.Damage.Spread,AbilityConstants
CRStrengthDamageCalculation,87,0,0,magnitude,1.0,,DR_BossSummonedDemon.LeapSlam.FriendlyDamage.StrengthCoefficient,AbilityConstants
CRStrengthDamageCalculation,87,1,0,magnitude,1.0,,DR_BossSummonedDemon.LeapSlam.FriendlyDamage.Spread,AbilityConstants
CRStrengthDamageCalculation,88,0,0,magnitude,1.0,,DR_BossSummonedDemon.MeleeAutoAttack.StrengthCoefficient,AbilityConstants
CRStrengthDamageCalculation,89,0,0,magnitude,1.0,,DR_BossSummonedDemon_PortalDemon.MeleeAutoAttack.StrengthCoefficient,AbilityConstants
CRStrengthDamageCalculation,90,0,0,magnitude,1.0,,DR_BossSummonedDemon_PortalDemon.AoePulse.StrengthCoefficient,AbilityConstants
CRStrengthDamageCalculation,91,0,0,magnitude,1.0,,DR_BossSummonedDemon.TankSlam.StrengthCoefficient,AbilityConstants
CRStrengthDamageCalculation,91,1,0,magnitude,1.0,,DR_BossSummonedDemon.TankSlam.Spread,AbilityConstants
CRStrengthDamageCalculation,92,0,0,magnitude,1.0,,DR_BurningDemon.Bombardment.StrengthCoefficient,AbilityConstants
CRStrengthDamageCalculation,92,1,0,magnitude,1.0,,DR_BurningDemon.Bombardment.Spread,AbilityConstants
CRStrengthDamageCalculation,93,0,0,magnitude,1.0,,DR_BurningDemon.MeleeAutoAttack.StrengthCoefficient,AbilityConstants
CRStrengthDamageCalculation,94,0,0,magnitude,1.0,,DR_CultistCaster.MeleeAutoAttack.StrengthCoefficient,AbilityConstants
CRStrengthDamageCalculation,95,0,0,magnitude,1.0,,DR_CultistMajorCaster.MeleeAutoAttack.StrengthCoefficient,AbilityConstants
CRStrengthDamageCalculation,96,0,0,magnitude,1.0,,DR_CultistSickle.InitialRangedAttack.StrengthCoefficient,AbilityConstants
CRStrengthDamageCalculation,97,0,0,magnitude,1.0,,DR_CultistSickle.MeleeAutoAttack.StrengthCoefficient,AbilityConstants
CRStrengthDamageCalculation,98,0,0,magnitude,1.0,,DR_DangerousBrute.Cleave.StrengthCoefficient,AbilityConstants
CRStrengthDamageCalculation,99,0,0,magnitude,1.0,,DR_DangerousBrute.MeleeAutoAttack.StrengthCoefficient,AbilityConstants
CRStrengthDamageCalculation,100,0,0,magnitude,1.0,,DR_FlyingImp.MeleeAutoAttack.StrengthCoefficient,AbilityConstants
CRStrengthDamageCalculation,101,0,0,magnitude,1.0,,DR_FranticImp.MeleeAutoAttack.StrengthCoefficient,AbilityConstants
CRStrengthDamageCalculation,102,0,0,magnitude,1.0,,DR_FranticImp.SingleTargetAttackAndMoveBack.StrengthCoefficient,AbilityConstants
CRStrengthDamageCalculation,102,1,0,magnitude,1.0,,DR_FranticImp.SingleTargetAttackAndMoveBack.Spread,AbilityConstants
CRStrengthDamageCalculation,103,0,0,magnitude,1.0,,DR_HornedDemon.Charge.StrengthCoefficient,AbilityConstants
CRStrengthDamageCalculation,104,0,0,magnitude,1.0,,DR_HornedDemon.MeleeAutoAttack.StrengthCoefficient,AbilityConstants
CRStrengthDamageCalculation,105,0,0,magnitude,1.0,,DR_Mancatcher.AOECone.Damage.StrengthCoefficient,AbilityConstants
CRStrengthDamageCalculation,106,0,0,magnitude,1.0,,DR_Mancatcher.Grip.StrengthCoefficient,AbilityConstants
CRStrengthDamageCalculation,106,1,0,magnitude,1.0,,DR_Mancatcher.Grip.Spread,AbilityConstants
CRStrengthDamageCalculation,107,0,0,magnitude,1.0,,DR_Mancatcher.MeleeAutoAttack.StrengthCoefficient,AbilityConstants
CRStrengthDamageCalculation,108,0,0,magnitude,1.0,,DR_RuinsLasher.AutoAttackMelee.StrengthCoefficient,AbilityConstants
CRStrengthDamageCalculation,109,0,0,magnitude,1.0,,DR_RuinsLasher.AutoAttackMelee.StrengthCoefficient,AbilityConstants
CRStrengthDamageCalculation,109,1,0,magnitude,1.0,,DR_RuinsLasher.AutoAttackMelee.Spread,AbilityConstants
CRStrengthDamageCalculation,110,0,0,magnitude,1.0,,DR_SlaughtervineArchephyte.SlowMovingAOE.StrengthCoefficient,AbilityConstants
CRStrengthDamageCalculation,110,1,0,magnitude,1.0,,DR_SlaughtervineArchephyte.SlowMovingAOE.Spread,AbilityConstants
CRStrengthDamageCalculation,111,0,0,magnitude,1.0,,DR_Slaughtervine.AutoAttackMelee.StrengthCoefficient,AbilityConstants
CRStrengthDamageCalculation,112,0,0,magnitude,1.0,,Shadowlord.AutoAttack.StrengthCoefficient,AbilityConstants
CRStrengthDamageCalculation,113,0,0,magnitude,1.0,,EM_BossGiantTroll.AoeSequence.StrengthCoefficient,AbilityConstants
CRStrengthDamageCalculation,114,0,0,magnitude,1.0,,EM_BossGiantTroll.ChanneledAoeDamage.StrengthCoefficient,AbilityConstants
CRStrengthDamageCalculation,115,0,0,magnitude,1.0,,EM_BossGiantTroll.MultiSoak.UnsoakedStrengthCoefficient,AbilityConstants
CRStrengthDamageCalculation,116,0,0,magnitude,1.0,,EM_BossGiantTroll.MultiSoak.SoakedStrengthCoefficient,AbilityConstants
CRStrengthDamageCalculation,117,0,0,magnitude,1.0,,EM_BossVaerith.BombDebuff.Bomb.StrengthCoefficient,AbilityConstants
CRStrengthDamageCalculation,117,2,0,magnitude,0.01,,,
CRStrengthDamageCalculation,118,0,0,magnitude,1.0,,EM_BossVaerith.BombDebuff.Dot.StrengthCoefficient,AbilityConstants
CRStrengthDamageCalculation,119,0,0,magnitude,1.0,,EM_Miner.MeleeAutoAttack.StrengthCoefficient,AbilityConstants
CRStrengthDamageCalculation,120,0,0,magnitude,1.0,,FK_BossElfDragon.MultiDash.BleedDebuff.DamageStrengthCoefficient,AbilityConstants
CRStrengthDamageCalculation,121,0,0,magnitude,1.0,,FK_BossFreezingWaterLord.AutoAttack.StrengthCoefficient,AbilityConstants
CRStrengthDamageCalculation,122,0,0,magnitude,1.0,,FK_BossFreezingWaterLord.IceSoak.Puddle.StrengthCoefficient,AbilityConstants
CRStrengthDamageCalculation,122,2,0,magnitude,0.01,,,
CRStrengthDamageCalculation,123,0,0,magnitude,1.0,,FK_BossRangerCaptain.AutoAttackMelee.IntellectCoefficient,AbilityConstants
CRStrengthDamageCalculation,124,0,0,magnitude,1.0,,FK_BossRangerCaptain.AutoAttack.IntellectCoefficient,AbilityConstants
CRStrengthDamageCalculation,125,0,0,magnitude,1.0,,FK_ElfCleric.AutoAttackMelee.DamageStrengthCoefficient,AbilityConstants
CRStrengthDamageCalculation,126,0,0,magnitude,1.0,,FK_ElfDuelist.AutoAttack.DamageCoefficient,AbilityConstants
CRStrengthDamageCalculation,127,0,0,magnitude,1.0,,FK_ElfDuelist.SpinningIceSwordStorm.DamageCoefficient,AbilityConstants
CRStrengthDamageCalculation,128,0,0,magnitude,1.0,,FK_ElfGoon.AutoAttack.DamageIntellectCoefficient,AbilityConstants
CRStrengthDamageCalculation,129,0,0,magnitude,1.0,,FK_ElfGuard.AutoAttack.DamageIntellectCoefficient,AbilityConstants
CRStrengthDamageCalculation,130,0,0,magnitude,1.0,,FK_ElfIllusionist.AutoAttackMelee.DamageStrengthCoefficient,AbilityConstants
CRStrengthDamageCalculation,131,0,0,magnitude,1.0,,FK_ElfRanger.AutoAttack.DamageIntellectCoefficient,AbilityConstants
CRStrengthDamageCalculation,132,0,0,magnitude,1.0,,FK_ElfRanger.MeleeAutoAttack.StrengthCoefficient,AbilityConstants
CRStrengthDamageCalculation,133,0,0,magnitude,1.0,,FK_ElfShardling.AutoAttack.StrengthCoefficient,AbilityConstants
CRStrengthDamageCalculation,134,0,0,magnitude,1.0,,FK_IceGolem.AutoAttack.DamageStrengthCoefficient,AbilityConstants
CRStrengthDamageCalculation,135,0,0,magnitude,1.0,,FK_IceGolem.SpikeAOE.DamageStrengthCoefficient,AbilityConstants
CRStrengthDamageCalculation,136,0,0,magnitude,1.0,,FK_MirroredElementalImage.AutoAttack.StrengthCoefficient,AbilityConstants
CRStrengthDamageCalculation,137,0,0,magnitude,1.0,,FM_AshenArsonist.MeleeAutoAttack.StrengthCoefficient,AbilityConstants_ForestMeadow
CRStrengthDamageCalculation,138,0,0,magnitude,1.0,,FM_Bear.AutoAttack.Damage.PrimaryAttributeCoefficient,AbilityConstants_ForestMeadow
CRStrengthDamageCalculation,139,0,0,magnitude,1.0,,FM_Bear.HomingCharge.StrengthCoefficient,AbilityConstants_ForestMeadow
CRStrengthDamageCalculation,139,1,0,magnitude,1.0,,FM_Bear.HomingCharge.DamageSpread,AbilityConstants_ForestMeadow
CRStrengthDamageCalculation,140,0,0,magnitude,1.0,,FM_BigSpider.AutoAttack.Damage.PrimaryAttributeCoefficient,AbilityConstants_ForestMeadow
CRStrengthDamageCalculation,141,0,0,magnitude,1.0,,FM_BullyBasher.MeleeAutoAttack.StrengthCoefficient,AbilityConstants_ForestMeadow
CRStrengthDamageCalculation,142,0,0,magnitude,1.0,,FM_BullyBasher.TankSlam.StrengthCoefficient,AbilityConstants_ForestMeadow
CRStrengthDamageCalculation,142,1,0,magnitude,0.01,,,
CRStrengthDamageCalculation,143,0,0,magnitude,1.0,,FM_Facestabber.AttachedAttack.StrengthCoefficient,AbilityConstants_ForestMeadow
CRStrengthDamageCalculation,144,0,0,magnitude,1.0,,FM_Facestabber.MeleeAutoAttack.StrengthCoefficient,AbilityConstants_ForestMeadow
CRStrengthDamageCalculation,145,0,0,magnitude,1.0,,FM_FrenziedLooter.MeleeAutoAttack.StrengthCoefficient,AbilityConstants_ForestMeadow
CRStrengthDamageCalculation,146,0,0,magnitude,1.0,,FM_GoblinBrute.AutoAttack.Damage.PrimaryAttributeCoefficient,AbilityConstants_ForestMeadow
CRStrengthDamageCalculation,147,0,0,magnitude,1.0,,FM_GoblinCaster.AutoAttack.Damage.PrimaryAttributeCoefficient,AbilityConstants_ForestMeadow
CRStrengthDamageCalculation,148,0,0,magnitude,1.0,,FM_GoblinGrunt.AutoAttack.Damage.PrimaryAttributeCoefficient,AbilityConstants_ForestMeadow
CRStrengthDamageCalculation,149,0,0,magnitude,1.0,,FM_GravesnareKidnapper.MeleeAutoAttack.StrengthCoefficient,AbilityConstants_ForestMeadow
CRStrengthDamageCalculation,150,0,0,magnitude,1.0,,FM_OrcCaster.AutoAttack.Damage.PrimaryAttributeCoefficient,AbilityConstants_ForestMeadow
CRStrengthDamageCalculation,151,0,0,magnitude,1.0,,FM_OrcGrunt.AutoAttack.Damage.PrimaryAttributeCoefficient,AbilityConstants_ForestMeadow
CRStrengthDamageCalculation,152,0,0,magnitude,1.0,,FM_Pillager.MeleeAutoAttack.StrengthCoefficient,AbilityConstants_ForestMeadow
CRStrengthDamageCalculation,153,0,0,magnitude,1.0,,FM_RotheartRecluse.DotProjectile.Dot.StrengthCoefficient,AbilityConstants_ForestMeadow
CRStrengthDamageCalculation,154,0,0,magnitude,1.0,,FM_RotheartRecluse.DotProjectile.End.StrengthCoefficient,AbilityConstants_ForestMeadow
CRStrengthDamageCalculation,155,0,0,magnitude,1.0,,FM_RotheartRecluse.MeleeAutoAttack.StrengthCoefficient,AbilityConstants_ForestMeadow
CRStrengthDamageCalculation,156,0,0,magnitude,1.0,,FM_RotheartRecluse.MeleeDot.StrengthCoefficient,AbilityConstants_ForestMeadow
CRStrengthDamageCalculation,157,0,0,magnitude,1.0,,FM_Shinchopper.MeleeAutoAttack.StrengthCoefficient,AbilityConstants_ForestMeadow
CRStrengthDamageCalculation,158,0,0,magnitude,1.0,,FM_Slaver.CastedMeleeKnockback.StrengthCoefficient,AbilityConstants_ForestMeadow
CRStrengthDamageCalculation,159,0,0,magnitude,1.0,,FM_Slaver.Grip.StrengthCoefficient,AbilityConstants_ForestMeadow
CRStrengthDamageCalculation,160,0,0,magnitude,1.0,,FM_Slaver.MeleeAutoAttack.StrengthCoefficient,AbilityConstants_ForestMeadow
CRStrengthDamageCalculation,161,0,0,magnitude,1.0,,FM_Spiderling.AutoAttack.Damage.PrimaryAttributeCoefficient,AbilityConstants_ForestMeadow
CRStrengthDamageCalculation,162,0,0,magnitude,1.0,,FM_Stag.AutoAttack.Damage.PrimaryAttributeCoefficient,AbilityConstants_ForestMeadow
CRStrengthDamageCalculation,163,0,0,magnitude,1.0,,FM_Wolf.AutoAttack.Damage.PrimaryAttributeCoefficient,AbilityConstants_ForestMeadow
CRStrengthDamageCalculation,164,0,0,magnitude,1.0,,FM_Wolf.Bleed.PrimaryAttributeCoefficient,AbilityConstants_ForestMeadow
CRStrengthDamageCalculation,164,1,0,magnitude,1.0,,FM_Wolf.Bleed.Spread,AbilityConstants_ForestMeadow
CRStrengthDamageCalculation,165,0,0,magnitude,1.0,,Gunde.AoeDamageAndStun.DamageStrengthCoefficient,AbilityConstants
CRStrengthDamageCalculation,166,0,0,magnitude,1.0,,Gunde.BasicSingleTargetAttack.DamageStrengthCoefficientPerHit,AbilityConstants_Gunde
CRStrengthDamageCalculation,167,0,0,magnitude,1.0,,Gunde.BasicSingleTargetMelee.DamageStrengthCoefficientPerHit,AbilityConstants
CRStrengthDamageCalculation,168,0,0,magnitude,1.0,,Gunde.DashAttack.StrengthCoefficient,AbilityConstants_Gunde
CRStrengthDamageCalculation,169,0,0,magnitude,1.0,,Gunde.DurationalAoeDotAndBuff.StrengthCoefficient,AbilityConstants_Gunde
CRStrengthDamageCalculation,170,0,0,magnitude,1.0,,Gunde.ForwardDualProjectile.Bleed.DamageStrengthCoefficient,AbilityConstants
CRStrengthDamageCalculation,170,1,0,magnitude,1.0,,Gunde.HealthAndBleedSelfBuff.BleedDamageScaler,AbilityConstants
CRStrengthDamageCalculation,171,0,0,magnitude,1.0,,Gunde.ForwardDualProjectile.DamageStrengthCoefficient,AbilityConstants
CRStrengthDamageCalculation,172,0,0,magnitude,1.0,,Gunde.HeavyMeleeDotBased.Damage.StrengthCoefficient,AbilityConstants_Gunde
CRStrengthDamageCalculation,172,1,0,magnitude,1.0,,Gunde.HeavyMeleeDotBased.Talent.IncreasedDirectDamage.DamageScale,AbilityConstants_Gunde
CRStrengthDamageCalculation,172,2,0,magnitude,1.0,,,
CRStrengthDamageCalculation,173,0,0,magnitude,1.0,,Gunde.HeavyMeleeDotBoost.DamageStrengthCoefficient,AbilityConstants_Gunde
CRStrengthDamageCalculation,174,0,0,magnitude,1.0,,Gunde.HeavySingleTargetMeleeWithHeal.DamageStrengthCoefficient,AbilityConstants
CRStrengthDamageCalculation,175,0,0,magnitude,1.0,,Gunde.HeavySingleTargetMelee.DamageStrengthCoefficient,AbilityConstants
CRStrengthDamageCalculation,176,0,0,magnitude,1.0,,Gunde.InstantAoeWithBuff.DamageStrengthCoefficient,AbilityConstants_Gunde
CRStrengthDamageCalculation,177,0,0,magnitude,1.0,,Gunde.InstantSpinAoe.DamageStrengthCoefficient,AbilityConstants
CRStrengthDamageCalculation,178,0,0,magnitude,1.0,,Gunde.InstantWhirlwindAoe.DamageStrengthCoefficient,AbilityConstants_Gunde
CRStrengthDamageCalculation,179,0,0,magnitude,1.0,,Gunde.MeleeAutoAttack.StrengthCoefficient,AbilityConstants_Gunde
CRStrengthDamageCalculation,180,0,0,magnitude,1.0,,Gunde.MeleeAutoAttack.StrengthCoefficient,AbilityConstants
CRStrengthDamageCalculation,181,0,0,magnitude,1.0,,Gunde.MoveToTargetBleed.Bleed.DamageStrengthCoefficient,AbilityConstants
CRStrengthDamageCalculation,181,1,0,magnitude,1.0,,Gunde.HealthAndBleedSelfBuff.BleedDamageScaler,AbilityConstants
CRStrengthDamageCalculation,182,0,0,magnitude,1.0,,Gunde.SingleInstantPullEnemy.Damage.StrengthCoefficient,AbilityConstants
CRStrengthDamageCalculation,183,0,0,magnitude,1.0,,Gunde.SingleTargetPull.Damage.StrengthCoefficient,AbilityConstants_Gunde
CRStrengthDamageCalculation,184,0,0,magnitude,1.0,,Gunde.Talent.BasicSingleTargetMelee.BleedProc.Bleed.DamageStrengthCoefficient,AbilityConstants
CRStrengthDamageCalculation,184,1,0,magnitude,1.0,,Gunde.HealthAndBleedSelfBuff.BleedDamageScaler,AbilityConstants
CRStrengthDamageCalculation,186,0,0,magnitude,1.0,,Gunde.DotTransfer.Talent.ExplosionOnPickup.StrengthCoefficient,AbilityConstants_Gunde
CRStrengthDamageCalculation,187,0,0,magnitude,1.0,,Gunde.TargetedAoeProjectile.DamageStrengthCoefficientPerHit,AbilityConstants_Gunde
CRStrengthDamageCalculation,188,0,0,magnitude,1.0,,IC_Assassin.AutoAttack.StrengthCoefficient,AbilityConstants
CRStrengthDamageCalculation,189,0,0,magnitude,1.0,,IC_Assassin.PoisonDagger.StrengthCoefficient,AbilityConstants
CRStrengthDamageCalculation,189,1,0,coefficient,1.0,,,
CRStrengthDamageCalculation,189,1,1,pre_multiply_additive,0.0,,,
CRStrengthDamageCalculation,189,1,2,post_multiply_additive,0.0,,,
CRStrengthDamageCalculation,190,0,0,magnitude,1.0,,IC_Assassin.WickedStrike.StrengthCoefficient,AbilityConstants
CRStrengthDamageCalculation,190,1,0,coefficient,1.0,,,
CRStrengthDamageCalculation,190,1,1,pre_multiply_additive,0.0,,,
CRStrengthDamageCalculation,190,1,2,post_multiply_additive,0.0,,,
CRStrengthDamageCalculation,191,0,0,magnitude,1.0,,IC_BossMagistrate.MeleeAutoAttack.StrengthCoefficient,AbilityConstants
CRStrengthDamageCalculation,192,0,0,magnitude,1.0,,IC_GlacialSprite.AutoAttackMelee.StrengthCoefficient,AbilityConstants
CRStrengthDamageCalculation,193,0,0,magnitude,1.0,,IC_GreaterIceElemental.AutoAttack.StrengthCoefficient,AbilityConstants
CRStrengthDamageCalculation,194,0,0,magnitude,1.0,,IC_GreaterIceElemental.EarthStomp.StrengthCoefficient,AbilityConstants
CRStrengthDamageCalculation,195,0,0,magnitude,1.0,,IC_GreaterIceElemental.EarthBreaker.StrengthCoefficient,AbilityConstants
CRStrengthDamageCalculation,195,1,0,magnitude,0.01,,,
CRStrengthDamageCalculation,196,0,0,magnitude,1.0,,IC_GreaterIceElemental.Upheaval.StrengthCoefficient,AbilityConstants
CRStrengthDamageCalculation,197,0,0,magnitude,1.0,,IC_Healer.AutoAttackMelee.StrengthCoefficient,AbilityConstants
CRStrengthDamageCalculation,198,0,0,magnitude,1.0,,IC_Lookout.MeleeAutoAttack.StrengthCoefficient,AbilityConstants
CRStrengthDamageCalculation,199,0,0,magnitude,1.0,,IC_Lookout.SingleTargetAttackAndMoveBack.StrengthCoefficient,AbilityConstants
CRStrengthDamageCalculation,200,0,0,magnitude,1.0,,Ink.AoeAttack.StrengthCoefficient,AbilityConstants
CRStrengthDamageCalculation,201,0,0,magnitude,1.0,,Ink.AoeAttack.Lightning.StrengthCoefficient,AbilityConstants
CRStrengthDamageCalculation,201,3,0,magnitude,1.0,,Ink.Talent.PassiveLightningCritChanceIncrease,AbilityConstants
CRStrengthDamageCalculation,202,0,0,magnitude,1.0,,Ink.AutoAttackBuff.Lightning.StrengthCoefficient,AbilityConstants
CRStrengthDamageCalculation,202,2,0,coefficient,1.0,,,
CRStrengthDamageCalculation,202,2,1,pre_multiply_additive,0.0,,,
CRStrengthDamageCalculation,202,2,2,post_multiply_additive,1.0,,,
CRStrengthDamageCalculation,202,3,0,magnitude,1.0,,Ink.AutoAttackBuff.Weak.DamageMultiplier,AbilityConstants
CRStrengthDamageCalculation,202,4,0,magnitude,1.0,,Ink.AutoAttackBuff.Talent.AlwaysHitWindowBuff.Buff.AutoAttackBuffDamageScaler,AbilityConstants
CRStrengthDamageCalculation,203,0,0,magnitude,1.0,,Ink.AutoAttackBuff.StrengthCoefficient,AbilityConstants
CRStrengthDamageCalculation,203,1,0,magnitude,1.0,,Ink.AutoAttackBuff.Cleave.DamageMultiplier,AbilityConstants
CRStrengthDamageCalculation,203,3,0,coefficient,1.0,,,
CRStrengthDamageCalculation,203,3,1,pre_multiply_additive,0.0,,,
CRStrengthDamageCalculation,203,3,2,post_multiply_additive,1.0,,,
CRStrengthDamageCalculation,203,4,0,magnitude,1.0,,Ink.AutoAttackBuff.Weak.DamageMultiplier,AbilityConstants
CRStrengthDamageCalculation,203,5,0,magnitude,1.0,,Ink.AutoAttackBuff.Talent.AlwaysHitWindowBuff.Buff.AutoAttackBuffDamageScaler,AbilityConstants
CRStrengthDamageCalculation,204,0,0,magnitude,1.0,,Ink.AutoAttackBuff.StrengthCoefficient,AbilityConstants
CRStrengthDamageCalculation,204,1,0,coefficient,1.0,,,
CRStrengthDamageCalculation,204,1,1,pre_multiply_additive,0.0,,,
CRStrengthDamageCalculation,204,1,2,post_multiply_additive,1.0,,,
CRStrengthDamageCalculation,204,2,0,magnitude,1.0,,Ink.AutoAttackBuff.Weak.DamageMultiplier,AbilityConstants
CRStrengthDamageCalculation,204,3,0,magnitude,1.0,,Ink.AutoAttackBuff.Talent.AlwaysHitWindowBuff.Buff.AutoAttackBuffDamageScaler,AbilityConstants
CRStrengthDamageCalculation,205,0,0,magnitude,1.0,,Ink.BouncyProjectile.StrengthCoefficient,AbilityConstants
CRStrengthDamageCalculation,205,1,0,magnitude,1.0,,Ink.Talent.PassiveLightningCritChanceIncrease,AbilityConstants
CRStrengthDamageCalculation,205,2,0,magnitude,1.0,,Ink.BouncyProjectile.Talent.IncreasedDamage.DamageMultiplier,AbilityConstants
CRStrengthDamageCalculation,206,0,0,magnitude,1.0,,Ink.CleaveAttack.StrengthCoefficient,AbilityConstants
CRStrengthDamageCalculation,206,1,0,magnitude,1.0,,Ink.CleaveAttack.Spread,AbilityConstants
CRStrengthDamageCalculation,206,2,0,magnitude,1.0,,Ink.DodgeChanceIncreaseForMeleeAttacks,AbilityConstants
CRStrengthDamageCalculation,206,5,0,coefficient,1.0,,,
CRStrengthDamageCalculation,206,5,1,pre_multiply_additive,0.0,,,
CRStrengthDamageCalculation,206,5,2,post_multiply_additive,1.0,,,
CRStrengthDamageCalculation,207,0,0,magnitude,1.0,,Ink.EnhancedChargedBuff.AoeImpact.StrengthCoefficient,AbilityConstants
CRStrengthDamageCalculation,208,0,0,magnitude,1.0,,Ink.EnhancedChargedBuff.PulsatingSingleDamage.Damage.StrengthCoefficient,AbilityConstants
CRStrengthDamageCalculation,208,1,0,magnitude,1.0,,Ink.EnhancedChargedBuff.PulsatingSingleDamage.Damage.Spread,AbilityConstants
CRStrengthDamageCalculation,208,2,0,magnitude,1.0,,Ink.Talent.PassiveLightningCritChanceIncrease,AbilityConstants
CRStrengthDamageCalculation,209,0,0,magnitude,1.0,,Ink.HeavySingleTargetAttack.StrengthCoefficient,AbilityConstants
CRStrengthDamageCalculation,209,3,0,magnitude,1.0,,Ink.HeavySingleTargetAttack.Talent.IncreasedDamageScaler,AbilityConstants
CRStrengthDamageCalculation,210,0,0,magnitude,1.0,,Ink.HeavySingleTargetAttack.Lightning.StrengthCoefficient,AbilityConstants
CRStrengthDamageCalculation,210,2,0,magnitude,1.0,,Ink.Talent.PassiveLightningCritChanceIncrease,AbilityConstants
CRStrengthDamageCalculation,210,4,0,magnitude,1.0,,Ink.HeavySingleTargetAttack.Talent.IncreasedDamageScaler,AbilityConstants
CRStrengthDamageCalculation,211,0,0,magnitude,1.0,,Ink.LowHealthSingleTargetResourceDamage.StrengthCoefficient,AbilityConstants
CRStrengthDamageCalculation,211,1,0,magnitude,1.0,,Ink.LowHealthSingleTargetResourceDamage.Spread,AbilityConstants
CRStrengthDamageCalculation,211,2,0,magnitude,1.0,,Ink.DodgeChanceIncreaseForMeleeAttacks,AbilityConstants
CRStrengthDamageCalculation,211,4,0,magnitude,1.0,,Ink.CostReductionBuff.DamageIncrease,AbilityConstants
CRStrengthDamageCalculation,211,5,0,magnitude,1.0,,Ink.LowHealthSingleTargetResourceDamage.Talent.AddedCritChance,AbilityConstants
CRStrengthDamageCalculation,212,0,0,magnitude,1.0,,Ink.MeleeAutoAttack.StrengthCoefficient,AbilityConstants
CRStrengthDamageCalculation,212,1,0,magnitude,1.0,,Ink.MeleeAutoAttack.Spread,AbilityConstants
CRStrengthDamageCalculation,212,2,0,magnitude,1.0,,Ink.DodgeChanceIncreaseForMeleeAttacks,AbilityConstants
CRStrengthDamageCalculation,213,0,0,magnitude,1.0,,Ink.MoveToLocationAoeDamage.StrengthCoefficient,AbilityConstants
CRStrengthDamageCalculation,213,1,0,magnitude,1.0,,Ink.MoveToLocationAoeDamage.Spread,AbilityConstants
CRStrengthDamageCalculation,213,3,0,magnitude,1.0,,Ink.MoveToLocationAoeDamage.Talent.IncreasedCriticalChance.AddedCrit,AbilityConstants
CRStrengthDamageCalculation,214,0,0,magnitude,1.0,,Ink.SecondChanceSingleTargetAttack.StrengthCoefficient,AbilityConstants
CRStrengthDamageCalculation,214,1,0,magnitude,1.0,,Ink.SecondChanceSingleTargetAttack.Talent.IncreasedCritChance.Increase,AbilityConstants
CRStrengthDamageCalculation,214,2,0,magnitude,1.0,,Ink.SecondChanceSingleTargetAttack.Proc.NotActive.DamageMultiplier,AbilityConstants
CRStrengthDamageCalculation,214,3,0,magnitude,1.0,,Ink.SecondChanceSingleTargetAttack.Talent.PassiveIncreasedDamageMultiplier.Increase,AbilityConstants
CRStrengthDamageCalculation,215,0,0,magnitude,1.0,,Ink.SingleTargetHeavyNonSpender.StrengthCoefficient,AbilityConstants
CRStrengthDamageCalculation,215,1,0,magnitude,1.0,,Ink.SecondChanceSingleTargetAttack.Talent.IncreasedCritChance.Increase,AbilityConstants
CRStrengthDamageCalculation,216,0,0,magnitude,1.0,,JS_NPCRime.MeleeAutoAttack.StrengthCoefficient,AbilityConstants
CRStrengthDamageCalculation,217,0,0,magnitude,1.0,,JS_NPCSylvie.MeleeAutoAttack.StrengthCoefficient,AbilityConstants
CRStrengthDamageCalculation,218,0,0,magnitude,1.0,,JS_TutorialGoblin.MeleeAutoAttack.StrengthCoefficient,AbilityConstants
CRStrengthDamageCalculation,219,0,0,magnitude,1.0,,JS_TutorialOrcCaster.MeleeAutoAttack.StrengthCoefficient,AbilityConstants
CRStrengthDamageCalculation,220,0,0,magnitude,1.0,,JS_TutorialOrc.MeleeAutoAttack.StrengthCoefficient,AbilityConstants
CRStrengthDamageCalculation,221,0,0,magnitude,1.0,,JS_TutorialSmallGoblin.MeleeAutoAttack.StrengthCoefficient,AbilityConstants
CRStrengthDamageCalculation,222,0,0,magnitude,1.0,,JS_TutorialTroll.MeleeAutoAttack.StrengthCoefficient,AbilityConstants
CRStrengthDamageCalculation,223,0,0,magnitude,1.0,,JS_TutorialTroll.ThrowRock.StrengthCoefficient,AbilityConstants
CRStrengthDamageCalculation,223,1,0,magnitude,1.0,,JS_TutorialTroll.ThrowRock.Spread,AbilityConstants
CRStrengthDamageCalculation,224,0,0,magnitude,1.0,,JS_TutorialTroll.ThrowRock.Phase1.StrengthCoefficient,AbilityConstants
CRStrengthDamageCalculation,224,1,0,magnitude,1.0,,JS_TutorialTroll.ThrowRock.Phase1.Spread,AbilityConstants
CRStrengthDamageCalculation,225,0,0,magnitude,1.0,,MC_BloodCaster.CastedBleed.Bleed.PrimaryAttributeCoefficient,AbilityConstants
CRStrengthDamageCalculation,226,0,0,magnitude,1.0,,MC_BloodCaster.ChanneledTickingAoE.PrimaryAttributeCoefficient,AbilityConstants
CRStrengthDamageCalculation,227,0,0,magnitude,1.0,,MC_BloodCaster.MeleeAutoAttack.PrimaryAttributeCoefficient,AbilityConstants
CRStrengthDamageCalculation,228,0,0,magnitude,1.0,,MC_BloodGrunt.MeleeAutoAttack.PrimaryAttributeCoefficient,AbilityConstants
CRStrengthDamageCalculation,229,0,0,magnitude,1.0,,MC_BloodGrunt.OnDeathAoe.PrimaryAttributeCoefficient,AbilityConstants
CRStrengthDamageCalculation,229,1,0,magnitude,1.0,,MC_BloodGrunt.OnDeathAoe.Spread,AbilityConstants
CRStrengthDamageCalculation,230,0,0,magnitude,1.0,,MC_BloodGuard.MeleeAutoAttack.DamageIntellectCoefficient,AbilityConstants
CRStrengthDamageCalculation,231,0,0,magnitude,1.0,,MC_BloodGuard.BladeProjectile.StrengthCoefficient,AbilityConstants
CRStrengthDamageCalculation,232,0,0,magnitude,1.0,,MC_BloodGuard.ChargeHalfHealth.Damage.StrengthCoefficient,AbilityConstants
CRStrengthDamageCalculation,233,0,0,magnitude,1.0,,MC_BloodHound.MeleeAutoAttack.PrimaryAttributeCoefficient,AbilityConstants
CRStrengthDamageCalculation,234,0,0,magnitude,1.0,,MC_BloodHound.Cleave.Bleed.PrimaryAttributeCoefficient,AbilityConstants
CRStrengthDamageCalculation,235,0,0,magnitude,1.0,,MC_BloodHound.Cleave.Damage.PrimaryAttributeCoefficient,AbilityConstants
CRStrengthDamageCalculation,236,0,0,magnitude,1.0,,MC_BloodHound.JumpCleave.Bleed.PrimaryAttributeCoefficient,AbilityConstants
CRStrengthDamageCalculation,237,0,0,magnitude,1.0,,MC_BloodHound.MeleeAutoAttack.PrimaryAttributeCoefficient,AbilityConstants
CRStrengthDamageCalculation,238,0,0,magnitude,1.0,,MC_BossGuardian.Charge.Bleed.PrimaryAttributeCoefficient,AbilityConstants
CRStrengthDamageCalculation,239,0,0,magnitude,1.0,,MC_BossGuardian.Charge.PrimaryAttributeCoefficient,AbilityConstants
CRStrengthDamageCalculation,240,1,0,magnitude,1.0,,MC_BossGuardian.Soaks.Dot.PrimaryAttributeCoefficient,AbilityConstants
CRStrengthDamageCalculation,241,0,0,magnitude,1.0,,MC_WanderingGhostGuard.MeleeAutoAttack.StrengthCoefficient,AbilityConstants
CRStrengthDamageCalculation,242,0,0,magnitude,1.0,,MC_WanderingGhostGuard.Slam.StrengthCoefficient,AbilityConstants
CRStrengthDamageCalculation,243,0,0,magnitude,1.0,,MC_WanderingGhostPriest.AoeExplosion.StrengthCoefficient,AbilityConstants
CRStrengthDamageCalculation,244,0,0,magnitude,1.0,,MC_WanderingGhostPriest.MeleeAutoAttack.StrengthCoefficient,AbilityConstants
CRStrengthDamageCalculation,245,0,0,magnitude,1.0,,MC_WanderingGhostWarrior.Cone.Damage.StrengthCoefficient,AbilityConstants
CRStrengthDamageCalculation,246,0,0,magnitude,1.0,,MC_WanderingGhostWarrior.MeleeAutoAttack.StrengthCoefficient,AbilityConstants
CRStrengthDamageCalculation,247,0,0,magnitude,1.0,,MF_BlightedMorningGlory.DotProjectile.StrengthCoefficient,AbilityConstants
CRStrengthDamageCalculation,248,0,0,magnitude,1.0,,MF_BlightedMorningGlory.MeleeAutoAttack.StrengthCoefficient,AbilityConstants
CRStrengthDamageCalculation,249,0,0,magnitude,1.0,,MF_BossNecrolord.MeleeAutoAttack.StrengthCoefficient,AbilityConstants
CRStrengthDamageCalculation,249,1,0,magnitude,1.0,,MF_BossNecrolord.MeleeAutoAttack.Spread,AbilityConstants
CRStrengthDamageCalculation,250,0,0,magnitude,1.0,,MF_BossNecrolord.RangedAutoAttack.StrengthCoefficient,AbilityConstants
CRStrengthDamageCalculation,250,1,0,magnitude,1.0,,MF_BossNecrolord.RangedAutoAttack.Spread,AbilityConstants
CRStrengthDamageCalculation,251,0,0,magnitude,1.0,,MF_BossUnicorn.Charge.StrengthCoefficient,AbilityConstants
CRStrengthDamageCalculation,251,1,0,magnitude,0.0,,,
CRStrengthDamageCalculation,251,2,0,magnitude,1.0,,MF_BossUnicorn.Charge.BossDamageMultiplier,AbilityConstants
CRStrengthDamageCalculation,252,0,0,magnitude,1.0,,MF_BossUnicorn.MeleeAutoAttack.StrengthCoefficient,AbilityConstants
CRStrengthDamageCalculation,252,1,0,magnitude,1.0,,MF_BossUnicorn.MeleeAutoAttack.Spread,AbilityConstants
CRStrengthDamageCalculation,253,1,0,magnitude,0.01,,,
CRStrengthDamageCalculation,254,0,0,magnitude,1.0,,MF_DawnstoneGuardian.MeleeAutoAttack.StrengthCoefficient,AbilityConstants
CRStrengthDamageCalculation,255,0,0,magnitude,1.0,,MF_DawnstoneGuardian.Spikes.StrengthCoefficient,AbilityConstants
CRStrengthDamageCalculation,256,0,0,magnitude,1.0,,MF_FoulTotemic.MeleeAutoAttack.StrengthCoefficient,AbilityConstants
CRStrengthDamageCalculation,257,0,0,magnitude,1.0,,MF_MangyBrute.MeleeAutoAttack.StrengthCoefficient,AbilityConstants
CRStrengthDamageCalculation,258,0,0,magnitude,1.0,,MF_MangyBrute.TankSlam.StrengthCoefficient,AbilityConstants
CRStrengthDamageCalculation,259,0,0,magnitude,1.0,,MF_Skittershard.MeleeAutoAttack.StrengthCoefficient,AbilityConstants
CRStrengthDamageCalculation,260,0,0,magnitude,1.0,,MF_Skittershard.OnDeath.Debuff.StrengthCoefficient,AbilityConstants
CRStrengthDamageCalculation,261,0,0,magnitude,1.0,,NP_BossHellcaller.PeriodicDamage.StrengthCoefficient,AbilityConstants
CRStrengthDamageCalculation,262,0,0,magnitude,1.0,,NP_BullyBasher.MeleeAutoAttack.StrengthCoefficient,AbilityConstants
CRStrengthDamageCalculation,263,0,0,magnitude,1.0,,NP_BullyBasher.TankSlam.StrengthCoefficient,AbilityConstants
CRStrengthDamageCalculation,263,1,0,magnitude,0.01,,,
CRStrengthDamageCalculation,264,0,0,magnitude,1.0,,NP_Facestabber.AttachedAttack.StrengthCoefficient,AbilityConstants
CRStrengthDamageCalculation,265,0,0,magnitude,1.0,,NP_Facestabber.CastProjectile.StrengthCoefficient,AbilityConstants
CRStrengthDamageCalculation,266,0,0,magnitude,1.0,,NP_Facestabber.MeleeAutoAttack.StrengthCoefficient,AbilityConstants
CRStrengthDamageCalculation,267,0,0,magnitude,1.0,,NP_HalfMancatcher.Grip.StrengthCoefficient,AbilityConstants
CRStrengthDamageCalculation,268,0,0,magnitude,1.0,,NP_HalfMancatcher.MeleeAutoAttack.StrengthCoefficient,AbilityConstants
CRStrengthDamageCalculation,269,0,0,magnitude,1.0,,NP_Shinchopper.MeleeAutoAttack.StrengthCoefficient,AbilityConstants
CRStrengthDamageCalculation,270,0,0,magnitude,1.0,,NP_Stormscreamer.MeleeAutoAttack.StrengthCoefficient,AbilityConstants
CRStrengthDamageCalculation,271,0,0,magnitude,1.0,,NP_Stormscreamer.PeriodicDamage.StrengthCoefficient,AbilityConstants
CRStrengthDamageCalculation,272,0,0,magnitude,1.0,,PR_BarbarousLasher.MeleeAutoAttack.StrengthCoefficient,AbilityConstants
CRStrengthDamageCalculation,273,0,0,magnitude,1.0,,PR_BarbarousLasher.ShatterArmor.StrengthCoefficient,AbilityConstants
CRStrengthDamageCalculation,273,1,0,magnitude,0.01,,,
CRStrengthDamageCalculation,274,0,0,magnitude,1.0,,PR_Bilgerat.MeleeAutoAttack.StrengthCoefficient,AbilityConstants
CRStrengthDamageCalculation,275,0,0,magnitude,1.0,,PR_BlunderbussPirate.MeleeAutoAttack.StrengthCoefficient,AbilityConstants
CRStrengthDamageCalculation,276,0,0,magnitude,1.0,,PR_BlunderbussPirate.RangedDamageDebuff.FullStackDebuff.StrengthCoefficient,AbilityConstants
CRStrengthDamageCalculation,276,1,0,coefficient,1.0,,,
CRStrengthDamageCalculation,276,1,1,pre_multiply_additive,0.0,,,
CRStrengthDamageCalculation,276,1,2,post_multiply_additive,0.0,,,
CRStrengthDamageCalculation,277,0,0,magnitude,1.0,,PR_BlunderbussPirate.RangedAutoAttack.StrengthCoefficient,AbilityConstants
CRStrengthDamageCalculation,278,0,0,magnitude,1.0,,PR_BlunderbussPirate.RangedDamageDebuff.StrengthCoefficient,AbilityConstants
CRStrengthDamageCalculation,278,1,0,coefficient,1.0,,,
CRStrengthDamageCalculation,278,1,1,pre_multiply_additive,0.0,,,
CRStrengthDamageCalculation,278,1,2,post_multiply_additive,0.0,,,
CRStrengthDamageCalculation,279,0,0,magnitude,1.0,,PR_BossAnchor.CannonBarrage.Damage.StrengthCoefficient,AbilityConstants
CRStrengthDamageCalculation,280,0,0,magnitude,1.0,,PR_BossAnchor.CastedGrowingTankWave.StrengthCoefficient,AbilityConstants
CRStrengthDamageCalculation,281,0,0,magnitude,1.0,,PR_BossAnchor.HighTide.Damage.StrengthCoefficient,AbilityConstants
CRStrengthDamageCalculation,281,1,0,magnitude,0.05,,PR_BossAnchor.HighTide.Damage.Spread,AbilityConstants
CRStrengthDamageCalculation,282,0,0,magnitude,1.0,,PR_BossAnchor.MeleeAutoAttack.StrengthCoefficient,AbilityConstants
CRStrengthDamageCalculation,283,0,0,magnitude,1.0,,PR_BossAnchor.MeleeAutoAttack.StrengthCoefficient,AbilityConstants
CRStrengthDamageCalculation,283,1,0,magnitude,0.0,,,
CRStrengthDamageCalculation,284,0,0,magnitude,1.0,,PR_BossAnchor.Reinforcements.Damage.StrengthCoefficient,AbilityConstants
CRStrengthDamageCalculation,285,0,0,magnitude,1.0,,PR_BossPirateCaptain.MeleeAutoAttack.StrengthCoefficient,AbilityConstants
CRStrengthDamageCalculation,286,0,0,magnitude,1.0,,PR_BossPirateCaptain.EmptyArenaChannel.StrengthCoefficient,AbilityConstants
CRStrengthDamageCalculation,287,0,0,magnitude,1.0,,PR_BossPirateCaptain.ObstacleCourse.Dot.StrengthCoefficient,AbilityConstants
CRStrengthDamageCalculation,288,0,0,magnitude,1.0,,PR_BossPirateCaptain.QuickShots.StrengthCoefficient,AbilityConstants
CRStrengthDamageCalculation,288,1,0,magnitude,0.01,,,
CRStrengthDamageCalculation,289,0,0,magnitude,1.0,,PR_BossPirateCaptain.Spin.Damage.StrengthCoefficient,AbilityConstants
CRStrengthDamageCalculation,290,0,0,magnitude,1.0,,PR_BossPirateCaptain.Spin.Shoot.StrengthCoefficient,AbilityConstants
CRStrengthDamageCalculation,291,0,0,magnitude,1.0,,PR_BossPirateCaptain.Spin.ShootDebuff.StrengthCoefficient,AbilityConstants
CRStrengthDamageCalculation,292,0,0,magnitude,1.0,,PR_BossPirateCaptain.Split.StrengthCoefficient,AbilityConstants
CRStrengthDamageCalculation,293,0,0,magnitude,1.0,,PR_BossTreasureDemon.MeleeAutoAttack.StrengthCoefficient,AbilityConstants
CRStrengthDamageCalculation,295,0,0,magnitude,1.0,,PR_BossTreasureDemon.Bleed.StrengthCoefficient,AbilityConstants
CRStrengthDamageCalculation,295,1,0,magnitude,1.0,,PR_BossTreasureDemon.Bleed.Spread,AbilityConstants
CRStrengthDamageCalculation,296,0,0,magnitude,1.0,,PR_BossTreasureDemon.Nova.StrengthCoefficient,AbilityConstants
CRStrengthDamageCalculation,296,1,0,magnitude,0.01,,,
CRStrengthDamageCalculation,297,0,0,magnitude,1.0,,PR_BossTreasureDemon.PunchBall.StrengthCoefficient,AbilityConstants
CRStrengthDamageCalculation,298,0,0,magnitude,1.0,,PR_BossTreasureDemon.ScatterCoins.Impact.StrengthCoefficient,AbilityConstants
CRStrengthDamageCalculation,299,0,0,magnitude,1.0,,PR_BossTreasureDemon.ScatterCoins.Aura.StrengthCoefficient,AbilityConstants
CRStrengthDamageCalculation,300,0,0,magnitude,1.0,,PR_BossTreasureDemon.Tornado.StrengthCoefficient,AbilityConstants
CRStrengthDamageCalculation,301,0,0,magnitude,1.0,,PR_BossTreasureDemon.SummonBall.Hit.StrengthCoefficient,AbilityConstants
CRStrengthDamageCalculation,301,1,0,magnitude,1.0,,FK_IceGolem.SpikeAOE.Spread,AbilityConstants
CRStrengthDamageCalculation,302,0,0,magnitude,1.0,,PR_CannonPirate.Bombardment.StrengthCoefficient,AbilityConstants
CRStrengthDamageCalculation,303,0,0,magnitude,1.0,,PR_CannonPirate.Cannon.StrengthCoefficient,AbilityConstants
CRStrengthDamageCalculation,303,1,0,coefficient,1.0,,,
CRStrengthDamageCalculation,303,1,1,pre_multiply_additive,0.0,,,
CRStrengthDamageCalculation,303,1,2,post_multiply_additive,0.0,,,
CRStrengthDamageCalculation,304,0,0,magnitude,1.0,,PR_CannonPirate.MeleeAutoAttack.StrengthCoefficient,AbilityConstants
CRStrengthDamageCalculation,305,0,0,magnitude,1.0,,PR_CannonPirate.RangedAutoAttack.StrengthCoefficient,AbilityConstants
CRStrengthDamageCalculation,306,0,0,magnitude,1.0,,PR_FoB.MeleeAutoAttack.StrengthCoefficient,AbilityConstants
CRStrengthDamageCalculation,307,0,0,magnitude,1.0,,PR_PirateGrunt.CastedTankAoeDamage.StrengthCoefficient,AbilityConstants
CRStrengthDamageCalculation,308,0,0,magnitude,1.0,,PR_PirateGrunt.ChanneledAoe.StrengthCoefficient,AbilityConstants
CRStrengthDamageCalculation,308,1,0,magnitude,1.0,,PR_PirateGrunt.ChanneledAoe.Spread,AbilityConstants
CRStrengthDamageCalculation,309,0,0,magnitude,1.0,,PR_PirateGrunt.MeleeAutoAttack.StrengthCoefficient,AbilityConstants
CRStrengthDamageCalculation,310,0,0,magnitude,1.0,,PR_Scallywag.MeleeAutoAttack.StrengthCoefficient,AbilityConstants
CRStrengthDamageCalculation,311,0,0,magnitude,1.0,,PR_Scallywag.TargetHealthDamage.StrengthCoefficient,AbilityConstants
CRStrengthDamageCalculation,312,0,0,magnitude,1.0,,PR_Scallywag.TargetHealthDamage.DoTStrengthCoefficient,AbilityConstants
CRStrengthDamageCalculation,313,0,0,magnitude,1.0,,PR_Shark.BiteAttached.StrengthCoefficient,AbilityConstants
CRStrengthDamageCalculation,313,1,0,magnitude,1.0,,PR_Shark.BiteAttached.Spread,AbilityConstants
CRStrengthDamageCalculation,314,0,0,magnitude,1.0,,PR_ShipRat.MeleeAutoAttack.StrengthCoefficient,AbilityConstants
CRStrengthDamageCalculation,315,0,0,magnitude,1.0,,PR_ShipRat.OnDeathAoe.StrengthCoefficient,AbilityConstants
CRStrengthDamageCalculation,315,2,0,coefficient,1.0,,,
CRStrengthDamageCalculation,315,2,1,pre_multiply_additive,0.0,,,
CRStrengthDamageCalculation,315,2,2,post_multiply_additive,0.0,,,
CRStrengthDamageCalculation,316,0,0,magnitude,1.0,,PR_SpectralSwab.Explode.StrengthCoefficient,AbilityConstants
CRStrengthDamageCalculation,317,0,0,magnitude,1.0,,PR_Swashbuckler.CastedAoeKnockup.StrengthCoefficient,AbilityConstants
CRStrengthDamageCalculation,318,0,0,magnitude,1.0,,PR_Swashbuckler.CastedGrowingEarthStomp.StrengthCoefficient,AbilityConstants
CRStrengthDamageCalculation,319,0,0,magnitude,1.0,,PR_Swashbuckler.MeleeAutoAttack.StrengthCoefficient,AbilityConstants
CRStrengthDamageCalculation,320,0,0,magnitude,1.0,,PR_TigerCat.Bite.StrengthCoefficient,AbilityConstants
CRStrengthDamageCalculation,321,0,0,magnitude,1.0,,PR_TigerCat.MeleeAutoAttack.StrengthCoefficient,AbilityConstants
CRStrengthDamageCalculation,322,0,0,magnitude,1.0,,PR_TigerCat.SlashClaws.Damage.StrengthCoefficient,AbilityConstants
CRStrengthDamageCalculation,323,0,0,magnitude,1.0,,PR_WaterCaster.MeleeAutoAttack.StrengthCoefficient,AbilityConstants
CRStrengthDamageCalculation,324,0,0,magnitude,1.0,,SG_BossSiren.Bleed.StrengthCoefficient,AbilityConstants
CRStrengthDamageCalculation,324,1,0,magnitude,1.0,,SG_BossSiren.Bleed.Spread,AbilityConstants
CRStrengthDamageCalculation,325,0,0,magnitude,1.0,,SG_BossSiren.Bubble.StrengthCoefficient,AbilityConstants
CRStrengthDamageCalculation,326,0,0,magnitude,1.0,,SG_BossSiren.Bubble.PreSpawnDot.StrengthCoefficient,AbilityConstants
CRStrengthDamageCalculation,326,1,0,coefficient,1.0,,,
CRStrengthDamageCalculation,326,1,1,pre_multiply_additive,0.0,,,
CRStrengthDamageCalculation,326,1,2,post_multiply_additive,0.0,,,
CRStrengthDamageCalculation,327,0,0,magnitude,1.0,,SG_BossSiren.Interrupt.StrengthCoefficient,AbilityConstants
CRStrengthDamageCalculation,328,0,0,magnitude,1.0,,SG_BossSiren.MeleeAutoAttack.StrengthCoefficient,AbilityConstants
CRStrengthDamageCalculation,329,0,0,magnitude,1.0,,SG_BossSiren.TankSlamAndLink.Slam.StrengthCoefficient,AbilityConstants
CRStrengthDamageCalculation,330,0,0,magnitude,1.0,,SG_BossSiren.TankSlamAndLink.Link.StrengthCoefficient,AbilityConstants
CRStrengthDamageCalculation,331,0,0,magnitude,1.0,,SG_BossSiren.WalkOverEdge.Dot.StrengthCoefficient,AbilityConstants
CRStrengthDamageCalculation,332,0,0,magnitude,1.0,,SG_BossSiren.Wave.StrengthCoefficient,AbilityConstants
CRStrengthDamageCalculation,333,0,0,magnitude,1.0,,SG_CoralLasher.InitialRangedAttack.StrengthCoefficient,AbilityConstants
CRStrengthDamageCalculation,334,0,0,magnitude,1.0,,SG_CoralLasher.InitialRangedAttack.Dot.StrengthCoefficient,AbilityConstants
CRStrengthDamageCalculation,334,1,0,coefficient,1.0,,,
CRStrengthDamageCalculation,334,1,1,pre_multiply_additive,0.0,,,
CRStrengthDamageCalculation,334,1,2,post_multiply_additive,0.0,,,
CRStrengthDamageCalculation,335,0,0,magnitude,1.0,,SG_CoralLasher.MeleeAutoAttack.StrengthCoefficient,AbilityConstants
CRStrengthDamageCalculation,336,0,0,magnitude,1.0,,SG_DrownedSailor.AutoAttack.DamageIntellectCoefficient,AbilityConstants
CRStrengthDamageCalculation,337,0,0,magnitude,1.0,,SG_DrownedSailor.PoisonDagger.Dot.StrengthCoefficient,AbilityConstants
CRStrengthDamageCalculation,337,1,0,coefficient,1.0,,,
CRStrengthDamageCalculation,337,1,1,pre_multiply_additive,0.0,,,
CRStrengthDamageCalculation,337,1,2,post_multiply_additive,0.0,,,
CRStrengthDamageCalculation,338,0,0,magnitude,1.0,,SG_EchoingSpirit.RangedAutoAttack.StrengthCoefficient,AbilityConstants
CRStrengthDamageCalculation,338,1,0,magnitude,1.0,,SG_EchoingSpirit.RangedAutoAttack.Spread,AbilityConstants
CRStrengthDamageCalculation,339,0,0,magnitude,1.0,,SG_EchoingSpirit.ChainLightning.IntellectCoefficient,AbilityConstants
CRStrengthDamageCalculation,339,1,0,coefficient,1.0,,,
CRStrengthDamageCalculation,339,1,1,pre_multiply_additive,0.0,,,
CRStrengthDamageCalculation,339,1,2,post_multiply_additive,0.0,,,
CRStrengthDamageCalculation,340,0,0,magnitude,1.0,,SG_EchoingSpiritGhost.AutoAttack.StrengthCoefficient,AbilityConstants
CRStrengthDamageCalculation,341,0,0,magnitude,4.76,,,
CRStrengthDamageCalculation,342,0,0,coefficient,1.0,,SG_EchoingSpiritGhost.SelfDamagePerTick,AbilityConstants
CRStrengthDamageCalculation,342,0,1,pre_multiply_additive,0.0,,,
CRStrengthDamageCalculation,342,0,2,post_multiply_additive,0.0,,,
CRStrengthDamageCalculation,343,0,0,magnitude,1.0,,SG_EchoingSpirit.MeleeAutoAttack.StrengthCoefficient,AbilityConstants
CRStrengthDamageCalculation,344,0,0,magnitude,1.0,,SG_GhostCorpse.MeleeAutoAttack.StrengthCoefficient,AbilityConstants
CRStrengthDamageCalculation,345,0,0,magnitude,1.0,,SG_GhostEruptor.MeleeAutoAttack.StrengthCoefficient,AbilityConstants
CRStrengthDamageCalculation,346,0,0,magnitude,1.0,,SG_GhostFerventSoldier.MeleeAutoAttack.StrengthCoefficient,AbilityConstants
CRStrengthDamageCalculation,347,0,0,magnitude,1.0,,SG_GhostOrc.Cleave.StrengthCoefficient,AbilityConstants
CRStrengthDamageCalculation,348,0,0,magnitude,1.0,,SG_GhostOrc.Cleave.Dot.StrengthCoefficient,AbilityConstants
CRStrengthDamageCalculation,349,0,0,magnitude,1.0,,SG_GhostOrc.MeleeAutoAttack.StrengthCoefficient,AbilityConstants
CRStrengthDamageCalculation,350,0,0,magnitude,1.0,,SG_GreaterWaterElemental.AutoAttack.StrengthCoefficient,AbilityConstants
CRStrengthDamageCalculation,350,1,0,magnitude,1.0,,SG_GreaterWaterElemental.AutoAttack.Spread,AbilityConstants
CRStrengthDamageCalculation,351,0,0,magnitude,1.0,,SG_GreaterWaterElemental.BurrowedStrike.StrengthCoefficient,AbilityConstants
CRStrengthDamageCalculation,351,1,0,magnitude,1.0,,SG_GreaterWaterElemental.BurrowedStrike.Spread,AbilityConstants
CRStrengthDamageCalculation,352,0,0,magnitude,1.0,,SG_GreaterWaterElemental.EarthBreaker.StrengthCoefficient,AbilityConstants
CRStrengthDamageCalculation,352,1,0,magnitude,1.0,,SG_GreaterWaterElemental.EarthBreaker.Spread,AbilityConstants
CRStrengthDamageCalculation,353,0,0,magnitude,1.0,,SG_GreaterWaterElemental.EarthStomp.StrengthCoefficient,AbilityConstants
CRStrengthDamageCalculation,353,1,0,magnitude,1.0,,SG_GreaterWaterElemental.EarthStomp.Spread,AbilityConstants
CRStrengthDamageCalculation,354,0,0,magnitude,1.0,,SG_GreaterWaterElemental.Upheaval.StrengthCoefficient,AbilityConstants
CRStrengthDamageCalculation,354,1,0,magnitude,1.0,,SG_GreaterWaterElemental.Upheaval.Spread,AbilityConstants
CRStrengthDamageCalculation,355,0,0,magnitude,1.0,,SG_SaltSprite.MeleeAutoAttack.StrengthCoefficient,AbilityConstants
CRStrengthDamageCalculation,356,0,0,magnitude,1.0,,SG_SaltSprite.TargetHealthDamage.StrengthCoefficient,AbilityConstants
CRStrengthDamageCalculation,356,2,0,magnitude,1.0,,SG_SaltSprite.TargetHealthDamage.Spread,AbilityConstants
CRStrengthDamageCalculation,357,0,0,magnitude,1.0,,SG_WaterElemental.MeleeAutoAttack.StrengthCoefficient,AbilityConstants
CRStrengthDamageCalculation,358,0,0,magnitude,1.0,,SG_Wisp.MeleeAutoAttack.StrengthCoefficient,AbilityConstants
CRStrengthDamageCalculation,359,0,0,magnitude,1.0,,SG_Wisp.OnDeathAoe.StrengthCoefficient,AbilityConstants
CRStrengthDamageCalculation,360,0,0,magnitude,1.0,,SG_Wisp.SingleTargetAttackAndMoveBack.StrengthCoefficient,AbilityConstants
CRStrengthDamageCalculation,360,1,0,magnitude,1.0,,SG_Wisp.SingleTargetAttackAndMoveBack.Spread,AbilityConstants
CRStrengthDamageCalculation,361,0,0,magnitude,1.0,,SH_BossSpider.AOEDotAndBuff.Dot.StrengthCoefficient,AbilityConstants
CRStrengthDamageCalculation,362,0,0,magnitude,1.0,,SH_BossSpider.MeleeAutoAttack.StrengthCoefficient,AbilityConstants
CRStrengthDamageCalculation,363,0,0,magnitude,1.0,,SH_BossSpider.Swarm.StrengthCoefficient,AbilityConstants
CRStrengthDamageCalculation,364,0,0,magnitude,1.0,,SH_BossSpider.Swarm.StrengthCoefficient,AbilityConstants
CRStrengthDamageCalculation,365,0,0,magnitude,1.0,,SH_BossSpider.TankSlam.StrengthCoefficient,AbilityConstants
CRStrengthDamageCalculation,365,1,0,magnitude,0.01,,,
CRStrengthDamageCalculation,366,0,0,magnitude,1.0,,SH_BossSpider.TetherAttack.StrengthCoefficient,AbilityConstants
CRStrengthDamageCalculation,366,1,0,magnitude,0.01,,,
CRStrengthDamageCalculation,367,0,0,magnitude,1.0,,SH_BossSpider.VenomSpray.StrengthCoefficient,AbilityConstants
CRStrengthDamageCalculation,368,0,0,magnitude,1.0,,SH_CarrionHorror.ExplodeCorpse.StrengthCoefficient,AbilityConstants
CRStrengthDamageCalculation,369,0,0,magnitude,1.0,,SH_CarrionHorror.ExplodeCorpse.Dot.StrengthCoefficient,AbilityConstants
CRStrengthDamageCalculation,370,0,0,magnitude,1.0,,SH_CarrionHorror.MeleeAutoAttack.StrengthCoefficient,AbilityConstants
CRStrengthDamageCalculation,371,0,0,magnitude,1.0,,SH_Eggbearer.MeleeAutoAttack.StrengthCoefficient,AbilityConstants
CRStrengthDamageCalculation,372,0,0,magnitude,1.0,,SH_GravesnareKidnapper.KidnapBite.StrengthCoefficient,AbilityConstants
CRStrengthDamageCalculation,373,0,0,magnitude,1.0,,SH_GravesnareKidnapper.MeleeAutoAttack.StrengthCoefficient,AbilityConstants
CRStrengthDamageCalculation,374,0,0,magnitude,1.0,,SH_GravesnareKidnapper.SlowCone.StrengthCoefficient,AbilityConstants
CRStrengthDamageCalculation,375,0,0,magnitude,1.0,,SH_RotheartRecluse.DotProjectile.Dot.StrengthCoefficient,AbilityConstants
CRStrengthDamageCalculation,376,0,0,magnitude,1.0,,SH_RotheartRecluse.DotProjectile.End.StrengthCoefficient,AbilityConstants
CRStrengthDamageCalculation,377,0,0,magnitude,1.0,,SH_RotheartRecluse.MeleeAutoAttack.StrengthCoefficient,AbilityConstants
CRStrengthDamageCalculation,378,0,0,magnitude,1.0,,SH_RotheartRecluse.MeleeDot.StrengthCoefficient,AbilityConstants
CRStrengthDamageCalculation,379,0,0,magnitude,1.0,,SH_Spiderling.Leap.StrengthCoefficient,AbilityConstants
CRStrengthDamageCalculation,380,0,0,magnitude,1.0,,SH_Spiderling.MeleeAutoAttack.StrengthCoefficient,AbilityConstants
CRStrengthDamageCalculation,381,0,0,magnitude,1.0,,SH_Venomdrinker.CastProjectile.StrengthCoefficient,AbilityConstants
CRStrengthDamageCalculation,382,0,0,magnitude,1.0,,SH_Venomdrinker.Dot.StrengthCoefficient,AbilityConstants
CRStrengthDamageCalculation,383,0,0,magnitude,1.0,,SH_Venomdrinker.MeleeAutoAttack.StrengthCoefficient,AbilityConstants
CRStrengthDamageCalculation,384,0,0,magnitude,1.0,,SH_Venomdrinker.Tornado.StrengthCoefficient,AbilityConstants
CRStrengthDamageCalculation,385,0,0,magnitude,1.0,,SP_BossMarcass.BloodRain.Volatile.StrengthCoefficient,AbilityConstants
CRStrengthDamageCalculation,386,0,0,magnitude,1.0,,SP_BossMarcass.MeleeAutoAttack.StrengthCoefficient,AbilityConstants
CRStrengthDamageCalculation,387,0,0,magnitude,1.0,,SP_BossMarcass.PairUp.StrengthCoefficient,AbilityConstants
CRStrengthDamageCalculation,388,0,0,magnitude,1.0,,SP_BossMarcass.Stampede.Bleed.StrengthCoefficient,AbilityConstants
CRStrengthDamageCalculation,389,0,0,magnitude,1.0,,SP_BossMarcass.TankBuster.StrengthCoefficient,AbilityConstants
CRStrengthDamageCalculation,390,0,0,magnitude,1.0,,SP_FrostWolf.Bite.Debuff.PrimaryAttributeCoefficient,AbilityConstants
CRStrengthDamageCalculation,391,0,0,magnitude,1.0,,SP_FrostWolf.MeleeAutoAttack.StrengthCoefficient,AbilityConstants
CRStrengthDamageCalculation,392,0,0,magnitude,1.0,,SP_PolarBear.MeleeAutoAttack.StrengthCoefficient,AbilityConstants
CRStrengthDamageCalculation,393,0,0,magnitude,1.0,,SP_PolarBear.Stomp.StrengthCoefficient,AbilityConstants
CRStrengthDamageCalculation,394,0,0,magnitude,1.0,,ST_BigBloodElemental.CastDot.StrengthCoefficient,AbilityConstants
CRStrengthDamageCalculation,395,0,0,magnitude,1.0,,ST_BigBloodElemental.MeleeAutoAttack.StrengthCoefficient,AbilityConstants
CRStrengthDamageCalculation,396,0,0,magnitude,1.0,,ST_BloodBrute.MeleeAutoAttack.PrimaryAttributeCoefficient,AbilityConstants
CRStrengthDamageCalculation,397,0,0,magnitude,1.0,,ST_BloodBrute.ChargeSoak.StrengthCoefficient,AbilityConstants
CRStrengthDamageCalculation,397,2,0,magnitude,1.0,,ST_BloodBrute.ChargeSoak.DamageSpread,AbilityConstants
CRStrengthDamageCalculation,398,0,0,magnitude,1.0,,ST_BloodBrute.MeleeAutoAttack.PrimaryAttributeCoefficient,AbilityConstants
CRStrengthDamageCalculation,399,0,0,magnitude,1.0,,ST_BloodCreationBig.MeleeAutoAttack.PrimaryAttributeCoefficient,AbilityConstants
CRStrengthDamageCalculation,400,0,0,magnitude,1.0,,ST_BloodCreationBig.OnDeathAoe.StrengthCoefficient,AbilityConstants
CRStrengthDamageCalculation,400,2,0,coefficient,1.0,,,
CRStrengthDamageCalculation,400,2,1,pre_multiply_additive,0.0,,,
CRStrengthDamageCalculation,400,2,2,post_multiply_additive,0.0,,,
CRStrengthDamageCalculation,401,0,0,magnitude,1.0,,ST_BloodCreation.MeleeAutoAttack.PrimaryAttributeCoefficient,AbilityConstants
CRStrengthDamageCalculation,402,0,0,magnitude,1.0,,ST_BloodCreation.OnDeathAoe.StrengthCoefficient,AbilityConstants
CRStrengthDamageCalculation,402,2,0,coefficient,1.0,,,
CRStrengthDamageCalculation,402,2,1,pre_multiply_additive,0.0,,,
CRStrengthDamageCalculation,402,2,2,post_multiply_additive,0.0,,,
CRStrengthDamageCalculation,403,0,0,magnitude,1.0,,ST_BossArbiter.BeamIllusions.Dot.StrengthCoefficient,AbilityConstants
CRStrengthDamageCalculation,404,0,0,magnitude,1.0,,ST_BossArbiter.CircleIllusions.StepInsideDot.PrimayDamageCoefficient,AbilityConstants
CRStrengthDamageCalculation,405,0,0,magnitude,1.0,,ST_BossArbiter.ArenaProjectiles.StrengthCoefficient,AbilityConstants
CRStrengthDamageCalculation,406,0,0,magnitude,1.0,,ST_BossArbiter.ArenaProjectiles.Dot.StrengthCoefficient,AbilityConstants
CRStrengthDamageCalculation,407,0,0,magnitude,1.0,,ST_BossArbiter.ChannelTruesighter.StrengthCoefficient,AbilityConstants
CRStrengthDamageCalculation,408,0,0,magnitude,1.0,,ST_BossArbiter.GiveTruesight.StrengthCoefficient,AbilityConstants
CRStrengthDamageCalculation,409,0,0,magnitude,1.0,,ST_BossArbiter.LavaFloor.StrengthCoefficient,AbilityConstants
CRStrengthDamageCalculation,410,0,0,magnitude,1.0,,ST_BossArbiter.MazeNuke.StrengthCoefficient,AbilityConstants
CRStrengthDamageCalculation,411,0,0,magnitude,1.0,,ST_BossArbiter.MazeNuke.Dot.StrengthCoefficient,AbilityConstants
CRStrengthDamageCalculation,412,0,0,magnitude,1.0,,ST_BossArbiter.Maze.Explosion.StrengthCoefficient,AbilityConstants
CRStrengthDamageCalculation,413,0,0,magnitude,1.0,,ST_BossArbiter.Maze.PlayerAoe.StrengthCoefficient,AbilityConstants
CRStrengthDamageCalculation,414,0,0,magnitude,1.0,,ST_BossArbiter.MeleeAutoAttack.StrengthCoefficient,AbilityConstants
CRStrengthDamageCalculation,415,0,0,magnitude,1.0,,ST_BossArbiter.RandomImpactsAoe.StrengthCoefficient,AbilityConstants
CRStrengthDamageCalculation,416,0,0,magnitude,1.0,,ST_BossArbiter.Runes.Dot.StrengthCoefficient,AbilityConstants
CRStrengthDamageCalculation,417,0,0,magnitude,1.0,,ST_BossArbiter.TankSlam.StrengthCoefficient,AbilityConstants
CRStrengthDamageCalculation,418,0,0,magnitude,1.0,,ST_SanguineCrusher.Knockback.StrengthCoefficient,AbilityConstants
CRStrengthDamageCalculation,419,0,0,magnitude,1.0,,ST_SanguineCrusher.MeleeAutoAttack.StrengthCoefficient,AbilityConstants
CRStrengthDamageCalculation,420,0,0,magnitude,1.0,,ST_SanguineCrusher.TankSlam.StrengthCoefficient,AbilityConstants
CRStrengthDamageCalculation,421,0,0,magnitude,1.0,,ST_SmallBloodElemental.MeleeAutoAttack.StrengthCoefficient,AbilityConstants
CRStrengthDamageCalculation,422,0,0,magnitude,1.0,,Shared_PolymorphChickenSmall.AutoAttack.Damage.StrengthCoefficient,AbilityConstants
CRStrengthDamageCalculation,423,0,0,magnitude,1.0,,Sune.AoeMelee.DamageStrengthCoefficient,AbilityConstants
CRStrengthDamageCalculation,423,3,0,magnitude,1.0,,Sune.AoeMelee.Talent.CooldownProc.Buff.CritChanceIncrease,AbilityConstants
CRStrengthDamageCalculation,424,0,0,magnitude,1.0,,Sune.AtTargetInstantAoe.DamageStrengthCoefficient,AbilityConstants
CRStrengthDamageCalculation,425,0,0,magnitude,1.0,,Sune.DamageTransferAura.Dot.DamageStrengthCoefficient,AbilityConstants
CRStrengthDamageCalculation,426,0,0,magnitude,1.0,,Sune.DroppedPulseAoe.DamageStrengthCoefficient,AbilityConstants
CRStrengthDamageCalculation,426,3,0,magnitude,1.0,,Sune.DroppedPulseAoe.Talent.DamageIncrease.Multiplier,AbilityConstants
CRStrengthDamageCalculation,427,0,0,magnitude,1.0,,Sune.InstantCleaveMelee.DamageStrengthCoefficient,AbilityConstants
CRStrengthDamageCalculation,427,2,0,magnitude,1.0,,Sune.InstantCleaveMelee.Talent.DamageIncrease.DamageScaler,AbilityConstants
CRStrengthDamageCalculation,428,0,0,magnitude,1.0,,Sune.InstantConeStunAndPull.DamageStrengthCoefficient,AbilityConstants
CRStrengthDamageCalculation,429,0,0,magnitude,1.0,,Sune.InstantSingleTargetHealOrDamage.DamageStrengthCoefficient,AbilityConstants
CRStrengthDamageCalculation,429,3,0,magnitude,1.0,,Sune.InstantSingleTargetHealOrDamage.Talent.PowerScaler,AbilityConstants
CRStrengthDamageCalculation,430,0,0,magnitude,1.0,,Sune.MeleeAutoAttack.StrengthCoefficient,AbilityConstants
CRStrengthDamageCalculation,431,0,0,magnitude,1.0,,Sune.SelfImmunityAndAoeHeal.AoeDamage.DamageStrengthCoefficient,AbilityConstants
CRStrengthDamageCalculation,432,0,0,magnitude,1.0,,Sune.SingleTargetFillerMelee.DamageStrengthCoefficient,AbilityConstants
CRStrengthDamageCalculation,432,1,0,magnitude,1.0,,Sune.SingleTargetFillerMelee.Talent.CritChanceIncrease,AbilityConstants
CRStrengthDamageCalculation,433,0,0,magnitude,1.0,,Sune.Talent.ParryCounterAttack.DamageStrengthCoefficient,AbilityConstants
CRStrengthDamageCalculation,434,0,0,magnitude,1.0,,Sune.SingleTargetFillerMelee.Talent.AoeProcBuff.Aoe.DamageStrengthCoefficient,AbilityConstants
CRStrengthDamageCalculation,434,2,0,magnitude,1.0,,Sune.SingleTargetFillerMelee.Talent.CritChanceIncrease,AbilityConstants
CRStrengthDamageCalculation,435,0,0,magnitude,1.0,,Sune.TargetedCastedHealOrDamage.DamageStrengthCoefficient,AbilityConstants
CRStrengthDamageCalculation,436,0,0,magnitude,1.0,,Sune.TargetedLeapAoe.Aoe.DamageStrengthCoefficient,AbilityConstants
CRStrengthDamageCalculation,437,0,0,magnitude,1.0,,UB_BossArchbishop.AutoAttackMelee.StrengthCoefficient,AbilityConstants
CRStrengthDamageCalculation,438,0,0,magnitude,1.0,,UB_BossArchbishop.FollowingCylinderAOE.StrengthCoefficient,AbilityConstants
CRStrengthDamageCalculation,439,0,0,magnitude,1.0,,UB_BossLifebringer.Caster.MeleeAutoAttack.StrengthCoefficient,AbilityConstants
CRStrengthDamageCalculation,440,0,0,magnitude,1.0,,UB_BossLifebringer.MeleeAutoAttack.StrengthCoefficient,AbilityConstants
CRStrengthDamageCalculation,441,0,0,magnitude,1.0,,UB_BossLifebringer.Lunatic.MeleeAutoAttack.StrengthCoefficient,AbilityConstants
CRStrengthDamageCalculation,442,0,0,magnitude,1.0,,UB_BossMarcassCree.CastedTankBuster.StrengthCoefficient,AbilityConstants
CRStrengthDamageCalculation,442,1,0,magnitude,1.0,,UB_BossMarcassCree.CastedTankBuster.Spread,AbilityConstants
CRStrengthDamageCalculation,443,0,0,magnitude,1.0,,UB_BossMarcassCree.ChasingCircles.StrengthCoefficient,AbilityConstants
CRStrengthDamageCalculation,443,1,0,magnitude,1.0,,UB_BossMarcassCree.ChasingCircles.Spread,AbilityConstants
CRStrengthDamageCalculation,444,0,0,magnitude,1.0,,UB_BossMarcassCree.CircleAoe.StrengthCoefficient,AbilityConstants
CRStrengthDamageCalculation,445,0,0,magnitude,1.0,,UB_BossMarcassCree.FrontalCone.StrengthCoefficient,AbilityConstants
CRStrengthDamageCalculation,446,0,0,magnitude,1.0,,UB_BossMarcassCree.FrontalCone.Dot.StrengthCoefficient,AbilityConstants
CRStrengthDamageCalculation,446,1,0,magnitude,1.0,,UB_BossMarcassCree.FrontalCone.Dot.Spread,AbilityConstants
CRStrengthDamageCalculation,447,0,0,magnitude,1.0,,UB_BossMarcassCree.MeleeAutoAttack.StrengthCoefficient,AbilityConstants
CRStrengthDamageCalculation,448,0,0,magnitude,1.0,,UB_BossMarcassCree.Minion.ChanneledAttack.StrengthCoefficient,AbilityConstants
CRStrengthDamageCalculation,448,1,0,magnitude,1.0,,UB_BossMarcassCree.Minion.ChanneledAttack.Spread,AbilityConstants
CRStrengthDamageCalculation,449,0,0,magnitude,1.0,,UB_BossMarcassCree.Minion.Bleed.StrengthCoefficient,AbilityConstants
CRStrengthDamageCalculation,450,0,0,magnitude,1.0,,UB_BossMarcassCree.Minion.MeleeAutoAttack.StrengthCoefficient,AbilityConstants
CRStrengthDamageCalculation,451,0,0,magnitude,1.0,,UB_BossMarcassCree.PairUp.StrengthCoefficient,AbilityConstants
CRStrengthDamageCalculation,451,1,0,magnitude,1.0,,UB_BossMarcassCree.PairUp.Spread,AbilityConstants
CRStrengthDamageCalculation,452,0,0,magnitude,1.0,,UB_BossMarcassCree.Stampede.Bleed.StrengthCoefficient,AbilityConstants
CRStrengthDamageCalculation,452,1,0,magnitude,1.0,,UB_BossMarcassCree.Stampede.Bleed.Spread,AbilityConstants
CRStrengthDamageCalculation,453,0,0,magnitude,1.0,,UB_BossOperator.MeleeAutoAttack.StrengthCoefficient,AbilityConstants
CRStrengthDamageCalculation,454,0,0,magnitude,1.0,,UB_BossSiegeGraveyard.CastHomingProjectileSpawnCorpse.Projectile.Spread,AbilityConstants
CRStrengthDamageCalculation,454,1,0,magnitude,1.0,,UB_BossSiegeGraveyard.CastHomingProjectileSpawnCorpse.Projectile.StrengthCoefficient,AbilityConstants
CRStrengthDamageCalculation,455,0,0,magnitude,1.0,,UB_BossSiegeGraveyard.MeleeAutoAttack.StrengthCoefficient,AbilityConstants
CRStrengthDamageCalculation,456,0,0,magnitude,1.0,,UB_BossSiegeGraveyard.TriggerNearbyCorpseAOE.Explosion.StrengthCoefficient,AbilityConstants
CRStrengthDamageCalculation,457,0,0,magnitude,1.0,,UB_BossSiegeGraveyard.TriggerNearbyCorpseAOE.UnavoidableDamage.StrengthCoefficient,AbilityConstants
CRStrengthDamageCalculation,458,0,0,magnitude,1.0,,UB_BossWarMachine.AoeCircles.StrengthCoefficient,AbilityConstants
CRStrengthDamageCalculation,459,0,0,magnitude,1.0,,UB_BossWarMachine.BonusStackDot.DotStrengthCoefficientPerTick,AbilityConstants
CRStrengthDamageCalculation,459,1,0,magnitude,1.0,,UB_BossWarMachine.BonusStackDot.DotSpread,AbilityConstants
CRStrengthDamageCalculation,460,0,0,magnitude,1.0,,UB_BossWarMachine.FireSweep.Dot.StrengthCoefficient,AbilityConstants
CRStrengthDamageCalculation,460,1,0,magnitude,1.0,,UB_BossWarMachine.FireSweep.Dot.Spread,AbilityConstants
CRStrengthDamageCalculation,461,0,0,magnitude,1.0,,UB_BossWarMachine.LinkTargets.DotStrengthCoefficientPerTick,AbilityConstants
CRStrengthDamageCalculation,461,1,0,magnitude,1.0,,UB_BossWarMachine.LinkTargets.Spread,AbilityConstants
CRStrengthDamageCalculation,462,0,0,magnitude,1.0,,UB_BossWarMachine.MeleeAutoAttack.StrengthCoefficient,AbilityConstants
CRStrengthDamageCalculation,463,0,0,magnitude,1.0,,UB_BossWarMachine.MeleeRangeAoeExplosion.StrengthCoefficient,AbilityConstants
CRStrengthDamageCalculation,464,0,0,magnitude,1.0,,UB_BossWarband.BleedBuff.Dot.StrengthCoefficient,AbilityConstants
CRStrengthDamageCalculation,464,1,0,magnitude,1.0,,UB_BossWarband.BleedBuff.Dot.Spread,AbilityConstants
CRStrengthDamageCalculation,465,0,0,magnitude,1.0,,UB_BossWarMachine.MassAoeDot.DotStrengthCoefficientPerTick,AbilityConstants
CRStrengthDamageCalculation,465,1,0,magnitude,1.0,,UB_BossWarMachine.MassAoeDot.DotSpread,AbilityConstants
CRStrengthDamageCalculation,466,0,0,magnitude,1.0,,UB_BossLifebringer.Warrior.FrontalConeAttack.StrengthCoefficient,AbilityConstants
CRStrengthDamageCalculation,467,0,0,magnitude,1.0,,UB_BossLifebringer.Warrior.MeleeAutoAttack.StrengthCoefficient,AbilityConstants
CRStrengthDamageCalculation,468,0,0,magnitude,1.0,,UB_BossLifebringer.Warrior.RangedDotProjectile.Dot.StrengthCoefficient,AbilityConstants
CRStrengthDamageCalculation,469,0,0,magnitude,1.0,,UB_BossLifebringer.Warrior.RangedDotProjectile.StrengthCoefficient,AbilityConstants
CRStrengthDamageCalculation,469,1,0,magnitude,1.0,,UB_BossLifebringer.Warrior.RangedDotProjectile.Spread,AbilityConstants
CRStrengthDamageCalculation,470,0,0,magnitude,1.0,,UB_CadavrianBannerman.AoeStun.StrengthCoefficient,AbilityConstants
CRStrengthDamageCalculation,471,0,0,magnitude,1.0,,UB_CadavrianBannerman.CastedHighestThreatAoe.StrengthCoefficient,AbilityConstants
CRStrengthDamageCalculation,471,1,0,magnitude,1.0,,UB_CadavrianBannerman.CastedHighestThreatAoe.Spread,AbilityConstants
CRStrengthDamageCalculation,472,0,0,magnitude,1.0,,UB_CadavrianBannerman.ChargeFurthestTargetAoe.StrengthCoefficient,AbilityConstants
CRStrengthDamageCalculation,472,1,0,magnitude,1.0,,UB_CadavrianBannerman.ChargeFurthestTargetAoe.DamageSpread,AbilityConstants
CRStrengthDamageCalculation,473,0,0,magnitude,1.0,,UB_CadavrianBannerman.MeleeAutoAttack.StrengthCoefficient,AbilityConstants
CRStrengthDamageCalculation,474,0,0,magnitude,1.0,,UB_CarrionCollector.CastHomingProjectileSpawnCorpse.Projectile.Spread,AbilityConstants
CRStrengthDamageCalculation,474,1,0,magnitude,1.0,,UB_CarrionCollector.CastHomingProjectileSpawnCorpse.Projectile.StrengthCoefficient,AbilityConstants
CRStrengthDamageCalculation,475,0,0,magnitude,1.0,,UB_CarrionCollector.MeleeAutoAttack.StrengthCoefficient,AbilityConstants
CRStrengthDamageCalculation,476,0,0,magnitude,1.0,,UB_BossSiegeGraveyard.TriggerNearbyCorpseAOE.Explosion.StrengthCoefficient,AbilityConstants
CRStrengthDamageCalculation,477,0,0,magnitude,1.0,,UB_BossSiegeGraveyard.TriggerNearbyCorpseAOE.UnavoidableDamage.StrengthCoefficient,AbilityConstants
CRStrengthDamageCalculation,478,0,0,magnitude,1.0,,UB_Corpse.MeleeAutoAttack.StrengthCoefficient,AbilityConstants
CRStrengthDamageCalculation,479,0,0,magnitude,1.0,,UB_Crusader.CastedHighestThreatAoe.StrengthCoefficient,AbilityConstants
CRStrengthDamageCalculation,480,0,0,magnitude,1.0,,UB_Crusader.CastedHighestThreatDot.StrengthCoefficient,AbilityConstants
CRStrengthDamageCalculation,480,1,0,magnitude,1.0,,UB_Crusader.CastedHighestThreatDot.Spread,AbilityConstants
CRStrengthDamageCalculation,481,0,0,magnitude,1.0,,UB_Crusader.MeleeAutoAttack.StrengthCoefficient,AbilityConstants
CRStrengthDamageCalculation,481,1,0,magnitude,1.0,,UB_Crusader.MeleeAutoAttack.Spread,AbilityConstants
CRStrengthDamageCalculation,482,0,0,magnitude,1.0,,UB_DefendingCleric.CastedProjectile.StrengthCoefficient,AbilityConstants
CRStrengthDamageCalculation,482,1,0,magnitude,1.0,,UB_DefendingCleric.CastedProjectile.Spread,AbilityConstants
CRStrengthDamageCalculation,483,0,0,magnitude,1.0,,UB_DefendingCleric.MeleeAutoAttack.StrengthCoefficient,AbilityConstants
CRStrengthDamageCalculation,484,0,0,magnitude,1.0,,UB_DefendingKnight.FrontalCone.StrengthCoefficient,AbilityConstants
CRStrengthDamageCalculation,484,1,0,magnitude,1.0,,UB_DefendingKnight.FrontalCone.Spread,AbilityConstants
CRStrengthDamageCalculation,485,0,0,magnitude,1.0,,UB_DefendingKnight.MeleeAutoAttack.StrengthCoefficient,AbilityConstants
CRStrengthDamageCalculation,486,0,0,magnitude,1.0,,UB_FallenCleric.CastedProjectile.StrengthCoefficient,AbilityConstants
CRStrengthDamageCalculation,486,1,0,magnitude,1.0,,UB_FallenCleric.CastedProjectile.Spread,AbilityConstants
CRStrengthDamageCalculation,487,0,0,magnitude,1.0,,UB_FallenCleric.MeleeAutoAttack.StrengthCoefficient,AbilityConstants
CRStrengthDamageCalculation,488,0,0,magnitude,1.0,,UB_FerventSoldier.MeleeAutoAttack.StrengthCoefficient,AbilityConstants
CRStrengthDamageCalculation,489,0,0,magnitude,1.0,,UB_Healer.MeleeAutoAttack.StrengthCoefficient,AbilityConstants
CRStrengthDamageCalculation,489,1,0,magnitude,1.0,,UB_Healer.MeleeAutoAttack.Spread,AbilityConstants
CRStrengthDamageCalculation,490,0,0,magnitude,1.0,,UB_NecroticMass.SpawnAbility.Explosion.StrengthCoefficient,AbilityConstants
CRStrengthDamageCalculation,490,1,0,magnitude,1.0,,UB_NecroticMass.SpawnAbility.Explosion.Spread,AbilityConstants
CRStrengthDamageCalculation,491,0,0,magnitude,1.0,,UB_NightclawBreacher.CastedAoeStun.StrengthCoefficient,AbilityConstants
CRStrengthDamageCalculation,492,0,0,magnitude,1.0,,UB_NightclawBreacher.MeleeAutoAttack.StrengthCoefficient,AbilityConstants
CRStrengthDamageCalculation,493,0,0,magnitude,1.0,,UB_NightclawBreacher.Slam.StrengthCoefficient,AbilityConstants
CRStrengthDamageCalculation,493,1,0,magnitude,1.0,,UB_NightclawBreacher.Slam.Spread,AbilityConstants
CRStrengthDamageCalculation,494,0,0,magnitude,1.0,,UB_NightclawBreacher.ThrowRock.StrengthCoefficient,AbilityConstants
CRStrengthDamageCalculation,494,1,0,magnitude,1.0,,UB_NightclawBreacher.ThrowRock.Spread,AbilityConstants
CRStrengthDamageCalculation,495,0,0,magnitude,1.0,,UB_RaisedKnight.FrontalCone.StrengthCoefficient,AbilityConstants
CRStrengthDamageCalculation,495,1,0,magnitude,1.0,,UB_RaisedKnight.FrontalCone.Spread,AbilityConstants
CRStrengthDamageCalculation,496,0,0,magnitude,1.0,,UB_RaisedKnight.MeleeAutoAttack.StrengthCoefficient,AbilityConstants
CRStrengthDamageCalculation,497,0,0,magnitude,1.0,,UB_ShadowboundPhalanx.MeleeAutoAttack.StrengthCoefficient,AbilityConstants
CRStrengthDamageCalculation,498,0,0,magnitude,1.0,,UB_SoulSpreader.MeleeAutoAttack.StrengthCoefficient,AbilityConstants
CRStrengthDamageCalculation,499,0,0,magnitude,1.0,,UB_SoulstainedIncinerator.FireRing.Dot.StrengthCoefficient,AbilityConstants
CRStrengthDamageCalculation,499,1,0,magnitude,1.0,,UB_SoulstainedIncinerator.FireRing.Dot.Spread,AbilityConstants
CRStrengthDamageCalculation,500,0,0,magnitude,1.0,,UB_SoulstainedIncinerator.MeleeAutoAttack.StrengthCoefficient,AbilityConstants
CRStrengthDamageCalculation,501,0,0,magnitude,1.0,,UB_SoulstainedIncinerator.MeleeDot.Dot.StrengthCoefficient,AbilityConstants
CRStrengthDamageCalculation,501,1,0,magnitude,1.0,,UB_SoulstainedIncinerator.MeleeDot.Dot.Spread,AbilityConstants
CRStrengthDamageCalculation,502,0,0,magnitude,1.0,,UB_SoulstainedShambler.MeleeAutoAttack.StrengthCoefficient,AbilityConstants
CRStrengthDamageCalculation,503,0,0,magnitude,1.0,/Game/Abilities/DataTables/CT_AbilityConstants,UC_BossBaptist.AutoAttack.StrengthCoefficient,
CRStrengthDamageCalculation,504,0,0,magnitude,1.0,/Game/Abilities/DataTables/CT_AbilityConstants,UC_BossSoulKing.AutoAttack.StrengthCoefficient,
CRStrengthDamageCalculation,505,0,0,magnitude,1.0,/Game/Abilities/DataTables/CT_AbilityConstants,UC_BossSoulKing.ConeAOE.StrengthCoefficient,
CRStrengthDamageCalculation,506,0,0,magnitude,1.0,/Game/Abilities/DataTables/CT_AbilityConstants,UC_BossSoulKing.LargeHomingProjectile.StrengthCoefficient,
CRStrengthDamageCalculation,506,1,0,magnitude,1.0,/Game/Abilities/DataTables/CT_AbilityConstants,UC_BossSoulKing.LargeHomingProjectile.Spread,
CRStrengthDamageCalculation,507,0,0,magnitude,1.0,/Game/Abilities/DataTables/CT_AbilityConstants,UC_BossSoulKing.TankFrontalConeAOE.StrengthCoefficient,
CRStrengthDamageCalculation,508,0,0,magnitude,1.0,/Game/Abilities/DataTables/CT_AbilityConstants,UC_CadavrianCrusader.AutoAttack.StrengthCoefficient,
CRStrengthDamageCalculation,509,0,0,magnitude,1.0,/Game/Abilities/DataTables/CT_AbilityConstants,UC_CadavrianCrusader.ChanneledAOE.StrengthCoefficient,
CRStrengthDamageCalculation,510,0,0,magnitude,1.0,/Game/Abilities/DataTables/CT_AbilityConstants,UC_CadavrianCrusader.Charge.BleedDebuff.StrengthCoefficient,
CRStrengthDamageCalculation,511,0,0,magnitude,1.0,/Game/Abilities/DataTables/CT_AbilityConstants,UC_CadavrianCrusader.Charge.StrengthCoefficient,
CRStrengthDamageCalculation,512,0,0,magnitude,1.0,/Game/Abilities/DataTables/CT_AbilityConstants,UC_CadavrianDeathPriest.AutoAttackMelee.StrengthCoefficient,
CRStrengthDamageCalculation,513,0,0,magnitude,1.0,/Game/Abilities/DataTables/CT_AbilityConstants,UC_CadavrianMonk.AutoAttackMelee.StrengthCoefficient,
CRStrengthDamageCalculation,514,0,0,magnitude,1.0,/Game/Abilities/DataTables/CT_AbilityConstants,UC_CadavrianMonk.DeathBurstAOE.StrengthCoefficient,
CRStrengthDamageCalculation,515,0,0,magnitude,1.0,/Game/Abilities/DataTables/CT_AbilityConstants,UC_CadavrianMonk.TankFrontalConeAOE.StrengthCoefficient,
CRStrengthDamageCalculation,516,0,0,magnitude,1.0,/Game/Abilities/DataTables/CT_AbilityConstants,UC_CadavrianSharpshooter.AimedShot.DotStrengthCoefficient,
CRStrengthDamageCalculation,517,0,0,magnitude,1.0,/Game/Abilities/DataTables/CT_AbilityConstants,UC_CadavrianSharpshooter.AimedShot.ImpactStrenghtCoefficient,
CRStrengthDamageCalculation,518,0,0,magnitude,1.0,/Game/Abilities/DataTables/CT_AbilityConstants,UC_CadavrianSharpshooter.AimedShot.ImpactStrenghtCoefficient,
CRStrengthDamageCalculation,518,1,0,magnitude,1.0,/Game/Abilities/DataTables/CT_AbilityConstants,UC_CadavrianSharpshooter.AimedShot.ImpactSpread,
CRStrengthDamageCalculation,519,0,0,magnitude,1.0,/Game/Abilities/DataTables/CT_AbilityConstants,UC_ConvertedSoldier.AutoAttack.StrengthCoefficient,
CRStrengthDamageCalculation,520,0,0,magnitude,1.0,/Game/Abilities/DataTables/CT_AbilityConstants,UC_EvilSpirit.AutoAttackMelee.StrengthCoefficient,
CRStrengthDamageCalculation,521,0,0,magnitude,1.0,/Game/Abilities/DataTables/CT_AbilityConstants,UC_RotBringer.AutoAttackMelee.StrengthCoefficient,
CRStrengthDamageCalculation,522,0,0,magnitude,1.0,/Game/Abilities/DataTables/CT_AbilityConstants,UC_RottenWretchHands.AutoAttackMelee.StrengthCoefficient,
CRStrengthDamageCalculation,523,0,0,magnitude,1.0,/Game/Abilities/DataTables/CT_AbilityConstants,UC_UndyingGuardian.AutoAttack.StrengthCoefficient,
CRStrengthDamageCalculation,524,0,0,magnitude,1.0,,UM_BossDrazhulTheFleshbroker.Vortex.DamageCoefficient,AbilityConstants
CRStrengthDamageCalculation,524,1,0,magnitude,1.0,,UM_BossDrazhulTheFleshbroker.Vortex.Spread,AbilityConstants
CRStrengthDamageCalculation,525,0,0,magnitude,1.0,,UM_BossDrazhulTheFleshbroker.AOESoak.SoakedStrengthCoefficient,AbilityConstants
CRStrengthDamageCalculation,525,1,0,magnitude,1.0,,UM_BossDrazhulTheFleshbroker.AOESoak.SoakedSpread,AbilityConstants
CRStrengthDamageCalculation,526,0,0,magnitude,1.0,,UM_BossDrazhulTheFleshbroker.AOESoak.UnsoakedStrengthCoefficient,AbilityConstants
CRStrengthDamageCalculation,526,1,0,magnitude,1.0,,UM_BossDrazhulTheFleshbroker.AOESoak.UnsoakedSpread,AbilityConstants
CRStrengthDamageCalculation,527,0,0,magnitude,1.0,,UM_BossDrazhulTheFleshbroker.AutoAttack.StrengthCoefficient,AbilityConstants
CRStrengthDamageCalculation,528,0,0,magnitude,1.0,,UM_BossDrazhulTheFleshbroker.ChanneledAoeDamage.StrengthCoefficient,AbilityConstants
CRStrengthDamageCalculation,529,0,0,magnitude,1.0,,UM_BossDrazhulTheFleshbroker.ConjureScythe.StrengthCoefficient,AbilityConstants
CRStrengthDamageCalculation,529,1,0,magnitude,1.0,,UM_BossDrazhulTheFleshbroker.ConjureScythe.Spread,AbilityConstants
CRStrengthDamageCalculation,530,0,0,magnitude,1.0,,UM_BossDrazhulTheFleshbroker.ConjureScythe.Dot.StrengthCoefficient,AbilityConstants
CRStrengthDamageCalculation,530,1,0,magnitude,1.0,,UM_BossDrazhulTheFleshbroker.ConjureScythe.Spread,AbilityConstants
CRStrengthDamageCalculation,531,0,0,magnitude,1.0,,UM_BossSlavetraderBrull.AutoAttack.StrengthCoefficient,AbilityConstants
CRStrengthDamageCalculation,532,0,0,magnitude,1.0,,UM_BossSlavetraderBrull.PlacedSlowAOE.Area.EmpoweredDot.IntellectCoefficient,AbilityConstants
CRStrengthDamageCalculation,533,0,0,magnitude,1.0,,UM_BossSlavetraderBrull.SummonVine.StrengthCoefficient,AbilityConstants
CRStrengthDamageCalculation,534,0,0,magnitude,1.0,,UM_Desecrater.AOESoak.SoakedStrengthCoefficient,AbilityConstants
CRStrengthDamageCalculation,534,1,0,magnitude,1.0,,UM_Desecrater.AOESoak.SoakedSpread,AbilityConstants
CRStrengthDamageCalculation,535,0,0,magnitude,1.0,,UM_Desecrater.AOESoak.UnsoakedStrengthCoefficient,AbilityConstants
CRStrengthDamageCalculation,535,1,0,magnitude,1.0,,UM_Desecrater.AOESoak.UnsoakedSpread,AbilityConstants
CRStrengthDamageCalculation,536,0,0,magnitude,1.0,,UM_Desecrater.ChannelRandomTargetAoe.StrengthCoefficient,AbilityConstants
CRStrengthDamageCalculation,536,1,0,magnitude,1.0,,UM_Desecrater.ChannelRandomTargetAoe.Spread,AbilityConstants
CRStrengthDamageCalculation,537,0,0,magnitude,1.0,,UM_Desecrater.MeleeAutoAttack.StrengthCoefficient,AbilityConstants
CRStrengthDamageCalculation,537,1,0,magnitude,1.0,,UM_Desecrater.MeleeAutoAttack.Spread,AbilityConstants
CRStrengthDamageCalculation,538,0,0,magnitude,1.0,,UM_Desecrater.RangedAutoAttack.StrengthCoefficient,AbilityConstants
CRStrengthDamageCalculation,538,1,0,magnitude,1.0,,UM_Desecrater.RangedAutoAttack.Spread,AbilityConstants
CRStrengthDamageCalculation,539,0,0,magnitude,1.0,,UM_GorestainedButcher.ChanneledAoeDamage.StrengthCoefficient,AbilityConstants
CRStrengthDamageCalculation,540,0,0,magnitude,1.0,,UM_GorestainedButcher.ChanneledAttack.StrengthCoefficient,AbilityConstants
CRStrengthDamageCalculation,541,0,0,magnitude,1.0,,UM_GorestainedButcher.MeleeAutoAttack.StrengthCoefficient,AbilityConstants
CRStrengthDamageCalculation,542,0,0,magnitude,1.0,,UM_HornedSeer.MeleeAutoAttack.StrengthCoefficient,AbilityConstants
CRStrengthDamageCalculation,543,0,0,magnitude,1.0,,UM_Outrunner.ChargeTank.StrengthCoefficient,AbilityConstants
CRStrengthDamageCalculation,544,0,0,magnitude,1.0,,UM_Outrunner.MeleeAutoAttack.DamageStrengthCoefficient,AbilityConstants
CRStrengthDamageCalculation,544,1,0,magnitude,1.0,,UM_Outrunner.MeleeAutoAttack.Spread,AbilityConstants
CRStrengthDamageCalculation,545,0,0,magnitude,1.0,,UM_Outrunner.RangedSlow.StrengthCoefficient,AbilityConstants
CRStrengthDamageCalculation,545,1,0,magnitude,1.0,,UM_Outrunner.MeleeAutoAttack.Spread,AbilityConstants
CRStrengthDamageCalculation,546,0,0,magnitude,1.0,,UM_UrrakSlaver.CastedMeleeKnockback.StrengthCoefficient,AbilityConstants
CRStrengthDamageCalculation,547,0,0,magnitude,1.0,,UM_UrrakSlaver.MeleeAutoAttack.StrengthCoefficient,AbilityConstants
CRStrengthDamageCalculation,548,0,0,magnitude,1.0,,UM_UrrakSlaver.ProximityChain.StrengthCoefficient,AbilityConstants
CRStrengthDamageCalculation,548,1,0,magnitude,1.0,,UM_UrrakSlaver.ProximityChain.Spread,AbilityConstants
CRStrengthDamageCalculation,549,0,0,magnitude,1.0,,UM_UrrakWitch.GroundRoots.Hit.StrengthCoefficient,AbilityConstants
CRStrengthDamageCalculation,550,0,0,magnitude,1.0,,UM_UrrakWitch.GroundRoots.Dot.StrengthCoefficient,AbilityConstants
CRStrengthDamageCalculation,551,0,0,magnitude,1.0,,UM_UrrakWitch.MeleeAutoAttack.StrengthCoefficient,AbilityConstants
CRStrengthDamageCalculation,551,1,0,magnitude,1.0,,UM_UrrakWitch.MeleeAutoAttack.Spread,AbilityConstants
CRStrengthDamageCalculation,552,0,0,magnitude,1.0,,UM_UrrakWitch.ProjectileVolley.Dot.StrengthCoefficient,AbilityConstants
CRStrengthDamageCalculation,553,0,0,magnitude,1.0,,VC_BossBrute.ChanneledAttack.StrengthCoefficient,AbilityConstants
CRStrengthDamageCalculation,554,0,0,magnitude,1.0,,VC_BossBrute.MeleeAutoAttack.StrengthCoefficient,AbilityConstants
CRStrengthDamageCalculation,555,0,0,magnitude,1.0,,VV_BlackburnMystic.MeleeAutoAttack.StrengthCoefficient,AbilityConstants
CRStrengthDamageCalculation,556,0,0,magnitude,1.0,,VV_BlackburnSlaver.CastedMeleeKnockback.StrengthCoefficient,AbilityConstants
CRStrengthDamageCalculation,557,0,0,magnitude,1.0,,VV_BlackburnSlaver.MeleeAutoAttack.StrengthCoefficient,AbilityConstants
CRStrengthDamageCalculation,558,0,0,magnitude,1.0,,VV_BlackburnSlaver.ProximityChain.StrengthCoefficient,AbilityConstants
CRStrengthDamageCalculation,558,1,0,magnitude,1.0,,VV_BlackburnSlaver.ProximityChain.Spread,AbilityConstants
CRStrengthDamageCalculation,559,0,0,magnitude,1.0,,VV_BlackmistCutthroat.Backstab.StrengthCoefficient,AbilityConstants
CRStrengthDamageCalculation,560,0,0,magnitude,1.0,,VV_BlackmistCutthroat.MeleeAutoAttack.StrengthCoefficient,AbilityConstants
CRStrengthDamageCalculation,561,0,0,magnitude,1.0,,VV_BlackmistShadow.MeleeAutoAttack.StrengthCoefficient,AbilityConstants
CRStrengthDamageCalculation,562,0,0,magnitude,1.0,,VV_BlackmistWhisperer.MeleeAutoAttack.StrengthCoefficient,AbilityConstants
CRStrengthDamageCalculation,562,1,0,magnitude,1.0,,VV_BlackmistWhisperer.MeleeAutoAttack.Spread,AbilityConstants
CRStrengthDamageCalculation,563,0,0,magnitude,1.0,,VV_BossChilgar.MeleeAutoAttack.StrengthCoefficient,AbilityConstants
CRStrengthDamageCalculation,564,0,0,magnitude,1.0,,VV_BossChilgar.IceColdWater.StrengthCoefficient,AbilityConstants
CRStrengthDamageCalculation,565,0,0,magnitude,1.0,,VV_BossChilgar.TankSoakAoe.StrengthCoefficient,AbilityConstants
CRStrengthDamageCalculation,566,0,0,magnitude,1.0,,VV_BossChilgar.TankSoakAoe.SpikeStrengthCoefficient,AbilityConstants
CRStrengthDamageCalculation,567,0,0,magnitude,1.0,,VV_BossFrostTroll.MeleeAutoAttack.StrengthCoefficient,AbilityConstants
CRStrengthDamageCalculation,567,1,0,magnitude,1.0,,VV_BossFrostTroll.MeleeAutoAttack.Spread,AbilityConstants
CRStrengthDamageCalculation,568,0,0,magnitude,1.0,,VV_BossFrostTroll.SingleTargetDot.Dot.StrengthCoefficient,AbilityConstants
CRStrengthDamageCalculation,569,0,0,magnitude,1.0,,VV_BossFrostTroll.SingleTargetDot.ExpireDamage.StrengthCoefficient,AbilityConstants
CRStrengthDamageCalculation,570,0,0,magnitude,1.0,,VV_BossFrostTroll.Stomp.StrengthCoefficient,AbilityConstants
CRStrengthDamageCalculation,570,1,0,magnitude,1.0,,VV_BossFrostTroll.Stomp.Spread,AbilityConstants
CRStrengthDamageCalculation,571,0,0,magnitude,1.0,,VV_BossFrostTroll.Stomp.GroundEffect.StrengthCoefficient,AbilityConstants
CRStrengthDamageCalculation,572,0,0,magnitude,1.0,,VV_BossFrostTroll.Stomp.Rock.StrengthCoefficient,AbilityConstants
CRStrengthDamageCalculation,573,0,0,magnitude,1.0,,VV_BossKaldursonFire.MeleeAutoAttack.StrengthCoefficient,AbilityConstants
CRStrengthDamageCalculation,573,1,0,magnitude,1.0,,VV_BossKaldursonFire.MeleeAutoAttack.Spread,AbilityConstants
CRStrengthDamageCalculation,574,0,0,magnitude,1.0,,VV_BossKaldursonFire.Stomp.StrengthCoefficient,AbilityConstants
CRStrengthDamageCalculation,575,0,0,magnitude,1.0,,VV_BossKaldursonFire.Stomp.GroundEffect.StrengthCoefficient,AbilityConstants
CRStrengthDamageCalculation,576,0,0,magnitude,1.0,,VV_BossKaldursonFire.Stomp.Rock.StrengthCoefficient,AbilityConstants
CRStrengthDamageCalculation,577,0,0,magnitude,1.0,,VV_BossKaldursonIce.IceSpikes.StrengthCoefficient,AbilityConstants
CRStrengthDamageCalculation,578,0,0,magnitude,1.0,,VV_BossKaldursonIce.MeleeAutoAttack.StrengthCoefficient,AbilityConstants
CRStrengthDamageCalculation,578,1,0,magnitude,1.0,,VV_BossKaldursonIce.MeleeAutoAttack.Spread,AbilityConstants
CRStrengthDamageCalculation,579,0,0,magnitude,1.0,,VV_BossVikingMystic.MeleeAutoAttack.StrengthCoefficient,AbilityConstants
CRStrengthDamageCalculation,579,1,0,magnitude,1.0,,VV_BossVikingMystic.MeleeAutoAttack.Spread,AbilityConstants
CRStrengthDamageCalculation,580,0,0,magnitude,1.0,,VV_BossVikingMystic.TankNuke.StrengthCoefficient,AbilityConstants
CRStrengthDamageCalculation,580,1,0,magnitude,0.01,,,
CRStrengthDamageCalculation,581,0,0,magnitude,1.0,,VV_ColdbrineElementalist.MeleeAutoAttack.StrengthCoefficient,AbilityConstants
CRStrengthDamageCalculation,581,1,0,magnitude,1.0,,VV_ColdbrineElementalist.MeleeAutoAttack.Spread,AbilityConstants
CRStrengthDamageCalculation,582,0,0,magnitude,1.0,,VV_ColdbrineFiend.MeleeAutoAttack.StrengthCoefficient,AbilityConstants
CRStrengthDamageCalculation,582,1,0,magnitude,1.0,,VV_ColdbrineFiend.MeleeAutoAttack.Spread,AbilityConstants
CRStrengthDamageCalculation,583,0,0,magnitude,1.0,,VV_CravenHiisi.AttachedAttack.StrengthCoefficient,AbilityConstants
CRStrengthDamageCalculation,583,1,0,magnitude,1.0,,VV_CravenHiisi.AttachedAttack.Spread,AbilityConstants
CRStrengthDamageCalculation,584,0,0,magnitude,1.0,,VV_CravenHiisi.Dot.StrengthCoefficient,AbilityConstants
CRStrengthDamageCalculation,584,1,0,magnitude,1.0,,VV_CravenHiisi.Dot.Spread,AbilityConstants
CRStrengthDamageCalculation,585,0,0,magnitude,1.0,,VV_CravenHiisi.MeleeAutoAttack.StrengthCoefficient,AbilityConstants
CRStrengthDamageCalculation,585,1,0,magnitude,1.0,,VV_CravenHiisi.MeleeAutoAttack.Spread,AbilityConstants
CRStrengthDamageCalculation,586,0,0,magnitude,1.0,,VV_FrenziedLooter.MeleeAutoAttack.StrengthCoefficient,AbilityConstants
CRStrengthDamageCalculation,587,0,0,magnitude,1.0,,VV_IcebitePillager.MeleeAutoAttack.StrengthCoefficient,AbilityConstants
CRStrengthDamageCalculation,588,0,0,magnitude,1.0,,VV_IcebiteReaver.MeleeAutoAttack.StrengthCoefficient,AbilityConstants
CRStrengthDamageCalculation,588,1,0,magnitude,1.0,,VV_IcebiteReaver.MeleeAutoAttack.Spread,AbilityConstants
CRStrengthDamageCalculation,589,0,0,magnitude,1.0,,VV_IcebiteReaver.Slam.StrengthCoefficient,AbilityConstants
CRStrengthDamageCalculation,590,0,0,magnitude,1.0,,VV_SootstainedArsonist.MeleeAutoAttack.StrengthCoefficient,AbilityConstants
CRStrengthDamageCalculation,591,0,0,magnitude,1.0,,Warmaster.BouncyProjectile.StrengthCoefficient,AbilityConstants
CRStrengthDamageCalculation,591,1,0,magnitude,1.0,,Warmaster.BouncyProjectile.Talent.IncreasedCritChance.AdditionalCritChance,AbilityConstants
CRStrengthDamageCalculation,591,3,0,magnitude,1.0,,Warmaster.BouncyProjectile.Talent.DamageCooldownReset.DamageMultiplier,AbilityConstants
CRStrengthDamageCalculation,592,0,0,magnitude,1.0,,Warmaster.HeavyMelee.StrengthCoefficient,AbilityConstants
CRStrengthDamageCalculation,592,1,0,magnitude,1.0,,Warmaster.HeavyMelee.Spread,AbilityConstants
CRStrengthDamageCalculation,592,2,0,magnitude,1.0,,Warmaster.HeavyMelee.CleaveDamageFraction,AbilityConstants
CRStrengthDamageCalculation,592,3,0,magnitude,1.0,,Warmaster.Talent.IncreasedMeleeCleaveAndHeavyMeleeDamage.DamageMultiplier,AbilityConstants
CRStrengthDamageCalculation,593,0,0,magnitude,1.0,,Warmaster.HeavyMelee.StrengthCoefficient,AbilityConstants
CRStrengthDamageCalculation,593,1,0,magnitude,1.0,,Warmaster.Talent.IncreasedMeleeCleaveAndHeavyMeleeDamage.DamageMultiplier,AbilityConstants
CRStrengthDamageCalculation,594,0,0,magnitude,1.0,,Warmaster.InstantMeleeCleave.Debuff.StrengthCoefficient,AbilityConstants
CRStrengthDamageCalculation,595,0,0,magnitude,1.0,,Warmaster.InstantMeleeCleave.Damage.StrengthCoefficient,AbilityConstants
CRStrengthDamageCalculation,596,0,0,magnitude,1.0,,Warmaster.LightMelee.StrengthCoefficient,AbilityConstants
CRStrengthDamageCalculation,596,1,0,magnitude,1.0,,Warmaster.LightMelee.Tier3b.LightMeleeProc.DamageIncrease,AbilityConstants
CRStrengthDamageCalculation,596,2,0,magnitude,1.0,,Warmaster.LightMelee.Tier1.Level1.CritChanceIncrease,AbilityConstants
CRStrengthDamageCalculation,596,3,0,magnitude,1.0,,Warmaster.LightMelee.Tier1.Level2.CritChanceIncrease,AbilityConstants
CRStrengthDamageCalculation,596,4,0,magnitude,1.0,,Warmaster.LightMelee.Tier1.Level3.CritChanceIncrease,AbilityConstants
CRStrengthDamageCalculation,597,0,0,magnitude,1.0,,Warmaster.MeleeAoeSlow.StrengthCoefficient,AbilityConstants
CRStrengthDamageCalculation,597,2,0,magnitude,1.0,,Warmaster.MeleeAoeSlow.Talent.IncreasedDamage.DamageMultiplier,AbilityConstants
CRStrengthDamageCalculation,598,0,0,magnitude,1.0,,Warmaster.MeleeAutoAttack.StrengthCoefficient,AbilityConstants
CRStrengthDamageCalculation,598,1,0,magnitude,1.0,,Warmaster.MeleeAutoAttack.Spread,AbilityConstants
CRStrengthDamageCalculation,599,0,0,magnitude,1.0,,Warmaster.MeleeCleave.CleaveDamageStrengthCoefficient,AbilityConstants
CRStrengthDamageCalculation,599,2,0,magnitude,1.0,,Warmaster.DefenceBuff.Talent.MeleeCleaveIncreasedDamageHeal.IncreasedMeleeCleaveDamage,AbilityConstants
CRStrengthDamageCalculation,599,3,0,magnitude,1.0,,Warmaster.Talent.IncreasedMeleeCleaveAndHeavyMeleeDamage.DamageMultiplier,AbilityConstants
CRStrengthDamageCalculation,600,0,0,magnitude,1.0,,Warmaster.MeleeCleave.StrengthCoefficient,AbilityConstants
CRStrengthDamageCalculation,600,1,0,magnitude,1.0,,Warmaster.DefenceBuff.Talent.MeleeCleaveIncreasedDamageHeal.IncreasedMeleeCleaveDamage,AbilityConstants
CRStrengthDamageCalculation,600,2,0,magnitude,1.0,,Warmaster.Talent.IncreasedMeleeCleaveAndHeavyMeleeDamage.DamageMultiplier,AbilityConstants
CRStrengthDamageCalculation,601,0,0,magnitude,1.0,,Warmaster.MoveToTargetStun.StrengthCoefficient,AbilityConstants
CRStrengthDamageCalculation,601,1,0,magnitude,1.0,,Warmaster.MoveToTargetStun.Spread,AbilityConstants
CRStrengthHealCalculation,0,0,0,magnitude,1.0,,Sune.CastedSingleTargetHeal.HealStrengthCoefficient,AbilityConstants
CRStrengthHealCalculation,1,0,0,magnitude,1.0,,Sune.InstantSingleTargetHealOrDamage.HealStrengthCoefficient,AbilityConstants
CRStrengthHealCalculation,2,0,0,magnitude,1.0,,Sune.SelfImmunityAndAoeHeal.AoeHeal.HealStrengthCoefficient,AbilityConstants
CRStrengthHealCalculation,3,0,0,magnitude,1.0,,Sune.TargetedCastedHealOrDamage.HealStrengthCoefficient,AbilityConstants
CRUserDefinedDamageCalculation,0,0,0,coefficient,0.01,,VV_BlackmistShadowMinion.OnDeathExplosion.FriendlyHealthPercentDamage,AbilityConstants
CRUserDefinedDamageCalculation,0,0,1,pre_multiply_additive,0.0,,,
CRUserDefinedDamageCalculation,0,0,2,post_multiply_additive,0.0,,,
CRUserDefinedDamageCalculation,2,0,0,coefficient,1.0,,DM_WinterGiantFriendly.BossChannelDamage.Damage.MaxHealthPercentagePerTick,AbilityConstants
CRUserDefinedDamageCalculation,2,0,1,pre_multiply_additive,0.0,,,
CRUserDefinedDamageCalculation,2,0,2,post_multiply_additive,0.0,,,
CRUserDefinedDamageCalculation,4,0,0,coefficient,1.0,,DR_BurningDemon.Immolation.Self.MaxHealthCoefficient,AbilityConstants
CRUserDefinedDamageCalculation,4,0,1,pre_multiply_additive,0.0,,,
CRUserDefinedDamageCalculation,4,0,2,post_multiply_additive,0.0,,,
CRUserDefinedDamageCalculation,5,0,0,magnitude,1.0,,AnomalousOrbs.Orb.Detonate.Damage,AbilityConstants
CRUserDefinedDamageCalculation,6,0,0,coefficient,1.0,,BloodShardVolley.DamageMaxHealthFactor,AbilityConstants
CRUserDefinedDamageCalculation,6,0,1,pre_multiply_additive,0.0,,,
CRUserDefinedDamageCalculation,6,0,2,post_multiply_additive,0.0,,,
CRUserDefinedDamageCalculation,6,1,0,magnitude,1.0,,,
CRUserDefinedDamageCalculation,6,2,0,magnitude,1.0,,,
CRUserDefinedDamageCalculation,7,0,0,magnitude,1.0,,,
CRUserDefinedDamageCalculation,8,0,0,magnitude,1.0,,ColdSnap.EnemyDamageScaler,AbilityConstants
CRUserDefinedDamageCalculation,8,1,0,coefficient,1.0,,,
CRUserDefinedDamageCalculation,8,1,1,pre_multiply_additive,0.0,,,
CRUserDefinedDamageCalculation,8,1,2,post_multiply_additive,0.0,,,
CRUserDefinedDamageCalculation,8,2,0,magnitude,1.0,,ColdSnap.FlatDamage,AbilityConstants
CRUserDefinedDamageCalculation,9,0,0,coefficient,1.0,,,
CRUserDefinedDamageCalculation,9,0,1,pre_multiply_additive,0.0,,,
CRUserDefinedDamageCalculation,9,0,2,post_multiply_additive,0.0,,,
CRUserDefinedDamageCalculation,9,1,0,magnitude,1.0,,MeteorRain.Fragment.FlatDamage,AbilityConstants
CRUserDefinedDamageCalculation,10,0,0,coefficient,1.0,,,
CRUserDefinedDamageCalculation,10,0,1,pre_multiply_additive,0.0,,,
CRUserDefinedDamageCalculation,10,0,2,post_multiply_additive,0.0,,,
CRUserDefinedDamageCalculation,10,1,0,magnitude,1.0,,MeteorRain.Meteor.FlatDamage,AbilityConstants
CRUserDefinedDamageCalculation,11,0,0,coefficient,1.0,,StoneSkin.Explosion.Dot.MaxHealthAsTickDamage,AbilityConstants
CRUserDefinedDamageCalculation,11,0,1,pre_multiply_additive,0.0,,,
CRUserDefinedDamageCalculation,11,0,2,post_multiply_additive,0.0,,,
CRUserDefinedDamageCalculation,11,1,0,magnitude,1.0,,,
CRUserDefinedDamageCalculation,11,2,0,magnitude,1.0,,,
CRUserDefinedDamageCalculation,12,1,0,coefficient,1.0,,,
CRUserDefinedDamageCalculation,12,1,1,pre_multiply_additive,0.0,,,
CRUserDefinedDamageCalculation,12,1,2,post_multiply_additive,0.0,,,
CRUserDefinedDamageCalculation,13,0,0,magnitude,1.0,,DM_Truesight.Pulse.BaseDamage,AbilityConstants
CRUserDefinedDamageCalculation,14,0,0,coefficient,1.0,,EM_BossGiantTroll.SummonAdds.BossDamageMaxHealthPercent,AbilityConstants
CRUserDefinedDamageCalculation,14,0,1,pre_multiply_additive,0.0,,,
CRUserDefinedDamageCalculation,14,0,2,post_multiply_additive,0.0,,,
CRUserDefinedDamageCalculation,15,0,0,magnitude,1.0,,Environmental.Hazards.Fire_Major.LingerDot,AbilityConstants
CRUserDefinedDamageCalculation,16,0,0,magnitude,1.0,,Environmental.Hazard.IceColdWater.Dot,AbilityConstants
CRUserDefinedDamageCalculation,17,0,0,magnitude,1.0,,Environmental.Hazard.IceColdWater.Linger.Dot,AbilityConstants
CRUserDefinedDamageCalculation,18,0,0,magnitude,1.0,,Environmental.Hazards.Fire_Minor.SustainedDot,AbilityConstants
CRUserDefinedDamageCalculation,19,0,0,magnitude,1.0,,FM_EnvironmentalSpiderweb.Dot.FlatDamage,AbilityConstants_ForestMeadow
CRUserDefinedDamageCalculation,23,2,0,magnitude,1.0,,Firemage.CastedDotDetonate.Talent.ExtraDamageAgainstLowHealthEnemy.DamageScaler,AbilityConstants
CRUserDefinedDamageCalculation,24,0,0,magnitude,1.0,,Firemage.FireFrog.Ability.Talent.BonusDotDamage.DamageScale,AbilityConstants
CRUserDefinedDamageCalculation,24,2,0,magnitude,0.0,,,
CRUserDefinedDamageCalculation,24,3,0,magnitude,1.0,,Firemage.Talent.IncreasedDotCritChance.CritChanceIncrease,AbilityConstants
CRUserDefinedDamageCalculation,25,1,0,magnitude,0.0,,,
CRUserDefinedDamageCalculation,25,2,0,magnitude,1.0,,Firemage.Talent.IncreasedDotCritChance.CritChanceIncrease,AbilityConstants
CRUserDefinedDamageCalculation,26,1,0,magnitude,0.0,,,
CRUserDefinedDamageCalculation,26,2,0,magnitude,1.0,,Firemage.Talent.IncreasedDotCritChance.CritChanceIncrease,AbilityConstants
CRUserDefinedDamageCalculation,27,1,0,magnitude,0.0,,,
CRUserDefinedDamageCalculation,27,2,0,magnitude,1.0,,Firemage.Talent.IncreasedDotCritChance.CritChanceIncrease,AbilityConstants
CRUserDefinedDamageCalculation,28,1,0,magnitude,1.0,,Gunde.HealthAndBleedSelfBuff.BleedDamageScaler,AbilityConstants
CRUserDefinedDamageCalculation,30,1,0,magnitude,1.0,,,
CRUserDefinedDamageCalculation,39,0,0,magnitude,1.0,,,
CRUserDefinedDamageCalculation,39,1,0,magnitude,1.0,,,
CRUserDefinedDamageCalculation,40,1,0,magnitude,1.0,,Lisa.ChanneledHealOrDamageProjectilesSpender.Talent.ResourceToEmpower.Cleave.DamageMultiplier,AbilityConstants
CRUserDefinedDamageCalculation,43,0,0,coefficient,1.0,,MC_BloodCaster.CastedBleed.Bleed.EruptionMaxHealthDamage,AbilityConstants
CRUserDefinedDamageCalculation,43,0,1,pre_multiply_additive,0.0,,,
CRUserDefinedDamageCalculation,43,0,2,post_multiply_additive,0.0,,,
CRUserDefinedDamageCalculation,45,0,0,coefficient,1.0,,MC_BossDoor.SpeicalFallDamage.MaxHealthFraction,AbilityConstants
CRUserDefinedDamageCalculation,45,0,1,pre_multiply_additive,0.0,,,
CRUserDefinedDamageCalculation,45,0,2,post_multiply_additive,0.0,,,
CRUserDefinedDamageCalculation,53,0,0,magnitude,1.0,,,
CRUserDefinedDamageCalculation,53,1,0,magnitude,1.0,,,
CRUserDefinedDamageCalculation,55,1,0,magnitude,0.0,,,
CRUserDefinedDamageCalculation,57,0,0,coefficient,1.0,,SH_BossSpider.SpeicalFallDamage.MaxHealthFraction,AbilityConstants
CRUserDefinedDamageCalculation,57,0,1,pre_multiply_additive,0.0,,,
CRUserDefinedDamageCalculation,57,0,2,post_multiply_additive,0.0,,,
CRUserDefinedDamageCalculation,74,0,0,coefficient,1.0,,UB_BossArchbishop.FollowingCylinderAOE.OrbDamageHealthPercentage,AbilityConstants
CRUserDefinedDamageCalculation,74,0,1,pre_multiply_additive,0.0,,,
CRUserDefinedDamageCalculation,74,0,2,post_multiply_additive,0.0,,,
CRUserDefinedDamageCalculation,75,0,0,magnitude,1.0,,,
CRUserDefinedDamageCalculation,75,1,0,magnitude,1.0,,,
CRUserDefinedDamageCalculation,78,0,0,coefficient,1.0,,UM_HornedSeer.ChanneledOrbProjectiles.MaxHealthFractionLossPerOrb,AbilityConstants
CRUserDefinedDamageCalculation,78,0,1,pre_multiply_additive,0.0,,,
CRUserDefinedDamageCalculation,78,0,2,post_multiply_additive,0.0,,,
CRUserDefinedDamageCalculation,79,0,0,coefficient,1.0,,UM_HornedSeer.OrbProjectile.MaxHealthFractionLoss,AbilityConstants
CRUserDefinedDamageCalculation,79,0,1,pre_multiply_additive,0.0,,,
CRUserDefinedDamageCalculation,79,0,2,post_multiply_additive,0.0,,,
CRUserDefinedDamageCalculation,80,0,0,coefficient,1.0,,VV_BossFrostTroll.Stomp.GroundEffectForIce.MaxHealthDamageCoefficient,AbilityConstants
CRUserDefinedDamageCalculation,80,0,1,pre_multiply_additive,0.0,,,
CRUserDefinedDamageCalculation,80,0,2,post_multiply_additive,0.0,,,
CRUserDefinedDamageCalculation,81,0,0,coefficient,1.0,,VV_BossKaldursonFire.Stomp.GroundEffectForIce.MaxHealthDamageCoefficient,AbilityConstants
CRUserDefinedDamageCalculation,81,0,1,pre_multiply_additive,0.0,,,
CRUserDefinedDamageCalculation,81,0,2,post_multiply_additive,0.0,,,
CRUserDefinedDamageCalculation,84,0,0,coefficient,1.0,,Warmaster.Talent.MeleeCleaveAbsorbBuff.ReducedDamageReflectDamage.ReflectedDamage.StrengthCoefficient,AbilityConstants
CRUserDefinedDamageCalculation,84,0,1,pre_multiply_additive,0.0,,,
CRUserDefinedDamageCalculation,84,0,2,post_multiply_additive,0.0,,,
CRUserDefinedDamageCalculation,86,0,0,magnitude,1.0,,,
CRUserDefinedHealCalculation,0,0,0,coefficient,1.0,/Game/Abilities/ArmorSetBonuses/CT_ArmorSetBonuses,ArmorSetBonus.PowerBonusAndAutoHeal.HealMaxHealthFraction,
CRUserDefinedHealCalculation,0,0,1,pre_multiply_additive,0.0,,,
CRUserDefinedHealCalculation,0,0,2,post_multiply_additive,0.0,,,
CRUserDefinedHealCalculation,1,0,0,coefficient,1.0,,DM_WinterWitch.CastSelfAbsorbHot.Hot.MaxHealthHealPerTick,AbilityConstants
CRUserDefinedHealCalculation,1,0,1,pre_multiply_additive,0.0,,,
CRUserDefinedHealCalculation,1,0,2,post_multiply_additive,0.0,,,
CRUserDefinedHealCalculation,2,0,0,magnitude,0.0,,,
CRUserDefinedHealCalculation,3,0,0,coefficient,1.0,,DM_WinterWitch.AoeBoon.Buff.MaxHealthHealPerTick,AbilityConstants
CRUserDefinedHealCalculation,3,0,1,pre_multiply_additive,0.0,,,
CRUserDefinedHealCalculation,3,0,2,post_multiply_additive,0.0,,,
CRUserDefinedHealCalculation,6,0,0,coefficient,1.0,,GemBonus.AutoHealOnLowHealth.HealthPercentageHeal.Medium,AbilityConstants
CRUserDefinedHealCalculation,6,0,1,pre_multiply_additive,0.0,,,
CRUserDefinedHealCalculation,6,0,2,post_multiply_additive,0.0,,,
CRUserDefinedHealCalculation,7,0,0,coefficient,1.0,,GemBonus.AutoHealOnLowHealth.HealthPercentageHeal.Small,AbilityConstants
CRUserDefinedHealCalculation,7,0,1,pre_multiply_additive,0.0,,,
CRUserDefinedHealCalculation,7,0,2,post_multiply_additive,0.0,,,
CRUserDefinedHealCalculation,8,0,0,coefficient,1.0,/Game/Abilities/Gems/CT_GemConstants,GemBonus.HealthRegenBonusInCombat.Medium.HealthRegenFactor,
CRUserDefinedHealCalculation,8,0,1,pre_multiply_additive,0.0,,,
CRUserDefinedHealCalculation,8,0,2,post_multiply_additive,0.0,,,
CRUserDefinedHealCalculation,9,0,0,coefficient,1.0,/Game/Abilities/Gems/CT_GemConstants,GemBonus.HealthRegenBonusInCombat.Small.HealthRegenFactor,
CRUserDefinedHealCalculation,9,0,1,pre_multiply_additive,0.0,,,
CRUserDefinedHealCalculation,9,0,2,post_multiply_additive,0.0,,,
CRUserDefinedHealCalculation,10,0,0,coefficient,1.0,,GemBonus.HoTOnTouchedTargetDeath.Medium.HealPercentagePerTick,AbilityConstants
CRUserDefinedHealCalculation,10,0,1,pre_multiply_additive,0.0,,,
CRUserDefinedHealCalculation,10,0,2,post_multiply_additive,0.0,,,
CRUserDefinedHealCalculation,11,0,0,coefficient,1.0,,GemBonus.HoTOnTouchedTargetDeath.Small.HealPercentagePerTick,AbilityConstants
CRUserDefinedHealCalculation,11,0,1,pre_multiply_additive,0.0,,,
CRUserDefinedHealCalculation,11,0,2,post_multiply_additive,0.0,,,
CRUserDefinedHealCalculation,14,0,0,coefficient,0.01,,JS_TutorialOrcCaster.Heal.HealPercent,AbilityConstants
CRUserDefinedHealCalculation,14,0,1,pre_multiply_additive,0.0,,,
CRUserDefinedHealCalculation,14,0,2,post_multiply_additive,0.0,,,
CRUserDefinedHealCalculation,16,1,0,magnitude,1.0,,Lisa.ChanneledHealOrDamageProjectilesSpender.Talent.ResourceToEmpower.Cleave.DamageMultiplier,AbilityConstants
CRUserDefinedHealCalculation,21,0,0,coefficient,0.01,,MC_WanderingGhostPriest.Heal.HealPercent,AbilityConstants
CRUserDefinedHealCalculation,21,0,1,pre_multiply_additive,0.0,,,
CRUserDefinedHealCalculation,21,0,2,post_multiply_additive,0.0,,,
CRUserDefinedHealCalculation,22,0,0,coefficient,1.0,,MF_BlightedMorningGlory.OnDeathHeal.HealFraction,AbilityConstants
CRUserDefinedHealCalculation,22,0,1,pre_multiply_additive,0.0,,,
CRUserDefinedHealCalculation,22,0,2,post_multiply_additive,0.0,,,
CRUserDefinedHealCalculation,23,0,0,coefficient,0.01,,MF_FoulTotemic.Heal.HealPercent,AbilityConstants
CRUserDefinedHealCalculation,23,0,1,pre_multiply_additive,0.0,,,
CRUserDefinedHealCalculation,23,0,2,post_multiply_additive,0.0,,,
CRUserDefinedHealCalculation,26,0,0,magnitude,1.0,,Meiko.InstantSelfDefensive.Talent.IncreasedCritChance.CriticalStrikeIncrease,AbilityConstants
CRUserDefinedHealCalculation,29,0,0,magnitude,1.0,,Mosse.CastedSingleTargetHeal.Talent.IncreasedHealOnLowHealthTarget.HealMultiplier,AbilityConstants
CRUserDefinedHealCalculation,31,0,0,coefficient,1.0,/Game/Modifiers/CT_DungeonModifiers,MalevolentSpirits.OnDeathAbility.PlayerRestoreMaxHealthPercentage,
CRUserDefinedHealCalculation,31,0,1,pre_multiply_additive,0.0,,,
CRUserDefinedHealCalculation,31,0,2,post_multiply_additive,0.0,,,
CRUserDefinedHealCalculation,32,0,0,coefficient,1.0,,,
CRUserDefinedHealCalculation,32,0,1,pre_multiply_additive,0.0,,,
CRUserDefinedHealCalculation,32,0,2,post_multiply_additive,0.0,,,
CRUserDefinedHealCalculation,33,0,0,coefficient,1.0,,PR_BossTreasureDemon.SuckInCoins.HealFractionPerCoin,AbilityConstants
CRUserDefinedHealCalculation,33,0,1,pre_multiply_additive,0.0,,,
CRUserDefinedHealCalculation,33,0,2,post_multiply_additive,0.0,,,
CRUserDefinedHealCalculation,34,0,0,coefficient,1.0,,,
CRUserDefinedHealCalculation,34,0,1,pre_multiply_additive,0.0,,,
CRUserDefinedHealCalculation,34,0,2,post_multiply_additive,0.0,,,
CRUserDefinedHealCalculation,35,0,0,coefficient,1.0,,,
CRUserDefinedHealCalculation,35,0,1,pre_multiply_additive,0.0,,,
CRUserDefinedHealCalculation,35,0,2,post_multiply_additive,0.0,,,
CRUserDefinedHealCalculation,38,0,0,coefficient,1.0,/Game/Abilities/RelicPowers/CT_RelicPowers,RelicPower.HealthPotion.MaxHealthFraction,
CRUserDefinedHealCalculation,38,0,1,pre_multiply_additive,0.0,,,
CRUserDefinedHealCalculation,38,0,2,post_multiply_additive,0.0,,,
CRUserDefinedHealCalculation,40,0,0,coefficient,1.0,/Game/Abilities/DataTables/CT_AbilityConstants,Rime.SelfDefenceBuff.Talent.Heal.HealMaxHealthFactor,
CRUserDefinedHealCalculation,40,0,1,pre_multiply_additive,0.0,,,
CRUserDefinedHealCalculation,40,0,2,post_multiply_additive,0.0,,,
CRUserDefinedHealCalculation,42,0,0,coefficient,1.0,,SH_GravesnareKidnapper.KidnapBite.HealFraction,AbilityConstants
CRUserDefinedHealCalculation,42,0,1,pre_multiply_additive,0.0,,,
CRUserDefinedHealCalculation,42,0,2,post_multiply_additive,0.0,,,
CRUserDefinedHealCalculation,43,0,0,coefficient,1.0,,ST_BloodOrb.BuffBoss.HealFraction,AbilityConstants
CRUserDefinedHealCalculation,43,0,1,pre_multiply_additive,0.0,,,
CRUserDefinedHealCalculation,43,0,2,post_multiply_additive,0.0,,,
CRUserDefinedHealCalculation,53,0,0,coefficient,1.0,,UB_Healer.CastedAoeHeal.HealAmount,AbilityConstants
CRUserDefinedHealCalculation,53,0,1,pre_multiply_additive,0.0,,,
CRUserDefinedHealCalculation,53,0,2,post_multiply_additive,0.0,,,
CRUserDefinedHealCalculation,54,0,0,coefficient,1.0,,UB_HealingMinion.HealMaster.HealPercentageOfTargetMaxHealth,AbilityConstants
CRUserDefinedHealCalculation,54,0,1,pre_multiply_additive,0.0,,,
CRUserDefinedHealCalculation,54,0,2,post_multiply_additive,0.0,,,
CRUserDefinedHealCalculation,55,0,0,coefficient,0.01,,VV_BlackburnMystic.Heal.HealPercent,AbilityConstants
CRUserDefinedHealCalculation,55,0,1,pre_multiply_additive,0.0,,,
CRUserDefinedHealCalculation,55,0,2,post_multiply_additive,0.0,,,
CRUserDefinedHealCalculation,56,0,0,magnitude,1.0,,Vigor.Runes.Talent.ChargeUpMultiple.DamageMultiplier,AbilityConstants
